id,airport_code,name,distance_km,star_rating,guest_score,review_count,price_per_night,has_shuttle,has_breakfast,address
1,DHM,Ginger Airport Hotel (Dharamshala / Kangra Airport),2.3,3,9.7,2289,8599,1,0,"Terminal Road, Near DHM Airport, Dharamshala / Kangra, India"
2,IXW,Novotel Airport Hotel (Jamshedpur Airport),9.3,5,9.2,1650,2730,0,0,"Terminal Road, Near IXW Airport, Jamshedpur, India"
3,PYG,Novotel Airport Hotel (Gangtok / Pakyong (Sikkim) Airport),10.7,4,8.5,3285,5089,0,1,"Terminal Road, Near PYG Airport, Gangtok / Pakyong (Sikkim), India"
4,JSA,Ginger Airport Hotel (Jaisalmer Airport),11.2,3,9.6,2025,6452,0,0,"Terminal Road, Near JSA Airport, Jaisalmer, India"
5,ASL,Novotel Airport Hotel (Asansol Airport),7.3,3,8.3,2148,9990,1,0,"Terminal Road, Near ASL Airport, Asansol, India"
6,HZD,OYO Townhouse Airport (Hazaribagh Airport),13.1,4,8.6,1674,2201,0,1,"Terminal Road, Near HZD Airport, Hazaribagh, India"
7,DGR,Novotel Airport Hotel (Deoghar Airport),11.8,3,8.4,3062,1960,0,1,"Terminal Road, Near DGR Airport, Deoghar, India"
8,PUI,Trident Airport Hotel (Purnea Airport),1.3,4,9.5,3513,6312,1,1,"Terminal Road, Near PUI Airport, Purnea, India"
9,NEEM,Radisson Blu Airport (Neemuch Airport),5.9,5,8.9,1940,10395,1,1,"Terminal Road, Near NEEM Airport, Neemuch, India"
10,VJZ,FabHotel Airport Inn (Bhogapuram / Vizianagaram Airport),13.4,4,8.8,3202,4335,0,0,"Terminal Road, Near VJZ Airport, Bhogapuram / Vizianagaram, India"
11,DGR,Trident Airport Hotel (Deoghar Airport),8.1,4,8.9,527,3943,0,1,"Terminal Road, Near DGR Airport, Deoghar, India"
12,WGC,Taj City Centre (Warangal Airport),2.9,5,8.5,2541,6785,1,1,"Terminal Road, Near WGC Airport, Warangal, India"
13,KAP,FabHotel Airport Inn (Kadapa Airport),13.8,4,9.6,1999,6955,0,0,"Terminal Road, Near KAP Airport, Kadapa, India"
14,SAH,Novotel Airport Hotel (Saharanpur Airport),8.1,5,9.5,3775,11253,0,0,"Terminal Road, Near SAH Airport, Saharanpur, India"
15,HBI,Hyatt Regency Terminal (Itanagar Airport),9.1,4,8.7,342,4498,0,0,"Terminal Road, Near HBI Airport, Itanagar, India"
16,COK,Pride Plaza Hotel (Kochi Airport),14.0,3,9.2,2812,6406,0,0,"Terminal Road, Near COK Airport, Kochi, India"
17,IXD,Lemon Tree Premier (Prayagraj (Allahabad) Airport),13.6,4,9.7,734,12245,0,1,"Terminal Road, Near IXD Airport, Prayagraj (Allahabad), India"
18,IXZ,Pride Plaza Hotel (Port Blair (Andaman) Airport),4.4,3,9.4,1114,3044,1,0,"Terminal Road, Near IXZ Airport, Port Blair (Andaman), India"
19,NPL,ITC Grand Bharat (Narnaul Airport),5.3,5,8.3,288,10947,1,0,"Terminal Road, Near NPL Airport, Narnaul, India"
20,LAT,Pride Plaza Hotel (Latur Airport),4.1,5,9.6,2901,7236,1,0,"Terminal Road, Near LAT Airport, Latur, India"
21,BLT,ITC Grand Bharat (Balurghat Airport),10.1,5,9.4,3597,11718,0,1,"Terminal Road, Near BLT Airport, Balurghat, India"
22,AMD,OYO Townhouse Airport (Ahmedabad Airport),8.1,3,8.4,3798,10075,0,0,"Terminal Road, Near AMD Airport, Ahmedabad, India"
23,KOK,Novotel Airport Hotel (Kokrajhar Airport),8.2,3,8.3,999,3638,0,1,"Terminal Road, Near KOK Airport, Kokrajhar, India"
24,AYJ,Trident Airport Hotel (Ayodhya Airport),8.2,5,8.5,996,10144,0,0,"Terminal Road, Near AYJ Airport, Ayodhya, India"
25,SSE,OYO Townhouse Airport (Solapur Airport),2.3,3,8.6,1107,8417,1,0,"Terminal Road, Near SSE Airport, Solapur, India"
26,DMU,OYO Townhouse Airport (Dimapur Airport),11.1,4,8.4,1430,7511,0,0,"Terminal Road, Near DMU Airport, Dimapur, India"
27,NAG,Novotel Airport Hotel (Nagpur Airport),0.5,3,9.8,2424,12102,1,0,"Terminal Road, Near NAG Airport, Nagpur, India"
28,GOP,Taj City Centre (Ganjam / Gopalpur Airport),10.1,5,8.6,2487,12410,0,0,"Terminal Road, Near GOP Airport, Ganjam / Gopalpur, India"
29,MZS,Trident Airport Hotel (Sonbhadra Airport),3.5,3,8.8,2044,3125,1,0,"Terminal Road, Near MZS Airport, Sonbhadra, India"
30,GOI,Radisson Blu Airport (Goa (Dabolim) Airport),6.2,3,8.2,1577,10474,1,1,"Terminal Road, Near GOI Airport, Goa (Dabolim), India"
31,CNN,Lemon Tree Premier (Kannur Airport),10.6,4,8.8,1810,6185,0,0,"Terminal Road, Near CNN Airport, Kannur, India"
32,GOP,Pride Plaza Hotel (Ganjam / Gopalpur Airport),9.1,5,8.9,3407,8861,0,0,"Terminal Road, Near GOP Airport, Ganjam / Gopalpur, India"
33,NEEM,OYO Townhouse Airport (Neemuch Airport),14.1,5,8.9,1293,4703,0,1,"Terminal Road, Near NEEM Airport, Neemuch, India"
34,KAR,Ginger Airport Hotel (Karad / Satara Airport),13.9,4,8.3,1783,6376,0,0,"Terminal Road, Near KAR Airport, Karad / Satara, India"
35,BID,Taj City Centre (Bidar Airport),3.7,3,8.2,396,8754,1,0,"Terminal Road, Near BID Airport, Bidar, India"
36,PNV,Trident Airport Hotel (Porbandar Airport),10.8,4,9.4,1874,6377,0,0,"Terminal Road, Near PNV Airport, Porbandar, India"
37,PBN,FabHotel Airport Inn (Parbhani Airport),4.1,4,8.5,1899,8024,1,0,"Terminal Road, Near PBN Airport, Parbhani, India"
38,LUD,Ginger Airport Hotel (Ludhiana Airport),2.0,5,8.9,3479,10646,1,1,"Terminal Road, Near LUD Airport, Ludhiana, India"
39,IXR,Trident Airport Hotel (Ranchi Airport),3.0,3,8.2,3092,6519,1,1,"Terminal Road, Near IXR Airport, Ranchi, India"
40,PUR,Pride Plaza Hotel (Purulia Airport),4.4,3,9.2,258,8836,1,1,"Terminal Road, Near PUR Airport, Purulia, India"
41,IXW,Hyatt Regency Terminal (Jamshedpur Airport),5.4,5,8.4,1791,12490,1,0,"Terminal Road, Near IXW Airport, Jamshedpur, India"
42,UDR,Trident Airport Hotel (Udaipur Airport),2.6,5,9.5,2498,7648,1,1,"Terminal Road, Near UDR Airport, Udaipur, India"
43,AMB,Trident Airport Hotel (Ambikapur Airport),14.2,4,9.5,1078,11735,0,0,"Terminal Road, Near AMB Airport, Ambikapur, India"
44,KAR,ITC Grand Bharat (Karad / Satara Airport),12.5,4,9.6,2309,4243,0,1,"Terminal Road, Near KAR Airport, Karad / Satara, India"
45,NVY,Pride Plaza Hotel (Neyveli Airport),7.9,3,8.8,3756,5282,1,0,"Terminal Road, Near NVY Airport, Neyveli, India"
46,BVC,Novotel Airport Hotel (Bhavnagar Airport),10.8,5,8.5,981,8174,0,1,"Terminal Road, Near BVC Airport, Bhavnagar, India"
47,PINJ,ITC Grand Bharat (Panchkula / Pinjore Airport),14.1,3,9.0,733,8396,0,1,"Terminal Road, Near PINJ Airport, Panchkula / Pinjore, India"
48,VDY,Novotel Airport Hotel (Vidyanagar / Ballari Airport),13.8,3,8.6,171,2770,0,1,"Terminal Road, Near VDY Airport, Vidyanagar / Ballari, India"
49,SXR,IBIS Airport Hotel (Srinagar Airport),7.8,3,8.4,1236,8229,1,1,"Terminal Road, Near SXR Airport, Srinagar, India"
50,PNV,Pride Plaza Hotel (Porbandar Airport),7.0,5,9.2,1097,7475,1,1,"Terminal Road, Near PNV Airport, Porbandar, India"
51,KOR,Hyatt Regency Terminal (Koraput Airport),14.0,4,8.9,2699,4963,0,0,"Terminal Road, Near KOR Airport, Koraput, India"
52,IXS,Radisson Blu Airport (Silchar Airport),7.7,5,9.2,373,5753,1,0,"Terminal Road, Near IXS Airport, Silchar, India"
53,MEH,Ginger Airport Hotel (Mehsana Airport),8.0,5,8.7,591,11023,0,1,"Terminal Road, Near MEH Airport, Mehsana, India"
54,CHI,Novotel Airport Hotel (Chhindwara Airport),5.5,4,9.4,588,7717,1,1,"Terminal Road, Near CHI Airport, Chhindwara, India"
55,AKL,Lemon Tree Premier (Akola Airport),1.5,4,8.5,3323,8795,1,1,"Terminal Road, Near AKL Airport, Akola, India"
56,MRA,ITC Grand Bharat (Noida / Jewar Airport),2.6,3,8.7,2924,12434,1,0,"Terminal Road, Near MRA Airport, Noida / Jewar, India"
57,BOM,Taj City Centre (Mumbai Airport),9.4,4,8.2,2677,9851,0,0,"Terminal Road, Near BOM Airport, Mumbai, India"
58,UDR,Trident Airport Hotel (Udaipur Airport),2.7,4,8.1,2037,11861,1,1,"Terminal Road, Near UDR Airport, Udaipur, India"
59,AYJ,FabHotel Airport Inn (Ayodhya Airport),4.6,5,8.4,536,2662,1,0,"Terminal Road, Near AYJ Airport, Ayodhya, India"
60,TEZ,FabHotel Airport Inn (Tezpur Airport),8.9,3,9.2,3297,3752,0,1,"Terminal Road, Near TEZ Airport, Tezpur, India"
61,IXD,ITC Grand Bharat (Prayagraj (Allahabad) Airport),5.7,5,9.3,2516,5494,1,1,"Terminal Road, Near IXD Airport, Prayagraj (Allahabad), India"
62,SLN,OYO Townhouse Airport (Sultanpur Airport),3.1,5,8.4,930,8034,1,1,"Terminal Road, Near SLN Airport, Sultanpur, India"
63,IXL,Trident Airport Hotel (Leh (Ladakh) Airport),7.1,4,8.3,2531,8352,1,0,"Terminal Road, Near IXL Airport, Leh (Ladakh), India"
64,BAR,IBIS Airport Hotel (Baramati Airport),12.9,5,8.7,2122,6411,0,1,"Terminal Road, Near BAR Airport, Baramati, India"
65,DHM,Lemon Tree Premier (Dharamshala / Kangra Airport),9.4,5,9.4,3095,8473,0,1,"Terminal Road, Near DHM Airport, Dharamshala / Kangra, India"
66,RKG,Pride Plaza Hotel (Durgapur Airport),13.9,3,9.5,192,2722,0,1,"Terminal Road, Near RKG Airport, Durgapur, India"
67,RMD,IBIS Airport Hotel (Ratnagiri Airport),2.0,5,8.4,2019,7244,1,1,"Terminal Road, Near RMD Airport, Ratnagiri, India"
68,SXV,IBIS Airport Hotel (Shivamogga Airport),6.5,5,9.5,2222,10040,1,1,"Terminal Road, Near SXV Airport, Shivamogga, India"
69,BDQ,ITC Grand Bharat (Vadodara Airport),3.8,3,9.0,1090,4854,1,0,"Terminal Road, Near BDQ Airport, Vadodara, India"
70,SIH,Hyatt Regency Terminal (Sirohi Airport),9.2,4,9.3,1527,9167,0,0,"Terminal Road, Near SIH Airport, Sirohi, India"
71,SIH,Novotel Airport Hotel (Sirohi Airport),9.9,4,8.2,3556,2662,0,1,"Terminal Road, Near SIH Airport, Sirohi, India"
72,PUI,Novotel Airport Hotel (Purnea Airport),7.8,3,8.7,2116,2200,1,1,"Terminal Road, Near PUI Airport, Purnea, India"
73,IXJ,FabHotel Airport Inn (Jammu Airport),10.6,5,8.5,1856,11145,0,1,"Terminal Road, Near IXJ Airport, Jammu, India"
74,KQH,Trident Airport Hotel (Ajmer / Kishangarh Airport),12.1,4,9.7,2898,7076,0,1,"Terminal Road, Near KQH Airport, Ajmer / Kishangarh, India"
75,BHJ,Pride Plaza Hotel (Bhuj (Kutch) Airport),10.8,4,9.3,3263,4003,0,0,"Terminal Road, Near BHJ Airport, Bhuj (Kutch), India"
76,GAW,Radisson Blu Airport (Guwahati Airport),3.3,5,8.1,3109,11944,1,0,"Terminal Road, Near GAW Airport, Guwahati, India"
77,KAP,Hyatt Regency Terminal (Kadapa Airport),9.7,4,9.5,1175,9202,0,0,"Terminal Road, Near KAP Airport, Kadapa, India"
78,PINJ,Trident Airport Hotel (Panchkula / Pinjore Airport),6.6,4,9.5,3545,7018,1,0,"Terminal Road, Near PINJ Airport, Panchkula / Pinjore, India"
79,STV,Hyatt Regency Terminal (Surat Airport),11.3,5,8.7,2667,6628,0,0,"Terminal Road, Near STV Airport, Surat, India"
80,STV,IBIS Airport Hotel (Surat Airport),5.5,4,8.5,3538,11442,1,0,"Terminal Road, Near STV Airport, Surat, India"
81,DHM,Pride Plaza Hotel (Dharamshala / Kangra Airport),12.6,3,8.3,578,3125,0,0,"Terminal Road, Near DHM Airport, Dharamshala / Kangra, India"
82,BKN,FabHotel Airport Inn (Bikaner Airport),8.3,5,8.9,3436,2238,0,0,"Terminal Road, Near BKN Airport, Bikaner, India"
83,IXL,Ginger Airport Hotel (Leh (Ladakh) Airport),2.9,4,9.4,877,5932,1,0,"Terminal Road, Near IXL Airport, Leh (Ladakh), India"
84, سات,IBIS Airport Hotel (Satna Airport),14.3,3,9.3,2260,6552,0,1,"Terminal Road, Near  سات Airport, Satna, India"
85,JRG,OYO Townhouse Airport (Jharsuguda Airport),11.1,4,9.1,1791,8071,0,0,"Terminal Road, Near JRG Airport, Jharsuguda, India"
86,UTL,IBIS Airport Hotel (Barmer Airport),1.7,5,9.5,1553,8871,1,0,"Terminal Road, Near UTL Airport, Barmer, India"
87,GOX,IBIS Airport Hotel (Goa (Mopa) Airport),2.6,4,8.5,2060,4040,1,1,"Terminal Road, Near GOX Airport, Goa (Mopa), India"
88,SNE,ITC Grand Bharat (Singrauli Airport),12.3,5,9.4,2143,5526,0,0,"Terminal Road, Near SNE Airport, Singrauli, India"
89,GWL,FabHotel Airport Inn (Gwalior Airport),10.5,3,9.0,3145,6948,0,1,"Terminal Road, Near GWL Airport, Gwalior, India"
90,GBI,ITC Grand Bharat (Kalaburagi (Gulbarga) Airport),13.4,5,9.3,955,11500,0,1,"Terminal Road, Near GBI Airport, Kalaburagi (Gulbarga), India"
91,NPL,Hyatt Regency Terminal (Narnaul Airport),4.0,3,8.4,420,6900,1,0,"Terminal Road, Near NPL Airport, Narnaul, India"
92,CCU,Novotel Airport Hotel (Kolkata Airport),7.1,3,8.5,1664,11203,1,0,"Terminal Road, Near CCU Airport, Kolkata, India"
93,DHR,Trident Airport Hotel (Dibrugarh Airport),8.4,4,8.8,2046,10859,0,1,"Terminal Road, Near DHR Airport, Dibrugarh, India"
94,BHO,Trident Airport Hotel (Bhopal Airport),6.3,5,9.1,3795,2318,1,1,"Terminal Road, Near BHO Airport, Bhopal, India"
95,KOR,Hyatt Regency Terminal (Koraput Airport),5.3,3,8.8,1926,9003,1,1,"Terminal Road, Near KOR Airport, Koraput, India"
96,HSR,Novotel Airport Hotel (Rajkot Airport),8.5,4,9.0,1007,7924,0,0,"Terminal Road, Near HSR Airport, Rajkot, India"
97,NAG,IBIS Airport Hotel (Nagpur Airport),14.5,4,9.7,1211,3508,0,1,"Terminal Road, Near NAG Airport, Nagpur, India"
98,IXC,Ginger Airport Hotel (Chandigarh Airport),12.6,3,8.6,445,12109,0,0,"Terminal Road, Near IXC Airport, Chandigarh, India"
99,DGR,Taj City Centre (Deoghar Airport),3.0,3,8.9,2493,3285,1,0,"Terminal Road, Near DGR Airport, Deoghar, India"
100,AKL,Pride Plaza Hotel (Akola Airport),3.6,5,9.8,392,10494,1,0,"Terminal Road, Near AKL Airport, Akola, India"
101,GWL,Pride Plaza Hotel (Gwalior Airport),5.4,5,8.5,2624,2348,1,0,"Terminal Road, Near GWL Airport, Gwalior, India"
102,MAL,Radisson Blu Airport (Malda Airport),11.4,4,9.6,3349,8833,0,1,"Terminal Road, Near MAL Airport, Malda, India"
103,UTK,Hyatt Regency Terminal (Kalahandi / Utkela Airport),2.6,3,9.5,2517,4145,1,1,"Terminal Road, Near UTK Airport, Kalahandi / Utkela, India"
104,SRA,Lemon Tree Premier (Shravasti Airport),2.2,3,9.5,2903,2726,1,1,"Terminal Road, Near SRA Airport, Shravasti, India"
105,VTZ,Ginger Airport Hotel (Visakhapatnam Airport),1.9,4,9.1,2937,9873,1,1,"Terminal Road, Near VTZ Airport, Visakhapatnam, India"
106,MOR,FabHotel Airport Inn (Moradabad Airport),6.3,3,8.4,1497,8512,1,1,"Terminal Road, Near MOR Airport, Moradabad, India"
107,KNU,Pride Plaza Hotel (Kanpur Airport),6.9,3,9.3,656,9089,1,1,"Terminal Road, Near KNU Airport, Kanpur, India"
108,IXY,Hyatt Regency Terminal (Kandla Airport),2.9,3,8.6,3344,12430,1,0,"Terminal Road, Near IXY Airport, Kandla, India"
109,CNN,FabHotel Airport Inn (Kannur Airport),9.2,4,9.1,3049,9399,0,0,"Terminal Road, Near CNN Airport, Kannur, India"
110,IXJ,IBIS Airport Hotel (Jammu Airport),5.8,3,8.5,3493,3635,1,0,"Terminal Road, Near IXJ Airport, Jammu, India"
111,HJR,FabHotel Airport Inn (Khajuraho Airport),1.6,5,8.9,605,6002,1,0,"Terminal Road, Near HJR Airport, Khajuraho, India"
112,GOX,Lemon Tree Premier (Goa (Mopa) Airport),9.2,4,8.5,1682,4205,0,0,"Terminal Road, Near GOX Airport, Goa (Mopa), India"
113,NDC,Radisson Blu Airport (Nanded Airport),8.7,5,9.4,1997,8893,0,1,"Terminal Road, Near NDC Airport, Nanded, India"
114,LAT,Lemon Tree Premier (Latur Airport),8.7,4,9.2,1758,4970,0,0,"Terminal Road, Near LAT Airport, Latur, India"
115,TEZU,Radisson Blu Airport (Tezu Airport),5.6,3,9.3,2376,8188,1,1,"Terminal Road, Near TEZU Airport, Tezu, India"
116,AMH,Pride Plaza Hotel (Azamgarh Airport),11.5,3,8.3,1136,12347,0,1,"Terminal Road, Near AMH Airport, Azamgarh, India"
117, سات,Radisson Blu Airport (Satna Airport),6.0,4,8.5,1604,6091,1,0,"Terminal Road, Near  سات Airport, Satna, India"
118,NPL,Hyatt Regency Terminal (Narnaul Airport),13.0,4,9.3,3612,1865,0,0,"Terminal Road, Near NPL Airport, Narnaul, India"
119,GOP,FabHotel Airport Inn (Ganjam / Gopalpur Airport),11.1,4,9.0,1859,10520,0,0,"Terminal Road, Near GOP Airport, Ganjam / Gopalpur, India"
120, سات,Novotel Airport Hotel (Satna Airport),9.6,5,8.6,1620,9744,0,0,"Terminal Road, Near  سات Airport, Satna, India"
121,MZS,FabHotel Airport Inn (Sonbhadra Airport),5.9,3,8.9,2614,10479,1,1,"Terminal Road, Near MZS Airport, Sonbhadra, India"
122,CHI,Pride Plaza Hotel (Chhindwara Airport),8.8,3,9.5,2712,9904,0,1,"Terminal Road, Near CHI Airport, Chhindwara, India"
123,DIU,Lemon Tree Premier (Diu Airport),9.8,5,9.2,3459,5291,0,0,"Terminal Road, Near DIU Airport, Diu, India"
124,JLG,Ginger Airport Hotel (Jalgaon Airport),4.9,3,9.6,3075,2289,1,0,"Terminal Road, Near JLG Airport, Jalgaon, India"
125,KAM,Hyatt Regency Terminal (Kamalpur Airport),14.3,4,9.5,3576,2091,0,0,"Terminal Road, Near KAM Airport, Kamalpur, India"
126,SAH,ITC Grand Bharat (Saharanpur Airport),7.9,3,9.3,349,8839,1,0,"Terminal Road, Near SAH Airport, Saharanpur, India"
127,BOK,Ginger Airport Hotel (Bokaro Airport),13.4,3,9.8,746,4724,0,0,"Terminal Road, Near BOK Airport, Bokaro, India"
128,BLR,FabHotel Airport Inn (Bengaluru Airport),11.4,5,9.6,2737,9236,0,0,"Terminal Road, Near BLR Airport, Bengaluru, India"
129,WGC,Novotel Airport Hotel (Warangal Airport),1.1,4,9.5,2768,7666,1,1,"Terminal Road, Near WGC Airport, Warangal, India"
130,COK,OYO Townhouse Airport (Kochi Airport),2.9,5,8.4,2413,9705,1,0,"Terminal Road, Near COK Airport, Kochi, India"
131,VNS,ITC Grand Bharat (Varanasi Airport),7.8,4,8.8,179,2713,1,1,"Terminal Road, Near VNS Airport, Varanasi, India"
132,KAP,Novotel Airport Hotel (Kadapa Airport),10.0,3,8.5,1320,10146,0,1,"Terminal Road, Near KAP Airport, Kadapa, India"
133,KARN,Taj City Centre (Karnal Airport),6.0,3,8.3,3367,4169,1,0,"Terminal Road, Near KARN Airport, Karnal, India"
134,MEH,Taj City Centre (Mehsana Airport),1.3,5,9.3,477,6791,1,0,"Terminal Road, Near MEH Airport, Mehsana, India"
135,STV,Novotel Airport Hotel (Surat Airport),0.5,3,9.2,911,4402,1,1,"Terminal Road, Near STV Airport, Surat, India"
136,PUI,Novotel Airport Hotel (Purnea Airport),12.2,4,8.1,1418,9549,0,0,"Terminal Road, Near PUI Airport, Purnea, India"
137,COB,Trident Airport Hotel (Cooch Behar Airport),6.8,3,8.3,2771,7451,1,1,"Terminal Road, Near COB Airport, Cooch Behar, India"
138,IXY,Taj City Centre (Kandla Airport),13.7,5,8.2,1904,7217,0,1,"Terminal Road, Near IXY Airport, Kandla, India"
139,CKU,Novotel Airport Hotel (Chakulia Airport),1.8,3,9.7,2625,8389,1,1,"Terminal Road, Near CKU Airport, Chakulia, India"
140,KOR,Ginger Airport Hotel (Koraput Airport),5.0,4,8.3,1318,5400,1,1,"Terminal Road, Near KOR Airport, Koraput, India"
141,TEZU,Hyatt Regency Terminal (Tezu Airport),9.9,4,8.6,2263,3426,0,0,"Terminal Road, Near TEZU Airport, Tezu, India"
142,GOX,FabHotel Airport Inn (Goa (Mopa) Airport),11.3,4,8.3,1829,9793,0,1,"Terminal Road, Near GOX Airport, Goa (Mopa), India"
143,RMD,Trident Airport Hotel (Ratnagiri Airport),9.2,4,9.0,3688,10051,0,1,"Terminal Road, Near RMD Airport, Ratnagiri, India"
144,MAA,FabHotel Airport Inn (Chennai Airport),1.8,3,8.7,308,9804,1,0,"Terminal Road, Near MAA Airport, Chennai, India"
145,IXJ,Pride Plaza Hotel (Jammu Airport),8.8,3,9.4,3119,12104,0,0,"Terminal Road, Near IXJ Airport, Jammu, India"
146,KBK,Radisson Blu Airport (Kushinagar Airport),9.8,3,9.3,3448,10132,0,0,"Terminal Road, Near KBK Airport, Kushinagar, India"
147,DED,Lemon Tree Premier (Dehradun Airport),1.2,5,9.6,2640,7099,1,1,"Terminal Road, Near DED Airport, Dehradun, India"
148,BVC,Radisson Blu Airport (Bhavnagar Airport),9.1,3,9.5,832,4745,0,0,"Terminal Road, Near BVC Airport, Bhavnagar, India"
149,MAA,FabHotel Airport Inn (Chennai Airport),10.1,5,9.3,1623,12234,0,0,"Terminal Road, Near MAA Airport, Chennai, India"
150,BLR,Taj City Centre (Bengaluru Airport),5.5,3,9.2,1660,4056,1,0,"Terminal Road, Near BLR Airport, Bengaluru, India"
151,IXC,OYO Townhouse Airport (Chandigarh Airport),13.9,5,9.0,245,4543,0,1,"Terminal Road, Near IXC Airport, Chandigarh, India"
152,IMF,ITC Grand Bharat (Imphal Airport),0.6,4,8.6,653,8195,1,1,"Terminal Road, Near IMF Airport, Imphal, India"
153,GON,Radisson Blu Airport (Gondia Airport),10.2,5,9.4,1855,11500,0,1,"Terminal Road, Near GON Airport, Gondia, India"
154,IXE,Novotel Airport Hotel (Mangaluru Airport),13.5,4,8.9,3438,12017,0,0,"Terminal Road, Near IXE Airport, Mangaluru, India"
155,JRH,IBIS Airport Hotel (Jorhat Airport),3.5,5,8.1,2191,11424,1,1,"Terminal Road, Near JRH Airport, Jorhat, India"
156,AMD,OYO Townhouse Airport (Ahmedabad Airport),14.1,5,9.4,877,4198,0,0,"Terminal Road, Near AMD Airport, Ahmedabad, India"
157,VDY,Novotel Airport Hotel (Vidyanagar / Ballari Airport),2.2,5,9.4,443,4403,1,0,"Terminal Road, Near VDY Airport, Vidyanagar / Ballari, India"
158,BOK,FabHotel Airport Inn (Bokaro Airport),12.4,5,8.9,777,10600,0,1,"Terminal Road, Near BOK Airport, Bokaro, India"
159,NPL,ITC Grand Bharat (Narnaul Airport),11.5,5,8.7,1958,12467,0,0,"Terminal Road, Near NPL Airport, Narnaul, India"
160,VNS,Taj City Centre (Varanasi Airport),12.1,4,9.5,584,2317,0,0,"Terminal Road, Near VNS Airport, Varanasi, India"
161,AMR,IBIS Airport Hotel (Amravati Airport),9.3,4,8.5,686,4147,0,0,"Terminal Road, Near AMR Airport, Amravati, India"
162,CCJ,Taj City Centre (Kozhikode (Calicut) Airport),0.9,5,9.5,1416,9157,1,0,"Terminal Road, Near CCJ Airport, Kozhikode (Calicut), India"
163,PNV,Novotel Airport Hotel (Porbandar Airport),8.4,3,8.4,432,11648,0,1,"Terminal Road, Near PNV Airport, Porbandar, India"
164,IDR,Lemon Tree Premier (Indore Airport),0.9,4,9.5,1005,9424,1,0,"Terminal Road, Near IDR Airport, Indore, India"
165,DEL,Hyatt Regency Terminal (New Delhi Airport),11.9,5,9.4,817,12428,0,1,"Terminal Road, Near DEL Airport, New Delhi, India"
166,DBR,OYO Townhouse Airport (Darbhanga Airport),8.7,5,8.4,1255,2392,0,1,"Terminal Road, Near DBR Airport, Darbhanga, India"
167,PUI,ITC Grand Bharat (Purnea Airport),5.9,5,9.2,249,3256,1,1,"Terminal Road, Near PUI Airport, Purnea, India"
168,IXG,Trident Airport Hotel (Belagavi Airport),12.5,4,9.5,3082,9427,0,0,"Terminal Road, Near IXG Airport, Belagavi, India"
169,PINJ,Hyatt Regency Terminal (Panchkula / Pinjore Airport),13.1,4,8.7,377,11924,0,0,"Terminal Road, Near PINJ Airport, Panchkula / Pinjore, India"
170,IMF,FabHotel Airport Inn (Imphal Airport),5.5,5,8.3,1883,10137,1,1,"Terminal Road, Near IMF Airport, Imphal, India"
171,BLR,Pride Plaza Hotel (Bengaluru Airport),7.3,3,8.6,1032,11534,1,0,"Terminal Road, Near BLR Airport, Bengaluru, India"
172,UTK,FabHotel Airport Inn (Kalahandi / Utkela Airport),2.5,4,8.4,1367,6311,1,1,"Terminal Road, Near UTK Airport, Kalahandi / Utkela, India"
173,KBK,Taj City Centre (Kushinagar Airport),6.6,3,8.6,3056,5479,1,1,"Terminal Road, Near KBK Airport, Kushinagar, India"
174,IXR,Trident Airport Hotel (Ranchi Airport),4.6,3,9.5,3739,9673,1,0,"Terminal Road, Near IXR Airport, Ranchi, India"
175,AGX,Pride Plaza Hotel (Agatti Island (Lakshadweep) Airport),10.5,3,9.4,2664,6447,0,1,"Terminal Road, Near AGX Airport, Agatti Island (Lakshadweep), India"
176,HJR,Pride Plaza Hotel (Khajuraho Airport),4.8,3,8.7,1314,5822,1,0,"Terminal Road, Near HJR Airport, Khajuraho, India"
177,AMB,Trident Airport Hotel (Ambikapur Airport),14.1,4,9.4,3122,3007,0,0,"Terminal Road, Near AMB Airport, Ambikapur, India"
178,LGP,Ginger Airport Hotel (Rupsi / Dhubri Airport),14.1,5,9.4,722,9365,0,0,"Terminal Road, Near LGP Airport, Rupsi / Dhubri, India"
179,IXZ,Pride Plaza Hotel (Port Blair (Andaman) Airport),7.6,5,8.3,258,9866,1,0,"Terminal Road, Near IXZ Airport, Port Blair (Andaman), India"
180,VZY,Radisson Blu Airport (Vijayawada Airport),9.8,3,8.4,1488,11712,0,1,"Terminal Road, Near VZY Airport, Vijayawada, India"
181,AMH,Pride Plaza Hotel (Azamgarh Airport),2.6,3,9.7,2488,3900,1,0,"Terminal Road, Near AMH Airport, Azamgarh, India"
182,KARN,Lemon Tree Premier (Karnal Airport),3.7,4,8.7,3047,8536,1,0,"Terminal Road, Near KARN Airport, Karnal, India"
183,AGX,OYO Townhouse Airport (Agatti Island (Lakshadweep) Airport),13.6,3,8.3,3069,10584,0,0,"Terminal Road, Near AGX Airport, Agatti Island (Lakshadweep), India"
184,CCJ,Radisson Blu Airport (Kozhikode (Calicut) Airport),5.7,3,9.6,2206,2365,1,1,"Terminal Road, Near CCJ Airport, Kozhikode (Calicut), India"
185,SLV,Taj City Centre (Shimla Airport),0.8,3,9.4,3123,11195,1,0,"Terminal Road, Near SLV Airport, Shimla, India"
186,JHW,Lemon Tree Premier (Jhalawar Airport),10.3,4,8.5,2951,3062,0,0,"Terminal Road, Near JHW Airport, Jhalawar, India"
187,TCR,Radisson Blu Airport (Thoothukudi (Tuticorin) Airport),14.1,4,9.5,3244,7940,0,1,"Terminal Road, Near TCR Airport, Thoothukudi (Tuticorin), India"
188,BOM,Trident Airport Hotel (Mumbai Airport),12.8,4,8.7,1392,9742,0,0,"Terminal Road, Near BOM Airport, Mumbai, India"
189,BVC,OYO Townhouse Airport (Bhavnagar Airport),4.0,3,9.6,3232,5932,1,1,"Terminal Road, Near BVC Airport, Bhavnagar, India"
190,SLN,Novotel Airport Hotel (Sultanpur Airport),2.4,4,9.3,3457,2376,1,1,"Terminal Road, Near SLN Airport, Sultanpur, India"
191,RKG,Taj City Centre (Durgapur Airport),4.8,3,8.4,1724,10578,1,0,"Terminal Road, Near RKG Airport, Durgapur, India"
192,BKN,Ginger Airport Hotel (Bikaner Airport),9.4,3,8.6,3248,11919,0,1,"Terminal Road, Near BKN Airport, Bikaner, India"
193,JDH,Hyatt Regency Terminal (Jodhpur Airport),7.9,5,8.5,2863,6819,1,0,"Terminal Road, Near JDH Airport, Jodhpur, India"
194,KAM,Radisson Blu Airport (Kamalpur Airport),1.9,5,9.8,2873,4328,1,1,"Terminal Road, Near KAM Airport, Kamalpur, India"
195,RAT,Taj City Centre (Ratlam Airport),6.2,5,8.6,3753,5285,1,1,"Terminal Road, Near RAT Airport, Ratlam, India"
196,HYD,Radisson Blu Airport (Hyderabad Airport),13.1,3,8.8,247,3564,0,1,"Terminal Road, Near HYD Airport, Hyderabad, India"
197,BOM,Trident Airport Hotel (Mumbai Airport),5.1,5,8.8,446,10053,1,0,"Terminal Road, Near BOM Airport, Mumbai, India"
198,SNE,Ginger Airport Hotel (Singrauli Airport),10.5,5,8.2,368,2448,0,0,"Terminal Road, Near SNE Airport, Singrauli, India"
199,BHJ,Hyatt Regency Terminal (Bhuj (Kutch) Airport),4.7,3,8.9,1525,7917,1,0,"Terminal Road, Near BHJ Airport, Bhuj (Kutch), India"
200,DIU,Novotel Airport Hotel (Diu Airport),10.1,4,9.4,3681,6442,0,0,"Terminal Road, Near DIU Airport, Diu, India"
201,PNQ,Ginger Airport Hotel (Pune Airport),5.9,3,9.6,771,12313,1,0,"Terminal Road, Near PNQ Airport, Pune, India"
202,DHM,ITC Grand Bharat (Dharamshala / Kangra Airport),3.9,3,8.8,3421,2801,1,0,"Terminal Road, Near DHM Airport, Dharamshala / Kangra, India"
203,BLR,Hyatt Regency Terminal (Bengaluru Airport),12.9,5,9.6,3794,10723,0,0,"Terminal Road, Near BLR Airport, Bengaluru, India"
204,LKO,Ginger Airport Hotel (Lucknow Airport),2.8,4,8.8,912,5383,1,1,"Terminal Road, Near LKO Airport, Lucknow, India"
205,MEH,FabHotel Airport Inn (Mehsana Airport),9.8,4,8.4,1574,3283,0,0,"Terminal Road, Near MEH Airport, Mehsana, India"
206,AJL,ITC Grand Bharat (Aizawl Airport),9.9,5,9.6,2480,8804,0,1,"Terminal Road, Near AJL Airport, Aizawl, India"
207,COK,Hyatt Regency Terminal (Kochi Airport),8.9,4,8.2,1258,11316,0,0,"Terminal Road, Near COK Airport, Kochi, India"
208,BAR,Lemon Tree Premier (Baramati Airport),8.2,4,8.3,1792,5368,0,1,"Terminal Road, Near BAR Airport, Baramati, India"
209,HSR,Lemon Tree Premier (Rajkot Airport),8.2,4,8.2,3155,9211,0,0,"Terminal Road, Near HSR Airport, Rajkot, India"
210,LUD,Radisson Blu Airport (Ludhiana Airport),12.9,5,8.8,581,8343,0,1,"Terminal Road, Near LUD Airport, Ludhiana, India"
211,JLR,Novotel Airport Hotel (Jabalpur Airport),4.7,4,9.3,2400,12056,1,1,"Terminal Road, Near JLR Airport, Jabalpur, India"
212,LAT,IBIS Airport Hotel (Latur Airport),6.8,3,8.9,3617,7942,1,0,"Terminal Road, Near LAT Airport, Latur, India"
213,JGD,Lemon Tree Premier (Jagdalpur Airport),4.8,5,9.4,1076,2326,1,0,"Terminal Road, Near JGD Airport, Jagdalpur, India"
214,NAG,Trident Airport Hotel (Nagpur Airport),9.4,3,8.3,637,2310,0,1,"Terminal Road, Near NAG Airport, Nagpur, India"
215,PNQ,Hyatt Regency Terminal (Pune Airport),10.9,4,8.9,1455,2207,0,0,"Terminal Road, Near PNQ Airport, Pune, India"
216,PNY,Trident Airport Hotel (Puducherry Airport),11.1,5,9.3,890,5426,0,1,"Terminal Road, Near PNY Airport, Puducherry, India"
217,SNE,IBIS Airport Hotel (Singrauli Airport),13.2,4,9.7,2228,4612,0,0,"Terminal Road, Near SNE Airport, Singrauli, India"
218,HBX,OYO Townhouse Airport (Hubballi / Dharwad Airport),10.5,5,8.9,2659,10306,0,1,"Terminal Road, Near HBX Airport, Hubballi / Dharwad, India"
219,NVY,OYO Townhouse Airport (Neyveli Airport),3.5,3,9.6,1849,10324,1,0,"Terminal Road, Near NVY Airport, Neyveli, India"
220,MEH,Hyatt Regency Terminal (Mehsana Airport),0.6,3,9.2,1457,2748,1,0,"Terminal Road, Near MEH Airport, Mehsana, India"
221,GAY,Hyatt Regency Terminal (Gaya Airport),0.7,5,8.7,2835,5182,1,1,"Terminal Road, Near GAY Airport, Gaya, India"
222,HYD,Taj City Centre (Hyderabad Airport),10.1,5,9.0,724,6841,0,1,"Terminal Road, Near HYD Airport, Hyderabad, India"
223,CHI,IBIS Airport Hotel (Chhindwara Airport),5.0,3,9.4,710,7650,1,0,"Terminal Road, Near CHI Airport, Chhindwara, India"
224,LAT,FabHotel Airport Inn (Latur Airport),5.0,4,8.4,1141,6749,1,1,"Terminal Road, Near LAT Airport, Latur, India"
225,NVY,Taj City Centre (Neyveli Airport),2.7,5,9.4,2569,5820,1,1,"Terminal Road, Near NVY Airport, Neyveli, India"
226,IXE,Radisson Blu Airport (Mangaluru Airport),3.2,3,9.2,797,7723,1,0,"Terminal Road, Near IXE Airport, Mangaluru, India"
227,RKG,OYO Townhouse Airport (Durgapur Airport),1.7,4,9.5,3705,8908,1,0,"Terminal Road, Near RKG Airport, Durgapur, India"
228,KOP,IBIS Airport Hotel (Kolhapur Airport),4.7,5,8.1,3052,9166,1,1,"Terminal Road, Near KOP Airport, Kolhapur, India"
229,SRA,ITC Grand Bharat (Shravasti Airport),13.3,3,8.8,875,12106,0,0,"Terminal Road, Near SRA Airport, Shravasti, India"
230,WGC,Ginger Airport Hotel (Warangal Airport),9.2,3,9.4,2992,9454,0,0,"Terminal Road, Near WGC Airport, Warangal, India"
231,KAM,Ginger Airport Hotel (Kamalpur Airport),2.2,4,8.5,2377,5850,1,0,"Terminal Road, Near KAM Airport, Kamalpur, India"
232,KJB,Ginger Airport Hotel (Kurnool (Orvakal) Airport),3.8,3,9.0,3103,6619,1,1,"Terminal Road, Near KJB Airport, Kurnool (Orvakal), India"
233,PBF,Novotel Airport Hotel (Bilaspur Airport),8.8,4,8.4,506,4244,0,1,"Terminal Road, Near PBF Airport, Bilaspur, India"
234,IXP,Taj City Centre (Pathankot Airport),2.7,3,9.5,3535,9121,1,0,"Terminal Road, Near IXP Airport, Pathankot, India"
235,KHO,OYO Townhouse Airport (Khowai Airport),8.1,5,8.9,2134,5593,0,1,"Terminal Road, Near KHO Airport, Khowai, India"
236,GWL,Trident Airport Hotel (Gwalior Airport),9.8,4,8.6,903,6685,0,0,"Terminal Road, Near GWL Airport, Gwalior, India"
237,IXA,Taj City Centre (Agartala Airport),6.1,4,9.5,2784,5512,1,0,"Terminal Road, Near IXA Airport, Agartala, India"
238,IXJ,Lemon Tree Premier (Jammu Airport),3.3,5,8.3,2332,4241,1,1,"Terminal Road, Near IXJ Airport, Jammu, India"
239,AMD,Radisson Blu Airport (Ahmedabad Airport),6.2,3,9.0,720,12179,1,1,"Terminal Road, Near AMD Airport, Ahmedabad, India"
240,AMD,Hyatt Regency Terminal (Ahmedabad Airport),1.4,3,8.1,3210,10312,1,1,"Terminal Road, Near AMD Airport, Ahmedabad, India"
241,DED,Pride Plaza Hotel (Dehradun Airport),5.7,3,9.4,689,6247,1,1,"Terminal Road, Near DED Airport, Dehradun, India"
242,JAI,Novotel Airport Hotel (Jaipur Airport),7.0,5,8.1,1840,6665,1,0,"Terminal Road, Near JAI Airport, Jaipur, India"
243,JRG,ITC Grand Bharat (Jharsuguda Airport),10.0,4,8.9,2093,10932,0,0,"Terminal Road, Near JRG Airport, Jharsuguda, India"
244,PGH,Ginger Airport Hotel (Pantnagar / Nainital Airport),4.0,3,8.6,1701,7363,1,1,"Terminal Road, Near PGH Airport, Pantnagar / Nainital, India"
245,HIR,OYO Townhouse Airport (Sambalpur Airport),2.9,4,9.4,3396,3927,1,1,"Terminal Road, Near HIR Airport, Sambalpur, India"
246,NDC,Ginger Airport Hotel (Nanded Airport),10.6,3,8.1,215,7271,0,0,"Terminal Road, Near NDC Airport, Nanded, India"
247,GWL,Pride Plaza Hotel (Gwalior Airport),8.1,5,9.3,1405,3641,0,1,"Terminal Road, Near GWL Airport, Gwalior, India"
248,VTZ,Pride Plaza Hotel (Visakhapatnam Airport),1.8,5,8.3,2971,5589,1,1,"Terminal Road, Near VTZ Airport, Visakhapatnam, India"
249,SDW,Lemon Tree Premier (Sindhudurg Airport),0.6,5,8.6,3339,11527,1,0,"Terminal Road, Near SDW Airport, Sindhudurg, India"
250,SNE,Pride Plaza Hotel (Singrauli Airport),8.8,5,9.3,3522,10059,0,0,"Terminal Road, Near SNE Airport, Singrauli, India"
251,GAY,IBIS Airport Hotel (Gaya Airport),13.3,5,9.6,310,2073,0,0,"Terminal Road, Near GAY Airport, Gaya, India"
252,GOX,OYO Townhouse Airport (Goa (Mopa) Airport),2.4,5,8.8,758,8315,1,0,"Terminal Road, Near GOX Airport, Goa (Mopa), India"
253,PGH,Pride Plaza Hotel (Pantnagar / Nainital Airport),9.7,4,8.6,3287,12051,0,0,"Terminal Road, Near PGH Airport, Pantnagar / Nainital, India"
254,JLR,OYO Townhouse Airport (Jabalpur Airport),12.3,4,8.6,3418,9247,0,1,"Terminal Road, Near JLR Airport, Jabalpur, India"
255,JGA,Novotel Airport Hotel (Jamnagar Airport),6.0,3,8.9,1301,11116,1,1,"Terminal Road, Near JGA Airport, Jamnagar, India"
256,LUD,Radisson Blu Airport (Ludhiana Airport),10.6,3,8.3,2550,11477,0,1,"Terminal Road, Near LUD Airport, Ludhiana, India"
257,BDQ,Radisson Blu Airport (Vadodara Airport),0.7,4,8.7,1876,7098,1,1,"Terminal Road, Near BDQ Airport, Vadodara, India"
258,GBI,Taj City Centre (Kalaburagi (Gulbarga) Airport),11.3,3,9.7,1903,7471,0,1,"Terminal Road, Near GBI Airport, Kalaburagi (Gulbarga), India"
259,RAT,Hyatt Regency Terminal (Ratlam Airport),0.9,4,9.4,2322,10523,1,0,"Terminal Road, Near RAT Airport, Ratlam, India"
260,MZS,Hyatt Regency Terminal (Sonbhadra Airport),6.9,4,8.8,1750,10276,1,1,"Terminal Road, Near MZS Airport, Sonbhadra, India"
261,MAL,Radisson Blu Airport (Malda Airport),11.4,4,9.3,3131,5788,0,0,"Terminal Road, Near MAL Airport, Malda, India"
262,LAT,Ginger Airport Hotel (Latur Airport),8.5,4,9.0,3338,9442,0,0,"Terminal Road, Near LAT Airport, Latur, India"
263,IXG,ITC Grand Bharat (Belagavi Airport),0.7,4,8.5,169,6198,1,1,"Terminal Road, Near IXG Airport, Belagavi, India"
264,MAA,OYO Townhouse Airport (Chennai Airport),6.5,4,8.7,418,3329,1,0,"Terminal Road, Near MAA Airport, Chennai, India"
265,ATQ,Radisson Blu Airport (Amritsar Airport),10.5,5,8.5,2804,12322,0,0,"Terminal Road, Near ATQ Airport, Amritsar, India"
266,SAH,ITC Grand Bharat (Saharanpur Airport),7.5,4,8.6,170,9616,1,0,"Terminal Road, Near SAH Airport, Saharanpur, India"
267,RJA,ITC Grand Bharat (Rajahmundry Airport),10.0,4,8.5,2125,5564,0,0,"Terminal Road, Near RJA Airport, Rajahmundry, India"
268,CFH,Hyatt Regency Terminal (Chitrakoot Airport),9.1,3,9.2,2684,3672,0,1,"Terminal Road, Near CFH Airport, Chitrakoot, India"
269,IXM,FabHotel Airport Inn (Madurai Airport),5.1,4,8.2,3441,6174,1,0,"Terminal Road, Near IXM Airport, Madurai, India"
270,IXR,IBIS Airport Hotel (Ranchi Airport),6.6,3,8.2,1792,3389,1,1,"Terminal Road, Near IXR Airport, Ranchi, India"
271,KBK,ITC Grand Bharat (Kushinagar Airport),5.8,4,9.1,1041,6847,1,1,"Terminal Road, Near KBK Airport, Kushinagar, India"
272,CHI,FabHotel Airport Inn (Chhindwara Airport),7.1,4,8.4,2818,9339,1,1,"Terminal Road, Near CHI Airport, Chhindwara, India"
273,IXB,ITC Grand Bharat (Siliguri / Bagdogra Airport),13.7,4,8.8,1639,2277,0,0,"Terminal Road, Near IXB Airport, Siliguri / Bagdogra, India"
274,GOX,ITC Grand Bharat (Goa (Mopa) Airport),2.7,4,8.3,3182,10462,1,1,"Terminal Road, Near GOX Airport, Goa (Mopa), India"
275,GOP,Taj City Centre (Ganjam / Gopalpur Airport),4.1,5,9.4,220,4814,1,0,"Terminal Road, Near GOP Airport, Ganjam / Gopalpur, India"
276,NPL,Taj City Centre (Narnaul Airport),12.1,3,9.8,2313,12327,0,1,"Terminal Road, Near NPL Airport, Narnaul, India"
277,IMF,ITC Grand Bharat (Imphal Airport),13.5,5,8.4,1479,11938,0,0,"Terminal Road, Near IMF Airport, Imphal, India"
278,HSS,Taj City Centre (Hisar Airport),1.2,4,8.5,2796,11355,1,0,"Terminal Road, Near HSS Airport, Hisar, India"
279,KAR,IBIS Airport Hotel (Karad / Satara Airport),9.5,3,9.8,535,3587,0,1,"Terminal Road, Near KAR Airport, Karad / Satara, India"
280,IDR,ITC Grand Bharat (Indore Airport),3.9,5,9.2,1845,4402,1,1,"Terminal Road, Near IDR Airport, Indore, India"
281,BKN,Ginger Airport Hotel (Bikaner Airport),7.7,5,9.4,172,2818,1,1,"Terminal Road, Near BKN Airport, Bikaner, India"
282,MAA,FabHotel Airport Inn (Chennai Airport),8.2,5,9.7,3643,3014,0,1,"Terminal Road, Near MAA Airport, Chennai, India"
283,IXT,ITC Grand Bharat (Pasighat Airport),12.7,5,8.8,695,11787,0,0,"Terminal Road, Near IXT Airport, Pasighat, India"
284,IMF,ITC Grand Bharat (Imphal Airport),9.8,5,9.1,701,8726,0,1,"Terminal Road, Near IMF Airport, Imphal, India"
285,IXD,Taj City Centre (Prayagraj (Allahabad) Airport),8.2,5,8.8,2914,7509,0,0,"Terminal Road, Near IXD Airport, Prayagraj (Allahabad), India"
286,NVM,Taj City Centre (Navi Mumbai Airport),7.3,3,9.7,1637,3821,1,1,"Terminal Road, Near NVM Airport, Navi Mumbai, India"
287,IXC,OYO Townhouse Airport (Chandigarh Airport),12.2,5,9.6,2049,5691,0,0,"Terminal Road, Near IXC Airport, Chandigarh, India"
288,KHO,Trident Airport Hotel (Khowai Airport),6.2,4,9.2,3200,8433,1,0,"Terminal Road, Near KHO Airport, Khowai, India"
289,LKO,Novotel Airport Hotel (Lucknow Airport),10.4,5,9.6,1269,11859,0,1,"Terminal Road, Near LKO Airport, Lucknow, India"
290,SNE,Radisson Blu Airport (Singrauli Airport),2.1,3,9.0,1773,8789,1,0,"Terminal Road, Near SNE Airport, Singrauli, India"
291,SIH,Hyatt Regency Terminal (Sirohi Airport),12.9,4,8.6,438,6516,0,1,"Terminal Road, Near SIH Airport, Sirohi, India"
292,RKG,IBIS Airport Hotel (Durgapur Airport),7.7,3,9.5,996,6257,1,1,"Terminal Road, Near RKG Airport, Durgapur, India"
293,HYD,Radisson Blu Airport (Hyderabad Airport),3.9,5,9.2,1375,11798,1,1,"Terminal Road, Near HYD Airport, Hyderabad, India"
294,PNQ,ITC Grand Bharat (Pune Airport),8.2,4,9.2,2168,10789,0,0,"Terminal Road, Near PNQ Airport, Pune, India"
295,IXU,Lemon Tree Premier (Chhatrapati Sambhaji Nagar (Aurangabad) Airport),12.6,3,9.3,2834,8207,0,0,"Terminal Road, Near IXU Airport, Chhatrapati Sambhaji Nagar (Aurangabad), India"
296,MAL,ITC Grand Bharat (Malda Airport),1.3,5,8.8,1941,6443,1,1,"Terminal Road, Near MAL Airport, Malda, India"
297,SLV,OYO Townhouse Airport (Shimla Airport),8.6,3,8.5,2499,4094,0,1,"Terminal Road, Near SLV Airport, Shimla, India"
298,KJB,FabHotel Airport Inn (Kurnool (Orvakal) Airport),12.6,4,9.4,1055,9169,0,1,"Terminal Road, Near KJB Airport, Kurnool (Orvakal), India"
299,PNY,Novotel Airport Hotel (Puducherry Airport),5.8,4,8.5,954,2792,1,0,"Terminal Road, Near PNY Airport, Puducherry, India"
300,JAI,FabHotel Airport Inn (Jaipur Airport),12.2,5,9.8,2207,5239,0,1,"Terminal Road, Near JAI Airport, Jaipur, India"
301,JRH,Lemon Tree Premier (Jorhat Airport),3.6,3,9.3,2089,11826,1,1,"Terminal Road, Near JRH Airport, Jorhat, India"
302,DIU,Novotel Airport Hotel (Diu Airport),8.6,5,9.2,1975,6041,0,0,"Terminal Road, Near DIU Airport, Diu, India"
303,JLR,FabHotel Airport Inn (Jabalpur Airport),8.4,5,9.2,364,6696,0,0,"Terminal Road, Near JLR Airport, Jabalpur, India"
304,DMO,Novotel Airport Hotel (Damoh Airport),2.5,4,9.1,1955,7183,1,1,"Terminal Road, Near DMO Airport, Damoh, India"
305,IXC,ITC Grand Bharat (Chandigarh Airport),2.5,5,9.1,2512,11502,1,1,"Terminal Road, Near IXC Airport, Chandigarh, India"
306,HBX,Hyatt Regency Terminal (Hubballi / Dharwad Airport),12.7,4,8.9,361,12142,0,0,"Terminal Road, Near HBX Airport, Hubballi / Dharwad, India"
307,LUD,Trident Airport Hotel (Ludhiana Airport),1.2,3,9.7,2331,6471,1,1,"Terminal Road, Near LUD Airport, Ludhiana, India"
308,MOR,Novotel Airport Hotel (Moradabad Airport),4.0,4,8.8,2650,8403,1,0,"Terminal Road, Near MOR Airport, Moradabad, India"
309,PGH,Novotel Airport Hotel (Pantnagar / Nainital Airport),6.4,3,9.1,1560,2320,1,1,"Terminal Road, Near PGH Airport, Pantnagar / Nainital, India"
310,IXG,OYO Townhouse Airport (Belagavi Airport),10.1,4,9.6,2834,5425,0,1,"Terminal Road, Near IXG Airport, Belagavi, India"
311,KAR,Novotel Airport Hotel (Karad / Satara Airport),8.6,5,8.5,2106,2583,0,1,"Terminal Road, Near KAR Airport, Karad / Satara, India"
312,PBF,Pride Plaza Hotel (Bilaspur Airport),2.4,3,9.6,3251,10177,1,0,"Terminal Road, Near PBF Airport, Bilaspur, India"
313,BGP,OYO Townhouse Airport (Bhagalpur Airport),6.9,4,9.0,3725,6350,1,0,"Terminal Road, Near BGP Airport, Bhagalpur, India"
314,KHO,Hyatt Regency Terminal (Khowai Airport),7.6,5,9.4,627,6717,1,1,"Terminal Road, Near KHO Airport, Khowai, India"
315,KUU,OYO Townhouse Airport (Kullu / Manali Airport),8.7,4,9.1,2326,2467,0,0,"Terminal Road, Near KUU Airport, Kullu / Manali, India"
316,CJB,Pride Plaza Hotel (Coimbatore Airport),9.5,5,8.5,2660,3651,0,0,"Terminal Road, Near CJB Airport, Coimbatore, India"
317,DMU,Pride Plaza Hotel (Dimapur Airport),6.6,3,9.3,2856,10322,1,0,"Terminal Road, Near DMU Airport, Dimapur, India"
318,MEH,Trident Airport Hotel (Mehsana Airport),5.7,3,9.6,712,11150,1,0,"Terminal Road, Near MEH Airport, Mehsana, India"
319,RPR,OYO Townhouse Airport (Raipur Airport),10.8,3,9.3,3027,2411,0,1,"Terminal Road, Near RPR Airport, Raipur, India"
320,IXA,Lemon Tree Premier (Agartala Airport),5.6,3,8.3,1859,4205,1,0,"Terminal Road, Near IXA Airport, Agartala, India"
321,BTH,ITC Grand Bharat (Bettiah Airport),14.4,3,8.8,3583,12034,0,0,"Terminal Road, Near BTH Airport, Bettiah, India"
322,JRG,Radisson Blu Airport (Jharsuguda Airport),12.6,5,8.2,1963,5494,0,0,"Terminal Road, Near JRG Airport, Jharsuguda, India"
323,JRG,OYO Townhouse Airport (Jharsuguda Airport),6.8,5,8.3,2884,9362,1,0,"Terminal Road, Near JRG Airport, Jharsuguda, India"
324,VTZ,Pride Plaza Hotel (Visakhapatnam Airport),14.0,3,9.2,1590,4733,0,1,"Terminal Road, Near VTZ Airport, Visakhapatnam, India"
325,VZY,FabHotel Airport Inn (Vijayawada Airport),1.4,5,9.5,3479,8304,1,1,"Terminal Road, Near VZY Airport, Vijayawada, India"
326,TIR,Taj City Centre (Tirupati Airport),2.1,4,8.6,229,8505,1,0,"Terminal Road, Near TIR Airport, Tirupati, India"
327,AMB,OYO Townhouse Airport (Ambikapur Airport),2.7,4,9.5,3460,2179,1,1,"Terminal Road, Near AMB Airport, Ambikapur, India"
328,RGD,Hyatt Regency Terminal (Raigarh Airport),2.5,5,9.3,2765,4677,1,0,"Terminal Road, Near RGD Airport, Raigarh, India"
329,IXP,Radisson Blu Airport (Pathankot Airport),4.8,4,9.7,3464,8334,1,1,"Terminal Road, Near IXP Airport, Pathankot, India"
330,GON,Novotel Airport Hotel (Gondia Airport),12.4,4,8.3,2156,5539,0,0,"Terminal Road, Near GON Airport, Gondia, India"
331,LUD,Novotel Airport Hotel (Ludhiana Airport),9.9,5,8.4,1105,6715,0,1,"Terminal Road, Near LUD Airport, Ludhiana, India"
332,PBF,Lemon Tree Premier (Bilaspur Airport),11.7,4,9.0,751,8940,0,0,"Terminal Road, Near PBF Airport, Bilaspur, India"
333,HIR,Taj City Centre (Sambalpur Airport),10.6,3,9.8,2947,8987,0,0,"Terminal Road, Near HIR Airport, Sambalpur, India"
334,BKN,Ginger Airport Hotel (Bikaner Airport),11.5,3,9.4,3740,3595,0,0,"Terminal Road, Near BKN Airport, Bikaner, India"
335,KNU,Ginger Airport Hotel (Kanpur Airport),11.8,3,9.5,1021,6564,0,0,"Terminal Road, Near KNU Airport, Kanpur, India"
336,RGD,Novotel Airport Hotel (Raigarh Airport),3.2,4,8.9,3233,4152,1,1,"Terminal Road, Near RGD Airport, Raigarh, India"
337,CFH,ITC Grand Bharat (Chitrakoot Airport),8.7,3,9.1,747,3966,0,0,"Terminal Road, Near CFH Airport, Chitrakoot, India"
338,IXR,ITC Grand Bharat (Ranchi Airport),13.3,4,9.3,3205,8441,0,1,"Terminal Road, Near IXR Airport, Ranchi, India"
339,GOI,Novotel Airport Hotel (Goa (Dabolim) Airport),1.4,3,8.9,3055,4378,1,0,"Terminal Road, Near GOI Airport, Goa (Dabolim), India"
340,NMN,Ginger Airport Hotel (Neemrana / Alwar Airport),5.2,5,9.6,1775,6586,1,0,"Terminal Road, Near NMN Airport, Neemrana / Alwar, India"
341,SLN,IBIS Airport Hotel (Sultanpur Airport),11.4,5,8.8,2796,12280,0,0,"Terminal Road, Near SLN Airport, Sultanpur, India"
342,KUU,IBIS Airport Hotel (Kullu / Manali Airport),1.1,4,8.8,3484,9787,1,0,"Terminal Road, Near KUU Airport, Kullu / Manali, India"
343,RPR,OYO Townhouse Airport (Raipur Airport),12.9,5,9.1,457,5905,0,1,"Terminal Road, Near RPR Airport, Raipur, India"
344,DIU,IBIS Airport Hotel (Diu Airport),11.0,4,9.4,1940,6049,0,1,"Terminal Road, Near DIU Airport, Diu, India"
345,BGP,Novotel Airport Hotel (Bhagalpur Airport),9.7,5,8.5,158,4812,0,0,"Terminal Road, Near BGP Airport, Bhagalpur, India"
346,SAH,ITC Grand Bharat (Saharanpur Airport),0.8,4,9.2,2308,2388,1,0,"Terminal Road, Near SAH Airport, Saharanpur, India"
347,RAT,FabHotel Airport Inn (Ratlam Airport),9.1,5,8.9,1473,3987,0,1,"Terminal Road, Near RAT Airport, Ratlam, India"
348,NVY,Lemon Tree Premier (Neyveli Airport),5.7,4,9.8,2372,10381,1,0,"Terminal Road, Near NVY Airport, Neyveli, India"
349,VNS,Radisson Blu Airport (Varanasi Airport),13.1,3,9.3,1282,11497,0,0,"Terminal Road, Near VNS Airport, Varanasi, India"
350,AMRE,Lemon Tree Premier (Amreli Airport),3.0,4,9.5,3148,8329,1,0,"Terminal Road, Near AMRE Airport, Amreli, India"
351,NMN,Taj City Centre (Neemrana / Alwar Airport),1.8,5,8.2,2095,7877,1,1,"Terminal Road, Near NMN Airport, Neemrana / Alwar, India"
352,SNE,Pride Plaza Hotel (Singrauli Airport),2.4,4,9.1,1989,1916,1,0,"Terminal Road, Near SNE Airport, Singrauli, India"
353,IXY,Ginger Airport Hotel (Kandla Airport),9.7,5,8.5,3441,6989,0,1,"Terminal Road, Near IXY Airport, Kandla, India"
354, سات,Taj City Centre (Satna Airport),8.7,4,9.3,516,5321,0,1,"Terminal Road, Near  سات Airport, Satna, India"
355,LAT,IBIS Airport Hotel (Latur Airport),1.2,4,8.2,1156,6062,1,1,"Terminal Road, Near LAT Airport, Latur, India"
356,HBI,Taj City Centre (Itanagar Airport),13.9,5,9.0,1166,3911,0,0,"Terminal Road, Near HBI Airport, Itanagar, India"
357,COK,OYO Townhouse Airport (Kochi Airport),12.6,3,8.9,3725,10736,0,1,"Terminal Road, Near COK Airport, Kochi, India"
358,SLV,OYO Townhouse Airport (Shimla Airport),11.7,5,9.3,410,12309,0,1,"Terminal Road, Near SLV Airport, Shimla, India"
359,KNU,Pride Plaza Hotel (Kanpur Airport),5.0,4,9.7,3272,3421,1,1,"Terminal Road, Near KNU Airport, Kanpur, India"
360,CJB,FabHotel Airport Inn (Coimbatore Airport),3.8,3,9.6,1675,4327,1,1,"Terminal Road, Near CJB Airport, Coimbatore, India"
361,TCR,Trident Airport Hotel (Thoothukudi (Tuticorin) Airport),6.6,4,9.3,129,1998,1,0,"Terminal Road, Near TCR Airport, Thoothukudi (Tuticorin), India"
362,SXV,ITC Grand Bharat (Shivamogga Airport),4.1,4,8.2,3759,5725,1,0,"Terminal Road, Near SXV Airport, Shivamogga, India"
363,KNU,Hyatt Regency Terminal (Kanpur Airport),10.0,5,9.3,1241,10578,0,1,"Terminal Road, Near KNU Airport, Kanpur, India"
364,IXC,Lemon Tree Premier (Chandigarh Airport),4.2,3,9.6,2349,8826,1,0,"Terminal Road, Near IXC Airport, Chandigarh, India"
365,JLR,Lemon Tree Premier (Jabalpur Airport),10.1,5,9.8,3567,9005,0,0,"Terminal Road, Near JLR Airport, Jabalpur, India"
366,AMD,Hyatt Regency Terminal (Ahmedabad Airport),7.2,5,9.1,611,8628,1,1,"Terminal Road, Near AMD Airport, Ahmedabad, India"
367,MEH,OYO Townhouse Airport (Mehsana Airport),12.3,4,9.6,2271,7682,0,0,"Terminal Road, Near MEH Airport, Mehsana, India"
368,IXY,Trident Airport Hotel (Kandla Airport),4.7,5,8.6,509,10246,1,1,"Terminal Road, Near IXY Airport, Kandla, India"
369,DEL,Trident Airport Hotel (New Delhi Airport),6.5,4,8.9,886,4131,1,0,"Terminal Road, Near DEL Airport, New Delhi, India"
370,RKG,ITC Grand Bharat (Durgapur Airport),4.9,4,8.9,2365,12042,1,1,"Terminal Road, Near RKG Airport, Durgapur, India"
371,BHU,Novotel Airport Hotel (Bathinda Airport),9.0,5,8.4,831,6759,0,0,"Terminal Road, Near BHU Airport, Bathinda, India"
372,BOK,Radisson Blu Airport (Bokaro Airport),5.8,4,9.8,1608,11379,1,1,"Terminal Road, Near BOK Airport, Bokaro, India"
373,ROU,Pride Plaza Hotel (Rourkela Airport),12.8,3,8.1,2164,7421,0,1,"Terminal Road, Near ROU Airport, Rourkela, India"
374,BOK,Lemon Tree Premier (Bokaro Airport),0.9,5,8.1,366,11281,1,1,"Terminal Road, Near BOK Airport, Bokaro, India"
375,HSR,Pride Plaza Hotel (Rajkot Airport),11.1,5,8.4,820,9189,0,1,"Terminal Road, Near HSR Airport, Rajkot, India"
376,KOP,Trident Airport Hotel (Kolhapur Airport),11.4,3,9.7,339,4345,0,0,"Terminal Road, Near KOP Airport, Kolhapur, India"
377,GAW,FabHotel Airport Inn (Guwahati Airport),7.7,5,9.4,1168,4117,1,1,"Terminal Road, Near GAW Airport, Guwahati, India"
378,DON,FabHotel Airport Inn (Bhadrak / Dhamra Airport),1.7,5,9.4,236,2945,1,0,"Terminal Road, Near DON Airport, Bhadrak / Dhamra, India"
379,AMB,OYO Townhouse Airport (Ambikapur Airport),13.5,3,8.3,1445,9780,0,0,"Terminal Road, Near AMB Airport, Ambikapur, India"
380,IXY,Hyatt Regency Terminal (Kandla Airport),7.9,5,8.9,2947,6355,1,1,"Terminal Road, Near IXY Airport, Kandla, India"
381,IXD,Pride Plaza Hotel (Prayagraj (Allahabad) Airport),4.3,5,9.2,1309,8505,1,1,"Terminal Road, Near IXD Airport, Prayagraj (Allahabad), India"
382,IMF,IBIS Airport Hotel (Imphal Airport),8.3,5,9.4,1041,7695,0,1,"Terminal Road, Near IMF Airport, Imphal, India"
383,KAM,Taj City Centre (Kamalpur Airport),11.1,5,8.3,2430,9789,0,0,"Terminal Road, Near KAM Airport, Kamalpur, India"
384,BAR,Pride Plaza Hotel (Baramati Airport),1.0,4,9.5,1087,10329,1,0,"Terminal Road, Near BAR Airport, Baramati, India"
385,BAR,Hyatt Regency Terminal (Baramati Airport),6.6,4,9.3,1115,10007,1,0,"Terminal Road, Near BAR Airport, Baramati, India"
386,TRV,OYO Townhouse Airport (Thiruvananthapuram Airport),1.6,4,9.4,3417,3606,1,1,"Terminal Road, Near TRV Airport, Thiruvananthapuram, India"
387,RPR,ITC Grand Bharat (Raipur Airport),0.6,3,8.3,543,3759,1,0,"Terminal Road, Near RPR Airport, Raipur, India"
388,PAT,IBIS Airport Hotel (Patna Airport),2.9,3,8.3,2509,11050,1,1,"Terminal Road, Near PAT Airport, Patna, India"
389,LKO,OYO Townhouse Airport (Lucknow Airport),6.4,5,8.3,1930,7486,1,1,"Terminal Road, Near LKO Airport, Lucknow, India"
390,COK,FabHotel Airport Inn (Kochi Airport),8.5,5,8.7,600,3012,0,0,"Terminal Road, Near COK Airport, Kochi, India"
391,AMRE,Taj City Centre (Amreli Airport),7.3,4,8.4,3629,6206,1,1,"Terminal Road, Near AMRE Airport, Amreli, India"
392,MAA,Trident Airport Hotel (Chennai Airport),11.9,4,8.4,1718,11439,0,0,"Terminal Road, Near MAA Airport, Chennai, India"
393,RAT,Novotel Airport Hotel (Ratlam Airport),12.5,4,9.2,2727,6522,0,1,"Terminal Road, Near RAT Airport, Ratlam, India"
394,KAM,Hyatt Regency Terminal (Kamalpur Airport),10.1,3,8.2,3608,7482,0,1,"Terminal Road, Near KAM Airport, Kamalpur, India"
395,SDW,Trident Airport Hotel (Sindhudurg Airport),9.9,5,8.2,1209,3370,0,0,"Terminal Road, Near SDW Airport, Sindhudurg, India"
396,NAG,FabHotel Airport Inn (Nagpur Airport),0.8,5,9.3,1637,9260,1,0,"Terminal Road, Near NAG Airport, Nagpur, India"
397,HIR,Ginger Airport Hotel (Sambalpur Airport),13.0,4,8.6,3742,7857,0,1,"Terminal Road, Near HIR Airport, Sambalpur, India"
398,BID,ITC Grand Bharat (Bidar Airport),3.6,4,8.8,3212,10649,1,1,"Terminal Road, Near BID Airport, Bidar, India"
399,BKN,Ginger Airport Hotel (Bikaner Airport),13.4,3,9.5,1720,7088,0,0,"Terminal Road, Near BKN Airport, Bikaner, India"
400,TCR,Lemon Tree Premier (Thoothukudi (Tuticorin) Airport),4.0,5,9.4,489,8094,1,0,"Terminal Road, Near TCR Airport, Thoothukudi (Tuticorin), India"
401,AYJ,Radisson Blu Airport (Ayodhya Airport),4.4,5,8.2,769,1998,1,1,"Terminal Road, Near AYJ Airport, Ayodhya, India"
402,ISK,FabHotel Airport Inn (Nashik Airport),1.1,4,8.9,1296,12359,1,1,"Terminal Road, Near ISK Airport, Nashik, India"
403,PAL,OYO Townhouse Airport (Pali Airport),3.7,5,8.5,1030,11435,1,1,"Terminal Road, Near PAL Airport, Pali, India"
404,RGD,Novotel Airport Hotel (Raigarh Airport),2.4,3,8.4,1274,12225,1,0,"Terminal Road, Near RGD Airport, Raigarh, India"
405,DON,Novotel Airport Hotel (Bhadrak / Dhamra Airport),4.0,5,8.9,1214,5394,1,0,"Terminal Road, Near DON Airport, Bhadrak / Dhamra, India"
406,IXE,Trident Airport Hotel (Mangaluru Airport),13.8,5,9.3,407,10062,0,1,"Terminal Road, Near IXE Airport, Mangaluru, India"
407,AKL,ITC Grand Bharat (Akola Airport),13.6,3,8.9,3032,2411,0,0,"Terminal Road, Near AKL Airport, Akola, India"
408,DGR,Hyatt Regency Terminal (Deoghar Airport),7.3,5,9.4,2166,6108,1,0,"Terminal Road, Near DGR Airport, Deoghar, India"
409,PGH,Novotel Airport Hotel (Pantnagar / Nainital Airport),2.1,3,8.5,1604,6110,1,1,"Terminal Road, Near PGH Airport, Pantnagar / Nainital, India"
410,JLG,Radisson Blu Airport (Jalgaon Airport),4.8,3,8.7,593,8900,1,0,"Terminal Road, Near JLG Airport, Jalgaon, India"
411,DED,Taj City Centre (Dehradun Airport),10.4,3,9.7,2869,5265,0,0,"Terminal Road, Near DED Airport, Dehradun, India"
412,KNU,OYO Townhouse Airport (Kanpur Airport),4.2,4,9.3,788,6011,1,0,"Terminal Road, Near KNU Airport, Kanpur, India"
413,HBX,FabHotel Airport Inn (Hubballi / Dharwad Airport),8.3,3,8.1,579,8474,0,1,"Terminal Road, Near HBX Airport, Hubballi / Dharwad, India"
414,TEZU,Ginger Airport Hotel (Tezu Airport),13.9,4,9.7,3484,4638,0,0,"Terminal Road, Near TEZU Airport, Tezu, India"
415,GOP,Radisson Blu Airport (Ganjam / Gopalpur Airport),3.0,4,9.0,2150,11898,1,0,"Terminal Road, Near GOP Airport, Ganjam / Gopalpur, India"
416,RMD,Trident Airport Hotel (Ratnagiri Airport),13.5,3,8.9,693,6889,0,0,"Terminal Road, Near RMD Airport, Ratnagiri, India"
417,PUI,Ginger Airport Hotel (Purnea Airport),0.5,3,9.8,775,11214,1,0,"Terminal Road, Near PUI Airport, Purnea, India"
418,AKL,ITC Grand Bharat (Akola Airport),9.4,4,9.1,1642,3937,0,0,"Terminal Road, Near AKL Airport, Akola, India"
419,ROU,Taj City Centre (Rourkela Airport),3.4,3,9.6,1110,4047,1,0,"Terminal Road, Near ROU Airport, Rourkela, India"
420,MZS,FabHotel Airport Inn (Sonbhadra Airport),3.8,3,9.4,212,7043,1,0,"Terminal Road, Near MZS Airport, Sonbhadra, India"
421,IXG,Radisson Blu Airport (Belagavi Airport),9.2,5,8.4,3184,8971,0,0,"Terminal Road, Near IXG Airport, Belagavi, India"
422,KUU,FabHotel Airport Inn (Kullu / Manali Airport),7.6,5,9.8,2170,8714,1,0,"Terminal Road, Near KUU Airport, Kullu / Manali, India"
423,JGA,Trident Airport Hotel (Jamnagar Airport),13.0,3,8.2,511,5423,0,1,"Terminal Road, Near JGA Airport, Jamnagar, India"
424,DMU,Taj City Centre (Dimapur Airport),4.2,3,9.0,2745,11209,1,1,"Terminal Road, Near DMU Airport, Dimapur, India"
425,GON,Novotel Airport Hotel (Gondia Airport),8.3,4,9.4,1477,8490,0,1,"Terminal Road, Near GON Airport, Gondia, India"
426,AGX,IBIS Airport Hotel (Agatti Island (Lakshadweep) Airport),7.3,3,8.7,1241,4301,1,1,"Terminal Road, Near AGX Airport, Agatti Island (Lakshadweep), India"
427,SLN,Taj City Centre (Sultanpur Airport),12.1,4,9.5,483,3688,0,0,"Terminal Road, Near SLN Airport, Sultanpur, India"
428,TCR,Pride Plaza Hotel (Thoothukudi (Tuticorin) Airport),13.7,5,9.5,2955,8550,0,0,"Terminal Road, Near TCR Airport, Thoothukudi (Tuticorin), India"
429,MRA,Hyatt Regency Terminal (Noida / Jewar Airport),2.2,3,9.0,1147,12426,1,1,"Terminal Road, Near MRA Airport, Noida / Jewar, India"
430,AGR,Lemon Tree Premier (Agra Airport),13.4,4,8.3,3359,9675,0,1,"Terminal Road, Near AGR Airport, Agra, India"
431,AJL,ITC Grand Bharat (Aizawl Airport),0.7,3,9.2,846,11596,1,0,"Terminal Road, Near AJL Airport, Aizawl, India"
432,PINJ,IBIS Airport Hotel (Panchkula / Pinjore Airport),3.8,5,8.2,838,6998,1,1,"Terminal Road, Near PINJ Airport, Panchkula / Pinjore, India"
433,CFH,Ginger Airport Hotel (Chitrakoot Airport),7.1,3,8.6,1421,7843,1,1,"Terminal Road, Near CFH Airport, Chitrakoot, India"
434,PUR,Lemon Tree Premier (Purulia Airport),10.5,5,8.2,3065,4804,0,0,"Terminal Road, Near PUR Airport, Purulia, India"
435,PNV,Trident Airport Hotel (Porbandar Airport),1.0,5,9.6,1707,9212,1,1,"Terminal Road, Near PNV Airport, Porbandar, India"
436,GWL,Pride Plaza Hotel (Gwalior Airport),11.2,4,9.4,665,9917,0,0,"Terminal Road, Near GWL Airport, Gwalior, India"
437,VZY,Pride Plaza Hotel (Vijayawada Airport),13.8,5,9.0,2677,12060,0,1,"Terminal Road, Near VZY Airport, Vijayawada, India"
438,PAL,Taj City Centre (Pali Airport),9.8,5,8.7,2709,5257,0,1,"Terminal Road, Near PAL Airport, Pali, India"
439,BBI,Lemon Tree Premier (Bhubaneswar Airport),0.6,4,8.7,2837,2663,1,0,"Terminal Road, Near BBI Airport, Bhubaneswar, India"
440,LUD,Pride Plaza Hotel (Ludhiana Airport),8.8,3,9.2,534,8240,0,0,"Terminal Road, Near LUD Airport, Ludhiana, India"
441,PYB,Pride Plaza Hotel (Jeypore Airport),8.9,5,8.8,210,4977,0,1,"Terminal Road, Near PYB Airport, Jeypore, India"
442,PAL,Ginger Airport Hotel (Pali Airport),5.9,4,8.8,2387,4808,1,0,"Terminal Road, Near PAL Airport, Pali, India"
443,AMB,Radisson Blu Airport (Ambikapur Airport),1.6,4,9.3,1998,11901,1,1,"Terminal Road, Near AMB Airport, Ambikapur, India"
444,TEZ,OYO Townhouse Airport (Tezpur Airport),9.3,3,9.8,2369,5808,0,1,"Terminal Road, Near TEZ Airport, Tezpur, India"
445,CCJ,Hyatt Regency Terminal (Kozhikode (Calicut) Airport),10.0,5,9.5,2874,10269,0,1,"Terminal Road, Near CCJ Airport, Kozhikode (Calicut), India"
446,COB,ITC Grand Bharat (Cooch Behar Airport),3.9,5,8.3,2161,11828,1,1,"Terminal Road, Near COB Airport, Cooch Behar, India"
447,CKU,Radisson Blu Airport (Chakulia Airport),2.0,4,8.4,2621,11759,1,1,"Terminal Road, Near CKU Airport, Chakulia, India"
448,COK,Radisson Blu Airport (Kochi Airport),12.9,5,8.8,559,9739,0,0,"Terminal Road, Near COK Airport, Kochi, India"
449,SAG,IBIS Airport Hotel (Shirdi Airport),3.3,4,8.5,2888,3444,1,0,"Terminal Road, Near SAG Airport, Shirdi, India"
450,COK,ITC Grand Bharat (Kochi Airport),12.0,4,9.0,1036,9167,0,0,"Terminal Road, Near COK Airport, Kochi, India"
451,JLG,Novotel Airport Hotel (Jalgaon Airport),0.6,4,8.3,1911,4574,1,0,"Terminal Road, Near JLG Airport, Jalgaon, India"
452,TEZ,Taj City Centre (Tezpur Airport),4.7,5,8.6,2478,5321,1,0,"Terminal Road, Near TEZ Airport, Tezpur, India"
453,NDC,ITC Grand Bharat (Nanded Airport),10.8,4,9.6,1840,7034,0,1,"Terminal Road, Near NDC Airport, Nanded, India"
454,VJZ,Novotel Airport Hotel (Bhogapuram / Vizianagaram Airport),14.5,4,9.3,428,11435,0,1,"Terminal Road, Near VJZ Airport, Bhogapuram / Vizianagaram, India"
455,GAW,Radisson Blu Airport (Guwahati Airport),8.1,5,9.1,3636,5840,0,0,"Terminal Road, Near GAW Airport, Guwahati, India"
456,SLV,Trident Airport Hotel (Shimla Airport),11.5,4,9.3,3690,6587,0,1,"Terminal Road, Near SLV Airport, Shimla, India"
457,IXP,FabHotel Airport Inn (Pathankot Airport),1.4,5,8.5,3007,8174,1,1,"Terminal Road, Near IXP Airport, Pathankot, India"
458,MRA,Radisson Blu Airport (Noida / Jewar Airport),8.3,3,8.7,852,9642,0,1,"Terminal Road, Near MRA Airport, Noida / Jewar, India"
459,MEH,FabHotel Airport Inn (Mehsana Airport),12.6,4,9.8,2080,4425,0,0,"Terminal Road, Near MEH Airport, Mehsana, India"
460,CHI,Hyatt Regency Terminal (Chhindwara Airport),13.1,4,9.5,603,5713,0,1,"Terminal Road, Near CHI Airport, Chhindwara, India"
461,HBX,Taj City Centre (Hubballi / Dharwad Airport),13.0,4,8.6,1720,8314,0,1,"Terminal Road, Near HBX Airport, Hubballi / Dharwad, India"
462,SAH,FabHotel Airport Inn (Saharanpur Airport),10.3,4,8.8,2245,10958,0,0,"Terminal Road, Near SAH Airport, Saharanpur, India"
463,SSE,Radisson Blu Airport (Solapur Airport),7.2,3,8.4,673,10318,1,0,"Terminal Road, Near SSE Airport, Solapur, India"
464,BLR,Trident Airport Hotel (Bengaluru Airport),9.6,5,9.0,1708,5576,0,0,"Terminal Road, Near BLR Airport, Bengaluru, India"
465,NMS,Hyatt Regency Terminal (Naliya Airport),8.9,5,9.7,2207,11609,0,1,"Terminal Road, Near NMS Airport, Naliya, India"
466,GON,IBIS Airport Hotel (Gondia Airport),0.8,3,8.2,3583,8578,1,0,"Terminal Road, Near GON Airport, Gondia, India"
467,BBI,Hyatt Regency Terminal (Bhubaneswar Airport),9.0,5,8.9,2278,2748,0,1,"Terminal Road, Near BBI Airport, Bhubaneswar, India"
468,TRZ,Ginger Airport Hotel (Tiruchirappalli (Trichy) Airport),11.0,5,9.4,1716,9888,0,0,"Terminal Road, Near TRZ Airport, Tiruchirappalli (Trichy), India"
469,GBI,Novotel Airport Hotel (Kalaburagi (Gulbarga) Airport),12.4,3,9.1,2419,4283,0,1,"Terminal Road, Near GBI Airport, Kalaburagi (Gulbarga), India"
470,DIU,Radisson Blu Airport (Diu Airport),9.4,5,8.6,1580,11044,0,0,"Terminal Road, Near DIU Airport, Diu, India"
471,CKU,ITC Grand Bharat (Chakulia Airport),11.9,3,8.2,1183,4616,0,1,"Terminal Road, Near CKU Airport, Chakulia, India"
472,IDR,Taj City Centre (Indore Airport),6.5,4,8.9,3798,4518,1,1,"Terminal Road, Near IDR Airport, Indore, India"
473,BOM,Hyatt Regency Terminal (Mumbai Airport),7.1,4,9.6,1281,7605,1,1,"Terminal Road, Near BOM Airport, Mumbai, India"
474,BHO,Radisson Blu Airport (Bhopal Airport),6.9,4,9.1,1526,5318,1,0,"Terminal Road, Near BHO Airport, Bhopal, India"
475,BTH,ITC Grand Bharat (Bettiah Airport),4.8,3,9.5,3330,9739,1,1,"Terminal Road, Near BTH Airport, Bettiah, India"
476,IXM,Pride Plaza Hotel (Madurai Airport),1.0,5,8.2,2083,4460,1,0,"Terminal Road, Near IXM Airport, Madurai, India"
477,SLV,OYO Townhouse Airport (Shimla Airport),2.0,3,8.9,2649,6053,1,0,"Terminal Road, Near SLV Airport, Shimla, India"
478,GWL,Pride Plaza Hotel (Gwalior Airport),8.2,3,8.4,3015,6747,0,0,"Terminal Road, Near GWL Airport, Gwalior, India"
479,AKL,ITC Grand Bharat (Akola Airport),1.0,4,8.8,135,8662,1,1,"Terminal Road, Near AKL Airport, Akola, India"
480,KARN,Trident Airport Hotel (Karnal Airport),11.6,4,8.2,2180,2430,0,0,"Terminal Road, Near KARN Airport, Karnal, India"
481,RGD,Trident Airport Hotel (Raigarh Airport),13.9,5,8.7,638,8761,0,1,"Terminal Road, Near RGD Airport, Raigarh, India"
482,BOM,Pride Plaza Hotel (Mumbai Airport),0.8,4,9.8,767,4452,1,0,"Terminal Road, Near BOM Airport, Mumbai, India"
483,PAT,Novotel Airport Hotel (Patna Airport),10.1,4,8.9,1614,6891,0,0,"Terminal Road, Near PAT Airport, Patna, India"
484,SSE,OYO Townhouse Airport (Solapur Airport),5.6,3,8.6,787,3412,1,1,"Terminal Road, Near SSE Airport, Solapur, India"
485,DON,Pride Plaza Hotel (Bhadrak / Dhamra Airport),12.1,4,9.3,3295,6872,0,1,"Terminal Road, Near DON Airport, Bhadrak / Dhamra, India"
486,VTZ,IBIS Airport Hotel (Visakhapatnam Airport),5.9,3,8.4,1422,8110,1,1,"Terminal Road, Near VTZ Airport, Visakhapatnam, India"
487,BTH,ITC Grand Bharat (Bettiah Airport),11.7,3,9.4,610,3115,0,0,"Terminal Road, Near BTH Airport, Bettiah, India"
488,KJB,Trident Airport Hotel (Kurnool (Orvakal) Airport),9.3,4,9.3,548,8387,0,0,"Terminal Road, Near KJB Airport, Kurnool (Orvakal), India"
489,VTZ,Ginger Airport Hotel (Visakhapatnam Airport),11.9,4,9.3,2516,10749,0,0,"Terminal Road, Near VTZ Airport, Visakhapatnam, India"
490,GAW,Lemon Tree Premier (Guwahati Airport),2.6,5,8.9,3599,3414,1,0,"Terminal Road, Near GAW Airport, Guwahati, India"
491,TRV,FabHotel Airport Inn (Thiruvananthapuram Airport),11.3,5,8.3,1195,10676,0,0,"Terminal Road, Near TRV Airport, Thiruvananthapuram, India"
492,TEZ,Pride Plaza Hotel (Tezpur Airport),3.6,3,8.9,441,9683,1,1,"Terminal Road, Near TEZ Airport, Tezpur, India"
493,IXY,OYO Townhouse Airport (Kandla Airport),8.3,3,9.7,944,8389,0,1,"Terminal Road, Near IXY Airport, Kandla, India"
494,BVC,Novotel Airport Hotel (Bhavnagar Airport),3.6,4,9.8,2483,6913,1,1,"Terminal Road, Near BVC Airport, Bhavnagar, India"
495,BOM,OYO Townhouse Airport (Mumbai Airport),12.6,4,9.3,2578,6952,0,0,"Terminal Road, Near BOM Airport, Mumbai, India"
496,KOK,OYO Townhouse Airport (Kokrajhar Airport),8.4,4,9.4,1707,5572,0,0,"Terminal Road, Near KOK Airport, Kokrajhar, India"
497,IXL,ITC Grand Bharat (Leh (Ladakh) Airport),6.9,4,8.2,2930,7735,1,1,"Terminal Road, Near IXL Airport, Leh (Ladakh), India"
498,DUM,Lemon Tree Premier (Dumka Airport),7.8,4,9.7,2108,5615,1,0,"Terminal Road, Near DUM Airport, Dumka, India"
499,BLT,OYO Townhouse Airport (Balurghat Airport),9.8,5,9.1,3437,11835,0,0,"Terminal Road, Near BLT Airport, Balurghat, India"
500,TEZ,Novotel Airport Hotel (Tezpur Airport),2.8,5,8.8,1276,5776,1,0,"Terminal Road, Near TEZ Airport, Tezpur, India"
501,PNQ,Pride Plaza Hotel (Pune Airport),6.5,4,8.6,1010,6533,1,1,"Terminal Road, Near PNQ Airport, Pune, India"
502,KHO,Ginger Airport Hotel (Khowai Airport),10.4,5,9.5,1155,3887,0,1,"Terminal Road, Near KHO Airport, Khowai, India"
503,IXU,Radisson Blu Airport (Chhatrapati Sambhaji Nagar (Aurangabad) Airport),6.7,3,9.4,2183,2601,1,1,"Terminal Road, Near IXU Airport, Chhatrapati Sambhaji Nagar (Aurangabad), India"
504,JDH,ITC Grand Bharat (Jodhpur Airport),11.1,5,8.8,2937,4547,0,1,"Terminal Road, Near JDH Airport, Jodhpur, India"
505,RGD,OYO Townhouse Airport (Raigarh Airport),4.0,4,9.5,1502,5346,1,0,"Terminal Road, Near RGD Airport, Raigarh, India"
506,HJR,ITC Grand Bharat (Khajuraho Airport),0.8,5,9.5,1650,2109,1,1,"Terminal Road, Near HJR Airport, Khajuraho, India"
507,IDR,Hyatt Regency Terminal (Indore Airport),3.4,3,8.2,3746,5392,1,1,"Terminal Road, Near IDR Airport, Indore, India"
508,DBR,ITC Grand Bharat (Darbhanga Airport),7.7,3,8.9,1013,7719,1,1,"Terminal Road, Near DBR Airport, Darbhanga, India"
509,JSA,Ginger Airport Hotel (Jaisalmer Airport),5.0,5,9.4,1117,11449,1,0,"Terminal Road, Near JSA Airport, Jaisalmer, India"
510,MRA,FabHotel Airport Inn (Noida / Jewar Airport),1.2,3,8.1,1318,3783,1,0,"Terminal Road, Near MRA Airport, Noida / Jewar, India"
511,IXC,Hyatt Regency Terminal (Chandigarh Airport),6.6,5,9.0,399,5316,1,0,"Terminal Road, Near IXC Airport, Chandigarh, India"
512,IXB,Radisson Blu Airport (Siliguri / Bagdogra Airport),10.4,4,9.5,1012,3086,0,1,"Terminal Road, Near IXB Airport, Siliguri / Bagdogra, India"
513,GBI,Taj City Centre (Kalaburagi (Gulbarga) Airport),4.0,5,9.6,2551,10287,1,1,"Terminal Road, Near GBI Airport, Kalaburagi (Gulbarga), India"
514,SSE,Novotel Airport Hotel (Solapur Airport),12.2,3,8.8,438,6787,0,1,"Terminal Road, Near SSE Airport, Solapur, India"
515,AMD,ITC Grand Bharat (Ahmedabad Airport),1.9,5,9.4,1619,11578,1,0,"Terminal Road, Near AMD Airport, Ahmedabad, India"
516,LKO,Hyatt Regency Terminal (Lucknow Airport),6.8,3,9.2,2907,2166,1,1,"Terminal Road, Near LKO Airport, Lucknow, India"
517,RPR,Novotel Airport Hotel (Raipur Airport),9.5,4,8.9,218,1943,0,1,"Terminal Road, Near RPR Airport, Raipur, India"
518,RKG,OYO Townhouse Airport (Durgapur Airport),10.2,3,8.7,230,10175,0,0,"Terminal Road, Near RKG Airport, Durgapur, India"
519,HBI,Ginger Airport Hotel (Itanagar Airport),11.3,5,8.1,2294,6072,0,0,"Terminal Road, Near HBI Airport, Itanagar, India"
520,REW,Radisson Blu Airport (Rewa Airport),7.7,5,9.2,1901,8130,1,0,"Terminal Road, Near REW Airport, Rewa, India"
521,MYQ,OYO Townhouse Airport (Mysuru Airport),5.8,5,9.3,3176,4570,1,0,"Terminal Road, Near MYQ Airport, Mysuru, India"
522,REW,Pride Plaza Hotel (Rewa Airport),8.4,5,8.8,1049,2880,0,0,"Terminal Road, Near REW Airport, Rewa, India"
523,BHJ,Trident Airport Hotel (Bhuj (Kutch) Airport),6.0,5,9.5,2952,5109,1,1,"Terminal Road, Near BHJ Airport, Bhuj (Kutch), India"
524,KHA,Ginger Airport Hotel (Khandwa Airport),1.7,4,8.4,2941,2819,1,1,"Terminal Road, Near KHA Airport, Khandwa, India"
525,ISK,FabHotel Airport Inn (Nashik Airport),1.0,4,9.3,3759,4755,1,0,"Terminal Road, Near ISK Airport, Nashik, India"
526,WGC,Novotel Airport Hotel (Warangal Airport),9.2,4,8.6,1293,5009,0,1,"Terminal Road, Near WGC Airport, Warangal, India"
527,AMH,Radisson Blu Airport (Azamgarh Airport),6.8,5,8.9,3534,7761,1,1,"Terminal Road, Near AMH Airport, Azamgarh, India"
528,JLG,ITC Grand Bharat (Jalgaon Airport),8.0,4,8.9,962,1849,0,1,"Terminal Road, Near JLG Airport, Jalgaon, India"
529,BDQ,Pride Plaza Hotel (Vadodara Airport),9.9,3,8.6,906,8403,0,0,"Terminal Road, Near BDQ Airport, Vadodara, India"
530,IXM,Trident Airport Hotel (Madurai Airport),13.3,4,9.3,2098,3977,0,1,"Terminal Road, Near IXM Airport, Madurai, India"
531,DGR,Lemon Tree Premier (Deoghar Airport),9.8,4,9.6,2358,6072,0,1,"Terminal Road, Near DGR Airport, Deoghar, India"
532,IXG,Radisson Blu Airport (Belagavi Airport),4.6,3,9.2,3023,4936,1,0,"Terminal Road, Near IXG Airport, Belagavi, India"
533,BHO,OYO Townhouse Airport (Bhopal Airport),3.9,5,8.3,1442,4086,1,0,"Terminal Road, Near BHO Airport, Bhopal, India"
534,UDR,ITC Grand Bharat (Udaipur Airport),13.8,3,9.5,3154,9261,0,1,"Terminal Road, Near UDR Airport, Udaipur, India"
535,SHL,Lemon Tree Premier (Shillong Airport),12.4,4,9.4,3612,10392,0,1,"Terminal Road, Near SHL Airport, Shillong, India"
536,BPI,Radisson Blu Airport (Mayurbhanj Airport),4.2,4,9.1,3255,11089,1,0,"Terminal Road, Near BPI Airport, Mayurbhanj, India"
537,IXL,OYO Townhouse Airport (Leh (Ladakh) Airport),8.0,3,8.2,3764,12058,0,1,"Terminal Road, Near IXL Airport, Leh (Ladakh), India"
538,KHO,Radisson Blu Airport (Khowai Airport),4.5,3,8.8,801,5160,1,0,"Terminal Road, Near KHO Airport, Khowai, India"
539,JGA,Taj City Centre (Jamnagar Airport),11.9,5,8.8,1424,4805,0,0,"Terminal Road, Near JGA Airport, Jamnagar, India"
540,IXE,Hyatt Regency Terminal (Mangaluru Airport),11.0,4,8.9,3209,8721,0,0,"Terminal Road, Near IXE Airport, Mangaluru, India"
541,AMD,ITC Grand Bharat (Ahmedabad Airport),6.1,4,8.3,749,3784,1,1,"Terminal Road, Near AMD Airport, Ahmedabad, India"
542,PAT,OYO Townhouse Airport (Patna Airport),6.1,3,8.7,995,1914,1,1,"Terminal Road, Near PAT Airport, Patna, India"
543,BID,Novotel Airport Hotel (Bidar Airport),12.6,4,8.1,2057,2485,0,0,"Terminal Road, Near BID Airport, Bidar, India"
544,AMRE,Taj City Centre (Amreli Airport),7.8,4,9.8,1908,8393,1,0,"Terminal Road, Near AMRE Airport, Amreli, India"
545,UTL,ITC Grand Bharat (Barmer Airport),0.7,5,9.5,3794,6335,1,0,"Terminal Road, Near UTL Airport, Barmer, India"
546,DEL,Lemon Tree Premier (New Delhi Airport),10.3,3,9.4,190,7653,0,0,"Terminal Road, Near DEL Airport, New Delhi, India"
547,BGP,IBIS Airport Hotel (Bhagalpur Airport),0.8,5,9.5,1812,11613,1,1,"Terminal Road, Near BGP Airport, Bhagalpur, India"
548,BTH,Novotel Airport Hotel (Bettiah Airport),3.7,3,9.4,2919,5290,1,1,"Terminal Road, Near BTH Airport, Bettiah, India"
549,BVC,Pride Plaza Hotel (Bhavnagar Airport),10.8,5,8.4,2816,9505,0,1,"Terminal Road, Near BVC Airport, Bhavnagar, India"
550,PBF,Ginger Airport Hotel (Bilaspur Airport),14.0,3,8.3,2978,2101,0,1,"Terminal Road, Near PBF Airport, Bilaspur, India"
551,BHO,OYO Townhouse Airport (Bhopal Airport),13.4,3,8.4,1311,7594,0,0,"Terminal Road, Near BHO Airport, Bhopal, India"
552,ROU,Ginger Airport Hotel (Rourkela Airport),3.0,3,8.6,219,10605,1,0,"Terminal Road, Near ROU Airport, Rourkela, India"
553,PAT,FabHotel Airport Inn (Patna Airport),3.6,5,8.2,963,9576,1,1,"Terminal Road, Near PAT Airport, Patna, India"
554,TRZ,FabHotel Airport Inn (Tiruchirappalli (Trichy) Airport),10.7,5,9.6,2067,12082,0,0,"Terminal Road, Near TRZ Airport, Tiruchirappalli (Trichy), India"
555,LKO,IBIS Airport Hotel (Lucknow Airport),6.1,4,8.1,645,8555,1,0,"Terminal Road, Near LKO Airport, Lucknow, India"
556,AKL,IBIS Airport Hotel (Akola Airport),9.1,4,8.8,3342,10395,0,1,"Terminal Road, Near AKL Airport, Akola, India"
557,CCJ,FabHotel Airport Inn (Kozhikode (Calicut) Airport),8.9,4,8.2,1628,2638,0,0,"Terminal Road, Near CCJ Airport, Kozhikode (Calicut), India"
558,IXG,OYO Townhouse Airport (Belagavi Airport),8.5,5,8.2,1955,5876,0,0,"Terminal Road, Near IXG Airport, Belagavi, India"
559,JHW,Hyatt Regency Terminal (Jhalawar Airport),9.0,3,9.7,3015,4763,0,0,"Terminal Road, Near JHW Airport, Jhalawar, India"
560,HIR,Taj City Centre (Sambalpur Airport),3.9,4,9.3,2576,7750,1,0,"Terminal Road, Near HIR Airport, Sambalpur, India"
561,IXD,IBIS Airport Hotel (Prayagraj (Allahabad) Airport),13.6,5,8.7,2547,10079,0,0,"Terminal Road, Near IXD Airport, Prayagraj (Allahabad), India"
562,HIR,Novotel Airport Hotel (Sambalpur Airport),4.9,3,8.8,2409,4950,1,0,"Terminal Road, Near HIR Airport, Sambalpur, India"
563,LKO,IBIS Airport Hotel (Lucknow Airport),10.0,3,8.1,576,3610,0,1,"Terminal Road, Near LKO Airport, Lucknow, India"
564,HBI,Taj City Centre (Itanagar Airport),10.6,3,8.9,321,11773,0,0,"Terminal Road, Near HBI Airport, Itanagar, India"
565,BTH,Hyatt Regency Terminal (Bettiah Airport),0.8,3,9.5,1031,7862,1,0,"Terminal Road, Near BTH Airport, Bettiah, India"
566,GBI,FabHotel Airport Inn (Kalaburagi (Gulbarga) Airport),11.3,5,8.3,781,10905,0,1,"Terminal Road, Near GBI Airport, Kalaburagi (Gulbarga), India"
567,IXA,Lemon Tree Premier (Agartala Airport),8.7,3,8.9,1328,5521,0,0,"Terminal Road, Near IXA Airport, Agartala, India"
568,JSA,Trident Airport Hotel (Jaisalmer Airport),6.4,3,8.2,231,11012,1,0,"Terminal Road, Near JSA Airport, Jaisalmer, India"
569,BHU,Pride Plaza Hotel (Bathinda Airport),14.5,3,8.2,2853,6875,0,1,"Terminal Road, Near BHU Airport, Bathinda, India"
570,AGX,Pride Plaza Hotel (Agatti Island (Lakshadweep) Airport),9.5,3,8.8,777,10026,0,0,"Terminal Road, Near AGX Airport, Agatti Island (Lakshadweep), India"
571,NMS,ITC Grand Bharat (Naliya Airport),2.3,5,9.3,2220,6129,1,0,"Terminal Road, Near NMS Airport, Naliya, India"
572,LKO,OYO Townhouse Airport (Lucknow Airport),14.0,5,8.3,2628,9539,0,0,"Terminal Road, Near LKO Airport, Lucknow, India"
573,BTH,Hyatt Regency Terminal (Bettiah Airport),13.4,4,9.3,1811,11751,0,0,"Terminal Road, Near BTH Airport, Bettiah, India"
574,NVM,Lemon Tree Premier (Navi Mumbai Airport),14.1,5,8.7,199,11319,0,0,"Terminal Road, Near NVM Airport, Navi Mumbai, India"
575,PYB,Pride Plaza Hotel (Jeypore Airport),14.4,3,9.5,1885,2694,0,0,"Terminal Road, Near PYB Airport, Jeypore, India"
576,HSR,FabHotel Airport Inn (Rajkot Airport),7.9,4,9.5,1135,3072,1,1,"Terminal Road, Near HSR Airport, Rajkot, India"
577,DHR,Ginger Airport Hotel (Dibrugarh Airport),8.0,5,9.3,2942,7240,0,0,"Terminal Road, Near DHR Airport, Dibrugarh, India"
578,ROU,FabHotel Airport Inn (Rourkela Airport),4.7,5,8.5,2977,4844,1,1,"Terminal Road, Near ROU Airport, Rourkela, India"
579,KHO,Pride Plaza Hotel (Khowai Airport),8.7,4,8.9,1587,8369,0,1,"Terminal Road, Near KHO Airport, Khowai, India"
580,IDR,IBIS Airport Hotel (Indore Airport),9.9,5,9.4,1032,3306,0,0,"Terminal Road, Near IDR Airport, Indore, India"
581,MUZ,OYO Townhouse Airport (Muzaffarpur Airport),4.6,4,9.2,1632,5708,1,0,"Terminal Road, Near MUZ Airport, Muzaffarpur, India"
582,IMF,FabHotel Airport Inn (Imphal Airport),12.7,4,9.6,3649,2310,0,0,"Terminal Road, Near IMF Airport, Imphal, India"
583,UTK,FabHotel Airport Inn (Kalahandi / Utkela Airport),0.7,3,8.6,1769,12188,1,1,"Terminal Road, Near UTK Airport, Kalahandi / Utkela, India"
584,SAG,IBIS Airport Hotel (Shirdi Airport),7.7,5,9.4,2203,7556,1,0,"Terminal Road, Near SAG Airport, Shirdi, India"
585,CNN,Ginger Airport Hotel (Kannur Airport),8.8,5,8.8,3032,2864,0,1,"Terminal Road, Near CNN Airport, Kannur, India"
586,AMRE,Lemon Tree Premier (Amreli Airport),7.2,4,8.5,2932,9731,1,0,"Terminal Road, Near AMRE Airport, Amreli, India"
587,SIV,Ginger Airport Hotel (Sivasagar Airport),4.2,5,9.0,1604,7281,1,0,"Terminal Road, Near SIV Airport, Sivasagar, India"
588,SXV,Pride Plaza Hotel (Shivamogga Airport),4.8,3,9.1,1272,9722,1,1,"Terminal Road, Near SXV Airport, Shivamogga, India"
589,TEZU,Lemon Tree Premier (Tezu Airport),11.9,4,9.4,1925,7360,0,0,"Terminal Road, Near TEZU Airport, Tezu, India"
590,COB,ITC Grand Bharat (Cooch Behar Airport),9.0,4,8.6,2124,11771,0,0,"Terminal Road, Near COB Airport, Cooch Behar, India"
591,DED,Radisson Blu Airport (Dehradun Airport),0.9,5,8.7,2225,2670,1,1,"Terminal Road, Near DED Airport, Dehradun, India"
592,SIV,Hyatt Regency Terminal (Sivasagar Airport),5.1,4,8.6,3282,5379,1,0,"Terminal Road, Near SIV Airport, Sivasagar, India"
593,VNS,Taj City Centre (Varanasi Airport),9.5,5,8.6,2612,11317,0,0,"Terminal Road, Near VNS Airport, Varanasi, India"
594,AMRE,ITC Grand Bharat (Amreli Airport),0.5,4,8.4,3590,6710,1,1,"Terminal Road, Near AMRE Airport, Amreli, India"
595,TIR,Trident Airport Hotel (Tirupati Airport),12.9,5,9.4,1510,2876,0,1,"Terminal Road, Near TIR Airport, Tirupati, India"
596,KNU,Pride Plaza Hotel (Kanpur Airport),10.2,4,9.1,1175,4862,0,0,"Terminal Road, Near KNU Airport, Kanpur, India"
597,SNE,IBIS Airport Hotel (Singrauli Airport),7.7,3,9.5,628,3124,1,0,"Terminal Road, Near SNE Airport, Singrauli, India"
598,BDQ,OYO Townhouse Airport (Vadodara Airport),14.0,3,8.2,344,2792,0,0,"Terminal Road, Near BDQ Airport, Vadodara, India"
599,IXP,Ginger Airport Hotel (Pathankot Airport),7.8,5,9.4,944,4954,1,1,"Terminal Road, Near IXP Airport, Pathankot, India"
600,VDY,Novotel Airport Hotel (Vidyanagar / Ballari Airport),3.9,4,8.5,765,7591,1,0,"Terminal Road, Near VDY Airport, Vidyanagar / Ballari, India"
601,DHR,Novotel Airport Hotel (Dibrugarh Airport),3.5,3,8.8,3037,11196,1,0,"Terminal Road, Near DHR Airport, Dibrugarh, India"
602,CHI,Hyatt Regency Terminal (Chhindwara Airport),14.5,4,8.3,1630,5276,0,0,"Terminal Road, Near CHI Airport, Chhindwara, India"
603,GAW,OYO Townhouse Airport (Guwahati Airport),7.8,5,9.7,1118,7991,1,1,"Terminal Road, Near GAW Airport, Guwahati, India"
604,PYG,Taj City Centre (Gangtok / Pakyong (Sikkim) Airport),2.8,5,9.2,2044,8182,1,0,"Terminal Road, Near PYG Airport, Gangtok / Pakyong (Sikkim), India"
605,SXV,Radisson Blu Airport (Shivamogga Airport),11.2,4,8.3,2496,11011,0,1,"Terminal Road, Near SXV Airport, Shivamogga, India"
606,MAA,FabHotel Airport Inn (Chennai Airport),6.1,5,8.9,1158,5616,1,1,"Terminal Road, Near MAA Airport, Chennai, India"
607,CNN,Ginger Airport Hotel (Kannur Airport),13.5,3,8.2,538,12299,0,1,"Terminal Road, Near CNN Airport, Kannur, India"
608,MAL,Trident Airport Hotel (Malda Airport),7.7,5,9.2,2722,7673,1,1,"Terminal Road, Near MAL Airport, Malda, India"
609,MAA,IBIS Airport Hotel (Chennai Airport),5.6,5,8.2,2497,4598,1,1,"Terminal Road, Near MAA Airport, Chennai, India"
610,DIU,Radisson Blu Airport (Diu Airport),11.9,4,8.5,997,8246,0,1,"Terminal Road, Near DIU Airport, Diu, India"
611,SLV,Novotel Airport Hotel (Shimla Airport),14.0,3,8.5,731,7783,0,0,"Terminal Road, Near SLV Airport, Shimla, India"
612,DHM,Radisson Blu Airport (Dharamshala / Kangra Airport),1.3,4,9.7,853,5140,1,1,"Terminal Road, Near DHM Airport, Dharamshala / Kangra, India"
613,RGD,Radisson Blu Airport (Raigarh Airport),9.1,3,9.4,2168,4400,0,0,"Terminal Road, Near RGD Airport, Raigarh, India"
614,SSE,Radisson Blu Airport (Solapur Airport),3.7,4,8.6,372,4126,1,1,"Terminal Road, Near SSE Airport, Solapur, India"
615,IXM,Taj City Centre (Madurai Airport),4.9,5,8.4,2999,6716,1,1,"Terminal Road, Near IXM Airport, Madurai, India"
616,TRZ,OYO Townhouse Airport (Tiruchirappalli (Trichy) Airport),5.4,4,9.5,3458,5692,1,0,"Terminal Road, Near TRZ Airport, Tiruchirappalli (Trichy), India"
617,AMR,Hyatt Regency Terminal (Amravati Airport),12.6,3,8.8,3632,6767,0,0,"Terminal Road, Near AMR Airport, Amravati, India"
618,VTZ,FabHotel Airport Inn (Visakhapatnam Airport),1.1,5,9.6,3647,4456,1,0,"Terminal Road, Near VTZ Airport, Visakhapatnam, India"
619,ANK,Pride Plaza Hotel (Ankleshwar Airport),6.8,3,8.2,3135,11931,1,0,"Terminal Road, Near ANK Airport, Ankleshwar, India"
620,TEZ,Ginger Airport Hotel (Tezpur Airport),10.5,3,9.0,1334,3113,0,1,"Terminal Road, Near TEZ Airport, Tezpur, India"
621,IMF,OYO Townhouse Airport (Imphal Airport),12.3,3,8.5,3496,3466,0,1,"Terminal Road, Near IMF Airport, Imphal, India"
622,DMU,Lemon Tree Premier (Dimapur Airport),3.1,5,9.1,3161,11409,1,1,"Terminal Road, Near DMU Airport, Dimapur, India"
623,BBI,Novotel Airport Hotel (Bhubaneswar Airport),1.5,4,9.2,3181,5978,1,1,"Terminal Road, Near BBI Airport, Bhubaneswar, India"
624,GOX,Taj City Centre (Goa (Mopa) Airport),4.9,5,9.4,2737,11759,1,1,"Terminal Road, Near GOX Airport, Goa (Mopa), India"
625,TRZ,Trident Airport Hotel (Tiruchirappalli (Trichy) Airport),0.6,5,8.2,3198,8527,1,1,"Terminal Road, Near TRZ Airport, Tiruchirappalli (Trichy), India"
626,GOP,Trident Airport Hotel (Ganjam / Gopalpur Airport),1.3,5,8.8,1619,1918,1,1,"Terminal Road, Near GOP Airport, Ganjam / Gopalpur, India"
627,DIU,ITC Grand Bharat (Diu Airport),12.1,3,9.6,2348,4670,0,1,"Terminal Road, Near DIU Airport, Diu, India"
628,BID,Pride Plaza Hotel (Bidar Airport),9.8,3,8.8,1123,8988,0,0,"Terminal Road, Near BID Airport, Bidar, India"
629,IXJ,Radisson Blu Airport (Jammu Airport),12.6,3,9.3,1469,8391,0,1,"Terminal Road, Near IXJ Airport, Jammu, India"
630,ISK,Radisson Blu Airport (Nashik Airport),13.3,5,8.8,2437,2753,0,0,"Terminal Road, Near ISK Airport, Nashik, India"
631,PAT,Radisson Blu Airport (Patna Airport),5.2,4,8.9,1989,11026,1,1,"Terminal Road, Near PAT Airport, Patna, India"
632,BBI,Ginger Airport Hotel (Bhubaneswar Airport),5.8,5,8.3,365,9166,1,1,"Terminal Road, Near BBI Airport, Bhubaneswar, India"
633,KOP,ITC Grand Bharat (Kolhapur Airport),5.1,3,8.2,3254,3801,1,1,"Terminal Road, Near KOP Airport, Kolhapur, India"
634,PNV,FabHotel Airport Inn (Porbandar Airport),9.5,5,8.1,1980,2272,0,0,"Terminal Road, Near PNV Airport, Porbandar, India"
635,TRZ,Novotel Airport Hotel (Tiruchirappalli (Trichy) Airport),3.0,5,9.6,137,6583,1,1,"Terminal Road, Near TRZ Airport, Tiruchirappalli (Trichy), India"
636,GAW,Pride Plaza Hotel (Guwahati Airport),5.5,4,9.3,2294,7164,1,1,"Terminal Road, Near GAW Airport, Guwahati, India"
637,VJZ,Hyatt Regency Terminal (Bhogapuram / Vizianagaram Airport),9.3,4,8.5,2511,4775,0,0,"Terminal Road, Near VJZ Airport, Bhogapuram / Vizianagaram, India"
638,TEZU,Hyatt Regency Terminal (Tezu Airport),13.4,5,8.8,2309,6387,0,0,"Terminal Road, Near TEZU Airport, Tezu, India"
639,MOR,Novotel Airport Hotel (Moradabad Airport),3.0,5,8.2,422,11791,1,1,"Terminal Road, Near MOR Airport, Moradabad, India"
640,AMR,Radisson Blu Airport (Amravati Airport),6.8,5,9.2,574,9818,1,0,"Terminal Road, Near AMR Airport, Amravati, India"
641,VDY,ITC Grand Bharat (Vidyanagar / Ballari Airport),4.9,4,8.6,3234,11645,1,1,"Terminal Road, Near VDY Airport, Vidyanagar / Ballari, India"
642,PUR,ITC Grand Bharat (Purulia Airport),6.2,4,9.0,2763,11801,1,0,"Terminal Road, Near PUR Airport, Purulia, India"
643,KOP,Ginger Airport Hotel (Kolhapur Airport),11.4,4,9.0,2776,2993,0,1,"Terminal Road, Near KOP Airport, Kolhapur, India"
644,HJR,Ginger Airport Hotel (Khajuraho Airport),3.6,5,8.9,2810,2515,1,0,"Terminal Road, Near HJR Airport, Khajuraho, India"
645,JLR,Radisson Blu Airport (Jabalpur Airport),13.7,3,9.0,1502,7858,0,0,"Terminal Road, Near JLR Airport, Jabalpur, India"
646,HYD,Novotel Airport Hotel (Hyderabad Airport),1.0,5,8.5,2692,6805,1,0,"Terminal Road, Near HYD Airport, Hyderabad, India"
647,AMH,Trident Airport Hotel (Azamgarh Airport),13.5,3,9.5,463,5770,0,0,"Terminal Road, Near AMH Airport, Azamgarh, India"
648,AMB,OYO Townhouse Airport (Ambikapur Airport),1.7,3,8.9,1845,2044,1,1,"Terminal Road, Near AMB Airport, Ambikapur, India"
649,IXP,Lemon Tree Premier (Pathankot Airport),12.1,3,8.7,142,7767,0,1,"Terminal Road, Near IXP Airport, Pathankot, India"
650,KAR,Pride Plaza Hotel (Karad / Satara Airport),13.9,5,8.6,1249,5297,0,1,"Terminal Road, Near KAR Airport, Karad / Satara, India"
651,COB,Trident Airport Hotel (Cooch Behar Airport),7.9,3,9.3,331,4551,1,1,"Terminal Road, Near COB Airport, Cooch Behar, India"
652,IXE,Hyatt Regency Terminal (Mangaluru Airport),8.8,3,8.8,2837,7236,0,1,"Terminal Road, Near IXE Airport, Mangaluru, India"
653,DGR,OYO Townhouse Airport (Deoghar Airport),9.1,4,8.7,1543,6995,0,1,"Terminal Road, Near DGR Airport, Deoghar, India"
654,GON,FabHotel Airport Inn (Gondia Airport),4.4,5,9.5,1621,7531,1,1,"Terminal Road, Near GON Airport, Gondia, India"
655,UTL,Trident Airport Hotel (Barmer Airport),1.6,4,9.3,1667,2069,1,1,"Terminal Road, Near UTL Airport, Barmer, India"
656,DUM,Ginger Airport Hotel (Dumka Airport),4.6,4,9.1,765,11086,1,0,"Terminal Road, Near DUM Airport, Dumka, India"
657,IXY,Trident Airport Hotel (Kandla Airport),11.0,5,8.6,2754,11854,0,0,"Terminal Road, Near IXY Airport, Kandla, India"
658,VNS,Lemon Tree Premier (Varanasi Airport),5.9,3,8.8,1651,10631,1,1,"Terminal Road, Near VNS Airport, Varanasi, India"
659,SLV,Trident Airport Hotel (Shimla Airport),0.9,4,8.2,1382,6178,1,0,"Terminal Road, Near SLV Airport, Shimla, India"
660,VJZ,OYO Townhouse Airport (Bhogapuram / Vizianagaram Airport),7.0,3,9.5,865,4018,1,1,"Terminal Road, Near VJZ Airport, Bhogapuram / Vizianagaram, India"
661,HSS,Pride Plaza Hotel (Hisar Airport),13.8,5,8.5,3593,9392,0,0,"Terminal Road, Near HSS Airport, Hisar, India"
662,GAY,Radisson Blu Airport (Gaya Airport),0.6,3,8.5,137,2484,1,0,"Terminal Road, Near GAY Airport, Gaya, India"
663,KNU,ITC Grand Bharat (Kanpur Airport),10.2,3,9.2,2793,8042,0,1,"Terminal Road, Near KNU Airport, Kanpur, India"
664,NVY,OYO Townhouse Airport (Neyveli Airport),8.5,4,9.2,3501,2691,0,1,"Terminal Road, Near NVY Airport, Neyveli, India"
665,ANK,ITC Grand Bharat (Ankleshwar Airport),11.7,3,9.6,1255,9698,0,0,"Terminal Road, Near ANK Airport, Ankleshwar, India"
666,SRA,Hyatt Regency Terminal (Shravasti Airport),1.8,4,9.2,3499,11070,1,0,"Terminal Road, Near SRA Airport, Shravasti, India"
667,AGX,Pride Plaza Hotel (Agatti Island (Lakshadweep) Airport),11.7,3,9.4,1952,10922,0,1,"Terminal Road, Near AGX Airport, Agatti Island (Lakshadweep), India"
668,IXE,Lemon Tree Premier (Mangaluru Airport),1.7,5,8.8,2721,7019,1,1,"Terminal Road, Near IXE Airport, Mangaluru, India"
669,BOM,Trident Airport Hotel (Mumbai Airport),9.9,3,9.8,560,12398,0,1,"Terminal Road, Near BOM Airport, Mumbai, India"
670,AKL,Radisson Blu Airport (Akola Airport),6.9,5,8.6,808,2527,1,0,"Terminal Road, Near AKL Airport, Akola, India"
671,HSR,FabHotel Airport Inn (Rajkot Airport),7.7,3,8.4,1400,8641,1,1,"Terminal Road, Near HSR Airport, Rajkot, India"
672,SXR,ITC Grand Bharat (Srinagar Airport),7.7,4,9.0,564,2455,1,1,"Terminal Road, Near SXR Airport, Srinagar, India"
673,JHW,IBIS Airport Hotel (Jhalawar Airport),13.1,3,8.8,971,3668,0,0,"Terminal Road, Near JHW Airport, Jhalawar, India"
674,DIU,OYO Townhouse Airport (Diu Airport),6.1,3,9.3,2090,7778,1,0,"Terminal Road, Near DIU Airport, Diu, India"
675,KNU,IBIS Airport Hotel (Kanpur Airport),8.6,5,8.7,2978,2422,0,0,"Terminal Road, Near KNU Airport, Kanpur, India"
676,IXP,Pride Plaza Hotel (Pathankot Airport),9.2,3,8.4,1591,10179,0,1,"Terminal Road, Near IXP Airport, Pathankot, India"
677,AKL,Trident Airport Hotel (Akola Airport),6.7,3,9.4,2015,6116,1,0,"Terminal Road, Near AKL Airport, Akola, India"
678,AGX,Trident Airport Hotel (Agatti Island (Lakshadweep) Airport),1.1,5,8.8,760,10151,1,0,"Terminal Road, Near AGX Airport, Agatti Island (Lakshadweep), India"
679,TRZ,Taj City Centre (Tiruchirappalli (Trichy) Airport),10.0,4,8.2,2268,3901,0,1,"Terminal Road, Near TRZ Airport, Tiruchirappalli (Trichy), India"
680,NMN,Pride Plaza Hotel (Neemrana / Alwar Airport),7.5,3,8.4,1960,10666,1,0,"Terminal Road, Near NMN Airport, Neemrana / Alwar, India"
681,HBX,Hyatt Regency Terminal (Hubballi / Dharwad Airport),11.5,3,8.5,449,7971,0,0,"Terminal Road, Near HBX Airport, Hubballi / Dharwad, India"
682,SHL,Radisson Blu Airport (Shillong Airport),14.5,5,8.7,3230,4190,0,0,"Terminal Road, Near SHL Airport, Shillong, India"
683,NVY,ITC Grand Bharat (Neyveli Airport),11.8,5,8.5,434,5365,0,1,"Terminal Road, Near NVY Airport, Neyveli, India"
684,BID,Novotel Airport Hotel (Bidar Airport),0.8,4,8.2,1152,8183,1,0,"Terminal Road, Near BID Airport, Bidar, India"
685,GAY,Pride Plaza Hotel (Gaya Airport),1.5,4,8.6,1326,1950,1,0,"Terminal Road, Near GAY Airport, Gaya, India"
686,AMR,Novotel Airport Hotel (Amravati Airport),5.7,5,8.4,764,12320,1,0,"Terminal Road, Near AMR Airport, Amravati, India"
687,VTZ,Radisson Blu Airport (Visakhapatnam Airport),13.8,5,8.7,683,9869,0,1,"Terminal Road, Near VTZ Airport, Visakhapatnam, India"
688,LUD,Novotel Airport Hotel (Ludhiana Airport),13.6,4,9.0,3279,6890,0,1,"Terminal Road, Near LUD Airport, Ludhiana, India"
689,MAA,OYO Townhouse Airport (Chennai Airport),9.2,3,9.0,2441,5367,0,0,"Terminal Road, Near MAA Airport, Chennai, India"
690,SAG,Hyatt Regency Terminal (Shirdi Airport),5.4,4,8.2,1486,3682,1,0,"Terminal Road, Near SAG Airport, Shirdi, India"
691,VDY,ITC Grand Bharat (Vidyanagar / Ballari Airport),1.8,4,9.7,222,11019,1,0,"Terminal Road, Near VDY Airport, Vidyanagar / Ballari, India"
692,DHR,Pride Plaza Hotel (Dibrugarh Airport),5.8,5,9.2,253,2363,1,0,"Terminal Road, Near DHR Airport, Dibrugarh, India"
693,COB,ITC Grand Bharat (Cooch Behar Airport),6.9,4,9.8,1400,2323,1,0,"Terminal Road, Near COB Airport, Cooch Behar, India"
694,IXE,Novotel Airport Hotel (Mangaluru Airport),5.3,3,9.5,2704,6449,1,1,"Terminal Road, Near IXE Airport, Mangaluru, India"
695,SHL,Lemon Tree Premier (Shillong Airport),5.9,3,9.7,3391,7114,1,1,"Terminal Road, Near SHL Airport, Shillong, India"
696,REW,Taj City Centre (Rewa Airport),3.4,4,8.9,2756,11042,1,1,"Terminal Road, Near REW Airport, Rewa, India"
697,LUD,FabHotel Airport Inn (Ludhiana Airport),6.3,3,9.8,1201,3576,1,0,"Terminal Road, Near LUD Airport, Ludhiana, India"
698,DMU,Ginger Airport Hotel (Dimapur Airport),1.8,4,8.4,2027,12027,1,0,"Terminal Road, Near DMU Airport, Dimapur, India"
699,IXZ,Taj City Centre (Port Blair (Andaman) Airport),8.6,4,8.3,1077,2418,0,1,"Terminal Road, Near IXZ Airport, Port Blair (Andaman), India"
700,DEL,Trident Airport Hotel (New Delhi Airport),0.7,4,9.1,1288,2159,1,1,"Terminal Road, Near DEL Airport, New Delhi, India"
701,CHI,Hyatt Regency Terminal (Chhindwara Airport),8.3,4,8.5,743,10126,0,1,"Terminal Road, Near CHI Airport, Chhindwara, India"
702,HSR,Novotel Airport Hotel (Rajkot Airport),13.7,4,9.0,1986,6326,0,1,"Terminal Road, Near HSR Airport, Rajkot, India"
703,IXP,Lemon Tree Premier (Pathankot Airport),11.3,5,9.7,930,10000,0,1,"Terminal Road, Near IXP Airport, Pathankot, India"
704,GWL,Taj City Centre (Gwalior Airport),2.8,5,9.1,3267,7347,1,0,"Terminal Road, Near GWL Airport, Gwalior, India"
705,GOX,Pride Plaza Hotel (Goa (Mopa) Airport),6.7,4,9.8,1908,11706,1,0,"Terminal Road, Near GOX Airport, Goa (Mopa), India"
706,SLV,IBIS Airport Hotel (Shimla Airport),1.4,4,9.3,2023,7135,1,0,"Terminal Road, Near SLV Airport, Shimla, India"
707,SRA,Hyatt Regency Terminal (Shravasti Airport),5.4,4,8.7,3419,10561,1,0,"Terminal Road, Near SRA Airport, Shravasti, India"
708,PNV,Taj City Centre (Porbandar Airport),2.2,3,8.5,3368,10043,1,0,"Terminal Road, Near PNV Airport, Porbandar, India"
709,LGP,ITC Grand Bharat (Rupsi / Dhubri Airport),12.5,5,9.2,1569,9131,0,0,"Terminal Road, Near LGP Airport, Rupsi / Dhubri, India"
710,BHU,Trident Airport Hotel (Bathinda Airport),9.4,4,8.7,1445,3524,0,0,"Terminal Road, Near BHU Airport, Bathinda, India"
711,HZD,Pride Plaza Hotel (Hazaribagh Airport),8.7,3,9.0,768,3761,0,0,"Terminal Road, Near HZD Airport, Hazaribagh, India"
712,BLT,Hyatt Regency Terminal (Balurghat Airport),14.5,3,8.6,907,11210,0,0,"Terminal Road, Near BLT Airport, Balurghat, India"
713,ASL,ITC Grand Bharat (Asansol Airport),7.0,4,9.1,1005,5289,1,1,"Terminal Road, Near ASL Airport, Asansol, India"
714,KARN,Novotel Airport Hotel (Karnal Airport),6.6,3,8.5,1924,2355,1,0,"Terminal Road, Near KARN Airport, Karnal, India"
715,BOM,Hyatt Regency Terminal (Mumbai Airport),5.0,3,8.3,386,5650,1,0,"Terminal Road, Near BOM Airport, Mumbai, India"
716,SAG,Pride Plaza Hotel (Shirdi Airport),12.2,4,8.4,2357,11148,0,0,"Terminal Road, Near SAG Airport, Shirdi, India"
717,DMU,Taj City Centre (Dimapur Airport),7.8,4,9.4,1831,10093,1,0,"Terminal Road, Near DMU Airport, Dimapur, India"
718,DMU,Hyatt Regency Terminal (Dimapur Airport),1.6,3,9.1,727,6613,1,1,"Terminal Road, Near DMU Airport, Dimapur, India"
719,VDY,IBIS Airport Hotel (Vidyanagar / Ballari Airport),9.1,5,8.5,251,2326,0,0,"Terminal Road, Near VDY Airport, Vidyanagar / Ballari, India"
720,SRA,Taj City Centre (Shravasti Airport),3.1,3,8.5,997,4944,1,0,"Terminal Road, Near SRA Airport, Shravasti, India"
721,TCR,Trident Airport Hotel (Thoothukudi (Tuticorin) Airport),2.4,4,8.3,1794,12295,1,1,"Terminal Road, Near TCR Airport, Thoothukudi (Tuticorin), India"
722,JAI,FabHotel Airport Inn (Jaipur Airport),4.5,4,8.8,3063,9101,1,1,"Terminal Road, Near JAI Airport, Jaipur, India"
723,IXD,Lemon Tree Premier (Prayagraj (Allahabad) Airport),8.7,3,8.1,3067,3424,0,0,"Terminal Road, Near IXD Airport, Prayagraj (Allahabad), India"
724,AMH,Pride Plaza Hotel (Azamgarh Airport),9.8,5,9.4,672,7710,0,1,"Terminal Road, Near AMH Airport, Azamgarh, India"
725,GON,IBIS Airport Hotel (Gondia Airport),7.7,4,8.3,2995,2914,1,1,"Terminal Road, Near GON Airport, Gondia, India"
726,ANK,Hyatt Regency Terminal (Ankleshwar Airport),4.3,5,9.0,274,3191,1,0,"Terminal Road, Near ANK Airport, Ankleshwar, India"
727,KARN,Hyatt Regency Terminal (Karnal Airport),9.4,5,8.7,2978,4362,0,1,"Terminal Road, Near KARN Airport, Karnal, India"
728,JGD,Hyatt Regency Terminal (Jagdalpur Airport),13.9,4,9.3,1392,2425,0,1,"Terminal Road, Near JGD Airport, Jagdalpur, India"
729,VJZ,Trident Airport Hotel (Bhogapuram / Vizianagaram Airport),7.4,3,8.8,1692,3883,1,0,"Terminal Road, Near VJZ Airport, Bhogapuram / Vizianagaram, India"
730,BAR,OYO Townhouse Airport (Baramati Airport),2.1,4,8.7,2366,2505,1,0,"Terminal Road, Near BAR Airport, Baramati, India"
731,IXD,OYO Townhouse Airport (Prayagraj (Allahabad) Airport),6.6,4,9.6,139,9857,1,1,"Terminal Road, Near IXD Airport, Prayagraj (Allahabad), India"
732,NMS,Trident Airport Hotel (Naliya Airport),8.0,4,8.2,1695,9593,0,1,"Terminal Road, Near NMS Airport, Naliya, India"
733,IXL,Ginger Airport Hotel (Leh (Ladakh) Airport),5.7,5,8.7,3693,3925,1,0,"Terminal Road, Near IXL Airport, Leh (Ladakh), India"
734,VTZ,IBIS Airport Hotel (Visakhapatnam Airport),13.6,3,8.2,2745,9885,0,1,"Terminal Road, Near VTZ Airport, Visakhapatnam, India"
735,GBI,Novotel Airport Hotel (Kalaburagi (Gulbarga) Airport),5.7,4,8.1,2732,9784,1,1,"Terminal Road, Near GBI Airport, Kalaburagi (Gulbarga), India"
736,NPL,Novotel Airport Hotel (Narnaul Airport),1.1,4,8.1,1618,6282,1,0,"Terminal Road, Near NPL Airport, Narnaul, India"
737,BBI,FabHotel Airport Inn (Bhubaneswar Airport),12.9,3,8.8,893,8732,0,1,"Terminal Road, Near BBI Airport, Bhubaneswar, India"
738,JSA,FabHotel Airport Inn (Jaisalmer Airport),8.8,4,8.2,2008,4522,0,1,"Terminal Road, Near JSA Airport, Jaisalmer, India"
739,VJZ,Taj City Centre (Bhogapuram / Vizianagaram Airport),8.2,4,8.6,642,5626,0,1,"Terminal Road, Near VJZ Airport, Bhogapuram / Vizianagaram, India"
740,YTL,OYO Townhouse Airport (Yavatmal Airport),2.9,4,8.5,1021,9869,1,0,"Terminal Road, Near YTL Airport, Yavatmal, India"
741,GOI,OYO Townhouse Airport (Goa (Dabolim) Airport),12.8,3,8.7,1577,3374,0,0,"Terminal Road, Near GOI Airport, Goa (Dabolim), India"
742,RGD,Trident Airport Hotel (Raigarh Airport),7.2,4,8.8,1845,3889,1,1,"Terminal Road, Near RGD Airport, Raigarh, India"
743,HJR,OYO Townhouse Airport (Khajuraho Airport),10.0,3,8.7,2378,2192,0,1,"Terminal Road, Near HJR Airport, Khajuraho, India"
744,LAT,Taj City Centre (Latur Airport),13.0,4,8.9,2834,6957,0,0,"Terminal Road, Near LAT Airport, Latur, India"
745,VNS,Taj City Centre (Varanasi Airport),11.9,5,8.8,539,2659,0,1,"Terminal Road, Near VNS Airport, Varanasi, India"
746,SNE,Lemon Tree Premier (Singrauli Airport),8.5,4,8.1,446,11394,0,1,"Terminal Road, Near SNE Airport, Singrauli, India"
747,NVY,Radisson Blu Airport (Neyveli Airport),9.2,3,9.6,1427,3205,0,1,"Terminal Road, Near NVY Airport, Neyveli, India"
748,IDR,ITC Grand Bharat (Indore Airport),6.1,4,9.0,3241,2324,1,0,"Terminal Road, Near IDR Airport, Indore, India"
749,MEH,Novotel Airport Hotel (Mehsana Airport),13.6,3,9.6,1320,7013,0,0,"Terminal Road, Near MEH Airport, Mehsana, India"
750,HBX,IBIS Airport Hotel (Hubballi / Dharwad Airport),3.4,3,9.2,2850,7396,1,1,"Terminal Road, Near HBX Airport, Hubballi / Dharwad, India"
751,MAL,Novotel Airport Hotel (Malda Airport),7.1,5,8.9,2545,3260,1,0,"Terminal Road, Near MAL Airport, Malda, India"
752,JLG,Radisson Blu Airport (Jalgaon Airport),7.6,4,8.2,3228,4440,1,1,"Terminal Road, Near JLG Airport, Jalgaon, India"
753,NVM,Radisson Blu Airport (Navi Mumbai Airport),11.8,4,8.2,1162,4293,0,1,"Terminal Road, Near NVM Airport, Navi Mumbai, India"
754,COB,Radisson Blu Airport (Cooch Behar Airport),5.0,5,9.7,1256,12180,1,1,"Terminal Road, Near COB Airport, Cooch Behar, India"
755,PUI,Ginger Airport Hotel (Purnea Airport),1.4,4,9.7,1965,5830,1,1,"Terminal Road, Near PUI Airport, Purnea, India"
756,DHR,ITC Grand Bharat (Dibrugarh Airport),7.7,3,8.6,203,10880,1,0,"Terminal Road, Near DHR Airport, Dibrugarh, India"
757,IXS,Ginger Airport Hotel (Silchar Airport),12.0,3,8.3,344,7496,0,0,"Terminal Road, Near IXS Airport, Silchar, India"
758,PNV,Ginger Airport Hotel (Porbandar Airport),11.5,5,9.4,3582,8213,0,0,"Terminal Road, Near PNV Airport, Porbandar, India"
759,BHJ,Trident Airport Hotel (Bhuj (Kutch) Airport),2.4,4,8.1,3616,6470,1,0,"Terminal Road, Near BHJ Airport, Bhuj (Kutch), India"
760,LUD,OYO Townhouse Airport (Ludhiana Airport),9.7,4,9.5,2847,3134,0,1,"Terminal Road, Near LUD Airport, Ludhiana, India"
761,KJB,Radisson Blu Airport (Kurnool (Orvakal) Airport),8.5,5,8.8,498,5788,0,1,"Terminal Road, Near KJB Airport, Kurnool (Orvakal), India"
762,KARN,IBIS Airport Hotel (Karnal Airport),5.1,4,9.0,2444,9599,1,0,"Terminal Road, Near KARN Airport, Karnal, India"
763,ANK,Hyatt Regency Terminal (Ankleshwar Airport),9.4,3,8.2,2601,12101,0,1,"Terminal Road, Near ANK Airport, Ankleshwar, India"
764,BDQ,Taj City Centre (Vadodara Airport),14.3,3,8.8,1471,8756,0,0,"Terminal Road, Near BDQ Airport, Vadodara, India"
765,AGX,Hyatt Regency Terminal (Agatti Island (Lakshadweep) Airport),13.5,3,9.0,1581,4941,0,1,"Terminal Road, Near AGX Airport, Agatti Island (Lakshadweep), India"
766,GOI,Taj City Centre (Goa (Dabolim) Airport),0.7,4,8.2,1478,3685,1,0,"Terminal Road, Near GOI Airport, Goa (Dabolim), India"
767,CNN,Taj City Centre (Kannur Airport),5.9,4,8.9,323,5021,1,0,"Terminal Road, Near CNN Airport, Kannur, India"
768,MYQ,FabHotel Airport Inn (Mysuru Airport),11.6,5,9.7,1029,9643,0,0,"Terminal Road, Near MYQ Airport, Mysuru, India"
769,BHU,Novotel Airport Hotel (Bathinda Airport),11.2,3,9.8,867,9084,0,1,"Terminal Road, Near BHU Airport, Bathinda, India"
770,SRA,Taj City Centre (Shravasti Airport),4.6,3,9.0,3069,5062,1,1,"Terminal Road, Near SRA Airport, Shravasti, India"
771,PINJ,Trident Airport Hotel (Panchkula / Pinjore Airport),10.2,4,8.3,2372,4519,0,1,"Terminal Road, Near PINJ Airport, Panchkula / Pinjore, India"
772,IXL,Taj City Centre (Leh (Ladakh) Airport),5.2,5,9.1,1355,5942,1,1,"Terminal Road, Near IXL Airport, Leh (Ladakh), India"
773,AGR,Radisson Blu Airport (Agra Airport),3.6,4,8.4,1974,5521,1,0,"Terminal Road, Near AGR Airport, Agra, India"
774,PAL,FabHotel Airport Inn (Pali Airport),11.5,4,9.7,3125,3066,0,1,"Terminal Road, Near PAL Airport, Pali, India"
775,GWL,OYO Townhouse Airport (Gwalior Airport),4.5,4,8.1,2504,8577,1,1,"Terminal Road, Near GWL Airport, Gwalior, India"
776,RMD,Pride Plaza Hotel (Ratnagiri Airport),14.1,4,8.5,151,1976,0,0,"Terminal Road, Near RMD Airport, Ratnagiri, India"
777,AMH,IBIS Airport Hotel (Azamgarh Airport),1.5,3,8.8,1516,3963,1,0,"Terminal Road, Near AMH Airport, Azamgarh, India"
778,GAW,Radisson Blu Airport (Guwahati Airport),9.0,4,9.5,736,7343,0,0,"Terminal Road, Near GAW Airport, Guwahati, India"
779,KARN,FabHotel Airport Inn (Karnal Airport),11.5,4,8.5,3495,8163,0,0,"Terminal Road, Near KARN Airport, Karnal, India"
780,MAA,Pride Plaza Hotel (Chennai Airport),13.4,3,8.5,256,5767,0,0,"Terminal Road, Near MAA Airport, Chennai, India"
781,DUM,FabHotel Airport Inn (Dumka Airport),8.4,3,9.6,181,7525,0,0,"Terminal Road, Near DUM Airport, Dumka, India"
782,BHJ,Taj City Centre (Bhuj (Kutch) Airport),6.7,5,9.4,1131,11280,1,1,"Terminal Road, Near BHJ Airport, Bhuj (Kutch), India"
783,IXW,Hyatt Regency Terminal (Jamshedpur Airport),5.4,4,9.0,1554,7388,1,1,"Terminal Road, Near IXW Airport, Jamshedpur, India"
784,PBF,Hyatt Regency Terminal (Bilaspur Airport),12.6,3,9.5,1022,2616,0,1,"Terminal Road, Near PBF Airport, Bilaspur, India"
785,JRG,OYO Townhouse Airport (Jharsuguda Airport),11.5,3,9.2,128,7182,0,0,"Terminal Road, Near JRG Airport, Jharsuguda, India"
786,LKO,Radisson Blu Airport (Lucknow Airport),12.2,3,9.3,1116,6729,0,0,"Terminal Road, Near LKO Airport, Lucknow, India"
787, سات,Hyatt Regency Terminal (Satna Airport),2.0,3,8.2,1335,8373,1,0,"Terminal Road, Near  سات Airport, Satna, India"
788,LUD,FabHotel Airport Inn (Ludhiana Airport),9.8,3,9.0,1301,8728,0,1,"Terminal Road, Near LUD Airport, Ludhiana, India"
789,DON,Taj City Centre (Bhadrak / Dhamra Airport),4.4,5,9.5,1677,6350,1,0,"Terminal Road, Near DON Airport, Bhadrak / Dhamra, India"
790,JLG,Taj City Centre (Jalgaon Airport),9.2,3,8.7,2042,9215,0,0,"Terminal Road, Near JLG Airport, Jalgaon, India"
791,UDR,FabHotel Airport Inn (Udaipur Airport),10.2,5,9.4,3466,6388,0,0,"Terminal Road, Near UDR Airport, Udaipur, India"
792,MRA,Novotel Airport Hotel (Noida / Jewar Airport),13.0,4,8.4,1605,6920,0,1,"Terminal Road, Near MRA Airport, Noida / Jewar, India"
793,KBK,Pride Plaza Hotel (Kushinagar Airport),2.9,5,8.7,860,2652,1,0,"Terminal Road, Near KBK Airport, Kushinagar, India"
794,SLV,Novotel Airport Hotel (Shimla Airport),12.2,5,8.8,608,2041,0,0,"Terminal Road, Near SLV Airport, Shimla, India"
795,SHL,Trident Airport Hotel (Shillong Airport),8.4,3,9.6,3166,9212,0,1,"Terminal Road, Near SHL Airport, Shillong, India"
796,STV,Radisson Blu Airport (Surat Airport),12.6,3,8.5,2016,8603,0,1,"Terminal Road, Near STV Airport, Surat, India"
797,GWL,IBIS Airport Hotel (Gwalior Airport),0.5,4,8.6,668,11960,1,1,"Terminal Road, Near GWL Airport, Gwalior, India"
798,KHA,Taj City Centre (Khandwa Airport),3.5,5,9.1,3061,6686,1,1,"Terminal Road, Near KHA Airport, Khandwa, India"
799,DUM,OYO Townhouse Airport (Dumka Airport),6.8,4,8.5,2119,7558,1,1,"Terminal Road, Near DUM Airport, Dumka, India"
800,LKO,ITC Grand Bharat (Lucknow Airport),5.8,4,8.2,2601,7024,1,1,"Terminal Road, Near LKO Airport, Lucknow, India"
801,HJR,Ginger Airport Hotel (Khajuraho Airport),10.5,3,8.4,643,7734,0,1,"Terminal Road, Near HJR Airport, Khajuraho, India"
802,HZD,Taj City Centre (Hazaribagh Airport),14.5,4,9.1,3375,3424,0,0,"Terminal Road, Near HZD Airport, Hazaribagh, India"
803,GOI,Trident Airport Hotel (Goa (Dabolim) Airport),1.7,4,9.6,1869,10900,1,1,"Terminal Road, Near GOI Airport, Goa (Dabolim), India"
804,GOP,Radisson Blu Airport (Ganjam / Gopalpur Airport),14.4,5,9.7,3134,6104,0,1,"Terminal Road, Near GOP Airport, Ganjam / Gopalpur, India"
805,JLR,Novotel Airport Hotel (Jabalpur Airport),9.1,5,8.9,1455,10186,0,1,"Terminal Road, Near JLR Airport, Jabalpur, India"
806,RPR,Trident Airport Hotel (Raipur Airport),6.6,3,9.6,3774,2505,1,0,"Terminal Road, Near RPR Airport, Raipur, India"
807,KNU,Hyatt Regency Terminal (Kanpur Airport),13.6,5,8.6,2108,9698,0,1,"Terminal Road, Near KNU Airport, Kanpur, India"
808,VDY,FabHotel Airport Inn (Vidyanagar / Ballari Airport),5.8,3,8.4,3154,2559,1,1,"Terminal Road, Near VDY Airport, Vidyanagar / Ballari, India"
809,CCJ,Ginger Airport Hotel (Kozhikode (Calicut) Airport),11.2,3,9.1,1842,2063,0,0,"Terminal Road, Near CCJ Airport, Kozhikode (Calicut), India"
810,RXL,Novotel Airport Hotel (Raxaul Airport),1.2,3,9.1,473,10033,1,1,"Terminal Road, Near RXL Airport, Raxaul, India"
811,AMRE,IBIS Airport Hotel (Amreli Airport),10.6,3,8.9,2099,2067,0,1,"Terminal Road, Near AMRE Airport, Amreli, India"
812,STV,Lemon Tree Premier (Surat Airport),2.4,4,8.4,2123,8921,1,1,"Terminal Road, Near STV Airport, Surat, India"
813,PUR,Novotel Airport Hotel (Purulia Airport),13.0,5,9.1,3126,11061,0,0,"Terminal Road, Near PUR Airport, Purulia, India"
814,VZY,Hyatt Regency Terminal (Vijayawada Airport),5.7,3,9.2,3663,4382,1,0,"Terminal Road, Near VZY Airport, Vijayawada, India"
815,IDR,Ginger Airport Hotel (Indore Airport),4.1,4,8.3,1956,2712,1,1,"Terminal Road, Near IDR Airport, Indore, India"
816,ASL,Trident Airport Hotel (Asansol Airport),13.7,3,8.9,2297,3161,0,0,"Terminal Road, Near ASL Airport, Asansol, India"
817,SLV,Taj City Centre (Shimla Airport),3.4,4,9.5,1851,4086,1,0,"Terminal Road, Near SLV Airport, Shimla, India"
818,TRV,OYO Townhouse Airport (Thiruvananthapuram Airport),0.9,4,9.6,950,5723,1,0,"Terminal Road, Near TRV Airport, Thiruvananthapuram, India"
819,SLV,OYO Townhouse Airport (Shimla Airport),8.4,3,9.8,1469,7018,0,0,"Terminal Road, Near SLV Airport, Shimla, India"
820,SRA,Novotel Airport Hotel (Shravasti Airport),5.3,5,9.7,2409,3473,1,0,"Terminal Road, Near SRA Airport, Shravasti, India"
821,SSE,ITC Grand Bharat (Solapur Airport),5.2,5,8.4,990,9575,1,1,"Terminal Road, Near SSE Airport, Solapur, India"
822,PGH,Ginger Airport Hotel (Pantnagar / Nainital Airport),7.6,3,8.8,2050,6441,1,0,"Terminal Road, Near PGH Airport, Pantnagar / Nainital, India"
823,REW,Ginger Airport Hotel (Rewa Airport),2.0,4,9.8,3373,10252,1,1,"Terminal Road, Near REW Airport, Rewa, India"
824,JGA,Hyatt Regency Terminal (Jamnagar Airport),1.8,5,8.5,2334,7661,1,0,"Terminal Road, Near JGA Airport, Jamnagar, India"
825,KAI,FabHotel Airport Inn (Kailashahar Airport),11.7,4,8.8,701,2473,0,1,"Terminal Road, Near KAI Airport, Kailashahar, India"
826,PNV,Pride Plaza Hotel (Porbandar Airport),2.0,5,8.5,2194,2940,1,0,"Terminal Road, Near PNV Airport, Porbandar, India"
827,IXU,Trident Airport Hotel (Chhatrapati Sambhaji Nagar (Aurangabad) Airport),8.7,4,8.5,1502,10284,0,1,"Terminal Road, Near IXU Airport, Chhatrapati Sambhaji Nagar (Aurangabad), India"
828,ATQ,FabHotel Airport Inn (Amritsar Airport),10.6,3,9.7,1678,7892,0,0,"Terminal Road, Near ATQ Airport, Amritsar, India"
829,BHO,FabHotel Airport Inn (Bhopal Airport),13.6,3,9.6,2903,8735,0,0,"Terminal Road, Near BHO Airport, Bhopal, India"
830,BOM,FabHotel Airport Inn (Mumbai Airport),1.2,5,9.5,526,6165,1,1,"Terminal Road, Near BOM Airport, Mumbai, India"
831,PUR,Radisson Blu Airport (Purulia Airport),2.8,5,9.7,3364,7078,1,1,"Terminal Road, Near PUR Airport, Purulia, India"
832,IMF,IBIS Airport Hotel (Imphal Airport),1.0,4,9.2,297,3261,1,1,"Terminal Road, Near IMF Airport, Imphal, India"
833,ALD,Trident Airport Hotel (Aligarh Airport),7.7,5,8.4,2555,11362,1,1,"Terminal Road, Near ALD Airport, Aligarh, India"
834,NAG,ITC Grand Bharat (Nagpur Airport),7.8,5,8.1,2802,12130,1,0,"Terminal Road, Near NAG Airport, Nagpur, India"
835,KAM,IBIS Airport Hotel (Kamalpur Airport),7.5,4,9.5,2615,11773,1,0,"Terminal Road, Near KAM Airport, Kamalpur, India"
836,NVM,OYO Townhouse Airport (Navi Mumbai Airport),7.2,3,9.7,1368,2461,1,1,"Terminal Road, Near NVM Airport, Navi Mumbai, India"
837,JGD,Trident Airport Hotel (Jagdalpur Airport),10.2,3,9.0,250,7247,0,0,"Terminal Road, Near JGD Airport, Jagdalpur, India"
838,DUM,Pride Plaza Hotel (Dumka Airport),4.8,5,9.2,389,8821,1,1,"Terminal Road, Near DUM Airport, Dumka, India"
839,RMD,OYO Townhouse Airport (Ratnagiri Airport),8.9,5,8.6,1635,6565,0,1,"Terminal Road, Near RMD Airport, Ratnagiri, India"
840,UDR,IBIS Airport Hotel (Udaipur Airport),2.7,4,8.4,3419,5585,1,0,"Terminal Road, Near UDR Airport, Udaipur, India"
841,DIU,Hyatt Regency Terminal (Diu Airport),5.2,3,8.4,1042,6345,1,1,"Terminal Road, Near DIU Airport, Diu, India"
842,PNV,Trident Airport Hotel (Porbandar Airport),5.3,5,8.4,940,6389,1,1,"Terminal Road, Near PNV Airport, Porbandar, India"
843,AMRE,Radisson Blu Airport (Amreli Airport),8.4,4,9.8,337,3373,0,1,"Terminal Road, Near AMRE Airport, Amreli, India"
844,DEL,ITC Grand Bharat (New Delhi Airport),4.0,5,9.5,3380,5722,1,0,"Terminal Road, Near DEL Airport, New Delhi, India"
845,SIV,Pride Plaza Hotel (Sivasagar Airport),3.8,3,9.8,1557,2574,1,0,"Terminal Road, Near SIV Airport, Sivasagar, India"
846,AKL,Novotel Airport Hotel (Akola Airport),9.8,3,8.5,3139,4284,0,0,"Terminal Road, Near AKL Airport, Akola, India"
847,SRA,Lemon Tree Premier (Shravasti Airport),0.6,4,8.9,2587,11443,1,0,"Terminal Road, Near SRA Airport, Shravasti, India"
848,RGD,Hyatt Regency Terminal (Raigarh Airport),1.0,3,8.6,366,2012,1,1,"Terminal Road, Near RGD Airport, Raigarh, India"
849,IXA,Radisson Blu Airport (Agartala Airport),14.4,5,8.3,2471,3252,0,1,"Terminal Road, Near IXA Airport, Agartala, India"
850,NMN,FabHotel Airport Inn (Neemrana / Alwar Airport),3.1,3,9.5,2632,2050,1,1,"Terminal Road, Near NMN Airport, Neemrana / Alwar, India"
851,PGH,FabHotel Airport Inn (Pantnagar / Nainital Airport),13.1,3,8.7,2417,10565,0,1,"Terminal Road, Near PGH Airport, Pantnagar / Nainital, India"
852,SWM,Taj City Centre (Ranthambore / Sawai Madhopur Airport),4.8,3,9.3,2595,8978,1,0,"Terminal Road, Near SWM Airport, Ranthambore / Sawai Madhopur, India"
853,KAP,FabHotel Airport Inn (Kadapa Airport),5.4,3,8.4,2945,2427,1,1,"Terminal Road, Near KAP Airport, Kadapa, India"
854,GOI,IBIS Airport Hotel (Goa (Dabolim) Airport),5.7,3,8.9,881,11090,1,1,"Terminal Road, Near GOI Airport, Goa (Dabolim), India"
855,BHO,FabHotel Airport Inn (Bhopal Airport),3.4,4,9.0,943,9752,1,0,"Terminal Road, Near BHO Airport, Bhopal, India"
856,NVY,FabHotel Airport Inn (Neyveli Airport),3.2,4,8.4,3038,6327,1,0,"Terminal Road, Near NVY Airport, Neyveli, India"
857,IXR,Taj City Centre (Ranchi Airport),14.4,4,9.6,415,8969,0,1,"Terminal Road, Near IXR Airport, Ranchi, India"
858,KOP,Pride Plaza Hotel (Kolhapur Airport),11.9,5,9.0,650,4213,0,1,"Terminal Road, Near KOP Airport, Kolhapur, India"
859,SXV,Pride Plaza Hotel (Shivamogga Airport),11.0,4,8.3,392,9079,0,1,"Terminal Road, Near SXV Airport, Shivamogga, India"
860,PUI,Radisson Blu Airport (Purnea Airport),4.2,3,8.3,1378,4760,1,0,"Terminal Road, Near PUI Airport, Purnea, India"
861,PNQ,Trident Airport Hotel (Pune Airport),3.4,3,9.1,1176,10532,1,1,"Terminal Road, Near PNQ Airport, Pune, India"
862,SDW,Trident Airport Hotel (Sindhudurg Airport),11.8,4,8.2,3287,7440,0,0,"Terminal Road, Near SDW Airport, Sindhudurg, India"
863,DON,Taj City Centre (Bhadrak / Dhamra Airport),3.5,3,9.4,2071,4846,1,0,"Terminal Road, Near DON Airport, Bhadrak / Dhamra, India"
864,SDW,Lemon Tree Premier (Sindhudurg Airport),1.0,5,8.9,2025,7658,1,0,"Terminal Road, Near SDW Airport, Sindhudurg, India"
865,JRH,IBIS Airport Hotel (Jorhat Airport),5.5,5,9.3,3154,11804,1,1,"Terminal Road, Near JRH Airport, Jorhat, India"
866,IXZ,Lemon Tree Premier (Port Blair (Andaman) Airport),11.0,4,9.0,2737,4852,0,0,"Terminal Road, Near IXZ Airport, Port Blair (Andaman), India"
867,JRH,Ginger Airport Hotel (Jorhat Airport),2.1,4,9.7,1154,8666,1,1,"Terminal Road, Near JRH Airport, Jorhat, India"
868,LKO,Pride Plaza Hotel (Lucknow Airport),9.6,4,9.1,1876,7017,0,1,"Terminal Road, Near LKO Airport, Lucknow, India"
869,OSB,Pride Plaza Hotel (Dharashiv Airport),7.1,3,8.2,970,4439,1,0,"Terminal Road, Near OSB Airport, Dharashiv, India"
870,KHA,FabHotel Airport Inn (Khandwa Airport),11.0,3,8.1,2966,2251,0,0,"Terminal Road, Near KHA Airport, Khandwa, India"
871,DUM,Taj City Centre (Dumka Airport),3.9,4,8.5,263,9026,1,1,"Terminal Road, Near DUM Airport, Dumka, India"
872,AGX,Radisson Blu Airport (Agatti Island (Lakshadweep) Airport),4.4,5,9.0,1088,1913,1,0,"Terminal Road, Near AGX Airport, Agatti Island (Lakshadweep), India"
873,TEZ,Lemon Tree Premier (Tezpur Airport),5.0,3,8.9,3263,2088,1,0,"Terminal Road, Near TEZ Airport, Tezpur, India"
874,NPL,ITC Grand Bharat (Narnaul Airport),2.2,5,9.2,1814,2934,1,0,"Terminal Road, Near NPL Airport, Narnaul, India"
875,NVY,Pride Plaza Hotel (Neyveli Airport),10.2,5,9.8,2365,11758,0,1,"Terminal Road, Near NVY Airport, Neyveli, India"
876,DIU,Trident Airport Hotel (Diu Airport),7.7,5,9.6,571,10718,1,1,"Terminal Road, Near DIU Airport, Diu, India"
877,KAP,Hyatt Regency Terminal (Kadapa Airport),5.8,4,9.2,1619,2677,1,0,"Terminal Road, Near KAP Airport, Kadapa, India"
878,NPL,Hyatt Regency Terminal (Narnaul Airport),14.2,5,9.5,1466,11812,0,1,"Terminal Road, Near NPL Airport, Narnaul, India"
879,IXB,Trident Airport Hotel (Siliguri / Bagdogra Airport),3.3,4,8.6,2445,6573,1,1,"Terminal Road, Near IXB Airport, Siliguri / Bagdogra, India"
880,PAT,IBIS Airport Hotel (Patna Airport),10.1,4,9.0,2236,10649,0,0,"Terminal Road, Near PAT Airport, Patna, India"
881,IXT,Lemon Tree Premier (Pasighat Airport),12.2,4,8.5,1194,6537,0,1,"Terminal Road, Near IXT Airport, Pasighat, India"
882,IXM,Hyatt Regency Terminal (Madurai Airport),4.3,3,8.3,3047,2864,1,0,"Terminal Road, Near IXM Airport, Madurai, India"
883,NEEM,Novotel Airport Hotel (Neemuch Airport),1.7,4,8.4,1456,8557,1,0,"Terminal Road, Near NEEM Airport, Neemuch, India"
884,IDR,Pride Plaza Hotel (Indore Airport),3.5,3,9.5,1261,7235,1,0,"Terminal Road, Near IDR Airport, Indore, India"
885,GAW,Novotel Airport Hotel (Guwahati Airport),10.9,5,9.6,1462,5933,0,0,"Terminal Road, Near GAW Airport, Guwahati, India"
886,MUZ,Lemon Tree Premier (Muzaffarpur Airport),2.1,3,9.1,2441,4376,1,0,"Terminal Road, Near MUZ Airport, Muzaffarpur, India"
887,RXL,Pride Plaza Hotel (Raxaul Airport),13.0,5,9.7,1325,10524,0,1,"Terminal Road, Near RXL Airport, Raxaul, India"
888,VTZ,FabHotel Airport Inn (Visakhapatnam Airport),7.0,4,8.3,1772,3199,1,0,"Terminal Road, Near VTZ Airport, Visakhapatnam, India"
889,IXP,Ginger Airport Hotel (Pathankot Airport),7.4,3,8.5,1650,4456,1,0,"Terminal Road, Near IXP Airport, Pathankot, India"
890,RMD,Ginger Airport Hotel (Ratnagiri Airport),10.7,3,8.4,288,8187,0,1,"Terminal Road, Near RMD Airport, Ratnagiri, India"
891,MYQ,Pride Plaza Hotel (Mysuru Airport),12.3,4,8.7,3661,2173,0,0,"Terminal Road, Near MYQ Airport, Mysuru, India"
892,DMO,Lemon Tree Premier (Damoh Airport),14.4,4,9.0,3797,8786,0,1,"Terminal Road, Near DMO Airport, Damoh, India"
893,DMU,ITC Grand Bharat (Dimapur Airport),11.5,4,8.6,959,5855,0,1,"Terminal Road, Near DMU Airport, Dimapur, India"
894,ATQ,ITC Grand Bharat (Amritsar Airport),2.8,3,9.3,1523,8265,1,1,"Terminal Road, Near ATQ Airport, Amritsar, India"
895,AJL,ITC Grand Bharat (Aizawl Airport),3.8,5,8.9,1492,6461,1,1,"Terminal Road, Near AJL Airport, Aizawl, India"
896,SWM,Lemon Tree Premier (Ranthambore / Sawai Madhopur Airport),7.7,4,8.6,3771,9331,1,1,"Terminal Road, Near SWM Airport, Ranthambore / Sawai Madhopur, India"
897,UDR,Ginger Airport Hotel (Udaipur Airport),11.7,3,9.4,2476,4631,0,1,"Terminal Road, Near UDR Airport, Udaipur, India"
898,DMO,FabHotel Airport Inn (Damoh Airport),2.4,5,8.5,142,3862,1,0,"Terminal Road, Near DMO Airport, Damoh, India"
899,LUD,Taj City Centre (Ludhiana Airport),3.2,3,8.5,3687,7672,1,1,"Terminal Road, Near LUD Airport, Ludhiana, India"
900,DED,Trident Airport Hotel (Dehradun Airport),2.9,5,9.3,767,7978,1,0,"Terminal Road, Near DED Airport, Dehradun, India"
901,BTH,Radisson Blu Airport (Bettiah Airport),13.0,4,9.0,713,4525,0,1,"Terminal Road, Near BTH Airport, Bettiah, India"
902,SAH,Radisson Blu Airport (Saharanpur Airport),12.8,3,8.9,2072,10595,0,0,"Terminal Road, Near SAH Airport, Saharanpur, India"
903,GOP,Ginger Airport Hotel (Ganjam / Gopalpur Airport),2.8,5,8.5,3192,12439,1,1,"Terminal Road, Near GOP Airport, Ganjam / Gopalpur, India"
904,VJZ,IBIS Airport Hotel (Bhogapuram / Vizianagaram Airport),11.0,3,9.5,1699,7132,0,0,"Terminal Road, Near VJZ Airport, Bhogapuram / Vizianagaram, India"
905,LAT,OYO Townhouse Airport (Latur Airport),3.6,4,9.8,1490,3939,1,1,"Terminal Road, Near LAT Airport, Latur, India"
906,RMD,IBIS Airport Hotel (Ratnagiri Airport),3.9,3,8.4,2709,12021,1,0,"Terminal Road, Near RMD Airport, Ratnagiri, India"
907,SXR,FabHotel Airport Inn (Srinagar Airport),7.6,4,8.5,1139,7322,1,0,"Terminal Road, Near SXR Airport, Srinagar, India"
908,KAM,Radisson Blu Airport (Kamalpur Airport),13.1,5,9.3,3007,11815,0,1,"Terminal Road, Near KAM Airport, Kamalpur, India"
909,SWM,IBIS Airport Hotel (Ranthambore / Sawai Madhopur Airport),3.9,3,9.2,1458,5650,1,1,"Terminal Road, Near SWM Airport, Ranthambore / Sawai Madhopur, India"
910,NEEM,Taj City Centre (Neemuch Airport),3.0,4,9.8,347,8782,1,1,"Terminal Road, Near NEEM Airport, Neemuch, India"
911,JDH,Lemon Tree Premier (Jodhpur Airport),3.2,3,8.8,2576,2927,1,1,"Terminal Road, Near JDH Airport, Jodhpur, India"
912,PBF,Novotel Airport Hotel (Bilaspur Airport),11.7,3,9.8,655,6849,0,1,"Terminal Road, Near PBF Airport, Bilaspur, India"
913,AMD,Novotel Airport Hotel (Ahmedabad Airport),1.9,5,8.8,854,5063,1,0,"Terminal Road, Near AMD Airport, Ahmedabad, India"
914,BDQ,IBIS Airport Hotel (Vadodara Airport),1.5,3,8.5,2640,6865,1,1,"Terminal Road, Near BDQ Airport, Vadodara, India"
915,PNY,Novotel Airport Hotel (Puducherry Airport),0.9,5,9.6,1893,2212,1,0,"Terminal Road, Near PNY Airport, Puducherry, India"
916,DON,FabHotel Airport Inn (Bhadrak / Dhamra Airport),13.8,5,8.9,1314,4191,0,1,"Terminal Road, Near DON Airport, Bhadrak / Dhamra, India"
917,UDR,IBIS Airport Hotel (Udaipur Airport),10.0,3,9.1,1947,7223,0,0,"Terminal Road, Near UDR Airport, Udaipur, India"
918,KJB,Pride Plaza Hotel (Kurnool (Orvakal) Airport),6.6,4,8.2,1554,8627,1,1,"Terminal Road, Near KJB Airport, Kurnool (Orvakal), India"
919,AJL,OYO Townhouse Airport (Aizawl Airport),0.9,4,8.6,2493,10535,1,0,"Terminal Road, Near AJL Airport, Aizawl, India"
920,AMRE,ITC Grand Bharat (Amreli Airport),0.6,3,8.4,2951,5073,1,1,"Terminal Road, Near AMRE Airport, Amreli, India"
921,STV,Ginger Airport Hotel (Surat Airport),1.9,4,9.7,1841,2996,1,1,"Terminal Road, Near STV Airport, Surat, India"
922,BVC,Trident Airport Hotel (Bhavnagar Airport),8.7,4,8.6,2799,2387,0,0,"Terminal Road, Near BVC Airport, Bhavnagar, India"
923,COB,Ginger Airport Hotel (Cooch Behar Airport),3.5,3,8.7,361,5540,1,0,"Terminal Road, Near COB Airport, Cooch Behar, India"
924,TIR,IBIS Airport Hotel (Tirupati Airport),13.0,4,8.2,2388,5264,0,0,"Terminal Road, Near TIR Airport, Tirupati, India"
925,IXA,Radisson Blu Airport (Agartala Airport),10.7,4,8.2,2692,10491,0,1,"Terminal Road, Near IXA Airport, Agartala, India"
926,TRV,OYO Townhouse Airport (Thiruvananthapuram Airport),13.1,5,8.6,1227,2421,0,1,"Terminal Road, Near TRV Airport, Thiruvananthapuram, India"
927,RXL,Novotel Airport Hotel (Raxaul Airport),12.7,3,8.6,2412,8640,0,0,"Terminal Road, Near RXL Airport, Raxaul, India"
928,PYB,Hyatt Regency Terminal (Jeypore Airport),13.0,5,8.3,501,2666,0,1,"Terminal Road, Near PYB Airport, Jeypore, India"
929,ATQ,Lemon Tree Premier (Amritsar Airport),11.3,3,8.9,1416,3213,0,0,"Terminal Road, Near ATQ Airport, Amritsar, India"
930,TRZ,FabHotel Airport Inn (Tiruchirappalli (Trichy) Airport),13.0,3,8.2,3722,7587,0,1,"Terminal Road, Near TRZ Airport, Tiruchirappalli (Trichy), India"
931,RKG,Trident Airport Hotel (Durgapur Airport),4.3,4,8.4,125,7837,1,0,"Terminal Road, Near RKG Airport, Durgapur, India"
932,CNN,Hyatt Regency Terminal (Kannur Airport),5.1,4,8.9,3438,4895,1,0,"Terminal Road, Near CNN Airport, Kannur, India"
933,DMO,ITC Grand Bharat (Damoh Airport),6.1,5,8.4,2170,10868,1,1,"Terminal Road, Near DMO Airport, Damoh, India"
934,JRH,Radisson Blu Airport (Jorhat Airport),2.2,4,9.5,1502,7794,1,1,"Terminal Road, Near JRH Airport, Jorhat, India"
935,HSS,FabHotel Airport Inn (Hisar Airport),6.5,4,9.6,2255,7647,1,1,"Terminal Road, Near HSS Airport, Hisar, India"
936,OSB,IBIS Airport Hotel (Dharashiv Airport),7.6,5,9.5,1327,11288,1,1,"Terminal Road, Near OSB Airport, Dharashiv, India"
937,AMH,OYO Townhouse Airport (Azamgarh Airport),6.2,5,9.6,2165,7969,1,1,"Terminal Road, Near AMH Airport, Azamgarh, India"
938,HIR,Radisson Blu Airport (Sambalpur Airport),13.1,5,9.5,3468,4523,0,0,"Terminal Road, Near HIR Airport, Sambalpur, India"
939,ZER,Ginger Airport Hotel (Ziro Airport),11.4,4,8.3,841,2313,0,1,"Terminal Road, Near ZER Airport, Ziro, India"
940,IXA,ITC Grand Bharat (Agartala Airport),6.9,4,9.7,3535,4734,1,1,"Terminal Road, Near IXA Airport, Agartala, India"
941,OSB,Lemon Tree Premier (Dharashiv Airport),9.0,5,9.5,3590,3839,0,1,"Terminal Road, Near OSB Airport, Dharashiv, India"
942,GWL,Radisson Blu Airport (Gwalior Airport),6.2,5,8.6,1389,8419,1,1,"Terminal Road, Near GWL Airport, Gwalior, India"
943,MUZ,ITC Grand Bharat (Muzaffarpur Airport),4.6,3,9.2,3573,4583,1,1,"Terminal Road, Near MUZ Airport, Muzaffarpur, India"
944,LGP,Lemon Tree Premier (Rupsi / Dhubri Airport),8.0,5,8.2,674,5597,0,0,"Terminal Road, Near LGP Airport, Rupsi / Dhubri, India"
945,LUD,Hyatt Regency Terminal (Ludhiana Airport),7.9,3,8.4,1872,7291,1,0,"Terminal Road, Near LUD Airport, Ludhiana, India"
946,STV,ITC Grand Bharat (Surat Airport),11.6,5,8.3,2312,3682,0,1,"Terminal Road, Near STV Airport, Surat, India"
947,OSB,IBIS Airport Hotel (Dharashiv Airport),11.2,4,9.3,1937,3492,0,1,"Terminal Road, Near OSB Airport, Dharashiv, India"
948,IXY,Ginger Airport Hotel (Kandla Airport),7.7,4,9.1,3091,5906,1,0,"Terminal Road, Near IXY Airport, Kandla, India"
949,KOR,Hyatt Regency Terminal (Koraput Airport),13.7,3,9.3,899,6917,0,0,"Terminal Road, Near KOR Airport, Koraput, India"
950,ALD,OYO Townhouse Airport (Aligarh Airport),12.4,4,8.3,175,9930,0,1,"Terminal Road, Near ALD Airport, Aligarh, India"
951,PBN,Lemon Tree Premier (Parbhani Airport),10.6,4,8.8,1581,4793,0,0,"Terminal Road, Near PBN Airport, Parbhani, India"
952,VNS,IBIS Airport Hotel (Varanasi Airport),12.3,5,8.9,329,5616,0,0,"Terminal Road, Near VNS Airport, Varanasi, India"
953,KHA,Hyatt Regency Terminal (Khandwa Airport),13.2,3,9.3,2839,7038,0,0,"Terminal Road, Near KHA Airport, Khandwa, India"
954,HIR,Ginger Airport Hotel (Sambalpur Airport),12.1,4,9.2,153,10108,0,1,"Terminal Road, Near HIR Airport, Sambalpur, India"
955,NMN,Novotel Airport Hotel (Neemrana / Alwar Airport),4.2,4,9.8,1181,7620,1,1,"Terminal Road, Near NMN Airport, Neemrana / Alwar, India"
956,TEZU,Ginger Airport Hotel (Tezu Airport),4.5,3,8.2,1721,10880,1,1,"Terminal Road, Near TEZU Airport, Tezu, India"
957,OSB,Ginger Airport Hotel (Dharashiv Airport),1.9,4,8.8,2558,9821,1,1,"Terminal Road, Near OSB Airport, Dharashiv, India"
958,HIR,Taj City Centre (Sambalpur Airport),7.3,4,8.3,2011,2934,1,1,"Terminal Road, Near HIR Airport, Sambalpur, India"
959,GOI,Lemon Tree Premier (Goa (Dabolim) Airport),1.7,5,8.8,728,3472,1,1,"Terminal Road, Near GOI Airport, Goa (Dabolim), India"
960,VTZ,Hyatt Regency Terminal (Visakhapatnam Airport),7.8,5,9.1,3494,8082,1,1,"Terminal Road, Near VTZ Airport, Visakhapatnam, India"
961,BPI,Taj City Centre (Mayurbhanj Airport),12.1,4,8.2,225,2482,0,0,"Terminal Road, Near BPI Airport, Mayurbhanj, India"
962,UTK,Taj City Centre (Kalahandi / Utkela Airport),3.2,3,9.3,1843,3719,1,1,"Terminal Road, Near UTK Airport, Kalahandi / Utkela, India"
963,IXD,ITC Grand Bharat (Prayagraj (Allahabad) Airport),12.7,4,8.5,3672,2508,0,0,"Terminal Road, Near IXD Airport, Prayagraj (Allahabad), India"
964,KJB,Novotel Airport Hotel (Kurnool (Orvakal) Airport),13.4,3,8.9,2679,2196,0,0,"Terminal Road, Near KJB Airport, Kurnool (Orvakal), India"
965,LKO,Pride Plaza Hotel (Lucknow Airport),5.8,4,8.2,3205,7391,1,0,"Terminal Road, Near LKO Airport, Lucknow, India"
966,JHW,Hyatt Regency Terminal (Jhalawar Airport),2.3,4,8.5,3666,9267,1,0,"Terminal Road, Near JHW Airport, Jhalawar, India"
967,HSR,Taj City Centre (Rajkot Airport),2.8,3,9.2,443,6307,1,1,"Terminal Road, Near HSR Airport, Rajkot, India"
968,JRH,ITC Grand Bharat (Jorhat Airport),6.3,5,9.2,3734,4964,1,0,"Terminal Road, Near JRH Airport, Jorhat, India"
969,GON,Ginger Airport Hotel (Gondia Airport),11.9,4,9.2,3296,4838,0,0,"Terminal Road, Near GON Airport, Gondia, India"
970,JRG,OYO Townhouse Airport (Jharsuguda Airport),10.8,3,9.6,1476,12108,0,1,"Terminal Road, Near JRG Airport, Jharsuguda, India"
971,BTH,Novotel Airport Hotel (Bettiah Airport),11.3,4,9.3,3468,1817,0,0,"Terminal Road, Near BTH Airport, Bettiah, India"
972,RKG,ITC Grand Bharat (Durgapur Airport),8.4,5,8.4,2087,11513,0,0,"Terminal Road, Near RKG Airport, Durgapur, India"
973,IDR,Hyatt Regency Terminal (Indore Airport),9.0,4,8.5,1203,6255,0,0,"Terminal Road, Near IDR Airport, Indore, India"
974,JAI,IBIS Airport Hotel (Jaipur Airport),13.4,5,9.3,1120,11464,0,0,"Terminal Road, Near JAI Airport, Jaipur, India"
975,YTL,ITC Grand Bharat (Yavatmal Airport),4.9,3,8.4,254,2050,1,1,"Terminal Road, Near YTL Airport, Yavatmal, India"
976,BTH,Novotel Airport Hotel (Bettiah Airport),7.7,4,9.5,2589,11317,1,1,"Terminal Road, Near BTH Airport, Bettiah, India"
977,SLN,OYO Townhouse Airport (Sultanpur Airport),3.5,5,8.9,2461,6787,1,0,"Terminal Road, Near SLN Airport, Sultanpur, India"
978,CKU,Trident Airport Hotel (Chakulia Airport),10.5,5,8.9,1175,8435,0,0,"Terminal Road, Near CKU Airport, Chakulia, India"
979,NPL,ITC Grand Bharat (Narnaul Airport),2.5,5,8.8,3259,8556,1,0,"Terminal Road, Near NPL Airport, Narnaul, India"
980,JRG,Radisson Blu Airport (Jharsuguda Airport),12.3,5,9.6,2260,10164,0,1,"Terminal Road, Near JRG Airport, Jharsuguda, India"
981,NVY,OYO Townhouse Airport (Neyveli Airport),10.6,5,9.5,482,3120,0,1,"Terminal Road, Near NVY Airport, Neyveli, India"
982,WGC,Novotel Airport Hotel (Warangal Airport),13.9,5,9.0,2624,6626,0,0,"Terminal Road, Near WGC Airport, Warangal, India"
983,KUU,Ginger Airport Hotel (Kullu / Manali Airport),2.0,3,8.4,1293,6682,1,1,"Terminal Road, Near KUU Airport, Kullu / Manali, India"
984,ALD,Radisson Blu Airport (Aligarh Airport),4.0,5,9.4,3346,6625,1,0,"Terminal Road, Near ALD Airport, Aligarh, India"
985,PYG,Pride Plaza Hotel (Gangtok / Pakyong (Sikkim) Airport),2.0,3,8.5,880,8578,1,1,"Terminal Road, Near PYG Airport, Gangtok / Pakyong (Sikkim), India"
986,PAT,FabHotel Airport Inn (Patna Airport),8.3,5,9.0,1529,2934,0,1,"Terminal Road, Near PAT Airport, Patna, India"
987,AMD,Hyatt Regency Terminal (Ahmedabad Airport),11.1,4,9.5,3202,12105,0,1,"Terminal Road, Near AMD Airport, Ahmedabad, India"
988,BOK,Taj City Centre (Bokaro Airport),3.2,5,9.5,1122,2004,1,0,"Terminal Road, Near BOK Airport, Bokaro, India"
989,IXM,ITC Grand Bharat (Madurai Airport),11.2,4,9.1,2274,3820,0,1,"Terminal Road, Near IXM Airport, Madurai, India"
990,DGR,FabHotel Airport Inn (Deoghar Airport),12.8,3,8.6,2962,9940,0,0,"Terminal Road, Near DGR Airport, Deoghar, India"
991,SAH,Hyatt Regency Terminal (Saharanpur Airport),13.6,4,9.0,1211,8767,0,0,"Terminal Road, Near SAH Airport, Saharanpur, India"
992,HYD,Lemon Tree Premier (Hyderabad Airport),12.2,5,9.3,3645,9323,0,0,"Terminal Road, Near HYD Airport, Hyderabad, India"
993,BHU,Lemon Tree Premier (Bathinda Airport),3.3,4,8.5,2828,8372,1,0,"Terminal Road, Near BHU Airport, Bathinda, India"
994,GBI,ITC Grand Bharat (Kalaburagi (Gulbarga) Airport),3.9,3,9.6,3260,2878,1,0,"Terminal Road, Near GBI Airport, Kalaburagi (Gulbarga), India"
995,SXR,Taj City Centre (Srinagar Airport),3.5,5,8.4,1116,2483,1,1,"Terminal Road, Near SXR Airport, Srinagar, India"
996,ROU,Hyatt Regency Terminal (Rourkela Airport),10.2,4,9.3,3583,10657,0,0,"Terminal Road, Near ROU Airport, Rourkela, India"
997,REW,Hyatt Regency Terminal (Rewa Airport),4.1,3,9.3,3023,5872,1,1,"Terminal Road, Near REW Airport, Rewa, India"
998,PBF,Ginger Airport Hotel (Bilaspur Airport),7.9,5,8.7,3454,11705,1,0,"Terminal Road, Near PBF Airport, Bilaspur, India"
999,VJZ,Ginger Airport Hotel (Bhogapuram / Vizianagaram Airport),7.5,3,8.8,1296,8003,1,1,"Terminal Road, Near VJZ Airport, Bhogapuram / Vizianagaram, India"
1000,PBN,Hyatt Regency Terminal (Parbhani Airport),7.4,4,8.8,830,6123,1,0,"Terminal Road, Near PBN Airport, Parbhani, India"
1001,CCU,ITC Grand Bharat (Kolkata Airport),0.6,3,9.1,184,2913,1,0,"Terminal Road, Near CCU Airport, Kolkata, India"
1002,HBX,FabHotel Airport Inn (Hubballi / Dharwad Airport),4.6,5,8.7,2972,3741,1,1,"Terminal Road, Near HBX Airport, Hubballi / Dharwad, India"
1003,KAM,Hyatt Regency Terminal (Kamalpur Airport),2.6,3,9.1,449,12164,1,0,"Terminal Road, Near KAM Airport, Kamalpur, India"
1004,IXS,Trident Airport Hotel (Silchar Airport),3.9,3,8.7,752,6319,1,0,"Terminal Road, Near IXS Airport, Silchar, India"
1005,IXD,Hyatt Regency Terminal (Prayagraj (Allahabad) Airport),2.1,5,8.2,1696,11239,1,1,"Terminal Road, Near IXD Airport, Prayagraj (Allahabad), India"
1006,BKN,ITC Grand Bharat (Bikaner Airport),9.0,4,8.4,1465,5415,0,0,"Terminal Road, Near BKN Airport, Bikaner, India"
1007,SXR,Ginger Airport Hotel (Srinagar Airport),0.8,4,8.7,1822,4430,1,0,"Terminal Road, Near SXR Airport, Srinagar, India"
1008,JLG,Trident Airport Hotel (Jalgaon Airport),14.3,5,8.7,1256,8979,0,1,"Terminal Road, Near JLG Airport, Jalgaon, India"
1009,ATQ,Hyatt Regency Terminal (Amritsar Airport),1.6,4,8.4,766,1820,1,1,"Terminal Road, Near ATQ Airport, Amritsar, India"
1010,BDQ,OYO Townhouse Airport (Vadodara Airport),5.2,3,8.6,800,9314,1,0,"Terminal Road, Near BDQ Airport, Vadodara, India"
1011,GWL,IBIS Airport Hotel (Gwalior Airport),6.6,3,8.7,992,3763,1,1,"Terminal Road, Near GWL Airport, Gwalior, India"
1012,BID,IBIS Airport Hotel (Bidar Airport),0.8,3,8.9,3753,12469,1,1,"Terminal Road, Near BID Airport, Bidar, India"
1013,VTZ,OYO Townhouse Airport (Visakhapatnam Airport),6.9,5,8.8,2751,5527,1,0,"Terminal Road, Near VTZ Airport, Visakhapatnam, India"
1014,SIH,OYO Townhouse Airport (Sirohi Airport),4.9,5,9.3,1999,1868,1,0,"Terminal Road, Near SIH Airport, Sirohi, India"
1015,BAR,ITC Grand Bharat (Baramati Airport),10.1,5,9.4,3702,11154,0,0,"Terminal Road, Near BAR Airport, Baramati, India"
1016,OSB,ITC Grand Bharat (Dharashiv Airport),2.5,5,8.7,2336,5396,1,1,"Terminal Road, Near OSB Airport, Dharashiv, India"
1017,SSE,FabHotel Airport Inn (Solapur Airport),5.0,5,9.1,194,4829,1,1,"Terminal Road, Near SSE Airport, Solapur, India"
1018, سات,Taj City Centre (Satna Airport),12.2,3,9.4,574,9167,0,0,"Terminal Road, Near  سات Airport, Satna, India"
1019,BOM,Ginger Airport Hotel (Mumbai Airport),10.0,4,8.2,2926,5049,0,1,"Terminal Road, Near BOM Airport, Mumbai, India"
1020,MZS,Taj City Centre (Sonbhadra Airport),4.6,3,8.9,855,10824,1,1,"Terminal Road, Near MZS Airport, Sonbhadra, India"
1021,UTL,FabHotel Airport Inn (Barmer Airport),6.5,3,9.5,1475,7484,1,1,"Terminal Road, Near UTL Airport, Barmer, India"
1022,TCR,Lemon Tree Premier (Thoothukudi (Tuticorin) Airport),7.5,4,8.7,1657,12239,1,0,"Terminal Road, Near TCR Airport, Thoothukudi (Tuticorin), India"
1023,NVM,Pride Plaza Hotel (Navi Mumbai Airport),7.3,3,9.7,503,3781,1,1,"Terminal Road, Near NVM Airport, Navi Mumbai, India"
1024,RKG,ITC Grand Bharat (Durgapur Airport),13.3,5,8.6,3651,10104,0,0,"Terminal Road, Near RKG Airport, Durgapur, India"
1025,PUI,ITC Grand Bharat (Purnea Airport),3.4,5,9.3,1503,10481,1,0,"Terminal Road, Near PUI Airport, Purnea, India"
1026,PNY,Ginger Airport Hotel (Puducherry Airport),5.3,4,9.4,1456,7093,1,1,"Terminal Road, Near PNY Airport, Puducherry, India"
1027,MRA,IBIS Airport Hotel (Noida / Jewar Airport),13.3,4,9.1,312,4500,0,1,"Terminal Road, Near MRA Airport, Noida / Jewar, India"
1028,ASL,FabHotel Airport Inn (Asansol Airport),12.8,5,9.7,259,11905,0,1,"Terminal Road, Near ASL Airport, Asansol, India"
1029,RAT,FabHotel Airport Inn (Ratlam Airport),12.2,3,8.3,699,6083,0,1,"Terminal Road, Near RAT Airport, Ratlam, India"
1030,AGX,IBIS Airport Hotel (Agatti Island (Lakshadweep) Airport),6.1,4,8.4,3003,7177,1,0,"Terminal Road, Near AGX Airport, Agatti Island (Lakshadweep), India"
1031,GON,Radisson Blu Airport (Gondia Airport),11.8,4,8.7,2747,2522,0,0,"Terminal Road, Near GON Airport, Gondia, India"
1032,SDW,Radisson Blu Airport (Sindhudurg Airport),7.7,3,8.3,2876,5135,1,0,"Terminal Road, Near SDW Airport, Sindhudurg, India"
1033,BTH,Pride Plaza Hotel (Bettiah Airport),7.1,3,8.5,1949,3658,1,1,"Terminal Road, Near BTH Airport, Bettiah, India"
1034,MAA,OYO Townhouse Airport (Chennai Airport),4.9,3,8.6,1782,5316,1,0,"Terminal Road, Near MAA Airport, Chennai, India"
1035,HSR,IBIS Airport Hotel (Rajkot Airport),10.8,4,9.5,3434,11023,0,1,"Terminal Road, Near HSR Airport, Rajkot, India"
1036,HZD,Trident Airport Hotel (Hazaribagh Airport),11.3,5,9.2,2651,4929,0,1,"Terminal Road, Near HZD Airport, Hazaribagh, India"
1037,GOI,OYO Townhouse Airport (Goa (Dabolim) Airport),0.9,5,8.6,2569,2375,1,0,"Terminal Road, Near GOI Airport, Goa (Dabolim), India"
1038,KOK,OYO Townhouse Airport (Kokrajhar Airport),2.8,4,8.7,2600,7568,1,0,"Terminal Road, Near KOK Airport, Kokrajhar, India"
1039,KOR,OYO Townhouse Airport (Koraput Airport),6.0,4,8.6,3463,2673,1,0,"Terminal Road, Near KOR Airport, Koraput, India"
1040,IXC,Hyatt Regency Terminal (Chandigarh Airport),2.7,5,9.0,1851,5010,1,1,"Terminal Road, Near IXC Airport, Chandigarh, India"
1041,LKO,Ginger Airport Hotel (Lucknow Airport),10.0,4,9.1,3560,8758,0,1,"Terminal Road, Near LKO Airport, Lucknow, India"
1042,AMB,OYO Townhouse Airport (Ambikapur Airport),13.4,3,8.3,1021,6810,0,0,"Terminal Road, Near AMB Airport, Ambikapur, India"
1043,JRH,Taj City Centre (Jorhat Airport),12.6,4,9.3,2146,11278,0,1,"Terminal Road, Near JRH Airport, Jorhat, India"
1044,RXL,Novotel Airport Hotel (Raxaul Airport),5.4,3,9.1,1204,6422,1,0,"Terminal Road, Near RXL Airport, Raxaul, India"
1045,PNQ,Taj City Centre (Pune Airport),13.4,4,9.8,202,11064,0,0,"Terminal Road, Near PNQ Airport, Pune, India"
1046,ZER,Novotel Airport Hotel (Ziro Airport),9.5,3,8.3,2945,6069,0,1,"Terminal Road, Near ZER Airport, Ziro, India"
1047,SLV,FabHotel Airport Inn (Shimla Airport),13.0,4,9.1,3270,3441,0,1,"Terminal Road, Near SLV Airport, Shimla, India"
1048,KUU,Novotel Airport Hotel (Kullu / Manali Airport),3.8,4,8.5,2377,10783,1,1,"Terminal Road, Near KUU Airport, Kullu / Manali, India"
1049,SLV,Pride Plaza Hotel (Shimla Airport),13.0,4,8.8,1172,8310,0,1,"Terminal Road, Near SLV Airport, Shimla, India"
1050,TRV,Ginger Airport Hotel (Thiruvananthapuram Airport),4.7,3,9.0,207,10860,1,1,"Terminal Road, Near TRV Airport, Thiruvananthapuram, India"
1051,NEEM,Ginger Airport Hotel (Neemuch Airport),9.9,4,8.1,2911,4907,0,1,"Terminal Road, Near NEEM Airport, Neemuch, India"
1052,DHR,Radisson Blu Airport (Dibrugarh Airport),4.3,4,9.0,172,11721,1,1,"Terminal Road, Near DHR Airport, Dibrugarh, India"
1053,NPL,Ginger Airport Hotel (Narnaul Airport),3.2,4,9.0,2857,8297,1,1,"Terminal Road, Near NPL Airport, Narnaul, India"
1054,BHO,Pride Plaza Hotel (Bhopal Airport),8.6,3,9.3,2339,4180,0,0,"Terminal Road, Near BHO Airport, Bhopal, India"
1055,MRA,OYO Townhouse Airport (Noida / Jewar Airport),6.9,4,9.0,1548,7465,1,1,"Terminal Road, Near MRA Airport, Noida / Jewar, India"
1056,NVY,Ginger Airport Hotel (Neyveli Airport),12.3,3,9.1,3601,9102,0,1,"Terminal Road, Near NVY Airport, Neyveli, India"
1057,SXV,IBIS Airport Hotel (Shivamogga Airport),3.0,3,9.6,3256,4162,1,1,"Terminal Road, Near SXV Airport, Shivamogga, India"
1058,MOR,Hyatt Regency Terminal (Moradabad Airport),2.4,5,9.0,2608,3131,1,0,"Terminal Road, Near MOR Airport, Moradabad, India"
1059, سات,ITC Grand Bharat (Satna Airport),12.2,5,9.2,1203,4827,0,1,"Terminal Road, Near  سات Airport, Satna, India"
1060,SSE,OYO Townhouse Airport (Solapur Airport),13.9,5,8.5,3189,3393,0,0,"Terminal Road, Near SSE Airport, Solapur, India"
1061,HIR,Trident Airport Hotel (Sambalpur Airport),13.6,5,9.8,3208,7497,0,1,"Terminal Road, Near HIR Airport, Sambalpur, India"
1062,JGA,Radisson Blu Airport (Jamnagar Airport),13.7,4,9.5,178,12470,0,0,"Terminal Road, Near JGA Airport, Jamnagar, India"
1063,LUD,Novotel Airport Hotel (Ludhiana Airport),4.1,3,9.4,2889,8057,1,0,"Terminal Road, Near LUD Airport, Ludhiana, India"
1064,CKU,OYO Townhouse Airport (Chakulia Airport),12.1,3,8.7,2079,4954,0,1,"Terminal Road, Near CKU Airport, Chakulia, India"
1065,DMU,ITC Grand Bharat (Dimapur Airport),5.7,3,8.7,166,11940,1,0,"Terminal Road, Near DMU Airport, Dimapur, India"
1066,BBI,Ginger Airport Hotel (Bhubaneswar Airport),11.2,4,9.7,2615,6684,0,0,"Terminal Road, Near BBI Airport, Bhubaneswar, India"
1067,WGC,Taj City Centre (Warangal Airport),2.7,4,8.3,2454,2881,1,1,"Terminal Road, Near WGC Airport, Warangal, India"
1068,SIV,Radisson Blu Airport (Sivasagar Airport),11.4,5,8.9,2380,5578,0,1,"Terminal Road, Near SIV Airport, Sivasagar, India"
1069,NMS,Ginger Airport Hotel (Naliya Airport),10.2,5,8.9,1960,7586,0,1,"Terminal Road, Near NMS Airport, Naliya, India"
1070,SSE,Hyatt Regency Terminal (Solapur Airport),12.9,3,9.6,2893,6006,0,1,"Terminal Road, Near SSE Airport, Solapur, India"
1071,SLN,FabHotel Airport Inn (Sultanpur Airport),6.2,3,8.9,464,4522,1,0,"Terminal Road, Near SLN Airport, Sultanpur, India"
1072,TCR,Lemon Tree Premier (Thoothukudi (Tuticorin) Airport),3.5,5,8.7,3668,3445,1,0,"Terminal Road, Near TCR Airport, Thoothukudi (Tuticorin), India"
1073,CCJ,FabHotel Airport Inn (Kozhikode (Calicut) Airport),7.3,5,9.2,1039,6963,1,0,"Terminal Road, Near CCJ Airport, Kozhikode (Calicut), India"
1074,BVC,Hyatt Regency Terminal (Bhavnagar Airport),10.5,3,8.5,3212,6371,0,0,"Terminal Road, Near BVC Airport, Bhavnagar, India"
1075,MZS,OYO Townhouse Airport (Sonbhadra Airport),2.5,3,9.1,1226,9304,1,0,"Terminal Road, Near MZS Airport, Sonbhadra, India"
1076,IXA,Trident Airport Hotel (Agartala Airport),1.8,5,9.8,269,11679,1,0,"Terminal Road, Near IXA Airport, Agartala, India"
1077, سات,Trident Airport Hotel (Satna Airport),10.1,3,9.4,476,3584,0,1,"Terminal Road, Near  سات Airport, Satna, India"
1078,KOK,Taj City Centre (Kokrajhar Airport),8.6,3,9.0,445,5370,0,0,"Terminal Road, Near KOK Airport, Kokrajhar, India"
1079,IXP,FabHotel Airport Inn (Pathankot Airport),7.9,5,8.9,522,4023,1,1,"Terminal Road, Near IXP Airport, Pathankot, India"
1080,SIH,ITC Grand Bharat (Sirohi Airport),9.1,5,9.3,3678,3661,0,1,"Terminal Road, Near SIH Airport, Sirohi, India"
1081,DGR,FabHotel Airport Inn (Deoghar Airport),7.4,3,8.5,3174,2507,1,1,"Terminal Road, Near DGR Airport, Deoghar, India"
1082,COB,Taj City Centre (Cooch Behar Airport),12.2,3,9.8,2638,10622,0,0,"Terminal Road, Near COB Airport, Cooch Behar, India"
1083,JGA,OYO Townhouse Airport (Jamnagar Airport),12.5,5,9.2,1778,2956,0,0,"Terminal Road, Near JGA Airport, Jamnagar, India"
1084,DBR,Lemon Tree Premier (Darbhanga Airport),4.8,4,8.9,3612,8852,1,0,"Terminal Road, Near DBR Airport, Darbhanga, India"
1085,BAR,IBIS Airport Hotel (Baramati Airport),2.9,3,8.9,3135,7534,1,1,"Terminal Road, Near BAR Airport, Baramati, India"
1086,HZD,FabHotel Airport Inn (Hazaribagh Airport),7.5,3,8.8,2918,4548,1,0,"Terminal Road, Near HZD Airport, Hazaribagh, India"
1087,DON,Ginger Airport Hotel (Bhadrak / Dhamra Airport),2.5,3,8.2,1884,6529,1,0,"Terminal Road, Near DON Airport, Bhadrak / Dhamra, India"
1088,NVM,Taj City Centre (Navi Mumbai Airport),9.5,4,9.8,234,4418,0,1,"Terminal Road, Near NVM Airport, Navi Mumbai, India"
1089,PBN,OYO Townhouse Airport (Parbhani Airport),5.4,4,8.3,2741,2590,1,1,"Terminal Road, Near PBN Airport, Parbhani, India"
1090,KBK,Pride Plaza Hotel (Kushinagar Airport),1.1,4,8.6,3325,8410,1,1,"Terminal Road, Near KBK Airport, Kushinagar, India"
1091,BAR,Taj City Centre (Baramati Airport),5.4,3,9.0,937,9468,1,0,"Terminal Road, Near BAR Airport, Baramati, India"
1092,PYG,ITC Grand Bharat (Gangtok / Pakyong (Sikkim) Airport),2.5,5,9.8,2467,3705,1,0,"Terminal Road, Near PYG Airport, Gangtok / Pakyong (Sikkim), India"
1093,PUI,Novotel Airport Hotel (Purnea Airport),3.0,4,9.0,2337,11705,1,1,"Terminal Road, Near PUI Airport, Purnea, India"
1094,AMD,Radisson Blu Airport (Ahmedabad Airport),0.8,3,9.1,1548,9711,1,1,"Terminal Road, Near AMD Airport, Ahmedabad, India"
1095,KJB,IBIS Airport Hotel (Kurnool (Orvakal) Airport),12.4,4,8.1,2027,3242,0,0,"Terminal Road, Near KJB Airport, Kurnool (Orvakal), India"
1096,DHR,Radisson Blu Airport (Dibrugarh Airport),7.5,4,8.8,170,8449,1,0,"Terminal Road, Near DHR Airport, Dibrugarh, India"
1097,LGP,ITC Grand Bharat (Rupsi / Dhubri Airport),4.1,5,9.1,3704,8786,1,0,"Terminal Road, Near LGP Airport, Rupsi / Dhubri, India"
1098,PAL,Ginger Airport Hotel (Pali Airport),10.4,3,8.9,151,6638,0,1,"Terminal Road, Near PAL Airport, Pali, India"
1099,KHO,Trident Airport Hotel (Khowai Airport),13.0,4,9.2,241,11410,0,1,"Terminal Road, Near KHO Airport, Khowai, India"
1100,KOP,OYO Townhouse Airport (Kolhapur Airport),11.7,5,8.5,1807,5202,0,0,"Terminal Road, Near KOP Airport, Kolhapur, India"
1101,JSA,Trident Airport Hotel (Jaisalmer Airport),5.5,3,9.2,1198,6038,1,0,"Terminal Road, Near JSA Airport, Jaisalmer, India"
1102,PUR,Novotel Airport Hotel (Purulia Airport),10.5,4,8.8,2759,11302,0,0,"Terminal Road, Near PUR Airport, Purulia, India"
1103,BVC,Pride Plaza Hotel (Bhavnagar Airport),12.6,4,8.4,2724,4310,0,1,"Terminal Road, Near BVC Airport, Bhavnagar, India"
1104,GWL,Novotel Airport Hotel (Gwalior Airport),10.3,4,9.7,2161,10634,0,0,"Terminal Road, Near GWL Airport, Gwalior, India"
1105,HIR,Radisson Blu Airport (Sambalpur Airport),6.7,3,9.5,3062,8678,1,1,"Terminal Road, Near HIR Airport, Sambalpur, India"
1106,WGC,Pride Plaza Hotel (Warangal Airport),4.9,4,8.7,315,4272,1,0,"Terminal Road, Near WGC Airport, Warangal, India"
1107,ATQ,FabHotel Airport Inn (Amritsar Airport),9.1,5,8.5,3241,3302,0,0,"Terminal Road, Near ATQ Airport, Amritsar, India"
1108,SIH,OYO Townhouse Airport (Sirohi Airport),0.7,4,9.6,3229,7477,1,1,"Terminal Road, Near SIH Airport, Sirohi, India"
1109,UDR,Radisson Blu Airport (Udaipur Airport),12.3,5,9.1,3231,1800,0,0,"Terminal Road, Near UDR Airport, Udaipur, India"
1110,TEZU,ITC Grand Bharat (Tezu Airport),1.0,5,8.3,908,4769,1,0,"Terminal Road, Near TEZU Airport, Tezu, India"
1111,AMR,Lemon Tree Premier (Amravati Airport),2.0,5,9.4,3309,5634,1,0,"Terminal Road, Near AMR Airport, Amravati, India"
1112,DGR,IBIS Airport Hotel (Deoghar Airport),6.5,5,9.8,734,8193,1,0,"Terminal Road, Near DGR Airport, Deoghar, India"
1113,KQH,Lemon Tree Premier (Ajmer / Kishangarh Airport),5.9,4,8.6,1428,12376,1,1,"Terminal Road, Near KQH Airport, Ajmer / Kishangarh, India"
1114,BHU,Ginger Airport Hotel (Bathinda Airport),0.7,4,9.7,1058,9665,1,0,"Terminal Road, Near BHU Airport, Bathinda, India"
1115,DON,IBIS Airport Hotel (Bhadrak / Dhamra Airport),12.0,5,9.1,249,7715,0,0,"Terminal Road, Near DON Airport, Bhadrak / Dhamra, India"
1116,NEEM,Taj City Centre (Neemuch Airport),13.0,4,8.2,2501,5159,0,1,"Terminal Road, Near NEEM Airport, Neemuch, India"
1117,PYB,IBIS Airport Hotel (Jeypore Airport),2.2,4,8.4,626,3268,1,1,"Terminal Road, Near PYB Airport, Jeypore, India"
1118,BBI,IBIS Airport Hotel (Bhubaneswar Airport),11.8,3,8.2,945,8772,0,1,"Terminal Road, Near BBI Airport, Bhubaneswar, India"
1119,DGR,OYO Townhouse Airport (Deoghar Airport),12.4,4,9.3,3061,4086,0,1,"Terminal Road, Near DGR Airport, Deoghar, India"
1120,IXY,FabHotel Airport Inn (Kandla Airport),9.5,4,8.1,2995,8596,0,1,"Terminal Road, Near IXY Airport, Kandla, India"
1121,AMRE,FabHotel Airport Inn (Amreli Airport),4.3,5,9.7,1304,5279,1,1,"Terminal Road, Near AMRE Airport, Amreli, India"
1122,PGH,FabHotel Airport Inn (Pantnagar / Nainital Airport),4.6,5,8.5,858,7449,1,0,"Terminal Road, Near PGH Airport, Pantnagar / Nainital, India"
1123,DEL,Novotel Airport Hotel (New Delhi Airport),7.7,5,8.2,3023,5984,1,1,"Terminal Road, Near DEL Airport, New Delhi, India"
1124,KHO,FabHotel Airport Inn (Khowai Airport),3.4,3,8.9,2963,10428,1,0,"Terminal Road, Near KHO Airport, Khowai, India"
1125,PNY,Novotel Airport Hotel (Puducherry Airport),7.5,3,8.8,253,5288,1,1,"Terminal Road, Near PNY Airport, Puducherry, India"
1126,KHA,Ginger Airport Hotel (Khandwa Airport),14.3,5,8.2,2079,4467,0,0,"Terminal Road, Near KHA Airport, Khandwa, India"
1127,SDW,Taj City Centre (Sindhudurg Airport),11.9,5,8.9,3207,5217,0,1,"Terminal Road, Near SDW Airport, Sindhudurg, India"
1128,TIR,Lemon Tree Premier (Tirupati Airport),9.8,4,8.7,1640,2211,0,0,"Terminal Road, Near TIR Airport, Tirupati, India"
1129,PINJ,IBIS Airport Hotel (Panchkula / Pinjore Airport),3.1,4,8.4,3265,10158,1,0,"Terminal Road, Near PINJ Airport, Panchkula / Pinjore, India"
1130,JGA,FabHotel Airport Inn (Jamnagar Airport),4.0,3,9.2,1972,6086,1,0,"Terminal Road, Near JGA Airport, Jamnagar, India"
1131,UTK,OYO Townhouse Airport (Kalahandi / Utkela Airport),8.2,4,8.5,3496,3154,0,1,"Terminal Road, Near UTK Airport, Kalahandi / Utkela, India"
1132,NMS,IBIS Airport Hotel (Naliya Airport),10.6,3,9.7,2519,10189,0,1,"Terminal Road, Near NMS Airport, Naliya, India"
1133,IXC,Ginger Airport Hotel (Chandigarh Airport),4.5,3,9.3,957,11579,1,0,"Terminal Road, Near IXC Airport, Chandigarh, India"
1134,DIU,OYO Townhouse Airport (Diu Airport),6.6,5,9.5,1230,10274,1,0,"Terminal Road, Near DIU Airport, Diu, India"
1135,HSR,Novotel Airport Hotel (Rajkot Airport),5.5,5,9.1,2474,4002,1,1,"Terminal Road, Near HSR Airport, Rajkot, India"
1136,HSS,Lemon Tree Premier (Hisar Airport),14.4,3,8.8,1895,8715,0,0,"Terminal Road, Near HSS Airport, Hisar, India"
1137,AMR,Hyatt Regency Terminal (Amravati Airport),6.7,4,9.5,2528,7851,1,0,"Terminal Road, Near AMR Airport, Amravati, India"
1138,GWL,Trident Airport Hotel (Gwalior Airport),5.6,3,9.4,1562,3080,1,0,"Terminal Road, Near GWL Airport, Gwalior, India"
1139,VDY,Trident Airport Hotel (Vidyanagar / Ballari Airport),12.5,5,9.1,1725,8611,0,1,"Terminal Road, Near VDY Airport, Vidyanagar / Ballari, India"
1140,SDW,Hyatt Regency Terminal (Sindhudurg Airport),6.5,4,9.3,995,4055,1,1,"Terminal Road, Near SDW Airport, Sindhudurg, India"
1141,AYJ,FabHotel Airport Inn (Ayodhya Airport),10.2,4,8.4,3462,12046,0,1,"Terminal Road, Near AYJ Airport, Ayodhya, India"
1142,MUZ,Ginger Airport Hotel (Muzaffarpur Airport),0.8,5,9.2,866,10060,1,1,"Terminal Road, Near MUZ Airport, Muzaffarpur, India"
1143,DUM,IBIS Airport Hotel (Dumka Airport),5.4,5,8.5,3083,5669,1,1,"Terminal Road, Near DUM Airport, Dumka, India"
1144,VNS,ITC Grand Bharat (Varanasi Airport),10.7,5,9.2,3607,10568,0,1,"Terminal Road, Near VNS Airport, Varanasi, India"
1145,BOM,Pride Plaza Hotel (Mumbai Airport),9.7,4,8.4,2337,3886,0,1,"Terminal Road, Near BOM Airport, Mumbai, India"
1146,BLR,Pride Plaza Hotel (Bengaluru Airport),10.5,5,8.2,3668,2913,0,1,"Terminal Road, Near BLR Airport, Bengaluru, India"
1147,PUR,Novotel Airport Hotel (Purulia Airport),2.6,3,9.6,2877,3280,1,1,"Terminal Road, Near PUR Airport, Purulia, India"
1148,IXM,Radisson Blu Airport (Madurai Airport),0.9,3,8.4,2509,9706,1,1,"Terminal Road, Near IXM Airport, Madurai, India"
1149,LUD,Ginger Airport Hotel (Ludhiana Airport),0.8,5,9.4,3683,11498,1,1,"Terminal Road, Near LUD Airport, Ludhiana, India"
1150,TEZ,OYO Townhouse Airport (Tezpur Airport),10.0,4,8.9,1948,7899,0,0,"Terminal Road, Near TEZ Airport, Tezpur, India"
1151,AMB,OYO Townhouse Airport (Ambikapur Airport),11.2,3,9.4,3629,8984,0,0,"Terminal Road, Near AMB Airport, Ambikapur, India"
1152,KHA,Hyatt Regency Terminal (Khandwa Airport),4.0,3,8.8,1090,8547,1,1,"Terminal Road, Near KHA Airport, Khandwa, India"
1153,IXP,ITC Grand Bharat (Pathankot Airport),5.3,3,8.7,2396,4607,1,0,"Terminal Road, Near IXP Airport, Pathankot, India"
1154,IXR,OYO Townhouse Airport (Ranchi Airport),8.7,4,9.8,709,3575,0,1,"Terminal Road, Near IXR Airport, Ranchi, India"
1155,GON,Ginger Airport Hotel (Gondia Airport),5.0,4,8.6,1382,9095,1,0,"Terminal Road, Near GON Airport, Gondia, India"
1156,GOP,Ginger Airport Hotel (Ganjam / Gopalpur Airport),12.9,4,8.3,879,4811,0,0,"Terminal Road, Near GOP Airport, Ganjam / Gopalpur, India"
1157,BLR,Ginger Airport Hotel (Bengaluru Airport),6.0,4,9.8,2212,6170,1,1,"Terminal Road, Near BLR Airport, Bengaluru, India"
1158,RKG,IBIS Airport Hotel (Durgapur Airport),6.8,3,9.6,3437,9808,1,1,"Terminal Road, Near RKG Airport, Durgapur, India"
1159,SRA,Pride Plaza Hotel (Shravasti Airport),3.1,5,8.5,3717,11214,1,0,"Terminal Road, Near SRA Airport, Shravasti, India"
1160,MZS,Hyatt Regency Terminal (Sonbhadra Airport),5.7,4,8.2,3261,7087,1,0,"Terminal Road, Near MZS Airport, Sonbhadra, India"
1161,TEZU,ITC Grand Bharat (Tezu Airport),10.6,4,9.3,1386,9680,0,1,"Terminal Road, Near TEZU Airport, Tezu, India"
1162,DHM,Hyatt Regency Terminal (Dharamshala / Kangra Airport),3.5,5,9.6,3090,5411,1,0,"Terminal Road, Near DHM Airport, Dharamshala / Kangra, India"
1163,TIR,IBIS Airport Hotel (Tirupati Airport),2.8,3,8.7,2906,2881,1,0,"Terminal Road, Near TIR Airport, Tirupati, India"
1164,IXY,IBIS Airport Hotel (Kandla Airport),1.4,4,8.4,3598,11580,1,0,"Terminal Road, Near IXY Airport, Kandla, India"
1165,ZER,Taj City Centre (Ziro Airport),9.9,5,9.6,1946,3820,0,1,"Terminal Road, Near ZER Airport, Ziro, India"
1166,NEEM,FabHotel Airport Inn (Neemuch Airport),13.0,3,9.3,1408,11316,0,0,"Terminal Road, Near NEEM Airport, Neemuch, India"
1167,VJZ,ITC Grand Bharat (Bhogapuram / Vizianagaram Airport),8.0,4,8.7,2192,9228,0,1,"Terminal Road, Near VJZ Airport, Bhogapuram / Vizianagaram, India"
1168,GBI,Hyatt Regency Terminal (Kalaburagi (Gulbarga) Airport),11.9,5,9.0,3292,4548,0,1,"Terminal Road, Near GBI Airport, Kalaburagi (Gulbarga), India"
1169,IXY,Hyatt Regency Terminal (Kandla Airport),13.5,4,8.2,3658,11793,0,1,"Terminal Road, Near IXY Airport, Kandla, India"
1170,CKU,ITC Grand Bharat (Chakulia Airport),6.5,3,8.2,3779,10086,1,0,"Terminal Road, Near CKU Airport, Chakulia, India"
1171,COB,Lemon Tree Premier (Cooch Behar Airport),11.6,5,9.7,1695,9548,0,0,"Terminal Road, Near COB Airport, Cooch Behar, India"
1172,ALD,OYO Townhouse Airport (Aligarh Airport),13.8,5,9.6,3792,8492,0,1,"Terminal Road, Near ALD Airport, Aligarh, India"
1173,RPR,FabHotel Airport Inn (Raipur Airport),2.8,3,9.8,2664,7739,1,1,"Terminal Road, Near RPR Airport, Raipur, India"
1174,ATQ,IBIS Airport Hotel (Amritsar Airport),9.6,5,8.2,509,7705,0,0,"Terminal Road, Near ATQ Airport, Amritsar, India"
1175,HIR,Ginger Airport Hotel (Sambalpur Airport),13.7,5,9.1,443,3181,0,0,"Terminal Road, Near HIR Airport, Sambalpur, India"
1176,TEZ,Lemon Tree Premier (Tezpur Airport),2.4,4,8.3,3747,6391,1,0,"Terminal Road, Near TEZ Airport, Tezpur, India"
1177,IXS,ITC Grand Bharat (Silchar Airport),8.8,3,8.7,3445,5405,0,1,"Terminal Road, Near IXS Airport, Silchar, India"
1178,TIR,IBIS Airport Hotel (Tirupati Airport),10.7,4,8.3,446,8154,0,1,"Terminal Road, Near TIR Airport, Tirupati, India"
1179,LGP,Hyatt Regency Terminal (Rupsi / Dhubri Airport),12.6,4,8.6,1090,9284,0,1,"Terminal Road, Near LGP Airport, Rupsi / Dhubri, India"
1180,SIH,IBIS Airport Hotel (Sirohi Airport),7.4,5,8.8,3426,11133,1,1,"Terminal Road, Near SIH Airport, Sirohi, India"
1181,BVC,Hyatt Regency Terminal (Bhavnagar Airport),10.4,3,9.6,926,4397,0,1,"Terminal Road, Near BVC Airport, Bhavnagar, India"
1182,SWM,Hyatt Regency Terminal (Ranthambore / Sawai Madhopur Airport),13.0,3,8.4,1693,9463,0,1,"Terminal Road, Near SWM Airport, Ranthambore / Sawai Madhopur, India"
1183,BOM,Novotel Airport Hotel (Mumbai Airport),7.8,5,9.4,972,10366,1,1,"Terminal Road, Near BOM Airport, Mumbai, India"
1184,VZY,ITC Grand Bharat (Vijayawada Airport),13.8,3,9.2,832,3446,0,0,"Terminal Road, Near VZY Airport, Vijayawada, India"
1185,TEZ,IBIS Airport Hotel (Tezpur Airport),6.0,5,8.4,3045,5484,1,0,"Terminal Road, Near TEZ Airport, Tezpur, India"
1186,CKU,Taj City Centre (Chakulia Airport),7.4,3,9.6,729,10590,1,1,"Terminal Road, Near CKU Airport, Chakulia, India"
1187,KHO,ITC Grand Bharat (Khowai Airport),12.4,3,9.2,1634,7074,0,0,"Terminal Road, Near KHO Airport, Khowai, India"
1188,KARN,Radisson Blu Airport (Karnal Airport),3.7,5,9.3,3565,9947,1,0,"Terminal Road, Near KARN Airport, Karnal, India"
1189,CKU,Hyatt Regency Terminal (Chakulia Airport),5.5,4,8.2,3349,8886,1,1,"Terminal Road, Near CKU Airport, Chakulia, India"
1190,BKN,Lemon Tree Premier (Bikaner Airport),11.9,4,8.3,1922,7038,0,1,"Terminal Road, Near BKN Airport, Bikaner, India"
1191,DUM,Trident Airport Hotel (Dumka Airport),10.2,5,9.3,1968,11545,0,1,"Terminal Road, Near DUM Airport, Dumka, India"
1192,KUU,Pride Plaza Hotel (Kullu / Manali Airport),6.7,4,9.7,1625,2096,1,1,"Terminal Road, Near KUU Airport, Kullu / Manali, India"
1193,KAM,Ginger Airport Hotel (Kamalpur Airport),9.3,5,8.5,2915,2284,0,0,"Terminal Road, Near KAM Airport, Kamalpur, India"
1194,NMS,Trident Airport Hotel (Naliya Airport),12.6,5,9.8,343,7158,0,1,"Terminal Road, Near NMS Airport, Naliya, India"
1195,NVY,ITC Grand Bharat (Neyveli Airport),2.3,5,9.6,1263,7731,1,0,"Terminal Road, Near NVY Airport, Neyveli, India"
1196,PNQ,Hyatt Regency Terminal (Pune Airport),5.8,5,9.4,2775,11660,1,1,"Terminal Road, Near PNQ Airport, Pune, India"
1197,KHO,Taj City Centre (Khowai Airport),1.3,5,8.4,3506,5504,1,1,"Terminal Road, Near KHO Airport, Khowai, India"
1198,MRA,FabHotel Airport Inn (Noida / Jewar Airport),2.7,4,8.9,2418,2251,1,0,"Terminal Road, Near MRA Airport, Noida / Jewar, India"
1199,IXY,ITC Grand Bharat (Kandla Airport),1.4,4,8.2,2761,8505,1,1,"Terminal Road, Near IXY Airport, Kandla, India"
1200,PBN,OYO Townhouse Airport (Parbhani Airport),9.3,3,8.1,2386,5652,0,0,"Terminal Road, Near PBN Airport, Parbhani, India"
1201,VTZ,Ginger Airport Hotel (Visakhapatnam Airport),5.7,3,8.9,552,3582,1,1,"Terminal Road, Near VTZ Airport, Visakhapatnam, India"
1202,AMD,IBIS Airport Hotel (Ahmedabad Airport),9.9,3,8.1,654,3618,0,0,"Terminal Road, Near AMD Airport, Ahmedabad, India"
1203,PUI,Hyatt Regency Terminal (Purnea Airport),3.8,4,8.1,3002,3605,1,1,"Terminal Road, Near PUI Airport, Purnea, India"
1204,KQH,Radisson Blu Airport (Ajmer / Kishangarh Airport),12.6,3,8.7,2540,8541,0,1,"Terminal Road, Near KQH Airport, Ajmer / Kishangarh, India"
1205,CHI,FabHotel Airport Inn (Chhindwara Airport),4.1,5,8.9,2776,4200,1,0,"Terminal Road, Near CHI Airport, Chhindwara, India"
1206,KNU,Radisson Blu Airport (Kanpur Airport),12.8,4,8.6,1286,5795,0,1,"Terminal Road, Near KNU Airport, Kanpur, India"
1207,VZY,Novotel Airport Hotel (Vijayawada Airport),14.1,5,9.1,2112,2638,0,1,"Terminal Road, Near VZY Airport, Vijayawada, India"
1208,DON,ITC Grand Bharat (Bhadrak / Dhamra Airport),14.0,5,8.8,2912,8111,0,1,"Terminal Road, Near DON Airport, Bhadrak / Dhamra, India"
1209,MAA,Ginger Airport Hotel (Chennai Airport),3.5,5,9.5,2173,2971,1,1,"Terminal Road, Near MAA Airport, Chennai, India"
1210,HJR,Hyatt Regency Terminal (Khajuraho Airport),14.2,5,8.6,1914,11670,0,0,"Terminal Road, Near HJR Airport, Khajuraho, India"
1211,BPI,Lemon Tree Premier (Mayurbhanj Airport),5.7,5,9.8,1171,5049,1,1,"Terminal Road, Near BPI Airport, Mayurbhanj, India"
1212,RGD,IBIS Airport Hotel (Raigarh Airport),6.0,3,9.5,2912,8263,1,1,"Terminal Road, Near RGD Airport, Raigarh, India"
1213,SIV,Radisson Blu Airport (Sivasagar Airport),4.0,3,8.5,3799,10702,1,1,"Terminal Road, Near SIV Airport, Sivasagar, India"
1214,REW,FabHotel Airport Inn (Rewa Airport),9.7,3,9.4,851,3160,0,0,"Terminal Road, Near REW Airport, Rewa, India"
1215,IXR,FabHotel Airport Inn (Ranchi Airport),12.9,3,8.5,3475,10122,0,0,"Terminal Road, Near IXR Airport, Ranchi, India"
1216,GAW,ITC Grand Bharat (Guwahati Airport),7.4,3,9.5,2211,9105,1,1,"Terminal Road, Near GAW Airport, Guwahati, India"
1217,PAL,IBIS Airport Hotel (Pali Airport),3.8,5,9.2,1323,8690,1,0,"Terminal Road, Near PAL Airport, Pali, India"
1218,TEZU,Novotel Airport Hotel (Tezu Airport),5.6,4,9.2,3592,10653,1,1,"Terminal Road, Near TEZU Airport, Tezu, India"
1219,VTZ,Novotel Airport Hotel (Visakhapatnam Airport),8.7,5,9.5,250,8898,0,0,"Terminal Road, Near VTZ Airport, Visakhapatnam, India"
1220,IXL,Taj City Centre (Leh (Ladakh) Airport),12.8,4,8.8,3104,11647,0,1,"Terminal Road, Near IXL Airport, Leh (Ladakh), India"
1221,NDC,IBIS Airport Hotel (Nanded Airport),0.9,3,8.4,580,7596,1,1,"Terminal Road, Near NDC Airport, Nanded, India"
1222,DED,ITC Grand Bharat (Dehradun Airport),6.2,5,8.7,2259,4906,1,1,"Terminal Road, Near DED Airport, Dehradun, India"
1223,BDQ,Pride Plaza Hotel (Vadodara Airport),6.5,4,9.4,1976,6190,1,1,"Terminal Road, Near BDQ Airport, Vadodara, India"
1224,JGA,Taj City Centre (Jamnagar Airport),8.4,5,8.9,923,6214,0,1,"Terminal Road, Near JGA Airport, Jamnagar, India"
1225,JRG,FabHotel Airport Inn (Jharsuguda Airport),0.9,5,8.6,3150,3841,1,1,"Terminal Road, Near JRG Airport, Jharsuguda, India"
1226,DHM,Lemon Tree Premier (Dharamshala / Kangra Airport),11.5,5,8.7,782,2719,0,1,"Terminal Road, Near DHM Airport, Dharamshala / Kangra, India"
1227,IXB,OYO Townhouse Airport (Siliguri / Bagdogra Airport),2.1,5,8.1,1302,6165,1,0,"Terminal Road, Near IXB Airport, Siliguri / Bagdogra, India"
1228,ISK,FabHotel Airport Inn (Nashik Airport),5.9,3,9.8,2258,3948,1,0,"Terminal Road, Near ISK Airport, Nashik, India"
1229,SWM,Radisson Blu Airport (Ranthambore / Sawai Madhopur Airport),11.4,5,8.9,1937,7382,0,0,"Terminal Road, Near SWM Airport, Ranthambore / Sawai Madhopur, India"
1230,CFH,Pride Plaza Hotel (Chitrakoot Airport),11.2,3,8.3,1267,11864,0,0,"Terminal Road, Near CFH Airport, Chitrakoot, India"
1231,DGR,IBIS Airport Hotel (Deoghar Airport),13.7,5,8.3,3692,10284,0,1,"Terminal Road, Near DGR Airport, Deoghar, India"
1232,JLR,Lemon Tree Premier (Jabalpur Airport),5.3,4,9.4,1617,8201,1,0,"Terminal Road, Near JLR Airport, Jabalpur, India"
1233,AMRE,Hyatt Regency Terminal (Amreli Airport),12.1,4,9.1,2780,1980,0,0,"Terminal Road, Near AMRE Airport, Amreli, India"
1234,AMR,Pride Plaza Hotel (Amravati Airport),5.4,5,8.9,2900,5014,1,1,"Terminal Road, Near AMR Airport, Amravati, India"
1235,KOR,Trident Airport Hotel (Koraput Airport),14.3,4,8.2,284,2876,0,1,"Terminal Road, Near KOR Airport, Koraput, India"
1236,LGP,Novotel Airport Hotel (Rupsi / Dhubri Airport),0.8,3,8.2,2397,9576,1,0,"Terminal Road, Near LGP Airport, Rupsi / Dhubri, India"
1237,BKN,Hyatt Regency Terminal (Bikaner Airport),4.0,4,8.9,934,2907,1,0,"Terminal Road, Near BKN Airport, Bikaner, India"
1238,DON,Hyatt Regency Terminal (Bhadrak / Dhamra Airport),3.9,5,9.2,2305,7809,1,0,"Terminal Road, Near DON Airport, Bhadrak / Dhamra, India"
1239,SHL,FabHotel Airport Inn (Shillong Airport),7.4,4,8.9,2308,11948,1,1,"Terminal Road, Near SHL Airport, Shillong, India"
1240,VJZ,Radisson Blu Airport (Bhogapuram / Vizianagaram Airport),11.4,4,8.9,1725,8086,0,1,"Terminal Road, Near VJZ Airport, Bhogapuram / Vizianagaram, India"
1241,JGD,ITC Grand Bharat (Jagdalpur Airport),11.2,3,9.1,1546,8987,0,0,"Terminal Road, Near JGD Airport, Jagdalpur, India"
1242,GAW,Pride Plaza Hotel (Guwahati Airport),11.0,5,9.4,1810,12099,0,0,"Terminal Road, Near GAW Airport, Guwahati, India"
1243,RJA,FabHotel Airport Inn (Rajahmundry Airport),2.7,5,9.7,1704,11792,1,0,"Terminal Road, Near RJA Airport, Rajahmundry, India"
1244,ALD,Novotel Airport Hotel (Aligarh Airport),12.1,3,8.9,1985,9523,0,1,"Terminal Road, Near ALD Airport, Aligarh, India"
1245,MUZ,Ginger Airport Hotel (Muzaffarpur Airport),6.6,3,9.2,1766,9613,1,0,"Terminal Road, Near MUZ Airport, Muzaffarpur, India"
1246,MEH,Trident Airport Hotel (Mehsana Airport),11.3,4,8.4,2884,7056,0,1,"Terminal Road, Near MEH Airport, Mehsana, India"
1247,SAH,Taj City Centre (Saharanpur Airport),6.4,4,9.0,1596,5938,1,0,"Terminal Road, Near SAH Airport, Saharanpur, India"
1248,GOP,ITC Grand Bharat (Ganjam / Gopalpur Airport),7.9,3,8.4,910,4099,1,1,"Terminal Road, Near GOP Airport, Ganjam / Gopalpur, India"
1249,IDR,Hyatt Regency Terminal (Indore Airport),10.7,3,9.5,2274,3016,0,1,"Terminal Road, Near IDR Airport, Indore, India"
1250,KAM,Taj City Centre (Kamalpur Airport),8.4,5,9.3,548,5006,0,1,"Terminal Road, Near KAM Airport, Kamalpur, India"
1251,PYG,Pride Plaza Hotel (Gangtok / Pakyong (Sikkim) Airport),4.6,3,8.3,3305,12278,1,0,"Terminal Road, Near PYG Airport, Gangtok / Pakyong (Sikkim), India"
1252,HJR,Pride Plaza Hotel (Khajuraho Airport),0.7,5,8.7,3280,12397,1,0,"Terminal Road, Near HJR Airport, Khajuraho, India"
1253,HJR,Hyatt Regency Terminal (Khajuraho Airport),14.1,4,9.7,3563,6172,0,0,"Terminal Road, Near HJR Airport, Khajuraho, India"
1254,PBN,FabHotel Airport Inn (Parbhani Airport),8.4,5,9.0,3447,10333,0,1,"Terminal Road, Near PBN Airport, Parbhani, India"
1255,RXL,Trident Airport Hotel (Raxaul Airport),6.4,5,8.7,3603,12317,1,1,"Terminal Road, Near RXL Airport, Raxaul, India"
1256,KAP,Novotel Airport Hotel (Kadapa Airport),1.1,5,8.9,3443,6166,1,1,"Terminal Road, Near KAP Airport, Kadapa, India"
1257,MAL,Pride Plaza Hotel (Malda Airport),9.6,3,8.9,2535,10926,0,0,"Terminal Road, Near MAL Airport, Malda, India"
1258,KARN,Radisson Blu Airport (Karnal Airport),7.0,5,8.4,1967,11484,1,0,"Terminal Road, Near KARN Airport, Karnal, India"
1259,SAG,Taj City Centre (Shirdi Airport),6.7,3,9.5,2171,11003,1,1,"Terminal Road, Near SAG Airport, Shirdi, India"
1260,BHU,Novotel Airport Hotel (Bathinda Airport),4.1,5,9.4,1006,11866,1,0,"Terminal Road, Near BHU Airport, Bathinda, India"
1261,AMRE,Novotel Airport Hotel (Amreli Airport),11.8,3,8.8,1566,9287,0,0,"Terminal Road, Near AMRE Airport, Amreli, India"
1262,TIR,Hyatt Regency Terminal (Tirupati Airport),8.2,5,9.4,3490,2525,0,1,"Terminal Road, Near TIR Airport, Tirupati, India"
1263,SRA,Novotel Airport Hotel (Shravasti Airport),10.3,4,9.4,1691,8709,0,1,"Terminal Road, Near SRA Airport, Shravasti, India"
1264,JDH,Novotel Airport Hotel (Jodhpur Airport),5.1,3,8.5,264,8045,1,0,"Terminal Road, Near JDH Airport, Jodhpur, India"
1265,IXG,Radisson Blu Airport (Belagavi Airport),4.7,3,8.7,2168,9053,1,0,"Terminal Road, Near IXG Airport, Belagavi, India"
1266,PAT,Lemon Tree Premier (Patna Airport),1.0,3,9.1,2189,10748,1,1,"Terminal Road, Near PAT Airport, Patna, India"
1267,SXR,Taj City Centre (Srinagar Airport),1.0,5,9.2,1512,5217,1,0,"Terminal Road, Near SXR Airport, Srinagar, India"
1268,CNN,Novotel Airport Hotel (Kannur Airport),14.1,3,9.5,2501,5003,0,1,"Terminal Road, Near CNN Airport, Kannur, India"
1269,CCJ,OYO Townhouse Airport (Kozhikode (Calicut) Airport),9.4,5,8.8,2606,12294,0,1,"Terminal Road, Near CCJ Airport, Kozhikode (Calicut), India"
1270,BOM,OYO Townhouse Airport (Mumbai Airport),11.1,3,9.6,397,11049,0,1,"Terminal Road, Near BOM Airport, Mumbai, India"
1271,PUR,Hyatt Regency Terminal (Purulia Airport),1.6,4,8.9,3598,9454,1,0,"Terminal Road, Near PUR Airport, Purulia, India"
1272,LGP,ITC Grand Bharat (Rupsi / Dhubri Airport),9.2,3,8.6,713,1884,0,1,"Terminal Road, Near LGP Airport, Rupsi / Dhubri, India"
1273,NVY,Novotel Airport Hotel (Neyveli Airport),10.3,5,9.3,2957,3689,0,1,"Terminal Road, Near NVY Airport, Neyveli, India"
1274,CCU,Radisson Blu Airport (Kolkata Airport),2.6,3,8.6,1912,3099,1,1,"Terminal Road, Near CCU Airport, Kolkata, India"
1275,SRA,Hyatt Regency Terminal (Shravasti Airport),1.6,4,9.4,1978,1965,1,0,"Terminal Road, Near SRA Airport, Shravasti, India"
1276,KBK,Taj City Centre (Kushinagar Airport),5.5,4,8.5,3305,10365,1,1,"Terminal Road, Near KBK Airport, Kushinagar, India"
1277,PAL,Hyatt Regency Terminal (Pali Airport),10.5,3,8.6,3787,10227,0,1,"Terminal Road, Near PAL Airport, Pali, India"
1278,DHM,Novotel Airport Hotel (Dharamshala / Kangra Airport),0.7,3,8.5,1056,2791,1,1,"Terminal Road, Near DHM Airport, Dharamshala / Kangra, India"
1279,ALD,Taj City Centre (Aligarh Airport),9.6,5,8.3,387,12027,0,0,"Terminal Road, Near ALD Airport, Aligarh, India"
1280,ANK,ITC Grand Bharat (Ankleshwar Airport),11.9,3,8.6,1348,11328,0,0,"Terminal Road, Near ANK Airport, Ankleshwar, India"
1281,LUD,OYO Townhouse Airport (Ludhiana Airport),10.7,3,9.0,2654,7123,0,1,"Terminal Road, Near LUD Airport, Ludhiana, India"
1282,VNS,OYO Townhouse Airport (Varanasi Airport),3.0,5,8.2,3079,2905,1,1,"Terminal Road, Near VNS Airport, Varanasi, India"
1283,GAY,Taj City Centre (Gaya Airport),3.6,3,8.1,2175,9241,1,1,"Terminal Road, Near GAY Airport, Gaya, India"
1284,PBN,IBIS Airport Hotel (Parbhani Airport),13.8,5,8.6,3265,5805,0,0,"Terminal Road, Near PBN Airport, Parbhani, India"
1285,KAM,Taj City Centre (Kamalpur Airport),6.6,3,8.7,2886,12187,1,0,"Terminal Road, Near KAM Airport, Kamalpur, India"
1286,TRV,Hyatt Regency Terminal (Thiruvananthapuram Airport),9.5,4,8.2,3171,11477,0,0,"Terminal Road, Near TRV Airport, Thiruvananthapuram, India"
1287,BPI,FabHotel Airport Inn (Mayurbhanj Airport),1.2,3,8.8,2786,2339,1,0,"Terminal Road, Near BPI Airport, Mayurbhanj, India"
1288,HSR,IBIS Airport Hotel (Rajkot Airport),11.2,4,8.8,908,9176,0,0,"Terminal Road, Near HSR Airport, Rajkot, India"
1289,PBN,Hyatt Regency Terminal (Parbhani Airport),0.7,5,8.8,2833,6937,1,0,"Terminal Road, Near PBN Airport, Parbhani, India"
1290,NMN,Hyatt Regency Terminal (Neemrana / Alwar Airport),0.8,5,8.1,1294,2030,1,0,"Terminal Road, Near NMN Airport, Neemrana / Alwar, India"
1291,SNE,Ginger Airport Hotel (Singrauli Airport),4.1,3,9.0,1710,5489,1,0,"Terminal Road, Near SNE Airport, Singrauli, India"
1292,MEH,IBIS Airport Hotel (Mehsana Airport),8.9,4,8.8,3426,9378,0,1,"Terminal Road, Near MEH Airport, Mehsana, India"
1293,DHR,ITC Grand Bharat (Dibrugarh Airport),6.6,4,8.9,3703,8835,1,0,"Terminal Road, Near DHR Airport, Dibrugarh, India"
1294,IXS,Hyatt Regency Terminal (Silchar Airport),0.9,3,9.8,2937,9790,1,1,"Terminal Road, Near IXS Airport, Silchar, India"
1295,IXG,Trident Airport Hotel (Belagavi Airport),6.9,4,9.3,2517,2789,1,0,"Terminal Road, Near IXG Airport, Belagavi, India"
1296,MOR,Lemon Tree Premier (Moradabad Airport),3.0,4,8.3,1547,2672,1,0,"Terminal Road, Near MOR Airport, Moradabad, India"
1297,BGP,Hyatt Regency Terminal (Bhagalpur Airport),11.8,3,9.5,924,12322,0,1,"Terminal Road, Near BGP Airport, Bhagalpur, India"
1298,GOP,FabHotel Airport Inn (Ganjam / Gopalpur Airport),13.8,4,9.6,2605,10231,0,0,"Terminal Road, Near GOP Airport, Ganjam / Gopalpur, India"
1299,HSR,FabHotel Airport Inn (Rajkot Airport),14.4,4,9.0,3481,11957,0,0,"Terminal Road, Near HSR Airport, Rajkot, India"
1300,STV,Lemon Tree Premier (Surat Airport),6.8,4,9.0,286,7270,1,1,"Terminal Road, Near STV Airport, Surat, India"
1301,DBR,IBIS Airport Hotel (Darbhanga Airport),10.5,3,9.4,3542,12246,0,0,"Terminal Road, Near DBR Airport, Darbhanga, India"
1302,IMF,OYO Townhouse Airport (Imphal Airport),7.4,3,9.3,1021,4470,1,0,"Terminal Road, Near IMF Airport, Imphal, India"
1303,MEH,Novotel Airport Hotel (Mehsana Airport),13.9,3,8.7,1106,4504,0,1,"Terminal Road, Near MEH Airport, Mehsana, India"
1304,IXA,Taj City Centre (Agartala Airport),14.2,3,8.8,1158,10329,0,0,"Terminal Road, Near IXA Airport, Agartala, India"
1305,ZER,Hyatt Regency Terminal (Ziro Airport),0.6,4,9.3,967,7231,1,0,"Terminal Road, Near ZER Airport, Ziro, India"
1306,AMB,Lemon Tree Premier (Ambikapur Airport),13.4,3,9.8,2201,3564,0,0,"Terminal Road, Near AMB Airport, Ambikapur, India"
1307,IDR,Taj City Centre (Indore Airport),8.5,4,8.7,2578,8076,0,0,"Terminal Road, Near IDR Airport, Indore, India"
1308,BOK,Novotel Airport Hotel (Bokaro Airport),5.5,3,9.1,1950,1845,1,1,"Terminal Road, Near BOK Airport, Bokaro, India"
1309,DON,IBIS Airport Hotel (Bhadrak / Dhamra Airport),2.1,3,9.4,1047,4208,1,0,"Terminal Road, Near DON Airport, Bhadrak / Dhamra, India"
1310,UDR,FabHotel Airport Inn (Udaipur Airport),11.5,4,8.4,452,3817,0,1,"Terminal Road, Near UDR Airport, Udaipur, India"
1311,DEL,Trident Airport Hotel (New Delhi Airport),11.0,5,8.7,715,12451,0,1,"Terminal Road, Near DEL Airport, New Delhi, India"
1312,RXL,OYO Townhouse Airport (Raxaul Airport),6.5,3,9.0,1903,7274,1,1,"Terminal Road, Near RXL Airport, Raxaul, India"
1313,HSS,OYO Townhouse Airport (Hisar Airport),7.7,4,9.3,1638,9215,1,1,"Terminal Road, Near HSS Airport, Hisar, India"
1314,GOP,FabHotel Airport Inn (Ganjam / Gopalpur Airport),6.9,4,9.6,1195,9516,1,1,"Terminal Road, Near GOP Airport, Ganjam / Gopalpur, India"
1315,VDY,Ginger Airport Hotel (Vidyanagar / Ballari Airport),12.3,4,9.0,1494,12434,0,1,"Terminal Road, Near VDY Airport, Vidyanagar / Ballari, India"
1316,KHA,Pride Plaza Hotel (Khandwa Airport),2.2,3,8.3,3751,3925,1,1,"Terminal Road, Near KHA Airport, Khandwa, India"
1317,AGX,ITC Grand Bharat (Agatti Island (Lakshadweep) Airport),11.6,5,8.4,3284,7962,0,0,"Terminal Road, Near AGX Airport, Agatti Island (Lakshadweep), India"
1318,KAI,OYO Townhouse Airport (Kailashahar Airport),5.8,5,9.1,332,11212,1,0,"Terminal Road, Near KAI Airport, Kailashahar, India"
1319,DMU,Pride Plaza Hotel (Dimapur Airport),11.6,4,8.2,3672,2303,0,0,"Terminal Road, Near DMU Airport, Dimapur, India"
1320,VZY,FabHotel Airport Inn (Vijayawada Airport),8.7,4,8.7,1303,7240,0,0,"Terminal Road, Near VZY Airport, Vijayawada, India"
1321,IXC,Trident Airport Hotel (Chandigarh Airport),9.8,4,9.5,2894,8477,0,1,"Terminal Road, Near IXC Airport, Chandigarh, India"
1322,IXC,Pride Plaza Hotel (Chandigarh Airport),10.6,4,9.6,1426,7074,0,1,"Terminal Road, Near IXC Airport, Chandigarh, India"
1323,IXE,Radisson Blu Airport (Mangaluru Airport),11.4,5,9.3,2546,12127,0,0,"Terminal Road, Near IXE Airport, Mangaluru, India"
1324,KQH,Hyatt Regency Terminal (Ajmer / Kishangarh Airport),12.5,4,9.4,2372,2246,0,1,"Terminal Road, Near KQH Airport, Ajmer / Kishangarh, India"
1325,KBK,Taj City Centre (Kushinagar Airport),8.1,5,9.7,2931,6234,0,1,"Terminal Road, Near KBK Airport, Kushinagar, India"
1326,PAT,FabHotel Airport Inn (Patna Airport),12.7,4,8.5,1772,11436,0,1,"Terminal Road, Near PAT Airport, Patna, India"
1327,REW,Hyatt Regency Terminal (Rewa Airport),10.7,4,8.9,1852,2432,0,1,"Terminal Road, Near REW Airport, Rewa, India"
1328,PAT,OYO Townhouse Airport (Patna Airport),4.1,3,8.9,1410,9312,1,0,"Terminal Road, Near PAT Airport, Patna, India"
1329,ALD,Pride Plaza Hotel (Aligarh Airport),3.5,4,9.8,3674,6121,1,0,"Terminal Road, Near ALD Airport, Aligarh, India"
1330,UTK,Pride Plaza Hotel (Kalahandi / Utkela Airport),4.8,4,9.7,1120,8309,1,0,"Terminal Road, Near UTK Airport, Kalahandi / Utkela, India"
1331,TRV,Novotel Airport Hotel (Thiruvananthapuram Airport),3.7,4,9.7,1685,2594,1,0,"Terminal Road, Near TRV Airport, Thiruvananthapuram, India"
1332,DEL,IBIS Airport Hotel (New Delhi Airport),1.5,4,8.4,3164,6062,1,0,"Terminal Road, Near DEL Airport, New Delhi, India"
1333,BHJ,Novotel Airport Hotel (Bhuj (Kutch) Airport),5.4,3,9.8,3017,9274,1,0,"Terminal Road, Near BHJ Airport, Bhuj (Kutch), India"
1334,MZS,Pride Plaza Hotel (Sonbhadra Airport),3.6,5,9.8,2076,6095,1,1,"Terminal Road, Near MZS Airport, Sonbhadra, India"
1335,KOP,Trident Airport Hotel (Kolhapur Airport),10.5,4,9.4,3441,3403,0,1,"Terminal Road, Near KOP Airport, Kolhapur, India"
1336,GWL,ITC Grand Bharat (Gwalior Airport),6.7,5,9.5,1491,5794,1,1,"Terminal Road, Near GWL Airport, Gwalior, India"
1337,BLT,Pride Plaza Hotel (Balurghat Airport),11.4,5,8.8,2058,9405,0,1,"Terminal Road, Near BLT Airport, Balurghat, India"
1338,SNE,Pride Plaza Hotel (Singrauli Airport),10.3,5,9.4,3086,4548,0,0,"Terminal Road, Near SNE Airport, Singrauli, India"
1339,IXA,Radisson Blu Airport (Agartala Airport),14.3,3,8.6,403,5420,0,1,"Terminal Road, Near IXA Airport, Agartala, India"
1340,AKL,Radisson Blu Airport (Akola Airport),4.4,3,9.8,242,7664,1,0,"Terminal Road, Near AKL Airport, Akola, India"
1341,GAW,Radisson Blu Airport (Guwahati Airport),10.0,3,8.8,3078,4760,0,1,"Terminal Road, Near GAW Airport, Guwahati, India"
1342,BKN,FabHotel Airport Inn (Bikaner Airport),2.6,5,9.2,1978,6173,1,1,"Terminal Road, Near BKN Airport, Bikaner, India"
1343,NWP,Ginger Airport Hotel (Pithoragarh Airport),4.7,5,9.6,1684,5462,1,0,"Terminal Road, Near NWP Airport, Pithoragarh, India"
1344,UDR,FabHotel Airport Inn (Udaipur Airport),0.9,4,9.3,751,11053,1,0,"Terminal Road, Near UDR Airport, Udaipur, India"
1345,JRG,Taj City Centre (Jharsuguda Airport),8.7,4,8.5,3768,10283,0,0,"Terminal Road, Near JRG Airport, Jharsuguda, India"
1346,KHO,Taj City Centre (Khowai Airport),1.7,3,9.7,2092,12249,1,1,"Terminal Road, Near KHO Airport, Khowai, India"
1347,AKL,OYO Townhouse Airport (Akola Airport),0.5,3,9.5,239,9255,1,1,"Terminal Road, Near AKL Airport, Akola, India"
1348,GAY,Novotel Airport Hotel (Gaya Airport),2.0,5,9.4,2680,5206,1,0,"Terminal Road, Near GAY Airport, Gaya, India"
1349,JGD,Trident Airport Hotel (Jagdalpur Airport),3.2,4,9.1,266,2325,1,0,"Terminal Road, Near JGD Airport, Jagdalpur, India"
1350,BDQ,Radisson Blu Airport (Vadodara Airport),5.8,4,8.4,3011,4391,1,0,"Terminal Road, Near BDQ Airport, Vadodara, India"
1351,IDR,IBIS Airport Hotel (Indore Airport),0.7,3,8.2,2228,6905,1,1,"Terminal Road, Near IDR Airport, Indore, India"
1352,BLR,Novotel Airport Hotel (Bengaluru Airport),9.8,3,9.2,231,9832,0,0,"Terminal Road, Near BLR Airport, Bengaluru, India"
1353,KHO,Trident Airport Hotel (Khowai Airport),11.3,5,9.4,2550,12113,0,0,"Terminal Road, Near KHO Airport, Khowai, India"
1354,LUD,Ginger Airport Hotel (Ludhiana Airport),13.9,5,8.5,1599,3171,0,0,"Terminal Road, Near LUD Airport, Ludhiana, India"
1355,CHI,Hyatt Regency Terminal (Chhindwara Airport),14.4,5,9.2,1682,5336,0,1,"Terminal Road, Near CHI Airport, Chhindwara, India"
1356,IXP,Novotel Airport Hotel (Pathankot Airport),9.8,3,9.7,689,7604,0,1,"Terminal Road, Near IXP Airport, Pathankot, India"
1357,ROU,Radisson Blu Airport (Rourkela Airport),6.5,4,9.8,1679,11481,1,1,"Terminal Road, Near ROU Airport, Rourkela, India"
1358,GBI,Taj City Centre (Kalaburagi (Gulbarga) Airport),13.9,4,9.3,577,4330,0,0,"Terminal Road, Near GBI Airport, Kalaburagi (Gulbarga), India"
1359,JGD,Hyatt Regency Terminal (Jagdalpur Airport),3.4,5,9.4,3621,11367,1,0,"Terminal Road, Near JGD Airport, Jagdalpur, India"
1360,AMR,Hyatt Regency Terminal (Amravati Airport),7.8,5,9.7,3694,8980,1,0,"Terminal Road, Near AMR Airport, Amravati, India"
1361,IXG,ITC Grand Bharat (Belagavi Airport),8.7,4,9.3,3214,6489,0,0,"Terminal Road, Near IXG Airport, Belagavi, India"
1362,DHR,Taj City Centre (Dibrugarh Airport),7.9,4,8.8,1761,7325,1,1,"Terminal Road, Near DHR Airport, Dibrugarh, India"
1363,PGH,Radisson Blu Airport (Pantnagar / Nainital Airport),5.6,4,9.3,1229,9607,1,0,"Terminal Road, Near PGH Airport, Pantnagar / Nainital, India"
1364,KAI,Hyatt Regency Terminal (Kailashahar Airport),3.5,5,8.9,3658,9180,1,1,"Terminal Road, Near KAI Airport, Kailashahar, India"
1365,TIR,IBIS Airport Hotel (Tirupati Airport),7.2,3,9.6,633,2168,1,0,"Terminal Road, Near TIR Airport, Tirupati, India"
1366,TCR,FabHotel Airport Inn (Thoothukudi (Tuticorin) Airport),9.5,4,8.2,2348,4724,0,1,"Terminal Road, Near TCR Airport, Thoothukudi (Tuticorin), India"
1367,DED,ITC Grand Bharat (Dehradun Airport),5.2,3,9.3,2733,5529,1,1,"Terminal Road, Near DED Airport, Dehradun, India"
1368,AMB,OYO Townhouse Airport (Ambikapur Airport),12.0,3,9.7,833,10375,0,1,"Terminal Road, Near AMB Airport, Ambikapur, India"
1369,KOR,Ginger Airport Hotel (Koraput Airport),6.0,4,9.2,1154,6035,1,1,"Terminal Road, Near KOR Airport, Koraput, India"
1370,MEH,Ginger Airport Hotel (Mehsana Airport),8.8,3,9.4,1644,2669,0,1,"Terminal Road, Near MEH Airport, Mehsana, India"
1371,PAL,OYO Townhouse Airport (Pali Airport),12.4,5,9.7,1667,12452,0,1,"Terminal Road, Near PAL Airport, Pali, India"
1372,VNS,Radisson Blu Airport (Varanasi Airport),10.0,4,9.5,639,3351,0,0,"Terminal Road, Near VNS Airport, Varanasi, India"
1373,NMN,ITC Grand Bharat (Neemrana / Alwar Airport),1.7,3,9.5,2652,11930,1,0,"Terminal Road, Near NMN Airport, Neemrana / Alwar, India"
1374,GOP,IBIS Airport Hotel (Ganjam / Gopalpur Airport),5.3,4,9.5,1882,9399,1,0,"Terminal Road, Near GOP Airport, Ganjam / Gopalpur, India"
1375,COK,FabHotel Airport Inn (Kochi Airport),10.9,5,9.5,3425,11949,0,1,"Terminal Road, Near COK Airport, Kochi, India"
1376,OSB,Pride Plaza Hotel (Dharashiv Airport),12.8,5,9.0,1860,5194,0,0,"Terminal Road, Near OSB Airport, Dharashiv, India"
1377,DHR,Novotel Airport Hotel (Dibrugarh Airport),5.8,5,9.4,2229,11706,1,1,"Terminal Road, Near DHR Airport, Dibrugarh, India"
1378,PBN,OYO Townhouse Airport (Parbhani Airport),3.4,4,8.7,482,11214,1,0,"Terminal Road, Near PBN Airport, Parbhani, India"
1379,VDY,OYO Townhouse Airport (Vidyanagar / Ballari Airport),7.0,3,9.0,2098,10964,1,0,"Terminal Road, Near VDY Airport, Vidyanagar / Ballari, India"
1380,SLV,Taj City Centre (Shimla Airport),9.2,5,9.3,671,9094,0,1,"Terminal Road, Near SLV Airport, Shimla, India"
1381,CKU,Trident Airport Hotel (Chakulia Airport),7.5,3,9.4,3312,12221,1,0,"Terminal Road, Near CKU Airport, Chakulia, India"
1382,JRG,IBIS Airport Hotel (Jharsuguda Airport),7.1,4,8.6,740,1874,1,1,"Terminal Road, Near JRG Airport, Jharsuguda, India"
1383,NAG,Hyatt Regency Terminal (Nagpur Airport),14.3,3,8.8,3138,9114,0,0,"Terminal Road, Near NAG Airport, Nagpur, India"
1384,AMRE,Trident Airport Hotel (Amreli Airport),9.2,5,8.9,2830,6235,0,1,"Terminal Road, Near AMRE Airport, Amreli, India"
1385,BHU,Pride Plaza Hotel (Bathinda Airport),5.1,4,8.8,3111,2364,1,0,"Terminal Road, Near BHU Airport, Bathinda, India"
1386,PNY,Ginger Airport Hotel (Puducherry Airport),4.9,3,8.9,3035,8670,1,0,"Terminal Road, Near PNY Airport, Puducherry, India"
1387,HJR,OYO Townhouse Airport (Khajuraho Airport),12.7,5,8.2,3773,3060,0,0,"Terminal Road, Near HJR Airport, Khajuraho, India"
1388,SAH,Taj City Centre (Saharanpur Airport),8.8,3,8.6,3457,3875,0,0,"Terminal Road, Near SAH Airport, Saharanpur, India"
1389,CKU,IBIS Airport Hotel (Chakulia Airport),3.0,4,8.2,1216,3709,1,0,"Terminal Road, Near CKU Airport, Chakulia, India"
1390,JHW,IBIS Airport Hotel (Jhalawar Airport),7.8,4,9.4,3107,6228,1,0,"Terminal Road, Near JHW Airport, Jhalawar, India"
1391,SDW,FabHotel Airport Inn (Sindhudurg Airport),2.4,5,8.6,140,11182,1,1,"Terminal Road, Near SDW Airport, Sindhudurg, India"
1392,JLR,ITC Grand Bharat (Jabalpur Airport),12.2,3,8.2,3433,6784,0,0,"Terminal Road, Near JLR Airport, Jabalpur, India"
1393,KHO,Taj City Centre (Khowai Airport),5.9,5,9.3,146,11395,1,0,"Terminal Road, Near KHO Airport, Khowai, India"
1394,CFH,Lemon Tree Premier (Chitrakoot Airport),14.0,5,8.2,597,9288,0,0,"Terminal Road, Near CFH Airport, Chitrakoot, India"
1395,TRV,Novotel Airport Hotel (Thiruvananthapuram Airport),1.2,4,9.6,1298,8225,1,0,"Terminal Road, Near TRV Airport, Thiruvananthapuram, India"
1396,IXJ,Pride Plaza Hotel (Jammu Airport),13.5,5,8.2,2539,7252,0,0,"Terminal Road, Near IXJ Airport, Jammu, India"
1397,SXV,IBIS Airport Hotel (Shivamogga Airport),6.3,5,9.4,1086,3535,1,1,"Terminal Road, Near SXV Airport, Shivamogga, India"
1398,AKL,ITC Grand Bharat (Akola Airport),7.9,5,9.1,1457,9208,1,1,"Terminal Road, Near AKL Airport, Akola, India"
1399,UDR,Trident Airport Hotel (Udaipur Airport),8.6,5,8.3,1473,3723,0,1,"Terminal Road, Near UDR Airport, Udaipur, India"
1400,DHM,OYO Townhouse Airport (Dharamshala / Kangra Airport),7.6,5,8.4,1242,4094,1,1,"Terminal Road, Near DHM Airport, Dharamshala / Kangra, India"
1401,BHO,Trident Airport Hotel (Bhopal Airport),7.1,5,8.1,1009,4067,1,0,"Terminal Road, Near BHO Airport, Bhopal, India"
1402,NVM,OYO Townhouse Airport (Navi Mumbai Airport),0.7,3,9.5,183,2376,1,1,"Terminal Road, Near NVM Airport, Navi Mumbai, India"
1403,VDY,Novotel Airport Hotel (Vidyanagar / Ballari Airport),0.8,3,9.1,3252,5596,1,1,"Terminal Road, Near VDY Airport, Vidyanagar / Ballari, India"
1404,MUZ,IBIS Airport Hotel (Muzaffarpur Airport),6.5,3,8.2,3036,4047,1,0,"Terminal Road, Near MUZ Airport, Muzaffarpur, India"
1405,GOX,FabHotel Airport Inn (Goa (Mopa) Airport),5.9,4,9.1,922,3862,1,1,"Terminal Road, Near GOX Airport, Goa (Mopa), India"
1406,SSE,Radisson Blu Airport (Solapur Airport),9.7,3,9.5,856,5123,0,1,"Terminal Road, Near SSE Airport, Solapur, India"
1407,SDW,Taj City Centre (Sindhudurg Airport),12.1,4,9.6,714,4348,0,1,"Terminal Road, Near SDW Airport, Sindhudurg, India"
1408,RKG,Trident Airport Hotel (Durgapur Airport),6.0,3,8.5,3720,3316,1,1,"Terminal Road, Near RKG Airport, Durgapur, India"
1409,AYJ,Radisson Blu Airport (Ayodhya Airport),11.5,4,8.7,3537,10241,0,0,"Terminal Road, Near AYJ Airport, Ayodhya, India"
1410,AMRE,Hyatt Regency Terminal (Amreli Airport),9.9,3,9.5,3038,2025,0,1,"Terminal Road, Near AMRE Airport, Amreli, India"
1411,KJB,ITC Grand Bharat (Kurnool (Orvakal) Airport),9.5,4,8.4,1682,5495,0,0,"Terminal Road, Near KJB Airport, Kurnool (Orvakal), India"
1412,SXR,Taj City Centre (Srinagar Airport),3.6,5,9.3,3014,11966,1,0,"Terminal Road, Near SXR Airport, Srinagar, India"
1413,BLR,IBIS Airport Hotel (Bengaluru Airport),11.1,5,8.8,1103,8697,0,1,"Terminal Road, Near BLR Airport, Bengaluru, India"
1414,KAR,Hyatt Regency Terminal (Karad / Satara Airport),1.6,4,8.1,2215,3478,1,0,"Terminal Road, Near KAR Airport, Karad / Satara, India"
1415,DGR,Taj City Centre (Deoghar Airport),5.9,4,9.1,160,4295,1,1,"Terminal Road, Near DGR Airport, Deoghar, India"
1416,CJB,OYO Townhouse Airport (Coimbatore Airport),12.3,3,8.2,934,6791,0,1,"Terminal Road, Near CJB Airport, Coimbatore, India"
1417,SIV,Hyatt Regency Terminal (Sivasagar Airport),8.0,5,9.0,3260,11220,0,0,"Terminal Road, Near SIV Airport, Sivasagar, India"
1418,DHM,FabHotel Airport Inn (Dharamshala / Kangra Airport),12.1,4,8.3,3000,12341,0,0,"Terminal Road, Near DHM Airport, Dharamshala / Kangra, India"
1419,GAW,Hyatt Regency Terminal (Guwahati Airport),6.6,3,8.9,1855,8994,1,1,"Terminal Road, Near GAW Airport, Guwahati, India"
1420,JLG,Hyatt Regency Terminal (Jalgaon Airport),5.9,4,8.7,2283,11327,1,1,"Terminal Road, Near JLG Airport, Jalgaon, India"
1421,AMRE,Trident Airport Hotel (Amreli Airport),4.8,5,8.9,2221,3243,1,0,"Terminal Road, Near AMRE Airport, Amreli, India"
1422,DMU,Radisson Blu Airport (Dimapur Airport),9.9,4,8.2,3617,4211,0,1,"Terminal Road, Near DMU Airport, Dimapur, India"
1423,SIV,Ginger Airport Hotel (Sivasagar Airport),9.7,4,8.8,3263,4321,0,0,"Terminal Road, Near SIV Airport, Sivasagar, India"
1424,DON,Pride Plaza Hotel (Bhadrak / Dhamra Airport),12.9,5,9.5,2889,10405,0,1,"Terminal Road, Near DON Airport, Bhadrak / Dhamra, India"
1425,IXT,OYO Townhouse Airport (Pasighat Airport),0.5,4,9.0,1660,10231,1,0,"Terminal Road, Near IXT Airport, Pasighat, India"
1426,HSR,IBIS Airport Hotel (Rajkot Airport),12.8,5,9.3,2736,4932,0,0,"Terminal Road, Near HSR Airport, Rajkot, India"
1427,GAW,IBIS Airport Hotel (Guwahati Airport),3.1,4,8.7,1230,8503,1,1,"Terminal Road, Near GAW Airport, Guwahati, India"
1428,KUU,Lemon Tree Premier (Kullu / Manali Airport),6.6,5,8.4,3353,11072,1,0,"Terminal Road, Near KUU Airport, Kullu / Manali, India"
1429,CHI,IBIS Airport Hotel (Chhindwara Airport),1.5,3,9.3,2488,4229,1,1,"Terminal Road, Near CHI Airport, Chhindwara, India"
1430,SLV,OYO Townhouse Airport (Shimla Airport),12.1,5,8.2,252,1902,0,0,"Terminal Road, Near SLV Airport, Shimla, India"
1431,PAT,Trident Airport Hotel (Patna Airport),8.3,4,8.3,1065,6976,0,1,"Terminal Road, Near PAT Airport, Patna, India"
1432,VNS,FabHotel Airport Inn (Varanasi Airport),1.9,4,8.1,1528,6402,1,1,"Terminal Road, Near VNS Airport, Varanasi, India"
1433,PUI,Lemon Tree Premier (Purnea Airport),3.7,4,9.4,1062,12321,1,0,"Terminal Road, Near PUI Airport, Purnea, India"
1434,JHW,Lemon Tree Premier (Jhalawar Airport),8.7,5,8.7,1281,9624,0,1,"Terminal Road, Near JHW Airport, Jhalawar, India"
1435,AMRE,IBIS Airport Hotel (Amreli Airport),5.0,4,8.6,1381,6828,1,1,"Terminal Road, Near AMRE Airport, Amreli, India"
1436,KARN,Radisson Blu Airport (Karnal Airport),9.4,3,9.5,1882,8992,0,1,"Terminal Road, Near KARN Airport, Karnal, India"
1437,LGP,FabHotel Airport Inn (Rupsi / Dhubri Airport),3.6,4,9.0,1535,6360,1,0,"Terminal Road, Near LGP Airport, Rupsi / Dhubri, India"
1438,NPL,Trident Airport Hotel (Narnaul Airport),8.2,3,8.5,3412,10392,0,0,"Terminal Road, Near NPL Airport, Narnaul, India"
1439,BOM,Taj City Centre (Mumbai Airport),5.0,3,9.5,1874,11931,1,0,"Terminal Road, Near BOM Airport, Mumbai, India"
1440,DHM,Radisson Blu Airport (Dharamshala / Kangra Airport),10.5,3,9.7,2108,2734,0,1,"Terminal Road, Near DHM Airport, Dharamshala / Kangra, India"
1441,MEH,Taj City Centre (Mehsana Airport),5.8,4,8.4,3226,2830,1,1,"Terminal Road, Near MEH Airport, Mehsana, India"
1442,NMN,Lemon Tree Premier (Neemrana / Alwar Airport),7.3,4,9.1,3482,6755,1,1,"Terminal Road, Near NMN Airport, Neemrana / Alwar, India"
1443,ALD,Radisson Blu Airport (Aligarh Airport),2.6,4,8.9,2158,3664,1,0,"Terminal Road, Near ALD Airport, Aligarh, India"
1444,BOK,ITC Grand Bharat (Bokaro Airport),1.7,3,8.7,950,3740,1,1,"Terminal Road, Near BOK Airport, Bokaro, India"
1445,KOP,Pride Plaza Hotel (Kolhapur Airport),14.2,4,9.5,666,11598,0,1,"Terminal Road, Near KOP Airport, Kolhapur, India"
1446,AMRE,Novotel Airport Hotel (Amreli Airport),14.1,3,9.5,2106,2891,0,1,"Terminal Road, Near AMRE Airport, Amreli, India"
1447,SWM,IBIS Airport Hotel (Ranthambore / Sawai Madhopur Airport),6.6,4,9.0,2038,11182,1,1,"Terminal Road, Near SWM Airport, Ranthambore / Sawai Madhopur, India"
1448,AKL,OYO Townhouse Airport (Akola Airport),3.6,3,9.7,2702,4084,1,0,"Terminal Road, Near AKL Airport, Akola, India"
1449,NVM,Ginger Airport Hotel (Navi Mumbai Airport),6.3,3,9.0,1323,6188,1,1,"Terminal Road, Near NVM Airport, Navi Mumbai, India"
1450,MAA,Hyatt Regency Terminal (Chennai Airport),8.2,5,8.3,268,3105,0,0,"Terminal Road, Near MAA Airport, Chennai, India"
1451,KARN,Lemon Tree Premier (Karnal Airport),6.9,4,8.3,3297,1812,1,1,"Terminal Road, Near KARN Airport, Karnal, India"
1452,HSS,OYO Townhouse Airport (Hisar Airport),1.6,4,9.1,1020,3804,1,1,"Terminal Road, Near HSS Airport, Hisar, India"
1453,UDR,IBIS Airport Hotel (Udaipur Airport),6.3,5,9.5,3637,3742,1,1,"Terminal Road, Near UDR Airport, Udaipur, India"
1454,SAH,Trident Airport Hotel (Saharanpur Airport),10.9,4,9.1,370,10593,0,1,"Terminal Road, Near SAH Airport, Saharanpur, India"
1455,HIR,Lemon Tree Premier (Sambalpur Airport),13.6,3,9.5,3252,2562,0,0,"Terminal Road, Near HIR Airport, Sambalpur, India"
1456,SLN,Trident Airport Hotel (Sultanpur Airport),3.7,3,9.0,201,12150,1,1,"Terminal Road, Near SLN Airport, Sultanpur, India"
1457,KBK,Ginger Airport Hotel (Kushinagar Airport),9.7,3,8.6,3503,6218,0,1,"Terminal Road, Near KBK Airport, Kushinagar, India"
1458,REW,Hyatt Regency Terminal (Rewa Airport),10.8,5,8.5,2469,10083,0,0,"Terminal Road, Near REW Airport, Rewa, India"
1459,UDR,IBIS Airport Hotel (Udaipur Airport),11.6,5,8.6,3090,10819,0,0,"Terminal Road, Near UDR Airport, Udaipur, India"
1460,RKG,Novotel Airport Hotel (Durgapur Airport),2.5,4,8.4,1934,2944,1,1,"Terminal Road, Near RKG Airport, Durgapur, India"
1461,IXZ,Taj City Centre (Port Blair (Andaman) Airport),5.8,3,8.5,2109,12359,1,1,"Terminal Road, Near IXZ Airport, Port Blair (Andaman), India"
1462,IXZ,Pride Plaza Hotel (Port Blair (Andaman) Airport),3.8,5,8.7,2527,11322,1,1,"Terminal Road, Near IXZ Airport, Port Blair (Andaman), India"
1463,AMH,Novotel Airport Hotel (Azamgarh Airport),1.8,4,8.5,1743,3676,1,0,"Terminal Road, Near AMH Airport, Azamgarh, India"
1464,LAT,FabHotel Airport Inn (Latur Airport),13.6,5,9.4,3243,5193,0,1,"Terminal Road, Near LAT Airport, Latur, India"
1465,AMR,FabHotel Airport Inn (Amravati Airport),2.9,3,9.1,3352,7603,1,1,"Terminal Road, Near AMR Airport, Amravati, India"
1466,KARN,Ginger Airport Hotel (Karnal Airport),12.3,5,9.4,2137,9918,0,0,"Terminal Road, Near KARN Airport, Karnal, India"
1467,AMH,FabHotel Airport Inn (Azamgarh Airport),3.5,4,9.0,2033,10576,1,1,"Terminal Road, Near AMH Airport, Azamgarh, India"
1468,DHR,OYO Townhouse Airport (Dibrugarh Airport),11.9,5,8.9,2441,6671,0,0,"Terminal Road, Near DHR Airport, Dibrugarh, India"
1469,NPL,Hyatt Regency Terminal (Narnaul Airport),7.3,5,8.5,484,5745,1,0,"Terminal Road, Near NPL Airport, Narnaul, India"
1470,GBI,Taj City Centre (Kalaburagi (Gulbarga) Airport),13.9,4,9.0,299,7789,0,0,"Terminal Road, Near GBI Airport, Kalaburagi (Gulbarga), India"
1471,KOR,Lemon Tree Premier (Koraput Airport),8.8,5,9.0,1186,8381,0,0,"Terminal Road, Near KOR Airport, Koraput, India"
1472,KNU,FabHotel Airport Inn (Kanpur Airport),5.9,3,8.8,2607,11789,1,0,"Terminal Road, Near KNU Airport, Kanpur, India"
1473,MEH,Hyatt Regency Terminal (Mehsana Airport),1.0,4,8.1,351,2303,1,1,"Terminal Road, Near MEH Airport, Mehsana, India"
1474,IXJ,Radisson Blu Airport (Jammu Airport),11.2,5,9.7,3632,3635,0,1,"Terminal Road, Near IXJ Airport, Jammu, India"
1475,ZER,ITC Grand Bharat (Ziro Airport),14.0,3,8.3,1116,7943,0,0,"Terminal Road, Near ZER Airport, Ziro, India"
1476,HYD,OYO Townhouse Airport (Hyderabad Airport),12.5,5,8.3,1870,3141,0,1,"Terminal Road, Near HYD Airport, Hyderabad, India"
1477,KHO,OYO Townhouse Airport (Khowai Airport),11.4,3,9.6,2735,7239,0,0,"Terminal Road, Near KHO Airport, Khowai, India"
1478,HIR,Trident Airport Hotel (Sambalpur Airport),6.9,5,9.3,3451,5347,1,1,"Terminal Road, Near HIR Airport, Sambalpur, India"
1479,JGA,Ginger Airport Hotel (Jamnagar Airport),10.5,3,8.4,392,12145,0,1,"Terminal Road, Near JGA Airport, Jamnagar, India"
1480,JGD,Novotel Airport Hotel (Jagdalpur Airport),14.1,3,8.9,1056,11647,0,1,"Terminal Road, Near JGD Airport, Jagdalpur, India"
1481,DHM,Pride Plaza Hotel (Dharamshala / Kangra Airport),11.4,4,9.1,2344,6944,0,0,"Terminal Road, Near DHM Airport, Dharamshala / Kangra, India"
1482,TCR,OYO Townhouse Airport (Thoothukudi (Tuticorin) Airport),1.5,4,8.7,1203,5098,1,1,"Terminal Road, Near TCR Airport, Thoothukudi (Tuticorin), India"
1483,CHI,IBIS Airport Hotel (Chhindwara Airport),4.4,3,8.4,3276,6731,1,1,"Terminal Road, Near CHI Airport, Chhindwara, India"
1484,HSR,Trident Airport Hotel (Rajkot Airport),4.1,3,9.2,2101,3890,1,1,"Terminal Road, Near HSR Airport, Rajkot, India"
1485,PYB,Hyatt Regency Terminal (Jeypore Airport),6.9,4,9.0,1144,11859,1,0,"Terminal Road, Near PYB Airport, Jeypore, India"
1486,JDH,Hyatt Regency Terminal (Jodhpur Airport),12.4,4,9.1,1829,7506,0,0,"Terminal Road, Near JDH Airport, Jodhpur, India"
1487,CHI,ITC Grand Bharat (Chhindwara Airport),10.2,3,9.2,1572,8755,0,0,"Terminal Road, Near CHI Airport, Chhindwara, India"
1488,SLV,Pride Plaza Hotel (Shimla Airport),0.6,4,8.7,3461,11775,1,0,"Terminal Road, Near SLV Airport, Shimla, India"
1489,SIH,Radisson Blu Airport (Sirohi Airport),6.4,3,9.0,3710,10582,1,1,"Terminal Road, Near SIH Airport, Sirohi, India"
1490,PNQ,Ginger Airport Hotel (Pune Airport),6.9,3,9.3,2017,7216,1,1,"Terminal Road, Near PNQ Airport, Pune, India"
1491,PAT,FabHotel Airport Inn (Patna Airport),2.6,3,9.0,1000,8005,1,0,"Terminal Road, Near PAT Airport, Patna, India"
1492,AMRE,Taj City Centre (Amreli Airport),9.1,4,8.1,553,12398,0,0,"Terminal Road, Near AMRE Airport, Amreli, India"
1493,NVM,ITC Grand Bharat (Navi Mumbai Airport),2.5,3,9.1,2330,3263,1,0,"Terminal Road, Near NVM Airport, Navi Mumbai, India"
1494,RMD,Ginger Airport Hotel (Ratnagiri Airport),13.4,5,9.7,1574,3879,0,0,"Terminal Road, Near RMD Airport, Ratnagiri, India"
1495,AGX,Trident Airport Hotel (Agatti Island (Lakshadweep) Airport),2.0,3,9.3,1646,3407,1,1,"Terminal Road, Near AGX Airport, Agatti Island (Lakshadweep), India"
1496,NMN,Trident Airport Hotel (Neemrana / Alwar Airport),2.0,4,9.7,1905,5065,1,1,"Terminal Road, Near NMN Airport, Neemrana / Alwar, India"
1497,RGD,Hyatt Regency Terminal (Raigarh Airport),6.5,5,9.3,3782,2517,1,0,"Terminal Road, Near RGD Airport, Raigarh, India"
1498,DON,IBIS Airport Hotel (Bhadrak / Dhamra Airport),10.6,5,9.8,3776,11894,0,1,"Terminal Road, Near DON Airport, Bhadrak / Dhamra, India"
1499,CCU,Taj City Centre (Kolkata Airport),0.9,4,9.3,2118,5236,1,0,"Terminal Road, Near CCU Airport, Kolkata, India"
1500,GON,Pride Plaza Hotel (Gondia Airport),4.0,4,9.3,706,11020,1,1,"Terminal Road, Near GON Airport, Gondia, India"
1501,VZY,Lemon Tree Premier (Vijayawada Airport),1.7,4,9.4,3005,6286,1,1,"Terminal Road, Near VZY Airport, Vijayawada, India"
1502,KAI,Trident Airport Hotel (Kailashahar Airport),7.4,3,9.6,3669,2443,1,0,"Terminal Road, Near KAI Airport, Kailashahar, India"
1503,KNU,Ginger Airport Hotel (Kanpur Airport),11.5,4,9.0,2992,11420,0,0,"Terminal Road, Near KNU Airport, Kanpur, India"
1504,BVC,Trident Airport Hotel (Bhavnagar Airport),6.8,3,9.0,2017,3694,1,1,"Terminal Road, Near BVC Airport, Bhavnagar, India"
1505,BDQ,Pride Plaza Hotel (Vadodara Airport),8.6,5,9.7,2137,5881,0,1,"Terminal Road, Near BDQ Airport, Vadodara, India"
1506,COK,Lemon Tree Premier (Kochi Airport),6.4,5,8.8,2386,3048,1,1,"Terminal Road, Near COK Airport, Kochi, India"
1507,DHM,Hyatt Regency Terminal (Dharamshala / Kangra Airport),2.7,4,8.9,3188,8383,1,1,"Terminal Road, Near DHM Airport, Dharamshala / Kangra, India"
1508,DHR,Hyatt Regency Terminal (Dibrugarh Airport),14.1,3,8.5,3598,9157,0,0,"Terminal Road, Near DHR Airport, Dibrugarh, India"
1509,ROU,Hyatt Regency Terminal (Rourkela Airport),6.5,5,8.2,923,7433,1,1,"Terminal Road, Near ROU Airport, Rourkela, India"
1510,GOX,Pride Plaza Hotel (Goa (Mopa) Airport),12.2,4,8.6,3595,4479,0,1,"Terminal Road, Near GOX Airport, Goa (Mopa), India"
1511,BHO,Lemon Tree Premier (Bhopal Airport),9.3,5,8.7,1935,6594,0,0,"Terminal Road, Near BHO Airport, Bhopal, India"
1512,AJL,Hyatt Regency Terminal (Aizawl Airport),6.5,3,9.7,3256,12428,1,1,"Terminal Road, Near AJL Airport, Aizawl, India"
1513,BLR,IBIS Airport Hotel (Bengaluru Airport),12.0,5,9.4,2661,7351,0,0,"Terminal Road, Near BLR Airport, Bengaluru, India"
1514,BOK,Pride Plaza Hotel (Bokaro Airport),14.1,3,8.2,2718,2240,0,0,"Terminal Road, Near BOK Airport, Bokaro, India"
1515,PGH,Hyatt Regency Terminal (Pantnagar / Nainital Airport),4.3,3,8.3,1785,5256,1,0,"Terminal Road, Near PGH Airport, Pantnagar / Nainital, India"
1516,WGC,Taj City Centre (Warangal Airport),8.7,5,8.9,3565,2704,0,1,"Terminal Road, Near WGC Airport, Warangal, India"
1517,BOM,FabHotel Airport Inn (Mumbai Airport),6.0,3,8.9,1227,12077,1,1,"Terminal Road, Near BOM Airport, Mumbai, India"
1518,IXB,IBIS Airport Hotel (Siliguri / Bagdogra Airport),0.9,3,8.7,2898,2907,1,0,"Terminal Road, Near IXB Airport, Siliguri / Bagdogra, India"
1519,LAT,Lemon Tree Premier (Latur Airport),6.4,3,9.3,2382,8329,1,0,"Terminal Road, Near LAT Airport, Latur, India"
1520,DEL,FabHotel Airport Inn (New Delhi Airport),12.0,5,9.3,1683,7615,0,1,"Terminal Road, Near DEL Airport, New Delhi, India"
1521,JGD,Ginger Airport Hotel (Jagdalpur Airport),5.6,3,8.6,1176,6861,1,0,"Terminal Road, Near JGD Airport, Jagdalpur, India"
1522,NAG,FabHotel Airport Inn (Nagpur Airport),2.7,3,9.6,3316,11995,1,0,"Terminal Road, Near NAG Airport, Nagpur, India"
1523,PNV,Hyatt Regency Terminal (Porbandar Airport),10.9,5,9.0,651,5098,0,1,"Terminal Road, Near PNV Airport, Porbandar, India"
1524,KOR,Trident Airport Hotel (Koraput Airport),7.5,5,8.1,2275,8839,1,1,"Terminal Road, Near KOR Airport, Koraput, India"
1525,NPL,Hyatt Regency Terminal (Narnaul Airport),4.8,4,9.2,388,9900,1,0,"Terminal Road, Near NPL Airport, Narnaul, India"
1526, سات,Pride Plaza Hotel (Satna Airport),12.5,3,8.3,2254,4055,0,1,"Terminal Road, Near  سات Airport, Satna, India"
1527,SXR,ITC Grand Bharat (Srinagar Airport),2.8,5,8.2,3664,3543,1,0,"Terminal Road, Near SXR Airport, Srinagar, India"
1528,KHO,Lemon Tree Premier (Khowai Airport),12.5,5,9.8,3067,9951,0,1,"Terminal Road, Near KHO Airport, Khowai, India"
1529,SIH,Hyatt Regency Terminal (Sirohi Airport),5.2,3,9.6,1314,4165,1,0,"Terminal Road, Near SIH Airport, Sirohi, India"
1530,BLR,Taj City Centre (Bengaluru Airport),7.9,3,9.2,1340,5704,1,1,"Terminal Road, Near BLR Airport, Bengaluru, India"
1531,KUU,FabHotel Airport Inn (Kullu / Manali Airport),9.0,4,8.7,3533,2483,0,0,"Terminal Road, Near KUU Airport, Kullu / Manali, India"
1532,SHL,Hyatt Regency Terminal (Shillong Airport),10.8,3,8.9,850,11390,0,1,"Terminal Road, Near SHL Airport, Shillong, India"
1533,BGP,Radisson Blu Airport (Bhagalpur Airport),5.2,4,9.1,2933,3863,1,1,"Terminal Road, Near BGP Airport, Bhagalpur, India"
1534,RXL,Ginger Airport Hotel (Raxaul Airport),1.7,3,8.7,2305,5646,1,0,"Terminal Road, Near RXL Airport, Raxaul, India"
1535,UTK,Trident Airport Hotel (Kalahandi / Utkela Airport),9.7,5,9.0,810,10342,0,0,"Terminal Road, Near UTK Airport, Kalahandi / Utkela, India"
1536,HYD,FabHotel Airport Inn (Hyderabad Airport),5.8,4,9.5,677,6404,1,0,"Terminal Road, Near HYD Airport, Hyderabad, India"
1537,NVM,Lemon Tree Premier (Navi Mumbai Airport),13.9,3,9.4,3382,12378,0,1,"Terminal Road, Near NVM Airport, Navi Mumbai, India"
1538,IXW,Ginger Airport Hotel (Jamshedpur Airport),9.7,3,9.4,1944,10183,0,1,"Terminal Road, Near IXW Airport, Jamshedpur, India"
1539,YTL,Trident Airport Hotel (Yavatmal Airport),3.5,5,8.6,2322,5342,1,1,"Terminal Road, Near YTL Airport, Yavatmal, India"
1540,RXL,Radisson Blu Airport (Raxaul Airport),12.4,5,8.2,690,3285,0,0,"Terminal Road, Near RXL Airport, Raxaul, India"
1541,CNN,Radisson Blu Airport (Kannur Airport),11.9,5,9.1,813,5988,0,1,"Terminal Road, Near CNN Airport, Kannur, India"
1542,DHM,Lemon Tree Premier (Dharamshala / Kangra Airport),0.9,5,9.5,3719,4261,1,1,"Terminal Road, Near DHM Airport, Dharamshala / Kangra, India"
1543,PNV,Novotel Airport Hotel (Porbandar Airport),11.2,4,9.7,2901,3825,0,1,"Terminal Road, Near PNV Airport, Porbandar, India"
1544,AMD,Pride Plaza Hotel (Ahmedabad Airport),0.5,4,8.4,3353,3982,1,1,"Terminal Road, Near AMD Airport, Ahmedabad, India"
1545,ROU,FabHotel Airport Inn (Rourkela Airport),1.0,4,8.9,1216,11659,1,1,"Terminal Road, Near ROU Airport, Rourkela, India"
1546,PINJ,FabHotel Airport Inn (Panchkula / Pinjore Airport),2.4,5,8.1,2243,7680,1,1,"Terminal Road, Near PINJ Airport, Panchkula / Pinjore, India"
1547,ZER,Taj City Centre (Ziro Airport),1.7,4,8.8,1691,2130,1,0,"Terminal Road, Near ZER Airport, Ziro, India"
1548,HJR,Radisson Blu Airport (Khajuraho Airport),12.8,4,9.8,2194,6892,0,1,"Terminal Road, Near HJR Airport, Khajuraho, India"
1549,IXM,FabHotel Airport Inn (Madurai Airport),7.7,5,8.7,3659,5891,1,0,"Terminal Road, Near IXM Airport, Madurai, India"
1550,AGR,Pride Plaza Hotel (Agra Airport),13.2,3,9.3,3601,5439,0,1,"Terminal Road, Near AGR Airport, Agra, India"
1551,TEZU,IBIS Airport Hotel (Tezu Airport),3.3,3,9.4,493,3213,1,1,"Terminal Road, Near TEZU Airport, Tezu, India"
1552,RXL,Taj City Centre (Raxaul Airport),3.1,4,8.6,3398,7950,1,0,"Terminal Road, Near RXL Airport, Raxaul, India"
1553,TEZ,ITC Grand Bharat (Tezpur Airport),4.3,5,9.3,2404,7097,1,0,"Terminal Road, Near TEZ Airport, Tezpur, India"
1554,IXU,Taj City Centre (Chhatrapati Sambhaji Nagar (Aurangabad) Airport),6.3,5,9.7,2385,2091,1,1,"Terminal Road, Near IXU Airport, Chhatrapati Sambhaji Nagar (Aurangabad), India"
1555,GOX,ITC Grand Bharat (Goa (Mopa) Airport),11.3,5,9.2,2590,3959,0,0,"Terminal Road, Near GOX Airport, Goa (Mopa), India"
1556,NDC,Novotel Airport Hotel (Nanded Airport),8.1,5,9.4,569,7511,0,0,"Terminal Road, Near NDC Airport, Nanded, India"
1557,RGD,Ginger Airport Hotel (Raigarh Airport),4.0,5,8.2,2726,10983,1,1,"Terminal Road, Near RGD Airport, Raigarh, India"
1558,CHI,Lemon Tree Premier (Chhindwara Airport),8.5,3,9.0,1186,5578,0,0,"Terminal Road, Near CHI Airport, Chhindwara, India"
1559,UTK,Radisson Blu Airport (Kalahandi / Utkela Airport),9.0,4,8.8,2920,2093,0,1,"Terminal Road, Near UTK Airport, Kalahandi / Utkela, India"
1560,SDW,FabHotel Airport Inn (Sindhudurg Airport),12.4,5,9.1,3200,6219,0,0,"Terminal Road, Near SDW Airport, Sindhudurg, India"
1561,IXS,Hyatt Regency Terminal (Silchar Airport),9.9,4,9.0,3438,4252,0,0,"Terminal Road, Near IXS Airport, Silchar, India"
1562,IXB,ITC Grand Bharat (Siliguri / Bagdogra Airport),10.1,5,9.6,1475,3177,0,1,"Terminal Road, Near IXB Airport, Siliguri / Bagdogra, India"
1563,ISK,Trident Airport Hotel (Nashik Airport),3.3,5,8.8,1099,11382,1,1,"Terminal Road, Near ISK Airport, Nashik, India"
1564,NVY,Novotel Airport Hotel (Neyveli Airport),1.9,4,8.3,1425,8692,1,1,"Terminal Road, Near NVY Airport, Neyveli, India"
1565,RAT,Radisson Blu Airport (Ratlam Airport),14.0,4,9.2,2252,8238,0,0,"Terminal Road, Near RAT Airport, Ratlam, India"
1566,PAL,Novotel Airport Hotel (Pali Airport),1.4,5,9.6,458,3633,1,1,"Terminal Road, Near PAL Airport, Pali, India"
1567,NVM,OYO Townhouse Airport (Navi Mumbai Airport),4.0,4,8.6,3483,9909,1,1,"Terminal Road, Near NVM Airport, Navi Mumbai, India"
1568,DUM,Ginger Airport Hotel (Dumka Airport),5.1,4,8.8,2130,12033,1,0,"Terminal Road, Near DUM Airport, Dumka, India"
1569,MRA,Ginger Airport Hotel (Noida / Jewar Airport),13.6,5,8.2,333,4910,0,0,"Terminal Road, Near MRA Airport, Noida / Jewar, India"
1570,GWL,Ginger Airport Hotel (Gwalior Airport),9.4,4,8.2,3643,8784,0,0,"Terminal Road, Near GWL Airport, Gwalior, India"
1571,NVY,Taj City Centre (Neyveli Airport),2.2,4,9.5,1720,12486,1,1,"Terminal Road, Near NVY Airport, Neyveli, India"
1572,LKO,Novotel Airport Hotel (Lucknow Airport),12.5,4,8.4,2373,2752,0,0,"Terminal Road, Near LKO Airport, Lucknow, India"
1573,LKO,ITC Grand Bharat (Lucknow Airport),7.1,4,8.4,3185,3493,1,0,"Terminal Road, Near LKO Airport, Lucknow, India"
1574,NWP,FabHotel Airport Inn (Pithoragarh Airport),9.8,3,9.8,3724,6702,0,1,"Terminal Road, Near NWP Airport, Pithoragarh, India"
1575,SXR,IBIS Airport Hotel (Srinagar Airport),6.7,3,9.6,1027,2418,1,0,"Terminal Road, Near SXR Airport, Srinagar, India"
1576,IXS,Taj City Centre (Silchar Airport),2.4,4,8.5,2237,5447,1,1,"Terminal Road, Near IXS Airport, Silchar, India"
1577,GBI,IBIS Airport Hotel (Kalaburagi (Gulbarga) Airport),12.1,3,8.5,2685,6492,0,0,"Terminal Road, Near GBI Airport, Kalaburagi (Gulbarga), India"
1578,ROU,IBIS Airport Hotel (Rourkela Airport),4.6,3,9.2,3655,10843,1,0,"Terminal Road, Near ROU Airport, Rourkela, India"
1579,RMD,OYO Townhouse Airport (Ratnagiri Airport),6.8,4,9.8,2754,4558,1,0,"Terminal Road, Near RMD Airport, Ratnagiri, India"
1580,NDC,ITC Grand Bharat (Nanded Airport),13.3,4,8.7,3146,9057,0,1,"Terminal Road, Near NDC Airport, Nanded, India"
1581,TRV,ITC Grand Bharat (Thiruvananthapuram Airport),3.6,3,9.0,1100,11237,1,1,"Terminal Road, Near TRV Airport, Thiruvananthapuram, India"
1582,DEL,FabHotel Airport Inn (New Delhi Airport),11.3,3,8.7,1133,5928,0,1,"Terminal Road, Near DEL Airport, New Delhi, India"
1583,VTZ,Hyatt Regency Terminal (Visakhapatnam Airport),13.5,5,8.3,2301,9406,0,0,"Terminal Road, Near VTZ Airport, Visakhapatnam, India"
1584,BGP,Ginger Airport Hotel (Bhagalpur Airport),4.8,3,8.4,3071,6044,1,0,"Terminal Road, Near BGP Airport, Bhagalpur, India"
1585,DON,Trident Airport Hotel (Bhadrak / Dhamra Airport),6.1,4,9.0,3159,5133,1,1,"Terminal Road, Near DON Airport, Bhadrak / Dhamra, India"
1586,UTL,Novotel Airport Hotel (Barmer Airport),6.8,5,8.6,1632,1923,1,0,"Terminal Road, Near UTL Airport, Barmer, India"
1587,JLG,IBIS Airport Hotel (Jalgaon Airport),12.6,4,8.1,2247,9193,0,1,"Terminal Road, Near JLG Airport, Jalgaon, India"
1588,MAA,Taj City Centre (Chennai Airport),3.6,4,8.3,2295,5506,1,0,"Terminal Road, Near MAA Airport, Chennai, India"
1589,AYJ,IBIS Airport Hotel (Ayodhya Airport),13.9,3,9.4,3037,2721,0,1,"Terminal Road, Near AYJ Airport, Ayodhya, India"
1590,GBI,ITC Grand Bharat (Kalaburagi (Gulbarga) Airport),2.2,4,9.4,3622,6645,1,1,"Terminal Road, Near GBI Airport, Kalaburagi (Gulbarga), India"
1591,SIH,ITC Grand Bharat (Sirohi Airport),4.9,5,8.6,3791,3559,1,0,"Terminal Road, Near SIH Airport, Sirohi, India"
1592,SIH,ITC Grand Bharat (Sirohi Airport),5.0,4,8.1,2761,11966,1,1,"Terminal Road, Near SIH Airport, Sirohi, India"
1593,NDC,IBIS Airport Hotel (Nanded Airport),13.3,5,8.5,1230,3776,0,0,"Terminal Road, Near NDC Airport, Nanded, India"
1594,TEZ,Taj City Centre (Tezpur Airport),1.8,3,8.2,605,11436,1,0,"Terminal Road, Near TEZ Airport, Tezpur, India"
1595,RPR,Radisson Blu Airport (Raipur Airport),7.6,4,9.1,252,4940,1,1,"Terminal Road, Near RPR Airport, Raipur, India"
1596,HSS,Novotel Airport Hotel (Hisar Airport),12.8,5,8.3,3334,2448,0,1,"Terminal Road, Near HSS Airport, Hisar, India"
1597,CNN,Pride Plaza Hotel (Kannur Airport),12.8,4,8.6,1552,5155,0,0,"Terminal Road, Near CNN Airport, Kannur, India"
1598,SAH,FabHotel Airport Inn (Saharanpur Airport),7.7,4,9.5,3446,10541,1,0,"Terminal Road, Near SAH Airport, Saharanpur, India"
1599,IXL,Hyatt Regency Terminal (Leh (Ladakh) Airport),5.1,3,9.6,2958,12153,1,0,"Terminal Road, Near IXL Airport, Leh (Ladakh), India"
1600,GON,Radisson Blu Airport (Gondia Airport),8.0,4,9.6,3147,9816,0,0,"Terminal Road, Near GON Airport, Gondia, India"
1601,KHA,ITC Grand Bharat (Khandwa Airport),0.6,4,9.3,2817,11360,1,1,"Terminal Road, Near KHA Airport, Khandwa, India"
1602,PBF,Lemon Tree Premier (Bilaspur Airport),12.8,4,8.4,2082,3747,0,0,"Terminal Road, Near PBF Airport, Bilaspur, India"
1603,VJZ,Trident Airport Hotel (Bhogapuram / Vizianagaram Airport),7.2,4,8.2,1140,8937,1,1,"Terminal Road, Near VJZ Airport, Bhogapuram / Vizianagaram, India"
1604,BVC,Lemon Tree Premier (Bhavnagar Airport),8.5,5,9.3,2640,4731,0,1,"Terminal Road, Near BVC Airport, Bhavnagar, India"
1605,IXD,Trident Airport Hotel (Prayagraj (Allahabad) Airport),2.5,3,8.7,1706,6264,1,0,"Terminal Road, Near IXD Airport, Prayagraj (Allahabad), India"
1606,AMR,OYO Townhouse Airport (Amravati Airport),4.3,5,8.9,2018,4644,1,1,"Terminal Road, Near AMR Airport, Amravati, India"
1607,BID,Pride Plaza Hotel (Bidar Airport),11.8,4,8.3,1401,2813,0,0,"Terminal Road, Near BID Airport, Bidar, India"
1608,IXS,Pride Plaza Hotel (Silchar Airport),4.5,3,8.9,3066,2317,1,1,"Terminal Road, Near IXS Airport, Silchar, India"
1609,JLG,Pride Plaza Hotel (Jalgaon Airport),3.9,3,8.4,3471,9399,1,0,"Terminal Road, Near JLG Airport, Jalgaon, India"
1610,MEH,Pride Plaza Hotel (Mehsana Airport),10.3,3,9.7,1391,3542,0,1,"Terminal Road, Near MEH Airport, Mehsana, India"
1611,PBN,Pride Plaza Hotel (Parbhani Airport),4.4,3,9.1,1012,4343,1,0,"Terminal Road, Near PBN Airport, Parbhani, India"
1612,SAG,FabHotel Airport Inn (Shirdi Airport),13.2,4,8.2,2963,3794,0,1,"Terminal Road, Near SAG Airport, Shirdi, India"
1613,RGD,Radisson Blu Airport (Raigarh Airport),5.3,5,8.6,1165,11922,1,1,"Terminal Road, Near RGD Airport, Raigarh, India"
1614,BHJ,Ginger Airport Hotel (Bhuj (Kutch) Airport),12.6,5,9.3,682,4662,0,0,"Terminal Road, Near BHJ Airport, Bhuj (Kutch), India"
1615,PINJ,Novotel Airport Hotel (Panchkula / Pinjore Airport),11.9,3,9.5,1113,9188,0,0,"Terminal Road, Near PINJ Airport, Panchkula / Pinjore, India"
1616,AMD,Radisson Blu Airport (Ahmedabad Airport),3.1,5,8.9,283,6850,1,1,"Terminal Road, Near AMD Airport, Ahmedabad, India"
1617,VTZ,Hyatt Regency Terminal (Visakhapatnam Airport),5.0,4,9.1,1006,11021,1,1,"Terminal Road, Near VTZ Airport, Visakhapatnam, India"
1618,CFH,IBIS Airport Hotel (Chitrakoot Airport),8.0,4,8.8,2315,10360,0,1,"Terminal Road, Near CFH Airport, Chitrakoot, India"
1619,RXL,IBIS Airport Hotel (Raxaul Airport),10.6,4,8.5,2770,8862,0,0,"Terminal Road, Near RXL Airport, Raxaul, India"
1620,ROU,Trident Airport Hotel (Rourkela Airport),6.4,5,8.6,3677,7474,1,1,"Terminal Road, Near ROU Airport, Rourkela, India"
1621,DIU,Trident Airport Hotel (Diu Airport),10.6,3,8.3,1211,3314,0,1,"Terminal Road, Near DIU Airport, Diu, India"
1622,SIH,ITC Grand Bharat (Sirohi Airport),1.4,3,9.6,1535,11070,1,0,"Terminal Road, Near SIH Airport, Sirohi, India"
1623,ASL,Taj City Centre (Asansol Airport),14.4,3,9.7,221,4909,0,1,"Terminal Road, Near ASL Airport, Asansol, India"
1624,REW,Hyatt Regency Terminal (Rewa Airport),0.8,3,8.3,2854,5175,1,0,"Terminal Road, Near REW Airport, Rewa, India"
1625,IXS,ITC Grand Bharat (Silchar Airport),4.7,4,9.2,3604,9168,1,1,"Terminal Road, Near IXS Airport, Silchar, India"
1626,SIH,IBIS Airport Hotel (Sirohi Airport),12.8,3,8.4,2219,2656,0,0,"Terminal Road, Near SIH Airport, Sirohi, India"
1627,JSA,Radisson Blu Airport (Jaisalmer Airport),9.4,3,8.8,1951,9053,0,1,"Terminal Road, Near JSA Airport, Jaisalmer, India"
1628,GOI,Hyatt Regency Terminal (Goa (Dabolim) Airport),3.5,3,8.3,2095,3803,1,0,"Terminal Road, Near GOI Airport, Goa (Dabolim), India"
1629,KJB,FabHotel Airport Inn (Kurnool (Orvakal) Airport),0.8,4,8.8,3046,11793,1,1,"Terminal Road, Near KJB Airport, Kurnool (Orvakal), India"
1630,SLV,Pride Plaza Hotel (Shimla Airport),3.7,5,8.4,1569,6152,1,1,"Terminal Road, Near SLV Airport, Shimla, India"
1631,NVM,OYO Townhouse Airport (Navi Mumbai Airport),12.4,3,9.7,3444,7562,0,1,"Terminal Road, Near NVM Airport, Navi Mumbai, India"
1632,AJL,Lemon Tree Premier (Aizawl Airport),9.7,5,9.4,2907,7761,0,0,"Terminal Road, Near AJL Airport, Aizawl, India"
1633,TCR,Taj City Centre (Thoothukudi (Tuticorin) Airport),2.4,4,9.3,768,4990,1,1,"Terminal Road, Near TCR Airport, Thoothukudi (Tuticorin), India"
1634,VJZ,Ginger Airport Hotel (Bhogapuram / Vizianagaram Airport),3.2,5,9.4,1020,9934,1,0,"Terminal Road, Near VJZ Airport, Bhogapuram / Vizianagaram, India"
1635,KAP,Hyatt Regency Terminal (Kadapa Airport),11.6,3,8.8,2345,7557,0,1,"Terminal Road, Near KAP Airport, Kadapa, India"
1636,BHO,IBIS Airport Hotel (Bhopal Airport),10.9,4,9.6,1007,5754,0,0,"Terminal Road, Near BHO Airport, Bhopal, India"
1637,DIU,OYO Townhouse Airport (Diu Airport),5.4,3,8.1,1603,5894,1,1,"Terminal Road, Near DIU Airport, Diu, India"
1638,BGP,Taj City Centre (Bhagalpur Airport),11.3,4,8.6,3486,3129,0,1,"Terminal Road, Near BGP Airport, Bhagalpur, India"
1639,DMO,Hyatt Regency Terminal (Damoh Airport),9.9,3,9.3,422,7426,0,1,"Terminal Road, Near DMO Airport, Damoh, India"
1640,KQH,Radisson Blu Airport (Ajmer / Kishangarh Airport),8.7,3,9.6,3209,2914,0,0,"Terminal Road, Near KQH Airport, Ajmer / Kishangarh, India"
1641,LKO,ITC Grand Bharat (Lucknow Airport),14.0,3,8.6,3233,11145,0,0,"Terminal Road, Near LKO Airport, Lucknow, India"
1642,KAR,Pride Plaza Hotel (Karad / Satara Airport),14.0,3,9.1,1811,1859,0,1,"Terminal Road, Near KAR Airport, Karad / Satara, India"
1643,GOX,OYO Townhouse Airport (Goa (Mopa) Airport),2.3,5,9.5,2712,7878,1,1,"Terminal Road, Near GOX Airport, Goa (Mopa), India"
1644,MAL,ITC Grand Bharat (Malda Airport),7.6,4,9.2,2507,4318,1,0,"Terminal Road, Near MAL Airport, Malda, India"
1645,DHR,OYO Townhouse Airport (Dibrugarh Airport),8.4,4,8.7,694,10589,0,1,"Terminal Road, Near DHR Airport, Dibrugarh, India"
1646,MAA,Radisson Blu Airport (Chennai Airport),4.7,4,9.6,2260,7014,1,1,"Terminal Road, Near MAA Airport, Chennai, India"
1647,CCU,Pride Plaza Hotel (Kolkata Airport),9.5,4,8.8,2118,6945,0,0,"Terminal Road, Near CCU Airport, Kolkata, India"
1648,RAT,Ginger Airport Hotel (Ratlam Airport),2.7,5,9.6,452,7550,1,1,"Terminal Road, Near RAT Airport, Ratlam, India"
1649,VTZ,ITC Grand Bharat (Visakhapatnam Airport),11.3,3,9.1,1405,5055,0,0,"Terminal Road, Near VTZ Airport, Visakhapatnam, India"
1650,NEEM,Taj City Centre (Neemuch Airport),2.9,4,8.6,1319,5664,1,1,"Terminal Road, Near NEEM Airport, Neemuch, India"
1651,IDR,OYO Townhouse Airport (Indore Airport),0.9,4,9.0,2930,6892,1,0,"Terminal Road, Near IDR Airport, Indore, India"
1652,PGH,OYO Townhouse Airport (Pantnagar / Nainital Airport),11.1,4,9.4,551,3454,0,1,"Terminal Road, Near PGH Airport, Pantnagar / Nainital, India"
1653,CJB,IBIS Airport Hotel (Coimbatore Airport),1.7,4,8.9,2276,2647,1,1,"Terminal Road, Near CJB Airport, Coimbatore, India"
1654,NVY,Lemon Tree Premier (Neyveli Airport),13.1,4,8.4,2367,5675,0,1,"Terminal Road, Near NVY Airport, Neyveli, India"
1655,UTK,Pride Plaza Hotel (Kalahandi / Utkela Airport),6.5,5,9.7,785,7562,1,1,"Terminal Road, Near UTK Airport, Kalahandi / Utkela, India"
1656,HSR,ITC Grand Bharat (Rajkot Airport),8.9,3,9.6,201,9225,0,1,"Terminal Road, Near HSR Airport, Rajkot, India"
1657,BLR,Taj City Centre (Bengaluru Airport),13.7,5,9.6,1292,9220,0,1,"Terminal Road, Near BLR Airport, Bengaluru, India"
1658,PUI,Trident Airport Hotel (Purnea Airport),2.9,5,8.8,750,3430,1,0,"Terminal Road, Near PUI Airport, Purnea, India"
1659,SSE,IBIS Airport Hotel (Solapur Airport),10.2,5,8.6,1490,7049,0,1,"Terminal Road, Near SSE Airport, Solapur, India"
1660,IXZ,IBIS Airport Hotel (Port Blair (Andaman) Airport),8.9,5,8.8,2355,10921,0,1,"Terminal Road, Near IXZ Airport, Port Blair (Andaman), India"
1661,PAL,Pride Plaza Hotel (Pali Airport),4.2,3,8.4,2039,9492,1,0,"Terminal Road, Near PAL Airport, Pali, India"
1662,PBN,Pride Plaza Hotel (Parbhani Airport),13.7,4,9.5,864,7276,0,0,"Terminal Road, Near PBN Airport, Parbhani, India"
1663,PAL,FabHotel Airport Inn (Pali Airport),6.7,4,8.2,518,5549,1,1,"Terminal Road, Near PAL Airport, Pali, India"
1664,PUI,ITC Grand Bharat (Purnea Airport),12.8,3,9.4,2395,12309,0,1,"Terminal Road, Near PUI Airport, Purnea, India"
1665,JAI,Ginger Airport Hotel (Jaipur Airport),5.7,5,9.4,2671,7865,1,1,"Terminal Road, Near JAI Airport, Jaipur, India"
1666,MZS,Ginger Airport Hotel (Sonbhadra Airport),7.3,3,8.6,3082,2343,1,0,"Terminal Road, Near MZS Airport, Sonbhadra, India"
1667,RXL,FabHotel Airport Inn (Raxaul Airport),8.4,5,8.7,2438,10030,0,0,"Terminal Road, Near RXL Airport, Raxaul, India"
1668,DMO,OYO Townhouse Airport (Damoh Airport),7.7,4,9.3,1061,4241,1,1,"Terminal Road, Near DMO Airport, Damoh, India"
1669,IXP,OYO Townhouse Airport (Pathankot Airport),14.1,3,8.5,3726,8173,0,0,"Terminal Road, Near IXP Airport, Pathankot, India"
1670,GOI,Pride Plaza Hotel (Goa (Dabolim) Airport),14.2,4,8.4,2799,3775,0,0,"Terminal Road, Near GOI Airport, Goa (Dabolim), India"
1671,AMH,Ginger Airport Hotel (Azamgarh Airport),14.5,5,8.5,1225,4033,0,1,"Terminal Road, Near AMH Airport, Azamgarh, India"
1672,NMS,FabHotel Airport Inn (Naliya Airport),13.8,4,9.2,2563,9563,0,0,"Terminal Road, Near NMS Airport, Naliya, India"
1673,HIR,FabHotel Airport Inn (Sambalpur Airport),10.3,4,8.6,701,5103,0,0,"Terminal Road, Near HIR Airport, Sambalpur, India"
1674,ALD,Pride Plaza Hotel (Aligarh Airport),2.1,5,9.0,2491,8922,1,1,"Terminal Road, Near ALD Airport, Aligarh, India"
1675,HBX,Taj City Centre (Hubballi / Dharwad Airport),5.8,3,8.9,970,3557,1,1,"Terminal Road, Near HBX Airport, Hubballi / Dharwad, India"
1676,IXL,FabHotel Airport Inn (Leh (Ladakh) Airport),13.5,4,9.7,500,6190,0,1,"Terminal Road, Near IXL Airport, Leh (Ladakh), India"
1677,NVM,Lemon Tree Premier (Navi Mumbai Airport),3.5,4,9.1,2635,7453,1,1,"Terminal Road, Near NVM Airport, Navi Mumbai, India"
1678,MYQ,Hyatt Regency Terminal (Mysuru Airport),1.1,5,8.9,2708,11007,1,1,"Terminal Road, Near MYQ Airport, Mysuru, India"
1679,IXZ,ITC Grand Bharat (Port Blair (Andaman) Airport),7.0,4,9.1,692,3184,1,0,"Terminal Road, Near IXZ Airport, Port Blair (Andaman), India"
1680,IXL,IBIS Airport Hotel (Leh (Ladakh) Airport),8.6,5,9.1,1702,8676,0,0,"Terminal Road, Near IXL Airport, Leh (Ladakh), India"
1681,PAT,OYO Townhouse Airport (Patna Airport),10.9,3,8.4,1431,7282,0,0,"Terminal Road, Near PAT Airport, Patna, India"
1682,RJA,IBIS Airport Hotel (Rajahmundry Airport),11.0,3,9.3,2830,2337,0,0,"Terminal Road, Near RJA Airport, Rajahmundry, India"
1683,IXZ,Ginger Airport Hotel (Port Blair (Andaman) Airport),14.5,3,9.5,3062,6942,0,0,"Terminal Road, Near IXZ Airport, Port Blair (Andaman), India"
1684,AGR,OYO Townhouse Airport (Agra Airport),6.8,5,8.5,2238,7813,1,0,"Terminal Road, Near AGR Airport, Agra, India"
1685,AGX,Taj City Centre (Agatti Island (Lakshadweep) Airport),8.2,4,8.4,3541,8323,0,0,"Terminal Road, Near AGX Airport, Agatti Island (Lakshadweep), India"
1686,PBF,FabHotel Airport Inn (Bilaspur Airport),6.4,4,9.3,2869,5353,1,1,"Terminal Road, Near PBF Airport, Bilaspur, India"
1687,NPL,FabHotel Airport Inn (Narnaul Airport),2.8,4,9.8,197,7155,1,0,"Terminal Road, Near NPL Airport, Narnaul, India"
1688,AKL,ITC Grand Bharat (Akola Airport),2.1,4,9.5,2426,4365,1,0,"Terminal Road, Near AKL Airport, Akola, India"
1689,RXL,IBIS Airport Hotel (Raxaul Airport),8.3,3,8.4,2044,6668,0,0,"Terminal Road, Near RXL Airport, Raxaul, India"
1690,ZER,Novotel Airport Hotel (Ziro Airport),6.4,3,8.7,1658,4674,1,1,"Terminal Road, Near ZER Airport, Ziro, India"
1691,BOK,Trident Airport Hotel (Bokaro Airport),1.2,3,8.1,3471,6392,1,1,"Terminal Road, Near BOK Airport, Bokaro, India"
1692,TIR,Taj City Centre (Tirupati Airport),5.6,4,9.2,2765,7668,1,0,"Terminal Road, Near TIR Airport, Tirupati, India"
1693,ROU,Novotel Airport Hotel (Rourkela Airport),2.0,5,9.1,2738,2419,1,1,"Terminal Road, Near ROU Airport, Rourkela, India"
1694,AMH,Novotel Airport Hotel (Azamgarh Airport),2.9,5,8.6,2001,7544,1,1,"Terminal Road, Near AMH Airport, Azamgarh, India"
1695,ROU,Pride Plaza Hotel (Rourkela Airport),8.0,5,9.0,3037,4370,0,0,"Terminal Road, Near ROU Airport, Rourkela, India"
1696,BVC,ITC Grand Bharat (Bhavnagar Airport),11.6,5,9.2,2589,11052,0,1,"Terminal Road, Near BVC Airport, Bhavnagar, India"
1697,DED,Ginger Airport Hotel (Dehradun Airport),2.7,3,9.1,3164,5065,1,1,"Terminal Road, Near DED Airport, Dehradun, India"
1698,NMN,FabHotel Airport Inn (Neemrana / Alwar Airport),2.3,4,9.8,847,8887,1,1,"Terminal Road, Near NMN Airport, Neemrana / Alwar, India"
1699,BLR,Hyatt Regency Terminal (Bengaluru Airport),4.8,3,8.9,3454,8556,1,1,"Terminal Road, Near BLR Airport, Bengaluru, India"
1700,BBI,IBIS Airport Hotel (Bhubaneswar Airport),1.3,3,8.8,581,3877,1,1,"Terminal Road, Near BBI Airport, Bhubaneswar, India"
1701,BHJ,Taj City Centre (Bhuj (Kutch) Airport),8.7,3,9.5,2565,5369,0,0,"Terminal Road, Near BHJ Airport, Bhuj (Kutch), India"
1702,LUD,Trident Airport Hotel (Ludhiana Airport),6.9,4,9.1,3635,5987,1,1,"Terminal Road, Near LUD Airport, Ludhiana, India"
1703,DMO,Ginger Airport Hotel (Damoh Airport),14.3,4,8.7,3776,4856,0,0,"Terminal Road, Near DMO Airport, Damoh, India"
1704,IXR,FabHotel Airport Inn (Ranchi Airport),11.7,4,9.0,3538,6391,0,1,"Terminal Road, Near IXR Airport, Ranchi, India"
1705,SAG,Novotel Airport Hotel (Shirdi Airport),4.4,4,8.8,1584,12254,1,0,"Terminal Road, Near SAG Airport, Shirdi, India"
1706,OSB,Novotel Airport Hotel (Dharashiv Airport),1.2,5,9.2,1759,4112,1,0,"Terminal Road, Near OSB Airport, Dharashiv, India"
1707,RJA,Lemon Tree Premier (Rajahmundry Airport),12.5,5,9.7,2305,4472,0,0,"Terminal Road, Near RJA Airport, Rajahmundry, India"
1708,MAL,IBIS Airport Hotel (Malda Airport),13.0,5,8.2,411,8632,0,1,"Terminal Road, Near MAL Airport, Malda, India"
1709,TEZ,IBIS Airport Hotel (Tezpur Airport),7.4,3,9.3,1720,2824,1,0,"Terminal Road, Near TEZ Airport, Tezpur, India"
1710,PNY,Pride Plaza Hotel (Puducherry Airport),3.3,3,9.5,2810,2500,1,1,"Terminal Road, Near PNY Airport, Puducherry, India"
1711, سات,Taj City Centre (Satna Airport),3.9,4,8.1,959,6197,1,1,"Terminal Road, Near  سات Airport, Satna, India"
1712,RAT,Hyatt Regency Terminal (Ratlam Airport),4.6,3,9.6,729,6277,1,1,"Terminal Road, Near RAT Airport, Ratlam, India"
1713,IXW,Pride Plaza Hotel (Jamshedpur Airport),4.0,3,8.4,3530,6220,1,0,"Terminal Road, Near IXW Airport, Jamshedpur, India"
1714,DMU,Hyatt Regency Terminal (Dimapur Airport),1.3,5,8.1,3012,2046,1,0,"Terminal Road, Near DMU Airport, Dimapur, India"
1715,GOP,ITC Grand Bharat (Ganjam / Gopalpur Airport),4.0,5,8.4,920,8186,1,1,"Terminal Road, Near GOP Airport, Ganjam / Gopalpur, India"
1716,BGP,IBIS Airport Hotel (Bhagalpur Airport),2.3,5,8.7,1678,5290,1,1,"Terminal Road, Near BGP Airport, Bhagalpur, India"
1717,AKL,Trident Airport Hotel (Akola Airport),10.9,4,9.6,2117,3630,0,0,"Terminal Road, Near AKL Airport, Akola, India"
1718,SDW,Taj City Centre (Sindhudurg Airport),13.1,5,9.5,3177,7038,0,1,"Terminal Road, Near SDW Airport, Sindhudurg, India"
1719,CFH,Hyatt Regency Terminal (Chitrakoot Airport),2.8,5,9.3,595,8867,1,1,"Terminal Road, Near CFH Airport, Chitrakoot, India"
1720, سات,Lemon Tree Premier (Satna Airport),0.7,4,9.7,2906,6272,1,1,"Terminal Road, Near  سات Airport, Satna, India"
1721,KHO,OYO Townhouse Airport (Khowai Airport),3.7,4,9.8,653,2033,1,1,"Terminal Road, Near KHO Airport, Khowai, India"
1722,DIU,Ginger Airport Hotel (Diu Airport),4.0,4,9.1,3366,9688,1,1,"Terminal Road, Near DIU Airport, Diu, India"
1723,BHU,Taj City Centre (Bathinda Airport),10.2,3,8.4,1291,5420,0,0,"Terminal Road, Near BHU Airport, Bathinda, India"
1724,PAL,OYO Townhouse Airport (Pali Airport),3.4,4,8.4,2552,3645,1,1,"Terminal Road, Near PAL Airport, Pali, India"
1725,OSB,Radisson Blu Airport (Dharashiv Airport),4.5,5,8.1,3734,5570,1,0,"Terminal Road, Near OSB Airport, Dharashiv, India"
1726,KAI,Taj City Centre (Kailashahar Airport),5.8,5,8.2,3046,3187,1,0,"Terminal Road, Near KAI Airport, Kailashahar, India"
1727,BHJ,Novotel Airport Hotel (Bhuj (Kutch) Airport),13.2,3,9.2,223,5532,0,1,"Terminal Road, Near BHJ Airport, Bhuj (Kutch), India"
1728,HZD,ITC Grand Bharat (Hazaribagh Airport),2.9,5,8.4,1960,11931,1,0,"Terminal Road, Near HZD Airport, Hazaribagh, India"
1729,HZD,OYO Townhouse Airport (Hazaribagh Airport),8.5,4,8.4,3616,6637,0,1,"Terminal Road, Near HZD Airport, Hazaribagh, India"
1730,KBK,Lemon Tree Premier (Kushinagar Airport),8.1,4,9.4,3281,12493,0,0,"Terminal Road, Near KBK Airport, Kushinagar, India"
1731,JRG,Taj City Centre (Jharsuguda Airport),10.5,5,8.1,1156,12282,0,1,"Terminal Road, Near JRG Airport, Jharsuguda, India"
1732,GOX,Trident Airport Hotel (Goa (Mopa) Airport),11.5,3,9.2,2327,2206,0,1,"Terminal Road, Near GOX Airport, Goa (Mopa), India"
1733,GON,Hyatt Regency Terminal (Gondia Airport),11.5,4,8.5,516,1910,0,0,"Terminal Road, Near GON Airport, Gondia, India"
1734,LGP,Hyatt Regency Terminal (Rupsi / Dhubri Airport),11.7,4,9.7,2937,6871,0,1,"Terminal Road, Near LGP Airport, Rupsi / Dhubri, India"
1735,AYJ,Trident Airport Hotel (Ayodhya Airport),10.6,5,8.3,2701,4569,0,1,"Terminal Road, Near AYJ Airport, Ayodhya, India"
1736,KAP,ITC Grand Bharat (Kadapa Airport),11.5,5,8.2,997,7070,0,0,"Terminal Road, Near KAP Airport, Kadapa, India"
1737,KQH,Novotel Airport Hotel (Ajmer / Kishangarh Airport),12.4,5,9.3,122,9740,0,1,"Terminal Road, Near KQH Airport, Ajmer / Kishangarh, India"
1738,ROU,Taj City Centre (Rourkela Airport),10.6,4,9.1,2136,2249,0,0,"Terminal Road, Near ROU Airport, Rourkela, India"
1739,UTL,Radisson Blu Airport (Barmer Airport),0.6,5,8.4,163,10086,1,0,"Terminal Road, Near UTL Airport, Barmer, India"
1740,TIR,OYO Townhouse Airport (Tirupati Airport),12.5,3,9.5,3346,11478,0,1,"Terminal Road, Near TIR Airport, Tirupati, India"
1741,AMR,FabHotel Airport Inn (Amravati Airport),6.7,5,8.4,2868,2675,1,1,"Terminal Road, Near AMR Airport, Amravati, India"
1742,AYJ,Taj City Centre (Ayodhya Airport),4.0,5,9.1,303,8585,1,0,"Terminal Road, Near AYJ Airport, Ayodhya, India"
1743,MOR,Trident Airport Hotel (Moradabad Airport),6.7,3,9.7,1173,5858,1,1,"Terminal Road, Near MOR Airport, Moradabad, India"
1744,PYG,Pride Plaza Hotel (Gangtok / Pakyong (Sikkim) Airport),12.7,5,9.4,1039,5237,0,0,"Terminal Road, Near PYG Airport, Gangtok / Pakyong (Sikkim), India"
1745,PAT,FabHotel Airport Inn (Patna Airport),11.4,4,8.8,2471,3254,0,0,"Terminal Road, Near PAT Airport, Patna, India"
1746,ZER,Radisson Blu Airport (Ziro Airport),9.0,5,9.2,1884,3002,0,1,"Terminal Road, Near ZER Airport, Ziro, India"
1747,IXD,Novotel Airport Hotel (Prayagraj (Allahabad) Airport),0.5,3,9.0,1959,4684,1,1,"Terminal Road, Near IXD Airport, Prayagraj (Allahabad), India"
1748,JRH,ITC Grand Bharat (Jorhat Airport),13.5,3,8.5,470,1854,0,1,"Terminal Road, Near JRH Airport, Jorhat, India"
1749,RAT,FabHotel Airport Inn (Ratlam Airport),5.8,4,9.2,350,6395,1,1,"Terminal Road, Near RAT Airport, Ratlam, India"
1750,IXS,Novotel Airport Hotel (Silchar Airport),13.7,5,8.2,1408,9930,0,1,"Terminal Road, Near IXS Airport, Silchar, India"
1751,KBK,Lemon Tree Premier (Kushinagar Airport),5.6,5,9.4,3685,9783,1,1,"Terminal Road, Near KBK Airport, Kushinagar, India"
1752,IXY,IBIS Airport Hotel (Kandla Airport),12.0,4,8.8,1475,7500,0,0,"Terminal Road, Near IXY Airport, Kandla, India"
1753,DON,Pride Plaza Hotel (Bhadrak / Dhamra Airport),10.5,3,8.4,1926,2157,0,1,"Terminal Road, Near DON Airport, Bhadrak / Dhamra, India"
1754,HSS,Taj City Centre (Hisar Airport),8.2,3,9.0,2027,11287,0,0,"Terminal Road, Near HSS Airport, Hisar, India"
1755,LKO,OYO Townhouse Airport (Lucknow Airport),13.1,3,9.1,1928,2268,0,1,"Terminal Road, Near LKO Airport, Lucknow, India"
1756,KNU,Ginger Airport Hotel (Kanpur Airport),3.6,4,8.9,3274,2106,1,0,"Terminal Road, Near KNU Airport, Kanpur, India"
1757,IXB,Taj City Centre (Siliguri / Bagdogra Airport),7.8,3,8.9,1541,2306,1,1,"Terminal Road, Near IXB Airport, Siliguri / Bagdogra, India"
1758,MAA,Novotel Airport Hotel (Chennai Airport),8.8,5,8.3,3281,2280,0,0,"Terminal Road, Near MAA Airport, Chennai, India"
1759,IXS,Lemon Tree Premier (Silchar Airport),1.6,5,8.3,2656,6431,1,0,"Terminal Road, Near IXS Airport, Silchar, India"
1760,PNY,Trident Airport Hotel (Puducherry Airport),10.0,4,9.1,2975,6608,0,1,"Terminal Road, Near PNY Airport, Puducherry, India"
1761,HJR,Lemon Tree Premier (Khajuraho Airport),9.6,5,9.5,3049,10305,0,1,"Terminal Road, Near HJR Airport, Khajuraho, India"
1762,GAW,ITC Grand Bharat (Guwahati Airport),8.0,4,9.2,1457,7751,0,0,"Terminal Road, Near GAW Airport, Guwahati, India"
1763,NEEM,OYO Townhouse Airport (Neemuch Airport),14.4,4,8.8,421,2874,0,1,"Terminal Road, Near NEEM Airport, Neemuch, India"
1764,UTL,ITC Grand Bharat (Barmer Airport),9.3,5,8.3,1542,12161,0,1,"Terminal Road, Near UTL Airport, Barmer, India"
1765,RKG,Taj City Centre (Durgapur Airport),5.3,3,8.2,767,9171,1,1,"Terminal Road, Near RKG Airport, Durgapur, India"
1766,IXU,Ginger Airport Hotel (Chhatrapati Sambhaji Nagar (Aurangabad) Airport),0.6,4,9.0,370,7195,1,0,"Terminal Road, Near IXU Airport, Chhatrapati Sambhaji Nagar (Aurangabad), India"
1767,SIH,Radisson Blu Airport (Sirohi Airport),8.7,3,9.8,2023,7174,0,0,"Terminal Road, Near SIH Airport, Sirohi, India"
1768,PYG,Novotel Airport Hotel (Gangtok / Pakyong (Sikkim) Airport),10.6,5,8.8,1603,7139,0,1,"Terminal Road, Near PYG Airport, Gangtok / Pakyong (Sikkim), India"
1769,KOP,Lemon Tree Premier (Kolhapur Airport),11.1,4,8.6,1180,11108,0,1,"Terminal Road, Near KOP Airport, Kolhapur, India"
1770,PNY,ITC Grand Bharat (Puducherry Airport),7.6,4,8.7,1214,11034,1,0,"Terminal Road, Near PNY Airport, Puducherry, India"
1771,JGD,Novotel Airport Hotel (Jagdalpur Airport),13.8,3,8.7,346,3859,0,1,"Terminal Road, Near JGD Airport, Jagdalpur, India"
1772,KQH,Taj City Centre (Ajmer / Kishangarh Airport),1.1,5,9.6,200,10741,1,0,"Terminal Road, Near KQH Airport, Ajmer / Kishangarh, India"
1773,BLT,Hyatt Regency Terminal (Balurghat Airport),12.9,3,9.7,2644,2001,0,0,"Terminal Road, Near BLT Airport, Balurghat, India"
1774,KOK,Lemon Tree Premier (Kokrajhar Airport),2.4,5,8.4,1926,2105,1,1,"Terminal Road, Near KOK Airport, Kokrajhar, India"
1775, سات,ITC Grand Bharat (Satna Airport),8.2,4,8.8,1679,4558,0,0,"Terminal Road, Near  سات Airport, Satna, India"
1776,BHJ,Taj City Centre (Bhuj (Kutch) Airport),12.9,4,8.3,2184,3961,0,1,"Terminal Road, Near BHJ Airport, Bhuj (Kutch), India"
1777,AMB,Pride Plaza Hotel (Ambikapur Airport),7.5,3,8.2,2639,7125,1,1,"Terminal Road, Near AMB Airport, Ambikapur, India"
1778,CFH,Novotel Airport Hotel (Chitrakoot Airport),9.3,5,8.3,2691,9496,0,0,"Terminal Road, Near CFH Airport, Chitrakoot, India"
1779,KOR,Pride Plaza Hotel (Koraput Airport),3.9,4,8.6,3188,7009,1,0,"Terminal Road, Near KOR Airport, Koraput, India"
1780,IXJ,ITC Grand Bharat (Jammu Airport),2.5,5,9.0,1630,3939,1,1,"Terminal Road, Near IXJ Airport, Jammu, India"
1781,IXC,Lemon Tree Premier (Chandigarh Airport),11.3,5,9.2,2525,9991,0,0,"Terminal Road, Near IXC Airport, Chandigarh, India"
1782,JLR,Trident Airport Hotel (Jabalpur Airport),2.4,4,8.3,2545,3185,1,1,"Terminal Road, Near JLR Airport, Jabalpur, India"
1783,VDY,Pride Plaza Hotel (Vidyanagar / Ballari Airport),13.4,4,8.2,653,11377,0,1,"Terminal Road, Near VDY Airport, Vidyanagar / Ballari, India"
1784, سات,Radisson Blu Airport (Satna Airport),11.6,4,9.6,557,4442,0,0,"Terminal Road, Near  سات Airport, Satna, India"
1785,CNN,Taj City Centre (Kannur Airport),9.8,4,9.6,1148,12113,0,0,"Terminal Road, Near CNN Airport, Kannur, India"
1786,PNQ,Novotel Airport Hotel (Pune Airport),8.6,5,8.2,2597,7632,0,1,"Terminal Road, Near PNQ Airport, Pune, India"
1787,AMRE,Pride Plaza Hotel (Amreli Airport),10.7,5,8.5,1047,8847,0,1,"Terminal Road, Near AMRE Airport, Amreli, India"
1788,KBK,FabHotel Airport Inn (Kushinagar Airport),3.4,5,9.7,2122,10214,1,0,"Terminal Road, Near KBK Airport, Kushinagar, India"
1789,KAI,Taj City Centre (Kailashahar Airport),13.3,5,9.3,1232,8399,0,1,"Terminal Road, Near KAI Airport, Kailashahar, India"
1790,IXB,Lemon Tree Premier (Siliguri / Bagdogra Airport),8.6,4,8.6,2190,4824,0,0,"Terminal Road, Near IXB Airport, Siliguri / Bagdogra, India"
1791,COK,OYO Townhouse Airport (Kochi Airport),2.0,4,8.7,2718,11178,1,0,"Terminal Road, Near COK Airport, Kochi, India"
1792,BVC,Lemon Tree Premier (Bhavnagar Airport),10.7,3,9.3,3753,6098,0,1,"Terminal Road, Near BVC Airport, Bhavnagar, India"
1793,IXL,FabHotel Airport Inn (Leh (Ladakh) Airport),2.0,3,8.5,3566,1969,1,1,"Terminal Road, Near IXL Airport, Leh (Ladakh), India"
1794,AMH,Radisson Blu Airport (Azamgarh Airport),7.9,4,8.4,1529,3084,1,0,"Terminal Road, Near AMH Airport, Azamgarh, India"
1795,NVY,FabHotel Airport Inn (Neyveli Airport),6.8,4,8.1,1257,9059,1,0,"Terminal Road, Near NVY Airport, Neyveli, India"
1796,IXP,OYO Townhouse Airport (Pathankot Airport),3.7,4,8.2,2041,7944,1,0,"Terminal Road, Near IXP Airport, Pathankot, India"
1797,JGA,ITC Grand Bharat (Jamnagar Airport),11.7,4,8.5,2158,1858,0,0,"Terminal Road, Near JGA Airport, Jamnagar, India"
1798,COB,ITC Grand Bharat (Cooch Behar Airport),5.4,4,8.3,3181,4180,1,1,"Terminal Road, Near COB Airport, Cooch Behar, India"
1799,SSE,Lemon Tree Premier (Solapur Airport),2.0,4,9.3,144,5327,1,1,"Terminal Road, Near SSE Airport, Solapur, India"
1800,BDQ,Trident Airport Hotel (Vadodara Airport),3.2,4,8.3,1136,3040,1,1,"Terminal Road, Near BDQ Airport, Vadodara, India"
1801,IDR,Ginger Airport Hotel (Indore Airport),11.2,4,9.7,294,2054,0,1,"Terminal Road, Near IDR Airport, Indore, India"
1802,RXL,Taj City Centre (Raxaul Airport),2.2,3,9.7,1077,11882,1,0,"Terminal Road, Near RXL Airport, Raxaul, India"
1803,BAR,Ginger Airport Hotel (Baramati Airport),10.3,5,9.4,3392,5781,0,0,"Terminal Road, Near BAR Airport, Baramati, India"
1804,CCU,Ginger Airport Hotel (Kolkata Airport),13.4,4,9.2,957,6662,0,1,"Terminal Road, Near CCU Airport, Kolkata, India"
1805,PNV,OYO Townhouse Airport (Porbandar Airport),9.6,5,9.2,3410,4151,0,1,"Terminal Road, Near PNV Airport, Porbandar, India"
1806,VZY,FabHotel Airport Inn (Vijayawada Airport),13.7,4,9.4,599,7466,0,1,"Terminal Road, Near VZY Airport, Vijayawada, India"
1807,PBF,Radisson Blu Airport (Bilaspur Airport),1.9,5,9.7,1386,5596,1,0,"Terminal Road, Near PBF Airport, Bilaspur, India"
1808,MRA,FabHotel Airport Inn (Noida / Jewar Airport),9.4,3,8.9,2983,4883,0,1,"Terminal Road, Near MRA Airport, Noida / Jewar, India"
1809,PNQ,FabHotel Airport Inn (Pune Airport),4.3,5,9.7,2668,12023,1,0,"Terminal Road, Near PNQ Airport, Pune, India"
1810,HIR,FabHotel Airport Inn (Sambalpur Airport),13.0,5,9.4,1644,3542,0,0,"Terminal Road, Near HIR Airport, Sambalpur, India"
1811,NAG,Pride Plaza Hotel (Nagpur Airport),11.7,4,9.3,2614,9462,0,0,"Terminal Road, Near NAG Airport, Nagpur, India"
1812,STV,ITC Grand Bharat (Surat Airport),1.1,3,9.6,396,10435,1,0,"Terminal Road, Near STV Airport, Surat, India"
1813,BHU,Ginger Airport Hotel (Bathinda Airport),9.0,4,8.4,1386,7340,0,1,"Terminal Road, Near BHU Airport, Bathinda, India"
1814,VDY,Hyatt Regency Terminal (Vidyanagar / Ballari Airport),11.4,4,8.8,2768,3335,0,0,"Terminal Road, Near VDY Airport, Vidyanagar / Ballari, India"
1815,JLG,Novotel Airport Hotel (Jalgaon Airport),1.0,3,9.6,941,10578,1,1,"Terminal Road, Near JLG Airport, Jalgaon, India"
1816,MRA,Ginger Airport Hotel (Noida / Jewar Airport),1.4,4,9.7,2252,8520,1,1,"Terminal Road, Near MRA Airport, Noida / Jewar, India"
1817,JLG,Trident Airport Hotel (Jalgaon Airport),11.9,4,8.9,317,7802,0,1,"Terminal Road, Near JLG Airport, Jalgaon, India"
1818,JGD,Taj City Centre (Jagdalpur Airport),8.8,5,8.1,2463,6639,0,0,"Terminal Road, Near JGD Airport, Jagdalpur, India"
1819,NMN,Radisson Blu Airport (Neemrana / Alwar Airport),5.4,5,9.0,2628,5475,1,1,"Terminal Road, Near NMN Airport, Neemrana / Alwar, India"
1820,BDQ,FabHotel Airport Inn (Vadodara Airport),1.4,3,8.8,1756,7558,1,0,"Terminal Road, Near BDQ Airport, Vadodara, India"
1821,PAT,Trident Airport Hotel (Patna Airport),4.9,4,8.8,3338,10537,1,0,"Terminal Road, Near PAT Airport, Patna, India"
1822,KUU,Hyatt Regency Terminal (Kullu / Manali Airport),2.6,5,8.9,3148,2315,1,1,"Terminal Road, Near KUU Airport, Kullu / Manali, India"
1823,ALD,Lemon Tree Premier (Aligarh Airport),7.1,3,8.3,3180,10077,1,1,"Terminal Road, Near ALD Airport, Aligarh, India"
1824,PINJ,ITC Grand Bharat (Panchkula / Pinjore Airport),6.0,4,8.9,3397,2268,1,1,"Terminal Road, Near PINJ Airport, Panchkula / Pinjore, India"
1825,PBF,Ginger Airport Hotel (Bilaspur Airport),3.7,4,8.4,3243,5133,1,1,"Terminal Road, Near PBF Airport, Bilaspur, India"
1826,PNV,Ginger Airport Hotel (Porbandar Airport),5.1,3,8.1,2364,11290,1,1,"Terminal Road, Near PNV Airport, Porbandar, India"
1827,BOM,Pride Plaza Hotel (Mumbai Airport),11.1,4,9.7,1215,2116,0,1,"Terminal Road, Near BOM Airport, Mumbai, India"
1828,DON,Novotel Airport Hotel (Bhadrak / Dhamra Airport),2.5,4,8.5,1573,5181,1,1,"Terminal Road, Near DON Airport, Bhadrak / Dhamra, India"
1829,JDH,Pride Plaza Hotel (Jodhpur Airport),9.7,5,9.2,930,11531,0,0,"Terminal Road, Near JDH Airport, Jodhpur, India"
1830,REW,Ginger Airport Hotel (Rewa Airport),9.4,4,9.6,1691,5526,0,1,"Terminal Road, Near REW Airport, Rewa, India"
1831,PYG,Hyatt Regency Terminal (Gangtok / Pakyong (Sikkim) Airport),11.7,5,9.7,1663,7157,0,0,"Terminal Road, Near PYG Airport, Gangtok / Pakyong (Sikkim), India"
1832,TRV,Trident Airport Hotel (Thiruvananthapuram Airport),2.8,3,8.2,1916,4348,1,1,"Terminal Road, Near TRV Airport, Thiruvananthapuram, India"
1833,BLR,Pride Plaza Hotel (Bengaluru Airport),11.4,3,8.2,1961,6368,0,0,"Terminal Road, Near BLR Airport, Bengaluru, India"
1834,DED,OYO Townhouse Airport (Dehradun Airport),4.1,5,8.9,191,5542,1,0,"Terminal Road, Near DED Airport, Dehradun, India"
1835,DED,Lemon Tree Premier (Dehradun Airport),12.6,5,9.3,1200,11252,0,1,"Terminal Road, Near DED Airport, Dehradun, India"
1836,GOI,Pride Plaza Hotel (Goa (Dabolim) Airport),12.3,5,9.2,1271,7504,0,1,"Terminal Road, Near GOI Airport, Goa (Dabolim), India"
1837,MEH,Lemon Tree Premier (Mehsana Airport),5.3,5,9.5,257,10807,1,0,"Terminal Road, Near MEH Airport, Mehsana, India"
1838,BOK,Ginger Airport Hotel (Bokaro Airport),12.9,3,9.7,262,9595,0,1,"Terminal Road, Near BOK Airport, Bokaro, India"
1839,NEEM,Novotel Airport Hotel (Neemuch Airport),4.8,5,8.4,1325,8911,1,1,"Terminal Road, Near NEEM Airport, Neemuch, India"
1840,ASL,Hyatt Regency Terminal (Asansol Airport),4.9,3,9.5,2213,12232,1,1,"Terminal Road, Near ASL Airport, Asansol, India"
1841,AMRE,Radisson Blu Airport (Amreli Airport),1.7,3,8.7,2786,9101,1,0,"Terminal Road, Near AMRE Airport, Amreli, India"
1842,DIU,OYO Townhouse Airport (Diu Airport),4.2,5,9.5,1542,3012,1,0,"Terminal Road, Near DIU Airport, Diu, India"
1843,HZD,IBIS Airport Hotel (Hazaribagh Airport),3.2,5,9.8,2834,5468,1,0,"Terminal Road, Near HZD Airport, Hazaribagh, India"
1844,COK,Ginger Airport Hotel (Kochi Airport),6.3,5,9.1,2290,5099,1,1,"Terminal Road, Near COK Airport, Kochi, India"
1845,JHW,Taj City Centre (Jhalawar Airport),5.7,4,8.8,3560,7901,1,0,"Terminal Road, Near JHW Airport, Jhalawar, India"
1846,TCR,Lemon Tree Premier (Thoothukudi (Tuticorin) Airport),0.9,4,9.4,2311,8923,1,1,"Terminal Road, Near TCR Airport, Thoothukudi (Tuticorin), India"
1847,TRV,Pride Plaza Hotel (Thiruvananthapuram Airport),5.1,3,9.4,2133,7351,1,1,"Terminal Road, Near TRV Airport, Thiruvananthapuram, India"
1848,HIR,FabHotel Airport Inn (Sambalpur Airport),2.9,4,8.7,1424,11676,1,1,"Terminal Road, Near HIR Airport, Sambalpur, India"
1849,BHO,Radisson Blu Airport (Bhopal Airport),13.0,3,8.2,1712,2711,0,1,"Terminal Road, Near BHO Airport, Bhopal, India"
1850,NDC,Trident Airport Hotel (Nanded Airport),11.9,5,9.7,1752,8395,0,0,"Terminal Road, Near NDC Airport, Nanded, India"
1851,SNE,IBIS Airport Hotel (Singrauli Airport),8.6,4,8.1,132,10773,0,0,"Terminal Road, Near SNE Airport, Singrauli, India"
1852,RJA,Trident Airport Hotel (Rajahmundry Airport),2.4,3,9.2,1869,2602,1,0,"Terminal Road, Near RJA Airport, Rajahmundry, India"
1853,MOR,Taj City Centre (Moradabad Airport),9.6,5,8.3,2769,11198,0,1,"Terminal Road, Near MOR Airport, Moradabad, India"
1854,KBK,ITC Grand Bharat (Kushinagar Airport),1.1,4,9.3,3384,4280,1,1,"Terminal Road, Near KBK Airport, Kushinagar, India"
1855,NVM,Novotel Airport Hotel (Navi Mumbai Airport),4.3,5,8.8,1622,11150,1,1,"Terminal Road, Near NVM Airport, Navi Mumbai, India"
1856,TCR,Trident Airport Hotel (Thoothukudi (Tuticorin) Airport),10.6,4,9.1,3532,4871,0,1,"Terminal Road, Near TCR Airport, Thoothukudi (Tuticorin), India"
1857,BDQ,IBIS Airport Hotel (Vadodara Airport),7.1,3,8.9,2209,3073,1,0,"Terminal Road, Near BDQ Airport, Vadodara, India"
1858,DBR,OYO Townhouse Airport (Darbhanga Airport),7.1,3,9.5,3497,8901,1,0,"Terminal Road, Near DBR Airport, Darbhanga, India"
1859,IXR,IBIS Airport Hotel (Ranchi Airport),7.5,3,8.7,1497,11866,1,1,"Terminal Road, Near IXR Airport, Ranchi, India"
1860,NMN,Trident Airport Hotel (Neemrana / Alwar Airport),4.6,3,9.2,1584,7097,1,0,"Terminal Road, Near NMN Airport, Neemrana / Alwar, India"
1861,HBX,IBIS Airport Hotel (Hubballi / Dharwad Airport),8.4,3,8.3,644,3211,0,0,"Terminal Road, Near HBX Airport, Hubballi / Dharwad, India"
1862,BLT,FabHotel Airport Inn (Balurghat Airport),4.9,4,9.5,3007,7440,1,0,"Terminal Road, Near BLT Airport, Balurghat, India"
1863,PUR,Ginger Airport Hotel (Purulia Airport),3.6,5,9.0,1225,7393,1,0,"Terminal Road, Near PUR Airport, Purulia, India"
1864,HJR,Lemon Tree Premier (Khajuraho Airport),12.5,3,8.5,199,6775,0,1,"Terminal Road, Near HJR Airport, Khajuraho, India"
1865,NWP,IBIS Airport Hotel (Pithoragarh Airport),13.0,3,9.2,1819,7483,0,0,"Terminal Road, Near NWP Airport, Pithoragarh, India"
1866,SIV,Radisson Blu Airport (Sivasagar Airport),7.9,3,9.4,226,3377,1,1,"Terminal Road, Near SIV Airport, Sivasagar, India"
1867,KOR,Ginger Airport Hotel (Koraput Airport),2.4,5,8.9,2477,10030,1,0,"Terminal Road, Near KOR Airport, Koraput, India"
1868,UTK,Lemon Tree Premier (Kalahandi / Utkela Airport),5.8,5,9.1,1700,4767,1,0,"Terminal Road, Near UTK Airport, Kalahandi / Utkela, India"
1869,IMF,OYO Townhouse Airport (Imphal Airport),5.6,4,9.0,3419,11086,1,1,"Terminal Road, Near IMF Airport, Imphal, India"
1870,PINJ,Radisson Blu Airport (Panchkula / Pinjore Airport),10.1,5,9.6,1383,5466,0,0,"Terminal Road, Near PINJ Airport, Panchkula / Pinjore, India"
1871,HSR,Ginger Airport Hotel (Rajkot Airport),4.6,5,8.8,3613,9188,1,1,"Terminal Road, Near HSR Airport, Rajkot, India"
1872,PAL,Hyatt Regency Terminal (Pali Airport),5.0,3,9.5,3068,7527,1,0,"Terminal Road, Near PAL Airport, Pali, India"
1873,SWM,Ginger Airport Hotel (Ranthambore / Sawai Madhopur Airport),8.0,4,9.3,417,10224,0,0,"Terminal Road, Near SWM Airport, Ranthambore / Sawai Madhopur, India"
1874,IXM,Lemon Tree Premier (Madurai Airport),3.9,4,9.2,662,5705,1,1,"Terminal Road, Near IXM Airport, Madurai, India"
1875,NPL,Taj City Centre (Narnaul Airport),13.7,5,8.1,2661,9487,0,0,"Terminal Road, Near NPL Airport, Narnaul, India"
1876,IMF,OYO Townhouse Airport (Imphal Airport),12.3,4,9.7,2352,10487,0,0,"Terminal Road, Near IMF Airport, Imphal, India"
1877,COB,Ginger Airport Hotel (Cooch Behar Airport),1.6,4,8.9,1416,8098,1,1,"Terminal Road, Near COB Airport, Cooch Behar, India"
1878,BDQ,FabHotel Airport Inn (Vadodara Airport),4.1,4,9.3,280,11354,1,0,"Terminal Road, Near BDQ Airport, Vadodara, India"
1879,NEEM,Taj City Centre (Neemuch Airport),8.6,5,9.7,2151,6316,0,0,"Terminal Road, Near NEEM Airport, Neemuch, India"
1880,BBI,Ginger Airport Hotel (Bhubaneswar Airport),7.6,4,8.9,704,11821,1,1,"Terminal Road, Near BBI Airport, Bhubaneswar, India"
1881,DMO,Pride Plaza Hotel (Damoh Airport),13.3,4,9.2,862,4271,0,1,"Terminal Road, Near DMO Airport, Damoh, India"
1882,MOR,Lemon Tree Premier (Moradabad Airport),11.3,5,9.5,2098,8227,0,0,"Terminal Road, Near MOR Airport, Moradabad, India"
1883,HSR,ITC Grand Bharat (Rajkot Airport),6.0,4,8.2,899,10401,1,1,"Terminal Road, Near HSR Airport, Rajkot, India"
1884,PNV,Pride Plaza Hotel (Porbandar Airport),6.2,3,9.5,1150,10699,1,1,"Terminal Road, Near PNV Airport, Porbandar, India"
1885,KOR,Taj City Centre (Koraput Airport),5.3,4,9.3,2551,6925,1,0,"Terminal Road, Near KOR Airport, Koraput, India"
1886,AMH,FabHotel Airport Inn (Azamgarh Airport),11.0,3,9.0,3363,4500,0,0,"Terminal Road, Near AMH Airport, Azamgarh, India"
1887,IXZ,Pride Plaza Hotel (Port Blair (Andaman) Airport),1.3,4,9.1,506,9794,1,1,"Terminal Road, Near IXZ Airport, Port Blair (Andaman), India"
1888,TIR,Hyatt Regency Terminal (Tirupati Airport),12.8,4,8.8,711,4118,0,1,"Terminal Road, Near TIR Airport, Tirupati, India"
1889,IXZ,Lemon Tree Premier (Port Blair (Andaman) Airport),11.2,5,8.4,1083,2762,0,0,"Terminal Road, Near IXZ Airport, Port Blair (Andaman), India"
1890,HSR,Novotel Airport Hotel (Rajkot Airport),11.2,4,9.1,3094,4514,0,1,"Terminal Road, Near HSR Airport, Rajkot, India"
1891,ALD,Ginger Airport Hotel (Aligarh Airport),3.2,3,8.5,224,12057,1,0,"Terminal Road, Near ALD Airport, Aligarh, India"
1892,LGP,Radisson Blu Airport (Rupsi / Dhubri Airport),5.4,4,8.7,204,4297,1,0,"Terminal Road, Near LGP Airport, Rupsi / Dhubri, India"
1893,BVC,Ginger Airport Hotel (Bhavnagar Airport),8.4,5,9.0,2755,4417,0,1,"Terminal Road, Near BVC Airport, Bhavnagar, India"
1894,BID,Novotel Airport Hotel (Bidar Airport),2.9,3,8.4,2898,5345,1,0,"Terminal Road, Near BID Airport, Bidar, India"
1895,JRH,Pride Plaza Hotel (Jorhat Airport),12.1,3,8.8,532,11141,0,1,"Terminal Road, Near JRH Airport, Jorhat, India"
1896,IXJ,Pride Plaza Hotel (Jammu Airport),2.4,4,9.1,1554,5372,1,1,"Terminal Road, Near IXJ Airport, Jammu, India"
1897,DIU,Taj City Centre (Diu Airport),2.7,5,8.8,985,11406,1,1,"Terminal Road, Near DIU Airport, Diu, India"
1898,LKO,Novotel Airport Hotel (Lucknow Airport),9.2,3,8.7,2110,2136,0,0,"Terminal Road, Near LKO Airport, Lucknow, India"
1899,KBK,OYO Townhouse Airport (Kushinagar Airport),8.3,4,8.4,918,2803,0,0,"Terminal Road, Near KBK Airport, Kushinagar, India"
1900,PGH,Taj City Centre (Pantnagar / Nainital Airport),7.2,4,9.5,1931,8530,1,0,"Terminal Road, Near PGH Airport, Pantnagar / Nainital, India"
1901,CHI,Radisson Blu Airport (Chhindwara Airport),4.1,4,9.3,2285,9512,1,1,"Terminal Road, Near CHI Airport, Chhindwara, India"
1902,NDC,Lemon Tree Premier (Nanded Airport),7.6,5,9.3,2380,10035,1,0,"Terminal Road, Near NDC Airport, Nanded, India"
1903,KHO,ITC Grand Bharat (Khowai Airport),7.5,4,8.5,2016,6576,1,0,"Terminal Road, Near KHO Airport, Khowai, India"
1904,KNU,Ginger Airport Hotel (Kanpur Airport),13.2,3,9.0,3027,3760,0,0,"Terminal Road, Near KNU Airport, Kanpur, India"
1905,UTL,Taj City Centre (Barmer Airport),4.9,3,9.8,2632,8949,1,1,"Terminal Road, Near UTL Airport, Barmer, India"
1906,HZD,Hyatt Regency Terminal (Hazaribagh Airport),5.6,4,8.8,3607,11386,1,1,"Terminal Road, Near HZD Airport, Hazaribagh, India"
1907,AGX,Pride Plaza Hotel (Agatti Island (Lakshadweep) Airport),9.8,3,9.4,1234,10036,0,1,"Terminal Road, Near AGX Airport, Agatti Island (Lakshadweep), India"
1908,BVC,Radisson Blu Airport (Bhavnagar Airport),1.4,4,8.1,1710,5449,1,0,"Terminal Road, Near BVC Airport, Bhavnagar, India"
1909,LUD,Pride Plaza Hotel (Ludhiana Airport),12.8,3,9.7,2084,10785,0,0,"Terminal Road, Near LUD Airport, Ludhiana, India"
1910,BLR,IBIS Airport Hotel (Bengaluru Airport),5.0,5,9.1,3065,5442,1,0,"Terminal Road, Near BLR Airport, Bengaluru, India"
1911,MAA,Taj City Centre (Chennai Airport),4.4,4,9.5,307,6714,1,1,"Terminal Road, Near MAA Airport, Chennai, India"
1912,TRV,Ginger Airport Hotel (Thiruvananthapuram Airport),0.8,5,8.2,3535,2011,1,0,"Terminal Road, Near TRV Airport, Thiruvananthapuram, India"
1913,VDY,ITC Grand Bharat (Vidyanagar / Ballari Airport),5.9,5,8.5,2355,3742,1,1,"Terminal Road, Near VDY Airport, Vidyanagar / Ballari, India"
1914,BGP,IBIS Airport Hotel (Bhagalpur Airport),9.9,4,8.2,869,12218,0,0,"Terminal Road, Near BGP Airport, Bhagalpur, India"
1915,SLV,Taj City Centre (Shimla Airport),8.8,4,9.6,140,10191,0,0,"Terminal Road, Near SLV Airport, Shimla, India"
1916,SNE,ITC Grand Bharat (Singrauli Airport),9.9,5,8.3,1311,3315,0,0,"Terminal Road, Near SNE Airport, Singrauli, India"
1917,HJR,Hyatt Regency Terminal (Khajuraho Airport),12.2,3,8.6,3561,5922,0,1,"Terminal Road, Near HJR Airport, Khajuraho, India"
1918,VZY,FabHotel Airport Inn (Vijayawada Airport),12.9,5,9.7,2452,12198,0,0,"Terminal Road, Near VZY Airport, Vijayawada, India"
1919,JGA,Lemon Tree Premier (Jamnagar Airport),10.0,3,8.7,3324,7400,0,0,"Terminal Road, Near JGA Airport, Jamnagar, India"
1920,IXJ,Ginger Airport Hotel (Jammu Airport),14.3,4,8.9,1132,10637,0,0,"Terminal Road, Near IXJ Airport, Jammu, India"
1921,CJB,OYO Townhouse Airport (Coimbatore Airport),13.3,4,9.2,2004,12249,0,1,"Terminal Road, Near CJB Airport, Coimbatore, India"
1922,BHU,Lemon Tree Premier (Bathinda Airport),6.0,4,9.5,143,4398,1,0,"Terminal Road, Near BHU Airport, Bathinda, India"
1923,JGA,Trident Airport Hotel (Jamnagar Airport),4.9,3,9.3,206,5627,1,0,"Terminal Road, Near JGA Airport, Jamnagar, India"
1924,BVC,Novotel Airport Hotel (Bhavnagar Airport),2.7,5,8.5,1519,6241,1,0,"Terminal Road, Near BVC Airport, Bhavnagar, India"
1925,IXD,Radisson Blu Airport (Prayagraj (Allahabad) Airport),12.2,4,9.3,1259,10300,0,0,"Terminal Road, Near IXD Airport, Prayagraj (Allahabad), India"
1926,GAW,Ginger Airport Hotel (Guwahati Airport),1.4,5,9.5,804,9647,1,1,"Terminal Road, Near GAW Airport, Guwahati, India"
1927,SNE,ITC Grand Bharat (Singrauli Airport),6.0,5,9.1,1048,3963,1,1,"Terminal Road, Near SNE Airport, Singrauli, India"
1928,PAT,Lemon Tree Premier (Patna Airport),7.2,4,8.4,2062,3062,1,1,"Terminal Road, Near PAT Airport, Patna, India"
1929,PAL,Pride Plaza Hotel (Pali Airport),13.3,4,8.5,975,10111,0,0,"Terminal Road, Near PAL Airport, Pali, India"
1930,HJR,Taj City Centre (Khajuraho Airport),9.0,5,9.0,3075,12465,0,1,"Terminal Road, Near HJR Airport, Khajuraho, India"
1931, سات,Trident Airport Hotel (Satna Airport),4.8,3,9.4,3507,4030,1,0,"Terminal Road, Near  سات Airport, Satna, India"
1932,UTK,IBIS Airport Hotel (Kalahandi / Utkela Airport),1.0,5,8.8,2635,7029,1,1,"Terminal Road, Near UTK Airport, Kalahandi / Utkela, India"
1933,ANK,Pride Plaza Hotel (Ankleshwar Airport),5.8,5,9.6,911,3834,1,1,"Terminal Road, Near ANK Airport, Ankleshwar, India"
1934,AKL,Pride Plaza Hotel (Akola Airport),8.0,5,8.8,3054,6873,0,0,"Terminal Road, Near AKL Airport, Akola, India"
1935,TEZU,Radisson Blu Airport (Tezu Airport),14.1,4,8.9,260,9874,0,0,"Terminal Road, Near TEZU Airport, Tezu, India"
1936,SWM,Novotel Airport Hotel (Ranthambore / Sawai Madhopur Airport),3.3,4,8.1,3508,11063,1,1,"Terminal Road, Near SWM Airport, Ranthambore / Sawai Madhopur, India"
1937,PAL,OYO Townhouse Airport (Pali Airport),4.3,3,9.7,3121,8001,1,0,"Terminal Road, Near PAL Airport, Pali, India"
1938,DIU,FabHotel Airport Inn (Diu Airport),7.4,3,9.1,977,6502,1,1,"Terminal Road, Near DIU Airport, Diu, India"
1939,TRZ,Novotel Airport Hotel (Tiruchirappalli (Trichy) Airport),1.5,3,9.4,3585,4398,1,0,"Terminal Road, Near TRZ Airport, Tiruchirappalli (Trichy), India"
1940,JDH,Radisson Blu Airport (Jodhpur Airport),13.2,5,9.3,2134,4880,0,0,"Terminal Road, Near JDH Airport, Jodhpur, India"
1941,PYG,ITC Grand Bharat (Gangtok / Pakyong (Sikkim) Airport),3.8,4,9.5,2564,2718,1,1,"Terminal Road, Near PYG Airport, Gangtok / Pakyong (Sikkim), India"
1942,KOR,FabHotel Airport Inn (Koraput Airport),1.8,4,8.9,2958,6268,1,0,"Terminal Road, Near KOR Airport, Koraput, India"
1943,LUD,Taj City Centre (Ludhiana Airport),14.5,4,8.2,1033,10332,0,1,"Terminal Road, Near LUD Airport, Ludhiana, India"
1944,GOI,Taj City Centre (Goa (Dabolim) Airport),10.7,3,9.8,2552,8146,0,1,"Terminal Road, Near GOI Airport, Goa (Dabolim), India"
1945,SHL,Lemon Tree Premier (Shillong Airport),2.2,4,9.0,2153,6094,1,1,"Terminal Road, Near SHL Airport, Shillong, India"
1946,BVC,Pride Plaza Hotel (Bhavnagar Airport),12.0,5,8.4,905,5077,0,0,"Terminal Road, Near BVC Airport, Bhavnagar, India"
1947,ANK,Hyatt Regency Terminal (Ankleshwar Airport),8.9,3,8.9,3715,2455,0,1,"Terminal Road, Near ANK Airport, Ankleshwar, India"
1948,SXR,ITC Grand Bharat (Srinagar Airport),13.7,4,8.6,2463,3354,0,0,"Terminal Road, Near SXR Airport, Srinagar, India"
1949,IXJ,IBIS Airport Hotel (Jammu Airport),4.7,5,8.6,837,4945,1,0,"Terminal Road, Near IXJ Airport, Jammu, India"
1950,COB,Trident Airport Hotel (Cooch Behar Airport),12.1,4,9.7,2979,12179,0,1,"Terminal Road, Near COB Airport, Cooch Behar, India"
1951,NWP,ITC Grand Bharat (Pithoragarh Airport),11.0,5,9.3,874,4984,0,0,"Terminal Road, Near NWP Airport, Pithoragarh, India"
1952,SRA,Hyatt Regency Terminal (Shravasti Airport),1.3,3,9.5,732,6632,1,1,"Terminal Road, Near SRA Airport, Shravasti, India"
1953,HBX,Novotel Airport Hotel (Hubballi / Dharwad Airport),6.7,4,8.9,845,7138,1,1,"Terminal Road, Near HBX Airport, Hubballi / Dharwad, India"
1954,SDW,Radisson Blu Airport (Sindhudurg Airport),5.2,4,9.6,577,9141,1,0,"Terminal Road, Near SDW Airport, Sindhudurg, India"
1955,LUD,IBIS Airport Hotel (Ludhiana Airport),8.0,5,8.6,945,9987,0,1,"Terminal Road, Near LUD Airport, Ludhiana, India"
1956,KOK,ITC Grand Bharat (Kokrajhar Airport),4.7,5,9.8,1519,3605,1,1,"Terminal Road, Near KOK Airport, Kokrajhar, India"
1957,AGX,ITC Grand Bharat (Agatti Island (Lakshadweep) Airport),6.1,5,8.7,1190,6114,1,0,"Terminal Road, Near AGX Airport, Agatti Island (Lakshadweep), India"
1958,BLR,Trident Airport Hotel (Bengaluru Airport),9.1,4,9.3,3123,8907,0,0,"Terminal Road, Near BLR Airport, Bengaluru, India"
1959,PYG,Ginger Airport Hotel (Gangtok / Pakyong (Sikkim) Airport),8.7,5,8.2,3237,10716,0,1,"Terminal Road, Near PYG Airport, Gangtok / Pakyong (Sikkim), India"
1960,PAL,Pride Plaza Hotel (Pali Airport),14.2,3,8.9,617,2573,0,0,"Terminal Road, Near PAL Airport, Pali, India"
1961,KAP,ITC Grand Bharat (Kadapa Airport),14.4,4,8.2,3432,9848,0,0,"Terminal Road, Near KAP Airport, Kadapa, India"
1962,LUD,IBIS Airport Hotel (Ludhiana Airport),13.7,3,8.3,2422,3086,0,0,"Terminal Road, Near LUD Airport, Ludhiana, India"
1963,HBI,Pride Plaza Hotel (Itanagar Airport),13.6,4,9.3,1268,6401,0,0,"Terminal Road, Near HBI Airport, Itanagar, India"
1964,DED,Trident Airport Hotel (Dehradun Airport),10.1,5,8.5,2378,5607,0,1,"Terminal Road, Near DED Airport, Dehradun, India"
1965,PAT,Trident Airport Hotel (Patna Airport),13.8,4,9.7,803,10047,0,1,"Terminal Road, Near PAT Airport, Patna, India"
1966,MUZ,Pride Plaza Hotel (Muzaffarpur Airport),1.3,3,9.2,868,3573,1,1,"Terminal Road, Near MUZ Airport, Muzaffarpur, India"
1967,IXD,FabHotel Airport Inn (Prayagraj (Allahabad) Airport),10.5,4,9.6,1395,5008,0,0,"Terminal Road, Near IXD Airport, Prayagraj (Allahabad), India"
1968,SLN,Pride Plaza Hotel (Sultanpur Airport),9.7,4,9.5,815,9106,0,0,"Terminal Road, Near SLN Airport, Sultanpur, India"
1969,AMD,ITC Grand Bharat (Ahmedabad Airport),5.0,5,9.6,242,11299,1,1,"Terminal Road, Near AMD Airport, Ahmedabad, India"
1970,AYJ,Pride Plaza Hotel (Ayodhya Airport),8.7,5,8.1,2773,12063,0,1,"Terminal Road, Near AYJ Airport, Ayodhya, India"
1971,RGD,Lemon Tree Premier (Raigarh Airport),9.6,4,9.4,1066,7588,0,1,"Terminal Road, Near RGD Airport, Raigarh, India"
1972,PNQ,IBIS Airport Hotel (Pune Airport),1.6,4,9.8,2234,9193,1,0,"Terminal Road, Near PNQ Airport, Pune, India"
1973,BVC,ITC Grand Bharat (Bhavnagar Airport),14.1,3,8.3,389,4663,0,1,"Terminal Road, Near BVC Airport, Bhavnagar, India"
1974,IXR,Novotel Airport Hotel (Ranchi Airport),12.8,4,8.9,3252,4920,0,1,"Terminal Road, Near IXR Airport, Ranchi, India"
1975,MZS,Lemon Tree Premier (Sonbhadra Airport),11.4,4,8.8,2612,5438,0,1,"Terminal Road, Near MZS Airport, Sonbhadra, India"
1976,KOK,Lemon Tree Premier (Kokrajhar Airport),14.4,5,9.7,1666,7674,0,1,"Terminal Road, Near KOK Airport, Kokrajhar, India"
1977,IXD,FabHotel Airport Inn (Prayagraj (Allahabad) Airport),10.9,4,9.6,3321,11414,0,1,"Terminal Road, Near IXD Airport, Prayagraj (Allahabad), India"
1978,CFH,Pride Plaza Hotel (Chitrakoot Airport),4.6,4,8.5,894,8115,1,0,"Terminal Road, Near CFH Airport, Chitrakoot, India"
1979,KAI,ITC Grand Bharat (Kailashahar Airport),9.9,4,9.0,2987,10283,0,0,"Terminal Road, Near KAI Airport, Kailashahar, India"
1980,IXL,Novotel Airport Hotel (Leh (Ladakh) Airport),7.8,5,8.2,2086,2324,1,0,"Terminal Road, Near IXL Airport, Leh (Ladakh), India"
1981,PGH,IBIS Airport Hotel (Pantnagar / Nainital Airport),14.4,3,9.4,1248,7036,0,1,"Terminal Road, Near PGH Airport, Pantnagar / Nainital, India"
1982,AJL,Taj City Centre (Aizawl Airport),2.9,5,9.8,2225,4040,1,1,"Terminal Road, Near AJL Airport, Aizawl, India"
1983,VNS,IBIS Airport Hotel (Varanasi Airport),14.3,3,9.7,2375,6537,0,1,"Terminal Road, Near VNS Airport, Varanasi, India"
1984,HBI,Radisson Blu Airport (Itanagar Airport),10.6,3,8.4,2174,3948,0,0,"Terminal Road, Near HBI Airport, Itanagar, India"
1985,IXP,FabHotel Airport Inn (Pathankot Airport),10.1,5,8.9,2312,3643,0,1,"Terminal Road, Near IXP Airport, Pathankot, India"
1986,AJL,IBIS Airport Hotel (Aizawl Airport),11.0,5,8.2,3418,7942,0,0,"Terminal Road, Near AJL Airport, Aizawl, India"
1987,RKG,Ginger Airport Hotel (Durgapur Airport),8.6,3,9.3,3306,11047,0,0,"Terminal Road, Near RKG Airport, Durgapur, India"
1988,VTZ,ITC Grand Bharat (Visakhapatnam Airport),7.9,5,8.6,3644,8368,1,0,"Terminal Road, Near VTZ Airport, Visakhapatnam, India"
1989,BHU,ITC Grand Bharat (Bathinda Airport),0.9,5,9.4,1571,11326,1,1,"Terminal Road, Near BHU Airport, Bathinda, India"
1990,SWM,Pride Plaza Hotel (Ranthambore / Sawai Madhopur Airport),7.0,4,8.6,3717,7278,1,1,"Terminal Road, Near SWM Airport, Ranthambore / Sawai Madhopur, India"
1991,GAW,Pride Plaza Hotel (Guwahati Airport),5.3,4,9.2,572,9592,1,1,"Terminal Road, Near GAW Airport, Guwahati, India"
1992,HIR,Hyatt Regency Terminal (Sambalpur Airport),10.7,4,8.3,1565,7352,0,1,"Terminal Road, Near HIR Airport, Sambalpur, India"
1993,VJZ,ITC Grand Bharat (Bhogapuram / Vizianagaram Airport),2.9,4,8.9,1950,7266,1,0,"Terminal Road, Near VJZ Airport, Bhogapuram / Vizianagaram, India"
1994,IXS,FabHotel Airport Inn (Silchar Airport),6.7,3,9.4,1527,2572,1,1,"Terminal Road, Near IXS Airport, Silchar, India"
1995,IXU,FabHotel Airport Inn (Chhatrapati Sambhaji Nagar (Aurangabad) Airport),2.5,4,8.6,864,9364,1,1,"Terminal Road, Near IXU Airport, Chhatrapati Sambhaji Nagar (Aurangabad), India"
1996,MEH,Taj City Centre (Mehsana Airport),11.2,3,8.4,3622,6295,0,0,"Terminal Road, Near MEH Airport, Mehsana, India"
1997,KNU,Trident Airport Hotel (Kanpur Airport),11.9,5,8.1,2134,10324,0,0,"Terminal Road, Near KNU Airport, Kanpur, India"
1998,NEEM,Ginger Airport Hotel (Neemuch Airport),3.9,3,8.8,210,6349,1,1,"Terminal Road, Near NEEM Airport, Neemuch, India"
1999,BHU,Trident Airport Hotel (Bathinda Airport),1.9,5,8.1,1384,11734,1,0,"Terminal Road, Near BHU Airport, Bathinda, India"
2000,KARN,Hyatt Regency Terminal (Karnal Airport),13.0,4,8.3,2812,9161,0,0,"Terminal Road, Near KARN Airport, Karnal, India"
2001,SLV,Hyatt Regency Terminal (Shimla Airport),13.6,4,9.6,1608,5915,0,0,"Terminal Road, Near SLV Airport, Shimla, India"
2002,CNN,Novotel Airport Hotel (Kannur Airport),2.7,4,8.1,2724,7394,1,1,"Terminal Road, Near CNN Airport, Kannur, India"
2003,PNV,Lemon Tree Premier (Porbandar Airport),3.9,4,9.4,2223,8477,1,0,"Terminal Road, Near PNV Airport, Porbandar, India"
2004,SIV,Ginger Airport Hotel (Sivasagar Airport),4.0,4,9.4,3061,3541,1,0,"Terminal Road, Near SIV Airport, Sivasagar, India"
2005,RKG,Lemon Tree Premier (Durgapur Airport),5.4,3,8.5,3028,10090,1,0,"Terminal Road, Near RKG Airport, Durgapur, India"
2006,CHI,Pride Plaza Hotel (Chhindwara Airport),5.3,4,9.7,960,12372,1,0,"Terminal Road, Near CHI Airport, Chhindwara, India"
2007,PYB,FabHotel Airport Inn (Jeypore Airport),14.5,4,9.1,1564,3012,0,0,"Terminal Road, Near PYB Airport, Jeypore, India"
2008,KAI,Pride Plaza Hotel (Kailashahar Airport),10.2,4,9.4,2306,8254,0,0,"Terminal Road, Near KAI Airport, Kailashahar, India"
2009,KAP,Lemon Tree Premier (Kadapa Airport),3.3,4,8.8,3497,4784,1,1,"Terminal Road, Near KAP Airport, Kadapa, India"
2010,GON,Radisson Blu Airport (Gondia Airport),2.7,3,8.8,1135,11583,1,0,"Terminal Road, Near GON Airport, Gondia, India"
2011,ASL,Novotel Airport Hotel (Asansol Airport),1.6,4,8.5,2696,3454,1,0,"Terminal Road, Near ASL Airport, Asansol, India"
2012,BGP,Radisson Blu Airport (Bhagalpur Airport),2.0,3,9.5,1327,6734,1,0,"Terminal Road, Near BGP Airport, Bhagalpur, India"
2013,TCR,Novotel Airport Hotel (Thoothukudi (Tuticorin) Airport),6.4,4,9.0,405,7488,1,1,"Terminal Road, Near TCR Airport, Thoothukudi (Tuticorin), India"
2014,DED,Lemon Tree Premier (Dehradun Airport),9.1,3,8.5,3099,1873,0,1,"Terminal Road, Near DED Airport, Dehradun, India"
2015,GOP,OYO Townhouse Airport (Ganjam / Gopalpur Airport),2.9,4,8.8,1166,7587,1,0,"Terminal Road, Near GOP Airport, Ganjam / Gopalpur, India"
2016,AGR,Ginger Airport Hotel (Agra Airport),9.2,5,9.8,1623,11639,0,1,"Terminal Road, Near AGR Airport, Agra, India"
2017,OSB,Taj City Centre (Dharashiv Airport),0.9,4,9.2,1687,11743,1,0,"Terminal Road, Near OSB Airport, Dharashiv, India"
2018,DHM,Trident Airport Hotel (Dharamshala / Kangra Airport),7.6,5,9.2,1260,5755,1,1,"Terminal Road, Near DHM Airport, Dharamshala / Kangra, India"
2019,COB,Pride Plaza Hotel (Cooch Behar Airport),14.3,5,8.8,313,8459,0,1,"Terminal Road, Near COB Airport, Cooch Behar, India"
2020,BVC,Taj City Centre (Bhavnagar Airport),12.9,5,9.1,2908,4339,0,0,"Terminal Road, Near BVC Airport, Bhavnagar, India"
2021,TCR,Ginger Airport Hotel (Thoothukudi (Tuticorin) Airport),7.1,5,8.5,551,10720,1,0,"Terminal Road, Near TCR Airport, Thoothukudi (Tuticorin), India"
2022,RJA,ITC Grand Bharat (Rajahmundry Airport),1.6,5,8.5,890,5977,1,1,"Terminal Road, Near RJA Airport, Rajahmundry, India"
2023,AMR,OYO Townhouse Airport (Amravati Airport),12.4,5,9.1,3737,5394,0,1,"Terminal Road, Near AMR Airport, Amravati, India"
2024,BHO,Radisson Blu Airport (Bhopal Airport),13.7,5,9.2,2187,9845,0,0,"Terminal Road, Near BHO Airport, Bhopal, India"
2025,VJZ,Lemon Tree Premier (Bhogapuram / Vizianagaram Airport),10.8,4,9.2,2053,3625,0,1,"Terminal Road, Near VJZ Airport, Bhogapuram / Vizianagaram, India"
2026,HBI,Novotel Airport Hotel (Itanagar Airport),3.4,3,8.2,1463,9512,1,1,"Terminal Road, Near HBI Airport, Itanagar, India"
2027,VZY,Taj City Centre (Vijayawada Airport),10.8,4,8.7,1083,7486,0,0,"Terminal Road, Near VZY Airport, Vijayawada, India"
2028,RAT,Ginger Airport Hotel (Ratlam Airport),2.4,3,9.0,1436,6546,1,1,"Terminal Road, Near RAT Airport, Ratlam, India"
2029,KJB,ITC Grand Bharat (Kurnool (Orvakal) Airport),2.5,4,8.2,2816,4048,1,0,"Terminal Road, Near KJB Airport, Kurnool (Orvakal), India"
2030,VZY,OYO Townhouse Airport (Vijayawada Airport),14.1,4,8.6,2274,10923,0,0,"Terminal Road, Near VZY Airport, Vijayawada, India"
2031,NMN,Novotel Airport Hotel (Neemrana / Alwar Airport),8.7,4,8.3,2525,2459,0,1,"Terminal Road, Near NMN Airport, Neemrana / Alwar, India"
2032,DMO,Novotel Airport Hotel (Damoh Airport),5.0,4,9.5,1886,11297,1,1,"Terminal Road, Near DMO Airport, Damoh, India"
2033,PUI,ITC Grand Bharat (Purnea Airport),3.7,4,8.4,2953,3578,1,0,"Terminal Road, Near PUI Airport, Purnea, India"
2034,TEZ,Ginger Airport Hotel (Tezpur Airport),3.1,4,9.5,3726,5720,1,0,"Terminal Road, Near TEZ Airport, Tezpur, India"
2035,ALD,Hyatt Regency Terminal (Aligarh Airport),6.4,4,8.7,3625,6293,1,1,"Terminal Road, Near ALD Airport, Aligarh, India"
2036,PUR,Radisson Blu Airport (Purulia Airport),2.7,4,8.3,2249,12255,1,1,"Terminal Road, Near PUR Airport, Purulia, India"
2037,KARN,FabHotel Airport Inn (Karnal Airport),8.1,3,8.5,2228,9134,0,1,"Terminal Road, Near KARN Airport, Karnal, India"
2038,GOP,Ginger Airport Hotel (Ganjam / Gopalpur Airport),2.5,3,9.2,2521,6039,1,0,"Terminal Road, Near GOP Airport, Ganjam / Gopalpur, India"
2039,ANK,Lemon Tree Premier (Ankleshwar Airport),7.4,3,8.8,1822,6577,1,1,"Terminal Road, Near ANK Airport, Ankleshwar, India"
2040,PNY,Lemon Tree Premier (Puducherry Airport),7.4,3,9.7,1898,7214,1,0,"Terminal Road, Near PNY Airport, Puducherry, India"
2041,KOP,Hyatt Regency Terminal (Kolhapur Airport),3.0,4,8.3,1208,1964,1,1,"Terminal Road, Near KOP Airport, Kolhapur, India"
2042,ZER,FabHotel Airport Inn (Ziro Airport),9.9,3,9.7,3010,4604,0,0,"Terminal Road, Near ZER Airport, Ziro, India"
2043,JRH,Hyatt Regency Terminal (Jorhat Airport),14.2,5,8.1,3685,8866,0,0,"Terminal Road, Near JRH Airport, Jorhat, India"
2044,KARN,IBIS Airport Hotel (Karnal Airport),11.6,5,8.5,3050,2642,0,1,"Terminal Road, Near KARN Airport, Karnal, India"
2045,BOK,IBIS Airport Hotel (Bokaro Airport),4.2,3,8.8,3055,4307,1,1,"Terminal Road, Near BOK Airport, Bokaro, India"
2046,MRA,Radisson Blu Airport (Noida / Jewar Airport),11.9,5,8.6,925,11846,0,0,"Terminal Road, Near MRA Airport, Noida / Jewar, India"
2047,AMRE,Lemon Tree Premier (Amreli Airport),9.8,4,8.6,887,4234,0,0,"Terminal Road, Near AMRE Airport, Amreli, India"
2048,AYJ,Trident Airport Hotel (Ayodhya Airport),6.8,3,8.4,3091,10707,1,0,"Terminal Road, Near AYJ Airport, Ayodhya, India"
2049,IXU,FabHotel Airport Inn (Chhatrapati Sambhaji Nagar (Aurangabad) Airport),4.8,3,8.8,895,6441,1,0,"Terminal Road, Near IXU Airport, Chhatrapati Sambhaji Nagar (Aurangabad), India"
2050,SHL,FabHotel Airport Inn (Shillong Airport),2.6,4,9.4,1417,11909,1,1,"Terminal Road, Near SHL Airport, Shillong, India"
2051,LKO,FabHotel Airport Inn (Lucknow Airport),2.1,5,9.5,3726,9389,1,0,"Terminal Road, Near LKO Airport, Lucknow, India"
2052,SLV,Trident Airport Hotel (Shimla Airport),5.2,3,9.0,1956,11263,1,1,"Terminal Road, Near SLV Airport, Shimla, India"
2053,IXA,Trident Airport Hotel (Agartala Airport),5.2,4,8.3,2788,4648,1,1,"Terminal Road, Near IXA Airport, Agartala, India"
2054,UTK,Ginger Airport Hotel (Kalahandi / Utkela Airport),2.3,4,9.5,1322,6995,1,0,"Terminal Road, Near UTK Airport, Kalahandi / Utkela, India"
2055,PUI,IBIS Airport Hotel (Purnea Airport),2.1,4,8.5,1021,1986,1,0,"Terminal Road, Near PUI Airport, Purnea, India"
2056,DMU,Trident Airport Hotel (Dimapur Airport),12.8,5,8.9,2044,11802,0,1,"Terminal Road, Near DMU Airport, Dimapur, India"
2057,SRA,ITC Grand Bharat (Shravasti Airport),3.0,4,9.5,2030,6487,1,0,"Terminal Road, Near SRA Airport, Shravasti, India"
2058,LUD,IBIS Airport Hotel (Ludhiana Airport),5.3,5,8.2,1882,8690,1,0,"Terminal Road, Near LUD Airport, Ludhiana, India"
2059,HZD,FabHotel Airport Inn (Hazaribagh Airport),3.2,4,9.4,1774,7777,1,0,"Terminal Road, Near HZD Airport, Hazaribagh, India"
2060,SRA,OYO Townhouse Airport (Shravasti Airport),13.4,5,8.3,2965,7923,0,1,"Terminal Road, Near SRA Airport, Shravasti, India"
2061,IXP,Hyatt Regency Terminal (Pathankot Airport),7.8,5,9.2,1437,11419,1,1,"Terminal Road, Near IXP Airport, Pathankot, India"
2062,HBI,ITC Grand Bharat (Itanagar Airport),6.9,5,9.0,1280,6444,1,0,"Terminal Road, Near HBI Airport, Itanagar, India"
2063,HBX,Lemon Tree Premier (Hubballi / Dharwad Airport),6.9,3,8.8,2776,4563,1,0,"Terminal Road, Near HBX Airport, Hubballi / Dharwad, India"
2064,JGD,Novotel Airport Hotel (Jagdalpur Airport),9.0,5,8.7,2534,2516,0,1,"Terminal Road, Near JGD Airport, Jagdalpur, India"
2065, سات,Trident Airport Hotel (Satna Airport),8.5,5,9.3,3392,5959,0,1,"Terminal Road, Near  سات Airport, Satna, India"
2066,KJB,Novotel Airport Hotel (Kurnool (Orvakal) Airport),8.2,4,8.7,1812,7696,0,0,"Terminal Road, Near KJB Airport, Kurnool (Orvakal), India"
2067,DED,Pride Plaza Hotel (Dehradun Airport),14.3,5,9.2,2933,3191,0,1,"Terminal Road, Near DED Airport, Dehradun, India"
2068,GBI,OYO Townhouse Airport (Kalaburagi (Gulbarga) Airport),5.2,5,8.9,3476,5373,1,1,"Terminal Road, Near GBI Airport, Kalaburagi (Gulbarga), India"
2069,SLV,Lemon Tree Premier (Shimla Airport),12.8,3,8.5,804,10192,0,0,"Terminal Road, Near SLV Airport, Shimla, India"
2070,IXZ,Pride Plaza Hotel (Port Blair (Andaman) Airport),3.2,3,8.3,1988,2657,1,1,"Terminal Road, Near IXZ Airport, Port Blair (Andaman), India"
2071,SLV,FabHotel Airport Inn (Shimla Airport),2.0,4,9.4,3449,2000,1,0,"Terminal Road, Near SLV Airport, Shimla, India"
2072,LGP,Pride Plaza Hotel (Rupsi / Dhubri Airport),1.3,3,8.5,1913,9941,1,1,"Terminal Road, Near LGP Airport, Rupsi / Dhubri, India"
2073,DBR,Pride Plaza Hotel (Darbhanga Airport),13.5,4,8.2,2834,6001,0,0,"Terminal Road, Near DBR Airport, Darbhanga, India"
2074,ZER,Taj City Centre (Ziro Airport),12.3,4,9.4,1572,6692,0,1,"Terminal Road, Near ZER Airport, Ziro, India"
2075,MAA,FabHotel Airport Inn (Chennai Airport),2.2,5,9.4,3570,9996,1,1,"Terminal Road, Near MAA Airport, Chennai, India"
2076,MAA,OYO Townhouse Airport (Chennai Airport),5.5,4,8.3,2470,9179,1,0,"Terminal Road, Near MAA Airport, Chennai, India"
2077,KJB,FabHotel Airport Inn (Kurnool (Orvakal) Airport),1.9,4,9.5,964,2348,1,1,"Terminal Road, Near KJB Airport, Kurnool (Orvakal), India"
2078,SIH,Hyatt Regency Terminal (Sirohi Airport),7.7,3,9.4,2214,4004,1,1,"Terminal Road, Near SIH Airport, Sirohi, India"
2079,IXL,Hyatt Regency Terminal (Leh (Ladakh) Airport),6.6,3,8.9,1850,12290,1,0,"Terminal Road, Near IXL Airport, Leh (Ladakh), India"
2080,KJB,IBIS Airport Hotel (Kurnool (Orvakal) Airport),12.6,4,8.4,1139,12068,0,1,"Terminal Road, Near KJB Airport, Kurnool (Orvakal), India"
2081,KBK,Novotel Airport Hotel (Kushinagar Airport),6.1,4,9.6,739,3678,1,1,"Terminal Road, Near KBK Airport, Kushinagar, India"
2082,SWM,Trident Airport Hotel (Ranthambore / Sawai Madhopur Airport),12.2,5,9.1,855,5708,0,1,"Terminal Road, Near SWM Airport, Ranthambore / Sawai Madhopur, India"
2083,MAA,Hyatt Regency Terminal (Chennai Airport),6.5,3,9.0,3732,6766,1,1,"Terminal Road, Near MAA Airport, Chennai, India"
2084,NAG,Radisson Blu Airport (Nagpur Airport),5.7,4,8.9,2202,8086,1,0,"Terminal Road, Near NAG Airport, Nagpur, India"
2085,RXL,Pride Plaza Hotel (Raxaul Airport),12.4,5,8.7,1873,6953,0,1,"Terminal Road, Near RXL Airport, Raxaul, India"
2086,BHU,Hyatt Regency Terminal (Bathinda Airport),2.4,3,9.4,2423,9827,1,0,"Terminal Road, Near BHU Airport, Bathinda, India"
2087,KHO,FabHotel Airport Inn (Khowai Airport),5.2,4,9.2,1823,3158,1,0,"Terminal Road, Near KHO Airport, Khowai, India"
2088,DMU,Hyatt Regency Terminal (Dimapur Airport),10.0,5,8.8,1269,9196,0,1,"Terminal Road, Near DMU Airport, Dimapur, India"
2089,GWL,Taj City Centre (Gwalior Airport),13.4,4,8.4,3427,9659,0,1,"Terminal Road, Near GWL Airport, Gwalior, India"
2090,KOK,Novotel Airport Hotel (Kokrajhar Airport),7.1,3,8.9,2340,8504,1,1,"Terminal Road, Near KOK Airport, Kokrajhar, India"
2091,TIR,Novotel Airport Hotel (Tirupati Airport),5.0,5,9.2,1110,11011,1,0,"Terminal Road, Near TIR Airport, Tirupati, India"
2092,LUD,Lemon Tree Premier (Ludhiana Airport),3.3,4,8.5,2775,7198,1,1,"Terminal Road, Near LUD Airport, Ludhiana, India"
2093,MAA,Hyatt Regency Terminal (Chennai Airport),0.6,3,9.1,2650,12281,1,0,"Terminal Road, Near MAA Airport, Chennai, India"
2094,BOK,FabHotel Airport Inn (Bokaro Airport),6.3,4,8.9,540,10993,1,0,"Terminal Road, Near BOK Airport, Bokaro, India"
2095,SDW,FabHotel Airport Inn (Sindhudurg Airport),9.2,4,9.0,1975,5555,0,1,"Terminal Road, Near SDW Airport, Sindhudurg, India"
2096,LKO,Novotel Airport Hotel (Lucknow Airport),8.5,5,8.6,3218,12476,0,0,"Terminal Road, Near LKO Airport, Lucknow, India"
2097,KHO,Radisson Blu Airport (Khowai Airport),9.9,3,8.1,3191,5054,0,1,"Terminal Road, Near KHO Airport, Khowai, India"
2098,BHO,FabHotel Airport Inn (Bhopal Airport),7.8,3,8.3,2642,10866,1,0,"Terminal Road, Near BHO Airport, Bhopal, India"
2099,CJB,Hyatt Regency Terminal (Coimbatore Airport),0.5,3,9.1,348,5117,1,0,"Terminal Road, Near CJB Airport, Coimbatore, India"
2100,JAI,Lemon Tree Premier (Jaipur Airport),8.9,3,8.5,2319,9722,0,0,"Terminal Road, Near JAI Airport, Jaipur, India"
2101,JGD,OYO Townhouse Airport (Jagdalpur Airport),5.1,3,8.3,3584,9409,1,0,"Terminal Road, Near JGD Airport, Jagdalpur, India"
2102,RMD,IBIS Airport Hotel (Ratnagiri Airport),11.7,4,8.2,2706,10408,0,0,"Terminal Road, Near RMD Airport, Ratnagiri, India"
2103,DON,Pride Plaza Hotel (Bhadrak / Dhamra Airport),5.5,3,9.2,2469,3270,1,1,"Terminal Road, Near DON Airport, Bhadrak / Dhamra, India"
2104,LKO,OYO Townhouse Airport (Lucknow Airport),12.9,5,8.3,499,6059,0,0,"Terminal Road, Near LKO Airport, Lucknow, India"
2105,DGR,Trident Airport Hotel (Deoghar Airport),3.5,3,8.8,257,3832,1,0,"Terminal Road, Near DGR Airport, Deoghar, India"
2106,JDH,Taj City Centre (Jodhpur Airport),11.1,4,8.2,3453,3576,0,1,"Terminal Road, Near JDH Airport, Jodhpur, India"
2107,GON,Hyatt Regency Terminal (Gondia Airport),9.1,5,9.4,3377,9258,0,1,"Terminal Road, Near GON Airport, Gondia, India"
2108,PBN,IBIS Airport Hotel (Parbhani Airport),7.1,3,9.6,1858,10818,1,1,"Terminal Road, Near PBN Airport, Parbhani, India"
2109,VJZ,Taj City Centre (Bhogapuram / Vizianagaram Airport),1.5,4,9.2,1036,3098,1,1,"Terminal Road, Near VJZ Airport, Bhogapuram / Vizianagaram, India"
2110,KARN,OYO Townhouse Airport (Karnal Airport),1.4,5,9.7,880,9526,1,0,"Terminal Road, Near KARN Airport, Karnal, India"
2111,SSE,FabHotel Airport Inn (Solapur Airport),13.2,4,8.2,3402,8441,0,1,"Terminal Road, Near SSE Airport, Solapur, India"
2112,SSE,FabHotel Airport Inn (Solapur Airport),1.7,3,9.5,634,6474,1,1,"Terminal Road, Near SSE Airport, Solapur, India"
2113,CHI,Hyatt Regency Terminal (Chhindwara Airport),10.8,5,8.7,1839,9080,0,0,"Terminal Road, Near CHI Airport, Chhindwara, India"
2114,SAH,Taj City Centre (Saharanpur Airport),8.4,4,9.5,2127,2852,0,1,"Terminal Road, Near SAH Airport, Saharanpur, India"
2115,ATQ,ITC Grand Bharat (Amritsar Airport),9.2,5,9.7,2943,6895,0,1,"Terminal Road, Near ATQ Airport, Amritsar, India"
2116,RXL,Novotel Airport Hotel (Raxaul Airport),7.0,5,8.4,2617,11252,1,0,"Terminal Road, Near RXL Airport, Raxaul, India"
2117,AGX,IBIS Airport Hotel (Agatti Island (Lakshadweep) Airport),2.7,5,9.7,463,3352,1,0,"Terminal Road, Near AGX Airport, Agatti Island (Lakshadweep), India"
2118,CKU,FabHotel Airport Inn (Chakulia Airport),9.2,3,8.1,2564,8509,0,0,"Terminal Road, Near CKU Airport, Chakulia, India"
2119,IXA,Pride Plaza Hotel (Agartala Airport),9.1,4,9.4,1273,10734,0,0,"Terminal Road, Near IXA Airport, Agartala, India"
2120,AKL,ITC Grand Bharat (Akola Airport),11.7,3,9.4,1033,9339,0,0,"Terminal Road, Near AKL Airport, Akola, India"
2121,KHA,Trident Airport Hotel (Khandwa Airport),9.4,5,8.3,120,5009,0,0,"Terminal Road, Near KHA Airport, Khandwa, India"
2122,NVY,Novotel Airport Hotel (Neyveli Airport),8.1,3,9.4,1976,3426,0,1,"Terminal Road, Near NVY Airport, Neyveli, India"
2123,IXB,OYO Townhouse Airport (Siliguri / Bagdogra Airport),9.5,3,9.3,523,6778,0,1,"Terminal Road, Near IXB Airport, Siliguri / Bagdogra, India"
2124,JSA,Ginger Airport Hotel (Jaisalmer Airport),8.0,5,8.4,3476,9223,0,1,"Terminal Road, Near JSA Airport, Jaisalmer, India"
2125,BGP,Ginger Airport Hotel (Bhagalpur Airport),6.6,5,9.5,3171,3550,1,0,"Terminal Road, Near BGP Airport, Bhagalpur, India"
2126,ISK,Ginger Airport Hotel (Nashik Airport),9.3,3,9.2,3011,2943,0,0,"Terminal Road, Near ISK Airport, Nashik, India"
2127,IXC,OYO Townhouse Airport (Chandigarh Airport),12.6,3,8.7,1695,4125,0,0,"Terminal Road, Near IXC Airport, Chandigarh, India"
2128,PBF,Lemon Tree Premier (Bilaspur Airport),13.7,4,9.7,1965,10219,0,1,"Terminal Road, Near PBF Airport, Bilaspur, India"
2129,AMH,Novotel Airport Hotel (Azamgarh Airport),13.7,3,8.7,856,4247,0,1,"Terminal Road, Near AMH Airport, Azamgarh, India"
2130,PBF,Lemon Tree Premier (Bilaspur Airport),12.9,5,8.9,2575,5992,0,1,"Terminal Road, Near PBF Airport, Bilaspur, India"
2131,IXA,ITC Grand Bharat (Agartala Airport),8.8,5,8.6,1616,12238,0,1,"Terminal Road, Near IXA Airport, Agartala, India"
2132,BHU,OYO Townhouse Airport (Bathinda Airport),13.3,3,9.6,1401,7476,0,1,"Terminal Road, Near BHU Airport, Bathinda, India"
2133,DMO,Pride Plaza Hotel (Damoh Airport),9.9,5,9.1,2410,11831,0,1,"Terminal Road, Near DMO Airport, Damoh, India"
2134,PNV,ITC Grand Bharat (Porbandar Airport),13.3,4,8.8,1120,12482,0,1,"Terminal Road, Near PNV Airport, Porbandar, India"
2135,IXA,Hyatt Regency Terminal (Agartala Airport),11.5,4,8.4,1891,6746,0,1,"Terminal Road, Near IXA Airport, Agartala, India"
2136,BLR,FabHotel Airport Inn (Bengaluru Airport),13.4,4,9.8,1624,4244,0,0,"Terminal Road, Near BLR Airport, Bengaluru, India"
2137,AMD,OYO Townhouse Airport (Ahmedabad Airport),9.5,5,9.5,2749,3008,0,0,"Terminal Road, Near AMD Airport, Ahmedabad, India"
2138,PUR,Trident Airport Hotel (Purulia Airport),13.4,4,8.1,2409,5662,0,1,"Terminal Road, Near PUR Airport, Purulia, India"
2139,DMO,Ginger Airport Hotel (Damoh Airport),14.1,4,9.3,2591,8482,0,1,"Terminal Road, Near DMO Airport, Damoh, India"
2140,PNY,OYO Townhouse Airport (Puducherry Airport),11.6,3,9.1,1680,9414,0,1,"Terminal Road, Near PNY Airport, Puducherry, India"
2141,AKL,Lemon Tree Premier (Akola Airport),10.3,4,8.6,374,9618,0,0,"Terminal Road, Near AKL Airport, Akola, India"
2142,NPL,Radisson Blu Airport (Narnaul Airport),4.4,4,9.4,2008,1940,1,1,"Terminal Road, Near NPL Airport, Narnaul, India"
2143,TEZ,OYO Townhouse Airport (Tezpur Airport),7.7,4,9.1,3324,6669,1,1,"Terminal Road, Near TEZ Airport, Tezpur, India"
2144,SAH,Hyatt Regency Terminal (Saharanpur Airport),11.3,4,8.9,1605,8263,0,1,"Terminal Road, Near SAH Airport, Saharanpur, India"
2145,NEEM,Lemon Tree Premier (Neemuch Airport),3.0,3,8.9,1521,5192,1,0,"Terminal Road, Near NEEM Airport, Neemuch, India"
2146,RPR,Radisson Blu Airport (Raipur Airport),3.5,4,8.7,460,9532,1,1,"Terminal Road, Near RPR Airport, Raipur, India"
2147,MAA,Pride Plaza Hotel (Chennai Airport),3.2,4,8.5,989,8455,1,1,"Terminal Road, Near MAA Airport, Chennai, India"
2148,JGD,Pride Plaza Hotel (Jagdalpur Airport),7.0,4,9.8,3681,4401,1,1,"Terminal Road, Near JGD Airport, Jagdalpur, India"
2149,KOP,ITC Grand Bharat (Kolhapur Airport),11.1,4,8.8,782,4856,0,0,"Terminal Road, Near KOP Airport, Kolhapur, India"
2150,MRA,Pride Plaza Hotel (Noida / Jewar Airport),13.8,3,8.8,2375,4738,0,0,"Terminal Road, Near MRA Airport, Noida / Jewar, India"
2151,IXD,Ginger Airport Hotel (Prayagraj (Allahabad) Airport),6.2,4,8.5,1303,3289,1,0,"Terminal Road, Near IXD Airport, Prayagraj (Allahabad), India"
2152,BOM,Lemon Tree Premier (Mumbai Airport),5.2,5,9.6,2857,2266,1,0,"Terminal Road, Near BOM Airport, Mumbai, India"
2153,DON,Hyatt Regency Terminal (Bhadrak / Dhamra Airport),9.2,4,8.9,2491,11890,0,0,"Terminal Road, Near DON Airport, Bhadrak / Dhamra, India"
2154,RGD,Lemon Tree Premier (Raigarh Airport),6.6,3,9.7,1544,7957,1,0,"Terminal Road, Near RGD Airport, Raigarh, India"
2155,DHR,FabHotel Airport Inn (Dibrugarh Airport),10.8,4,9.6,2511,7601,0,0,"Terminal Road, Near DHR Airport, Dibrugarh, India"
2156,IXR,Novotel Airport Hotel (Ranchi Airport),1.3,3,8.9,551,10711,1,1,"Terminal Road, Near IXR Airport, Ranchi, India"
2157,IXG,Novotel Airport Hotel (Belagavi Airport),9.4,3,8.9,2132,4330,0,1,"Terminal Road, Near IXG Airport, Belagavi, India"
2158,KAR,Lemon Tree Premier (Karad / Satara Airport),3.4,4,9.7,3050,7249,1,0,"Terminal Road, Near KAR Airport, Karad / Satara, India"
2159,COK,ITC Grand Bharat (Kochi Airport),4.4,4,8.5,1358,8460,1,0,"Terminal Road, Near COK Airport, Kochi, India"
2160,KAP,Hyatt Regency Terminal (Kadapa Airport),5.7,5,8.9,607,5716,1,0,"Terminal Road, Near KAP Airport, Kadapa, India"
2161,PNV,Ginger Airport Hotel (Porbandar Airport),3.0,3,9.4,609,3707,1,1,"Terminal Road, Near PNV Airport, Porbandar, India"
2162,GWL,Trident Airport Hotel (Gwalior Airport),9.3,5,8.1,2641,7408,0,1,"Terminal Road, Near GWL Airport, Gwalior, India"
2163,BHU,Ginger Airport Hotel (Bathinda Airport),5.7,3,9.3,544,12257,1,1,"Terminal Road, Near BHU Airport, Bathinda, India"
2164,IXT,FabHotel Airport Inn (Pasighat Airport),11.3,5,8.1,2309,6285,0,0,"Terminal Road, Near IXT Airport, Pasighat, India"
2165,KOR,IBIS Airport Hotel (Koraput Airport),0.8,5,9.2,523,7635,1,0,"Terminal Road, Near KOR Airport, Koraput, India"
2166,DMU,Taj City Centre (Dimapur Airport),12.2,4,9.6,1117,7461,0,1,"Terminal Road, Near DMU Airport, Dimapur, India"
2167,ASL,Novotel Airport Hotel (Asansol Airport),4.8,3,8.7,1037,7307,1,1,"Terminal Road, Near ASL Airport, Asansol, India"
2168,CCU,OYO Townhouse Airport (Kolkata Airport),4.2,3,8.4,1296,3518,1,1,"Terminal Road, Near CCU Airport, Kolkata, India"
2169,HSR,Novotel Airport Hotel (Rajkot Airport),13.4,4,8.3,2526,7088,0,1,"Terminal Road, Near HSR Airport, Rajkot, India"
2170,JGA,Ginger Airport Hotel (Jamnagar Airport),7.8,3,8.6,2579,12396,1,1,"Terminal Road, Near JGA Airport, Jamnagar, India"
2171,HZD,FabHotel Airport Inn (Hazaribagh Airport),12.6,5,8.8,565,3117,0,0,"Terminal Road, Near HZD Airport, Hazaribagh, India"
2172,NAG,FabHotel Airport Inn (Nagpur Airport),12.6,5,8.2,784,4166,0,1,"Terminal Road, Near NAG Airport, Nagpur, India"
2173,BBI,IBIS Airport Hotel (Bhubaneswar Airport),8.3,3,8.9,2660,8423,0,1,"Terminal Road, Near BBI Airport, Bhubaneswar, India"
2174,HIR,Ginger Airport Hotel (Sambalpur Airport),9.6,3,8.2,2880,8366,0,0,"Terminal Road, Near HIR Airport, Sambalpur, India"
2175,RPR,Taj City Centre (Raipur Airport),1.6,3,8.5,500,10040,1,1,"Terminal Road, Near RPR Airport, Raipur, India"
2176,KAR,Hyatt Regency Terminal (Karad / Satara Airport),11.6,5,9.0,1407,2918,0,0,"Terminal Road, Near KAR Airport, Karad / Satara, India"
2177,TIR,Ginger Airport Hotel (Tirupati Airport),9.8,5,8.4,1138,2544,0,1,"Terminal Road, Near TIR Airport, Tirupati, India"
2178,BDQ,Taj City Centre (Vadodara Airport),13.0,4,8.3,1268,5651,0,0,"Terminal Road, Near BDQ Airport, Vadodara, India"
2179,ZER,ITC Grand Bharat (Ziro Airport),5.9,3,8.4,1523,2360,1,1,"Terminal Road, Near ZER Airport, Ziro, India"
2180,MZS,Ginger Airport Hotel (Sonbhadra Airport),7.2,3,8.9,2436,2488,1,1,"Terminal Road, Near MZS Airport, Sonbhadra, India"
2181,BKN,Pride Plaza Hotel (Bikaner Airport),11.6,4,8.3,244,8048,0,0,"Terminal Road, Near BKN Airport, Bikaner, India"
2182,RKG,Pride Plaza Hotel (Durgapur Airport),9.5,4,9.2,2468,4614,0,0,"Terminal Road, Near RKG Airport, Durgapur, India"
2183,TEZ,Lemon Tree Premier (Tezpur Airport),3.2,5,9.7,3504,5080,1,0,"Terminal Road, Near TEZ Airport, Tezpur, India"
2184,UTL,Radisson Blu Airport (Barmer Airport),7.6,5,8.7,739,6694,1,0,"Terminal Road, Near UTL Airport, Barmer, India"
2185,BDQ,Novotel Airport Hotel (Vadodara Airport),9.7,5,9.5,1187,2987,0,1,"Terminal Road, Near BDQ Airport, Vadodara, India"
2186,DHM,OYO Townhouse Airport (Dharamshala / Kangra Airport),11.4,5,9.0,414,3692,0,0,"Terminal Road, Near DHM Airport, Dharamshala / Kangra, India"
2187,LGP,Pride Plaza Hotel (Rupsi / Dhubri Airport),14.4,4,9.8,3393,2899,0,0,"Terminal Road, Near LGP Airport, Rupsi / Dhubri, India"
2188,YTL,FabHotel Airport Inn (Yavatmal Airport),4.7,3,8.2,600,11313,1,0,"Terminal Road, Near YTL Airport, Yavatmal, India"
2189,RAT,ITC Grand Bharat (Ratlam Airport),7.7,4,8.4,381,3753,1,1,"Terminal Road, Near RAT Airport, Ratlam, India"
2190,BVC,OYO Townhouse Airport (Bhavnagar Airport),13.3,4,8.7,1562,11182,0,1,"Terminal Road, Near BVC Airport, Bhavnagar, India"
2191,HYD,Novotel Airport Hotel (Hyderabad Airport),3.7,5,8.5,3743,10712,1,1,"Terminal Road, Near HYD Airport, Hyderabad, India"
2192,DUM,Taj City Centre (Dumka Airport),3.8,4,9.2,3779,5586,1,1,"Terminal Road, Near DUM Airport, Dumka, India"
2193,SXR,Radisson Blu Airport (Srinagar Airport),11.2,3,8.1,412,1823,0,1,"Terminal Road, Near SXR Airport, Srinagar, India"
2194,ATQ,ITC Grand Bharat (Amritsar Airport),3.9,3,9.6,1731,9564,1,0,"Terminal Road, Near ATQ Airport, Amritsar, India"
2195,VTZ,ITC Grand Bharat (Visakhapatnam Airport),8.7,3,8.6,3280,9465,0,1,"Terminal Road, Near VTZ Airport, Visakhapatnam, India"
2196,KQH,Radisson Blu Airport (Ajmer / Kishangarh Airport),10.2,4,8.2,729,4085,0,1,"Terminal Road, Near KQH Airport, Ajmer / Kishangarh, India"
2197,DON,Hyatt Regency Terminal (Bhadrak / Dhamra Airport),14.0,4,9.3,854,10989,0,0,"Terminal Road, Near DON Airport, Bhadrak / Dhamra, India"
2198,PUR,ITC Grand Bharat (Purulia Airport),9.2,4,9.4,3259,6806,0,0,"Terminal Road, Near PUR Airport, Purulia, India"
2199,TEZU,Hyatt Regency Terminal (Tezu Airport),14.2,3,9.6,3316,9499,0,1,"Terminal Road, Near TEZU Airport, Tezu, India"
2200,NAG,Taj City Centre (Nagpur Airport),2.1,4,9.0,3619,4042,1,0,"Terminal Road, Near NAG Airport, Nagpur, India"
2201,KAP,Novotel Airport Hotel (Kadapa Airport),10.3,4,8.7,1532,6127,0,0,"Terminal Road, Near KAP Airport, Kadapa, India"
2202,IXC,Taj City Centre (Chandigarh Airport),14.0,4,9.3,2193,10355,0,1,"Terminal Road, Near IXC Airport, Chandigarh, India"
2203,KUU,Trident Airport Hotel (Kullu / Manali Airport),5.7,4,9.6,1656,3761,1,0,"Terminal Road, Near KUU Airport, Kullu / Manali, India"
2204,DIU,ITC Grand Bharat (Diu Airport),12.7,3,9.3,3364,8240,0,1,"Terminal Road, Near DIU Airport, Diu, India"
2205,BGP,ITC Grand Bharat (Bhagalpur Airport),2.8,5,9.5,2764,11785,1,1,"Terminal Road, Near BGP Airport, Bhagalpur, India"
2206,TRV,Hyatt Regency Terminal (Thiruvananthapuram Airport),3.9,5,8.3,3237,2475,1,0,"Terminal Road, Near TRV Airport, Thiruvananthapuram, India"
2207,PYB,IBIS Airport Hotel (Jeypore Airport),5.4,4,8.7,277,4286,1,0,"Terminal Road, Near PYB Airport, Jeypore, India"
2208,IXD,FabHotel Airport Inn (Prayagraj (Allahabad) Airport),2.9,3,8.9,2342,10201,1,0,"Terminal Road, Near IXD Airport, Prayagraj (Allahabad), India"
2209,TIR,Hyatt Regency Terminal (Tirupati Airport),9.1,5,8.1,699,5220,0,0,"Terminal Road, Near TIR Airport, Tirupati, India"
2210,DON,Pride Plaza Hotel (Bhadrak / Dhamra Airport),1.6,5,8.9,3195,12044,1,0,"Terminal Road, Near DON Airport, Bhadrak / Dhamra, India"
2211,NMN,Ginger Airport Hotel (Neemrana / Alwar Airport),13.1,4,8.3,3349,9793,0,0,"Terminal Road, Near NMN Airport, Neemrana / Alwar, India"
2212,HYD,Radisson Blu Airport (Hyderabad Airport),13.2,3,9.2,3734,10272,0,1,"Terminal Road, Near HYD Airport, Hyderabad, India"
2213,UDR,Hyatt Regency Terminal (Udaipur Airport),5.1,4,8.3,3476,4139,1,1,"Terminal Road, Near UDR Airport, Udaipur, India"
2214,HJR,Lemon Tree Premier (Khajuraho Airport),9.2,5,8.3,1450,6039,0,1,"Terminal Road, Near HJR Airport, Khajuraho, India"
2215,LGP,Trident Airport Hotel (Rupsi / Dhubri Airport),11.4,4,9.1,373,11794,0,1,"Terminal Road, Near LGP Airport, Rupsi / Dhubri, India"
2216,GAY,Hyatt Regency Terminal (Gaya Airport),4.0,4,8.7,3543,11189,1,0,"Terminal Road, Near GAY Airport, Gaya, India"
2217,JDH,FabHotel Airport Inn (Jodhpur Airport),4.9,3,8.5,2165,2904,1,0,"Terminal Road, Near JDH Airport, Jodhpur, India"
2218,RAT,IBIS Airport Hotel (Ratlam Airport),8.6,4,8.8,932,5762,0,0,"Terminal Road, Near RAT Airport, Ratlam, India"
2219,JLR,FabHotel Airport Inn (Jabalpur Airport),7.7,4,9.2,2310,4040,1,0,"Terminal Road, Near JLR Airport, Jabalpur, India"
2220,RMD,Taj City Centre (Ratnagiri Airport),5.4,4,9.4,1980,12049,1,1,"Terminal Road, Near RMD Airport, Ratnagiri, India"
2221,RAT,ITC Grand Bharat (Ratlam Airport),8.4,4,9.8,1665,3941,0,0,"Terminal Road, Near RAT Airport, Ratlam, India"
2222,IXE,Trident Airport Hotel (Mangaluru Airport),4.5,4,8.2,2368,2985,1,1,"Terminal Road, Near IXE Airport, Mangaluru, India"
2223,KNU,OYO Townhouse Airport (Kanpur Airport),8.1,3,9.0,3092,10314,0,0,"Terminal Road, Near KNU Airport, Kanpur, India"
2224,DUM,Hyatt Regency Terminal (Dumka Airport),3.4,3,8.7,1966,1893,1,0,"Terminal Road, Near DUM Airport, Dumka, India"
2225,NDC,OYO Townhouse Airport (Nanded Airport),2.7,5,9.0,3050,11459,1,0,"Terminal Road, Near NDC Airport, Nanded, India"
2226,JGD,ITC Grand Bharat (Jagdalpur Airport),4.2,4,8.3,1770,4334,1,0,"Terminal Road, Near JGD Airport, Jagdalpur, India"
2227,IXT,Pride Plaza Hotel (Pasighat Airport),14.2,5,8.1,1547,7892,0,1,"Terminal Road, Near IXT Airport, Pasighat, India"
2228,GWL,Pride Plaza Hotel (Gwalior Airport),1.7,4,8.4,1177,2840,1,1,"Terminal Road, Near GWL Airport, Gwalior, India"
2229,KOK,Pride Plaza Hotel (Kokrajhar Airport),3.3,3,9.6,2114,10715,1,1,"Terminal Road, Near KOK Airport, Kokrajhar, India"
2230,GAW,Radisson Blu Airport (Guwahati Airport),13.7,3,8.3,2052,11717,0,0,"Terminal Road, Near GAW Airport, Guwahati, India"
2231,DMO,Lemon Tree Premier (Damoh Airport),1.9,5,8.3,1235,10217,1,0,"Terminal Road, Near DMO Airport, Damoh, India"
2232,COK,Trident Airport Hotel (Kochi Airport),5.3,3,8.8,3623,8052,1,0,"Terminal Road, Near COK Airport, Kochi, India"
2233,JDH,Trident Airport Hotel (Jodhpur Airport),7.7,5,9.5,2634,5462,1,0,"Terminal Road, Near JDH Airport, Jodhpur, India"
2234,LUD,ITC Grand Bharat (Ludhiana Airport),10.2,3,9.7,2326,9947,0,0,"Terminal Road, Near LUD Airport, Ludhiana, India"
2235,BVC,Hyatt Regency Terminal (Bhavnagar Airport),11.2,4,9.1,3515,4817,0,1,"Terminal Road, Near BVC Airport, Bhavnagar, India"
2236,AKL,Ginger Airport Hotel (Akola Airport),11.2,3,9.3,2621,10609,0,0,"Terminal Road, Near AKL Airport, Akola, India"
2237,ATQ,Hyatt Regency Terminal (Amritsar Airport),3.6,4,9.0,3407,2036,1,1,"Terminal Road, Near ATQ Airport, Amritsar, India"
2238,JGA,ITC Grand Bharat (Jamnagar Airport),2.4,4,8.2,172,9791,1,0,"Terminal Road, Near JGA Airport, Jamnagar, India"
2239,SXR,Lemon Tree Premier (Srinagar Airport),13.9,5,8.4,3018,5082,0,1,"Terminal Road, Near SXR Airport, Srinagar, India"
2240,KAI,OYO Townhouse Airport (Kailashahar Airport),7.4,3,8.5,1117,11980,1,0,"Terminal Road, Near KAI Airport, Kailashahar, India"
2241,NDC,Lemon Tree Premier (Nanded Airport),7.4,3,8.9,3613,10841,1,1,"Terminal Road, Near NDC Airport, Nanded, India"
2242,SXR,Radisson Blu Airport (Srinagar Airport),12.0,5,8.6,3448,6544,0,1,"Terminal Road, Near SXR Airport, Srinagar, India"
2243,PUR,FabHotel Airport Inn (Purulia Airport),12.0,3,9.2,2298,4743,0,0,"Terminal Road, Near PUR Airport, Purulia, India"
2244,IXS,Ginger Airport Hotel (Silchar Airport),8.5,5,9.0,646,7008,0,1,"Terminal Road, Near IXS Airport, Silchar, India"
2245,ANK,Novotel Airport Hotel (Ankleshwar Airport),1.3,5,9.2,1905,12290,1,0,"Terminal Road, Near ANK Airport, Ankleshwar, India"
2246,KOR,FabHotel Airport Inn (Koraput Airport),1.6,5,8.4,3093,9015,1,0,"Terminal Road, Near KOR Airport, Koraput, India"
2247,HBI,Ginger Airport Hotel (Itanagar Airport),13.9,4,9.3,2788,12340,0,1,"Terminal Road, Near HBI Airport, Itanagar, India"
2248,PBN,Trident Airport Hotel (Parbhani Airport),9.6,5,9.8,3126,4515,0,1,"Terminal Road, Near PBN Airport, Parbhani, India"
2249,DED,Trident Airport Hotel (Dehradun Airport),13.4,4,9.7,2781,5605,0,1,"Terminal Road, Near DED Airport, Dehradun, India"
2250,DMU,OYO Townhouse Airport (Dimapur Airport),4.9,3,9.5,407,7712,1,1,"Terminal Road, Near DMU Airport, Dimapur, India"
2251,JGA,Taj City Centre (Jamnagar Airport),4.3,4,8.5,2847,5410,1,1,"Terminal Road, Near JGA Airport, Jamnagar, India"
2252,AYJ,FabHotel Airport Inn (Ayodhya Airport),12.4,3,8.6,1058,2143,0,1,"Terminal Road, Near AYJ Airport, Ayodhya, India"
2253,TRZ,Novotel Airport Hotel (Tiruchirappalli (Trichy) Airport),11.9,5,8.4,2764,4737,0,1,"Terminal Road, Near TRZ Airport, Tiruchirappalli (Trichy), India"
2254,PINJ,Lemon Tree Premier (Panchkula / Pinjore Airport),10.7,5,8.6,1076,7302,0,0,"Terminal Road, Near PINJ Airport, Panchkula / Pinjore, India"
2255,TRV,Taj City Centre (Thiruvananthapuram Airport),2.5,3,9.6,1294,10684,1,0,"Terminal Road, Near TRV Airport, Thiruvananthapuram, India"
2256,RPR,Pride Plaza Hotel (Raipur Airport),5.4,5,9.2,3608,6111,1,1,"Terminal Road, Near RPR Airport, Raipur, India"
2257,SXR,Hyatt Regency Terminal (Srinagar Airport),14.3,3,8.5,1416,3286,0,1,"Terminal Road, Near SXR Airport, Srinagar, India"
2258,COK,Ginger Airport Hotel (Kochi Airport),1.1,5,8.2,3169,4501,1,1,"Terminal Road, Near COK Airport, Kochi, India"
2259,PAL,Taj City Centre (Pali Airport),8.5,3,8.2,3271,7625,0,1,"Terminal Road, Near PAL Airport, Pali, India"
2260,BHU,Lemon Tree Premier (Bathinda Airport),2.8,3,8.2,2126,9871,1,0,"Terminal Road, Near BHU Airport, Bathinda, India"
2261,KAP,FabHotel Airport Inn (Kadapa Airport),3.5,3,8.5,1591,4232,1,1,"Terminal Road, Near KAP Airport, Kadapa, India"
2262,KHO,Trident Airport Hotel (Khowai Airport),1.2,3,8.5,1087,8191,1,0,"Terminal Road, Near KHO Airport, Khowai, India"
2263,RXL,Radisson Blu Airport (Raxaul Airport),4.6,5,9.5,1947,3467,1,0,"Terminal Road, Near RXL Airport, Raxaul, India"
2264,DMU,Trident Airport Hotel (Dimapur Airport),9.0,4,8.4,2625,3299,0,1,"Terminal Road, Near DMU Airport, Dimapur, India"
2265,RJA,OYO Townhouse Airport (Rajahmundry Airport),5.9,5,9.6,2318,4840,1,0,"Terminal Road, Near RJA Airport, Rajahmundry, India"
2266,RGD,Ginger Airport Hotel (Raigarh Airport),5.3,4,8.8,1101,5880,1,0,"Terminal Road, Near RGD Airport, Raigarh, India"
2267,SDW,Lemon Tree Premier (Sindhudurg Airport),7.0,5,9.1,1346,3316,1,0,"Terminal Road, Near SDW Airport, Sindhudurg, India"
2268,KJB,ITC Grand Bharat (Kurnool (Orvakal) Airport),1.2,3,8.7,1878,11969,1,1,"Terminal Road, Near KJB Airport, Kurnool (Orvakal), India"
2269,IXL,Radisson Blu Airport (Leh (Ladakh) Airport),2.8,4,9.4,964,11120,1,0,"Terminal Road, Near IXL Airport, Leh (Ladakh), India"
2270,NEEM,Pride Plaza Hotel (Neemuch Airport),2.3,3,8.9,882,5190,1,1,"Terminal Road, Near NEEM Airport, Neemuch, India"
2271,GOI,OYO Townhouse Airport (Goa (Dabolim) Airport),3.8,3,9.4,186,2078,1,0,"Terminal Road, Near GOI Airport, Goa (Dabolim), India"
2272,COK,Taj City Centre (Kochi Airport),10.4,5,8.2,3466,4820,0,1,"Terminal Road, Near COK Airport, Kochi, India"
2273,TRV,FabHotel Airport Inn (Thiruvananthapuram Airport),6.1,3,8.6,1417,4287,1,0,"Terminal Road, Near TRV Airport, Thiruvananthapuram, India"
2274,CFH,ITC Grand Bharat (Chitrakoot Airport),10.9,4,9.3,2756,5289,0,0,"Terminal Road, Near CFH Airport, Chitrakoot, India"
2275,COK,IBIS Airport Hotel (Kochi Airport),1.6,3,9.1,1832,4234,1,0,"Terminal Road, Near COK Airport, Kochi, India"
2276,RAT,Pride Plaza Hotel (Ratlam Airport),12.0,5,8.7,2880,9129,0,1,"Terminal Road, Near RAT Airport, Ratlam, India"
2277,ROU,Novotel Airport Hotel (Rourkela Airport),0.9,4,8.7,2753,6538,1,0,"Terminal Road, Near ROU Airport, Rourkela, India"
2278,IXZ,OYO Townhouse Airport (Port Blair (Andaman) Airport),14.0,5,9.3,1552,2770,0,0,"Terminal Road, Near IXZ Airport, Port Blair (Andaman), India"
2279,UTK,Ginger Airport Hotel (Kalahandi / Utkela Airport),12.1,4,9.1,1780,10180,0,0,"Terminal Road, Near UTK Airport, Kalahandi / Utkela, India"
2280,IXU,OYO Townhouse Airport (Chhatrapati Sambhaji Nagar (Aurangabad) Airport),9.7,4,9.5,1861,10211,0,1,"Terminal Road, Near IXU Airport, Chhatrapati Sambhaji Nagar (Aurangabad), India"
2281,PYG,Taj City Centre (Gangtok / Pakyong (Sikkim) Airport),5.5,4,8.2,3607,3788,1,1,"Terminal Road, Near PYG Airport, Gangtok / Pakyong (Sikkim), India"
2282,JDH,Hyatt Regency Terminal (Jodhpur Airport),9.8,4,9.2,1772,7131,0,1,"Terminal Road, Near JDH Airport, Jodhpur, India"
2283,KAI,IBIS Airport Hotel (Kailashahar Airport),11.7,5,9.2,1531,9503,0,0,"Terminal Road, Near KAI Airport, Kailashahar, India"
2284,AJL,Pride Plaza Hotel (Aizawl Airport),11.7,4,9.3,580,9300,0,1,"Terminal Road, Near AJL Airport, Aizawl, India"
2285,IXW,FabHotel Airport Inn (Jamshedpur Airport),10.4,4,8.7,1255,3959,0,1,"Terminal Road, Near IXW Airport, Jamshedpur, India"
2286,KOP,Ginger Airport Hotel (Kolhapur Airport),12.8,3,9.2,2119,4479,0,1,"Terminal Road, Near KOP Airport, Kolhapur, India"
2287,BBI,Trident Airport Hotel (Bhubaneswar Airport),13.9,3,8.3,2318,11895,0,1,"Terminal Road, Near BBI Airport, Bhubaneswar, India"
2288,MUZ,Ginger Airport Hotel (Muzaffarpur Airport),13.7,4,9.1,997,5661,0,1,"Terminal Road, Near MUZ Airport, Muzaffarpur, India"
2289,KOP,Taj City Centre (Kolhapur Airport),5.4,3,9.5,3635,3293,1,0,"Terminal Road, Near KOP Airport, Kolhapur, India"
2290,PAL,OYO Townhouse Airport (Pali Airport),10.1,5,8.9,201,8845,0,0,"Terminal Road, Near PAL Airport, Pali, India"
2291,RKG,Trident Airport Hotel (Durgapur Airport),1.3,3,9.2,3497,7491,1,1,"Terminal Road, Near RKG Airport, Durgapur, India"
2292,BOK,Ginger Airport Hotel (Bokaro Airport),11.4,4,9.4,1071,1893,0,0,"Terminal Road, Near BOK Airport, Bokaro, India"
2293,IXA,OYO Townhouse Airport (Agartala Airport),7.9,3,9.3,3677,11108,1,1,"Terminal Road, Near IXA Airport, Agartala, India"
2294,SSE,Ginger Airport Hotel (Solapur Airport),8.3,4,9.5,2529,5344,0,0,"Terminal Road, Near SSE Airport, Solapur, India"
2295,SAH,Taj City Centre (Saharanpur Airport),12.2,3,9.1,2118,9527,0,1,"Terminal Road, Near SAH Airport, Saharanpur, India"
2296,SHL,Lemon Tree Premier (Shillong Airport),3.0,5,8.7,1594,10088,1,1,"Terminal Road, Near SHL Airport, Shillong, India"
2297,NAG,Hyatt Regency Terminal (Nagpur Airport),9.0,3,8.2,955,7288,0,0,"Terminal Road, Near NAG Airport, Nagpur, India"
2298,TRZ,Hyatt Regency Terminal (Tiruchirappalli (Trichy) Airport),6.4,4,9.4,596,10598,1,0,"Terminal Road, Near TRZ Airport, Tiruchirappalli (Trichy), India"
2299,BDQ,Trident Airport Hotel (Vadodara Airport),11.8,4,9.2,3441,2235,0,0,"Terminal Road, Near BDQ Airport, Vadodara, India"
2300,IXC,ITC Grand Bharat (Chandigarh Airport),13.1,4,9.0,1033,2017,0,1,"Terminal Road, Near IXC Airport, Chandigarh, India"
2301,COB,Radisson Blu Airport (Cooch Behar Airport),5.0,4,8.5,364,5525,1,1,"Terminal Road, Near COB Airport, Cooch Behar, India"
2302,RGD,Pride Plaza Hotel (Raigarh Airport),5.6,5,9.6,2642,9798,1,1,"Terminal Road, Near RGD Airport, Raigarh, India"
2303,HJR,Novotel Airport Hotel (Khajuraho Airport),13.8,4,8.2,2019,3088,0,1,"Terminal Road, Near HJR Airport, Khajuraho, India"
2304,AMRE,Novotel Airport Hotel (Amreli Airport),2.1,5,8.7,3798,10718,1,0,"Terminal Road, Near AMRE Airport, Amreli, India"
2305,DHR,Novotel Airport Hotel (Dibrugarh Airport),3.1,3,8.5,554,8952,1,0,"Terminal Road, Near DHR Airport, Dibrugarh, India"
2306,PAT,Lemon Tree Premier (Patna Airport),13.4,4,9.1,1575,9287,0,1,"Terminal Road, Near PAT Airport, Patna, India"
2307,PAL,Taj City Centre (Pali Airport),5.4,5,9.0,2535,8040,1,0,"Terminal Road, Near PAL Airport, Pali, India"
2308,IXZ,Radisson Blu Airport (Port Blair (Andaman) Airport),7.1,3,8.4,2362,8654,1,0,"Terminal Road, Near IXZ Airport, Port Blair (Andaman), India"
2309,CFH,Pride Plaza Hotel (Chitrakoot Airport),1.0,5,8.3,1458,5814,1,1,"Terminal Road, Near CFH Airport, Chitrakoot, India"
2310,VJZ,Hyatt Regency Terminal (Bhogapuram / Vizianagaram Airport),4.7,3,8.6,1561,5822,1,1,"Terminal Road, Near VJZ Airport, Bhogapuram / Vizianagaram, India"
2311,IXC,Ginger Airport Hotel (Chandigarh Airport),1.4,4,8.3,2287,9889,1,0,"Terminal Road, Near IXC Airport, Chandigarh, India"
2312,UDR,FabHotel Airport Inn (Udaipur Airport),10.5,4,8.3,3657,6455,0,0,"Terminal Road, Near UDR Airport, Udaipur, India"
2313,ATQ,Pride Plaza Hotel (Amritsar Airport),10.4,4,8.9,3709,4136,0,1,"Terminal Road, Near ATQ Airport, Amritsar, India"
2314,IXM,Lemon Tree Premier (Madurai Airport),8.8,4,8.4,1372,8198,0,1,"Terminal Road, Near IXM Airport, Madurai, India"
2315,RKG,FabHotel Airport Inn (Durgapur Airport),1.1,5,9.1,3143,11048,1,0,"Terminal Road, Near RKG Airport, Durgapur, India"
2316,BDQ,Taj City Centre (Vadodara Airport),6.2,4,8.9,2853,9761,1,0,"Terminal Road, Near BDQ Airport, Vadodara, India"
2317,IXZ,FabHotel Airport Inn (Port Blair (Andaman) Airport),11.5,5,8.7,2296,10701,0,1,"Terminal Road, Near IXZ Airport, Port Blair (Andaman), India"
2318,NVM,Lemon Tree Premier (Navi Mumbai Airport),3.2,3,8.4,1731,9246,1,1,"Terminal Road, Near NVM Airport, Navi Mumbai, India"
2319,HYD,Trident Airport Hotel (Hyderabad Airport),13.6,5,8.6,1416,4414,0,0,"Terminal Road, Near HYD Airport, Hyderabad, India"
2320,GOP,Taj City Centre (Ganjam / Gopalpur Airport),2.7,5,8.4,786,11526,1,1,"Terminal Road, Near GOP Airport, Ganjam / Gopalpur, India"
2321,BOK,OYO Townhouse Airport (Bokaro Airport),5.1,4,9.4,2312,6999,1,0,"Terminal Road, Near BOK Airport, Bokaro, India"
2322,ATQ,Ginger Airport Hotel (Amritsar Airport),10.6,5,8.9,3494,10650,0,1,"Terminal Road, Near ATQ Airport, Amritsar, India"
2323,JLR,OYO Townhouse Airport (Jabalpur Airport),8.3,5,8.5,3789,7880,0,1,"Terminal Road, Near JLR Airport, Jabalpur, India"
2324,BLT,Hyatt Regency Terminal (Balurghat Airport),4.8,4,9.7,1232,11192,1,1,"Terminal Road, Near BLT Airport, Balurghat, India"
2325,PUR,IBIS Airport Hotel (Purulia Airport),11.3,5,9.4,1085,5717,0,0,"Terminal Road, Near PUR Airport, Purulia, India"
2326,ANK,Pride Plaza Hotel (Ankleshwar Airport),7.2,4,8.8,2706,12152,1,0,"Terminal Road, Near ANK Airport, Ankleshwar, India"
2327,MEH,Lemon Tree Premier (Mehsana Airport),12.5,5,8.5,2039,9222,0,0,"Terminal Road, Near MEH Airport, Mehsana, India"
2328,IMF,Trident Airport Hotel (Imphal Airport),5.8,4,8.8,992,6525,1,0,"Terminal Road, Near IMF Airport, Imphal, India"
2329,KAP,Hyatt Regency Terminal (Kadapa Airport),8.0,3,9.8,491,10677,0,1,"Terminal Road, Near KAP Airport, Kadapa, India"
2330,BKN,Hyatt Regency Terminal (Bikaner Airport),5.5,4,8.6,337,9379,1,1,"Terminal Road, Near BKN Airport, Bikaner, India"
2331,CFH,Ginger Airport Hotel (Chitrakoot Airport),5.0,5,9.8,2497,7359,1,0,"Terminal Road, Near CFH Airport, Chitrakoot, India"
2332,JGD,Taj City Centre (Jagdalpur Airport),9.3,5,8.8,1419,12196,0,1,"Terminal Road, Near JGD Airport, Jagdalpur, India"
2333,JAI,Pride Plaza Hotel (Jaipur Airport),14.3,5,8.3,2477,3896,0,1,"Terminal Road, Near JAI Airport, Jaipur, India"
2334,IXR,OYO Townhouse Airport (Ranchi Airport),8.2,5,9.4,2436,4804,0,0,"Terminal Road, Near IXR Airport, Ranchi, India"
2335,KHA,Lemon Tree Premier (Khandwa Airport),4.6,3,9.8,383,9492,1,1,"Terminal Road, Near KHA Airport, Khandwa, India"
2336,KUU,ITC Grand Bharat (Kullu / Manali Airport),11.6,5,8.5,3140,4868,0,1,"Terminal Road, Near KUU Airport, Kullu / Manali, India"
2337,GAW,Pride Plaza Hotel (Guwahati Airport),1.1,3,8.6,1841,5041,1,0,"Terminal Road, Near GAW Airport, Guwahati, India"
2338,SRA,ITC Grand Bharat (Shravasti Airport),6.9,3,9.6,1223,4831,1,0,"Terminal Road, Near SRA Airport, Shravasti, India"
2339,PNY,Taj City Centre (Puducherry Airport),1.5,4,9.1,2864,6499,1,0,"Terminal Road, Near PNY Airport, Puducherry, India"
2340,MAA,Hyatt Regency Terminal (Chennai Airport),2.9,5,8.1,2206,6622,1,0,"Terminal Road, Near MAA Airport, Chennai, India"
2341,IXS,Trident Airport Hotel (Silchar Airport),9.1,4,9.2,889,5724,0,1,"Terminal Road, Near IXS Airport, Silchar, India"
2342,PYB,Ginger Airport Hotel (Jeypore Airport),4.3,3,9.3,3641,8509,1,0,"Terminal Road, Near PYB Airport, Jeypore, India"
2343,HBI,Radisson Blu Airport (Itanagar Airport),8.0,4,9.7,3057,2845,0,0,"Terminal Road, Near HBI Airport, Itanagar, India"
2344,RPR,FabHotel Airport Inn (Raipur Airport),11.4,4,8.5,296,2298,0,0,"Terminal Road, Near RPR Airport, Raipur, India"
2345,IXY,Radisson Blu Airport (Kandla Airport),9.1,3,9.3,901,7327,0,0,"Terminal Road, Near IXY Airport, Kandla, India"
2346,TCR,FabHotel Airport Inn (Thoothukudi (Tuticorin) Airport),2.0,3,9.4,1643,6445,1,1,"Terminal Road, Near TCR Airport, Thoothukudi (Tuticorin), India"
2347,MRA,Lemon Tree Premier (Noida / Jewar Airport),10.9,4,8.4,3520,7757,0,0,"Terminal Road, Near MRA Airport, Noida / Jewar, India"
2348,SDW,Ginger Airport Hotel (Sindhudurg Airport),4.7,5,9.6,1396,6814,1,0,"Terminal Road, Near SDW Airport, Sindhudurg, India"
2349,DGR,Pride Plaza Hotel (Deoghar Airport),7.7,4,9.6,2328,3104,1,0,"Terminal Road, Near DGR Airport, Deoghar, India"
2350,UDR,Lemon Tree Premier (Udaipur Airport),12.7,5,9.1,792,1845,0,1,"Terminal Road, Near UDR Airport, Udaipur, India"
2351,HSS,OYO Townhouse Airport (Hisar Airport),2.6,3,9.7,134,7076,1,1,"Terminal Road, Near HSS Airport, Hisar, India"
2352,GOX,FabHotel Airport Inn (Goa (Mopa) Airport),0.5,4,8.7,3338,4604,1,1,"Terminal Road, Near GOX Airport, Goa (Mopa), India"
2353,DGR,OYO Townhouse Airport (Deoghar Airport),5.3,3,9.3,1840,5567,1,1,"Terminal Road, Near DGR Airport, Deoghar, India"
2354,DHM,Taj City Centre (Dharamshala / Kangra Airport),10.5,3,9.0,1144,8644,0,1,"Terminal Road, Near DHM Airport, Dharamshala / Kangra, India"
2355,JDH,IBIS Airport Hotel (Jodhpur Airport),6.7,3,8.9,2964,11626,1,0,"Terminal Road, Near JDH Airport, Jodhpur, India"
2356,DGR,Ginger Airport Hotel (Deoghar Airport),1.3,4,8.4,3449,8682,1,1,"Terminal Road, Near DGR Airport, Deoghar, India"
2357,PGH,Hyatt Regency Terminal (Pantnagar / Nainital Airport),2.0,3,8.1,2552,2120,1,0,"Terminal Road, Near PGH Airport, Pantnagar / Nainital, India"
2358,BOK,Novotel Airport Hotel (Bokaro Airport),6.7,5,8.6,2816,11625,1,0,"Terminal Road, Near BOK Airport, Bokaro, India"
2359,JRH,ITC Grand Bharat (Jorhat Airport),4.6,3,9.5,2975,7894,1,0,"Terminal Road, Near JRH Airport, Jorhat, India"
2360,BOM,Hyatt Regency Terminal (Mumbai Airport),3.2,3,9.5,3171,2028,1,0,"Terminal Road, Near BOM Airport, Mumbai, India"
2361,YTL,Hyatt Regency Terminal (Yavatmal Airport),6.8,3,9.2,273,4398,1,1,"Terminal Road, Near YTL Airport, Yavatmal, India"
2362,DGR,IBIS Airport Hotel (Deoghar Airport),2.9,4,9.3,3266,6454,1,0,"Terminal Road, Near DGR Airport, Deoghar, India"
2363,PBF,Trident Airport Hotel (Bilaspur Airport),3.7,3,8.5,1348,6371,1,0,"Terminal Road, Near PBF Airport, Bilaspur, India"
2364,LAT,OYO Townhouse Airport (Latur Airport),10.8,4,8.3,3136,5966,0,1,"Terminal Road, Near LAT Airport, Latur, India"
2365,KOK,Trident Airport Hotel (Kokrajhar Airport),7.7,5,8.1,2115,2822,1,0,"Terminal Road, Near KOK Airport, Kokrajhar, India"
2366,IXA,IBIS Airport Hotel (Agartala Airport),10.3,3,9.0,1320,5091,0,0,"Terminal Road, Near IXA Airport, Agartala, India"
2367,AJL,Pride Plaza Hotel (Aizawl Airport),4.2,3,8.3,3603,8100,1,0,"Terminal Road, Near AJL Airport, Aizawl, India"
2368,AMB,ITC Grand Bharat (Ambikapur Airport),4.1,4,8.4,3572,3842,1,1,"Terminal Road, Near AMB Airport, Ambikapur, India"
2369,SNE,ITC Grand Bharat (Singrauli Airport),12.5,3,8.4,2166,4672,0,1,"Terminal Road, Near SNE Airport, Singrauli, India"
2370,NPL,Radisson Blu Airport (Narnaul Airport),4.6,4,9.0,2952,10944,1,1,"Terminal Road, Near NPL Airport, Narnaul, India"
2371,NVM,Pride Plaza Hotel (Navi Mumbai Airport),6.8,5,8.9,1493,11758,1,1,"Terminal Road, Near NVM Airport, Navi Mumbai, India"
2372,NMS,OYO Townhouse Airport (Naliya Airport),8.7,4,9.6,467,8338,0,1,"Terminal Road, Near NMS Airport, Naliya, India"
2373,SRA,IBIS Airport Hotel (Shravasti Airport),1.8,3,8.4,1187,6225,1,1,"Terminal Road, Near SRA Airport, Shravasti, India"
2374,NWP,Pride Plaza Hotel (Pithoragarh Airport),1.1,3,8.7,3481,2126,1,0,"Terminal Road, Near NWP Airport, Pithoragarh, India"
2375,RGD,Novotel Airport Hotel (Raigarh Airport),13.0,3,9.3,3333,5035,0,0,"Terminal Road, Near RGD Airport, Raigarh, India"
2376,DBR,FabHotel Airport Inn (Darbhanga Airport),14.2,3,9.3,2449,10928,0,1,"Terminal Road, Near DBR Airport, Darbhanga, India"
2377,IXP,Novotel Airport Hotel (Pathankot Airport),9.7,3,8.2,3340,5126,0,1,"Terminal Road, Near IXP Airport, Pathankot, India"
2378,NVM,IBIS Airport Hotel (Navi Mumbai Airport),6.1,3,8.1,1878,11662,1,1,"Terminal Road, Near NVM Airport, Navi Mumbai, India"
2379,IXZ,Lemon Tree Premier (Port Blair (Andaman) Airport),4.4,4,9.2,571,1978,1,0,"Terminal Road, Near IXZ Airport, Port Blair (Andaman), India"
2380,GON,Novotel Airport Hotel (Gondia Airport),6.2,4,8.5,2337,10558,1,1,"Terminal Road, Near GON Airport, Gondia, India"
2381,IDR,Lemon Tree Premier (Indore Airport),1.3,4,9.4,3144,1932,1,0,"Terminal Road, Near IDR Airport, Indore, India"
2382,CCU,Ginger Airport Hotel (Kolkata Airport),8.3,5,9.6,3734,9851,0,1,"Terminal Road, Near CCU Airport, Kolkata, India"
2383,BHO,Lemon Tree Premier (Bhopal Airport),9.9,5,8.2,3748,4878,0,0,"Terminal Road, Near BHO Airport, Bhopal, India"
2384,BDQ,Taj City Centre (Vadodara Airport),13.8,5,9.4,3096,11042,0,1,"Terminal Road, Near BDQ Airport, Vadodara, India"
2385,BLT,OYO Townhouse Airport (Balurghat Airport),5.0,4,8.8,3144,6664,1,1,"Terminal Road, Near BLT Airport, Balurghat, India"
2386,PAL,OYO Townhouse Airport (Pali Airport),2.5,3,9.4,3207,2490,1,1,"Terminal Road, Near PAL Airport, Pali, India"
2387,AKL,OYO Townhouse Airport (Akola Airport),9.6,5,8.4,2191,12494,0,1,"Terminal Road, Near AKL Airport, Akola, India"
2388,HSR,Radisson Blu Airport (Rajkot Airport),1.1,3,8.9,3520,6379,1,1,"Terminal Road, Near HSR Airport, Rajkot, India"
2389,AGX,OYO Townhouse Airport (Agatti Island (Lakshadweep) Airport),3.4,4,8.7,2119,8002,1,1,"Terminal Road, Near AGX Airport, Agatti Island (Lakshadweep), India"
2390,KBK,Novotel Airport Hotel (Kushinagar Airport),1.4,3,9.6,526,9093,1,0,"Terminal Road, Near KBK Airport, Kushinagar, India"
2391,HBX,Trident Airport Hotel (Hubballi / Dharwad Airport),9.9,3,8.9,2711,11154,0,0,"Terminal Road, Near HBX Airport, Hubballi / Dharwad, India"
2392,JSA,Hyatt Regency Terminal (Jaisalmer Airport),6.4,4,9.1,1702,7436,1,0,"Terminal Road, Near JSA Airport, Jaisalmer, India"
2393,KJB,Trident Airport Hotel (Kurnool (Orvakal) Airport),2.8,5,8.6,2085,8015,1,1,"Terminal Road, Near KJB Airport, Kurnool (Orvakal), India"
2394,GOI,Pride Plaza Hotel (Goa (Dabolim) Airport),11.4,3,8.5,494,6559,0,0,"Terminal Road, Near GOI Airport, Goa (Dabolim), India"
2395,RGD,OYO Townhouse Airport (Raigarh Airport),8.2,5,8.9,295,2742,0,1,"Terminal Road, Near RGD Airport, Raigarh, India"
2396,SXR,Ginger Airport Hotel (Srinagar Airport),11.0,4,8.9,775,9826,0,0,"Terminal Road, Near SXR Airport, Srinagar, India"
2397,RKG,OYO Townhouse Airport (Durgapur Airport),5.2,5,8.9,3161,5163,1,0,"Terminal Road, Near RKG Airport, Durgapur, India"
2398,BOM,Trident Airport Hotel (Mumbai Airport),13.2,3,8.5,1911,2776,0,1,"Terminal Road, Near BOM Airport, Mumbai, India"
2399,PGH,Pride Plaza Hotel (Pantnagar / Nainital Airport),8.6,4,8.7,582,5379,0,0,"Terminal Road, Near PGH Airport, Pantnagar / Nainital, India"
2400,HBX,Ginger Airport Hotel (Hubballi / Dharwad Airport),11.2,4,9.2,2459,10642,0,0,"Terminal Road, Near HBX Airport, Hubballi / Dharwad, India"
2401,NPL,Taj City Centre (Narnaul Airport),9.2,4,8.1,3086,7662,0,0,"Terminal Road, Near NPL Airport, Narnaul, India"
2402,IXT,OYO Townhouse Airport (Pasighat Airport),1.1,4,8.9,2753,6698,1,0,"Terminal Road, Near IXT Airport, Pasighat, India"
2403,MZS,Pride Plaza Hotel (Sonbhadra Airport),8.9,3,9.4,3460,5870,0,0,"Terminal Road, Near MZS Airport, Sonbhadra, India"
2404,IXB,Ginger Airport Hotel (Siliguri / Bagdogra Airport),10.1,4,9.1,1357,6838,0,0,"Terminal Road, Near IXB Airport, Siliguri / Bagdogra, India"
2405,BBI,OYO Townhouse Airport (Bhubaneswar Airport),10.2,5,8.1,623,6010,0,0,"Terminal Road, Near BBI Airport, Bhubaneswar, India"
2406,CJB,Lemon Tree Premier (Coimbatore Airport),7.9,5,8.8,272,10858,1,0,"Terminal Road, Near CJB Airport, Coimbatore, India"
2407,DEL,Trident Airport Hotel (New Delhi Airport),3.0,5,8.5,1167,5164,1,0,"Terminal Road, Near DEL Airport, New Delhi, India"
2408,PNQ,Hyatt Regency Terminal (Pune Airport),10.3,5,8.4,2225,8058,0,1,"Terminal Road, Near PNQ Airport, Pune, India"
2409,IXC,OYO Townhouse Airport (Chandigarh Airport),13.6,4,8.6,1211,5546,0,1,"Terminal Road, Near IXC Airport, Chandigarh, India"
2410,PNQ,Lemon Tree Premier (Pune Airport),9.3,3,8.2,3545,11726,0,0,"Terminal Road, Near PNQ Airport, Pune, India"
2411,UDR,IBIS Airport Hotel (Udaipur Airport),14.4,3,8.2,919,7875,0,1,"Terminal Road, Near UDR Airport, Udaipur, India"
2412,JSA,ITC Grand Bharat (Jaisalmer Airport),13.6,4,8.6,2162,4993,0,0,"Terminal Road, Near JSA Airport, Jaisalmer, India"
2413,CFH,IBIS Airport Hotel (Chitrakoot Airport),9.6,3,9.6,1867,4633,0,0,"Terminal Road, Near CFH Airport, Chitrakoot, India"
2414,KQH,Lemon Tree Premier (Ajmer / Kishangarh Airport),5.6,4,9.8,3592,12024,1,1,"Terminal Road, Near KQH Airport, Ajmer / Kishangarh, India"
2415,BAR,Pride Plaza Hotel (Baramati Airport),9.6,4,9.7,2768,4170,0,0,"Terminal Road, Near BAR Airport, Baramati, India"
2416,JLG,OYO Townhouse Airport (Jalgaon Airport),12.5,4,9.2,465,8659,0,1,"Terminal Road, Near JLG Airport, Jalgaon, India"
2417,GWL,IBIS Airport Hotel (Gwalior Airport),6.8,5,8.1,1198,9189,1,0,"Terminal Road, Near GWL Airport, Gwalior, India"
2418,SDW,Trident Airport Hotel (Sindhudurg Airport),9.7,3,9.0,3532,7152,0,1,"Terminal Road, Near SDW Airport, Sindhudurg, India"
2419,BTH,Trident Airport Hotel (Bettiah Airport),7.2,3,9.3,2509,8410,1,1,"Terminal Road, Near BTH Airport, Bettiah, India"
2420,BGP,Taj City Centre (Bhagalpur Airport),3.4,3,9.3,2530,6621,1,0,"Terminal Road, Near BGP Airport, Bhagalpur, India"
2421,DON,FabHotel Airport Inn (Bhadrak / Dhamra Airport),10.8,4,9.3,3196,8187,0,0,"Terminal Road, Near DON Airport, Bhadrak / Dhamra, India"
2422,DGR,Novotel Airport Hotel (Deoghar Airport),5.0,4,9.4,2375,2974,1,0,"Terminal Road, Near DGR Airport, Deoghar, India"
2423,BBI,Trident Airport Hotel (Bhubaneswar Airport),1.5,5,9.0,2449,8551,1,1,"Terminal Road, Near BBI Airport, Bhubaneswar, India"
2424,BID,IBIS Airport Hotel (Bidar Airport),10.5,4,8.2,3731,6789,0,0,"Terminal Road, Near BID Airport, Bidar, India"
2425,IXY,ITC Grand Bharat (Kandla Airport),3.2,3,8.4,2861,7701,1,0,"Terminal Road, Near IXY Airport, Kandla, India"
2426,GWL,Hyatt Regency Terminal (Gwalior Airport),5.7,5,9.0,2344,10119,1,0,"Terminal Road, Near GWL Airport, Gwalior, India"
2427,WGC,Hyatt Regency Terminal (Warangal Airport),10.3,5,9.5,1721,7091,0,1,"Terminal Road, Near WGC Airport, Warangal, India"
2428,LGP,Trident Airport Hotel (Rupsi / Dhubri Airport),3.7,5,8.9,1351,2018,1,1,"Terminal Road, Near LGP Airport, Rupsi / Dhubri, India"
2429,IXW,Hyatt Regency Terminal (Jamshedpur Airport),9.8,3,8.5,506,4065,0,1,"Terminal Road, Near IXW Airport, Jamshedpur, India"
2430,PGH,FabHotel Airport Inn (Pantnagar / Nainital Airport),8.6,3,9.2,1803,8320,0,0,"Terminal Road, Near PGH Airport, Pantnagar / Nainital, India"
2431,COB,Taj City Centre (Cooch Behar Airport),1.8,3,8.8,3225,2839,1,1,"Terminal Road, Near COB Airport, Cooch Behar, India"
2432,IXZ,OYO Townhouse Airport (Port Blair (Andaman) Airport),3.6,4,8.9,2364,2693,1,1,"Terminal Road, Near IXZ Airport, Port Blair (Andaman), India"
2433,IXL,Lemon Tree Premier (Leh (Ladakh) Airport),8.4,3,8.8,3579,12234,0,1,"Terminal Road, Near IXL Airport, Leh (Ladakh), India"
2434,JHW,OYO Townhouse Airport (Jhalawar Airport),5.3,4,8.4,3507,5422,1,0,"Terminal Road, Near JHW Airport, Jhalawar, India"
2435,IXW,Taj City Centre (Jamshedpur Airport),1.1,3,8.6,1719,3057,1,1,"Terminal Road, Near IXW Airport, Jamshedpur, India"
2436,RXL,IBIS Airport Hotel (Raxaul Airport),7.3,4,8.8,1293,9446,1,1,"Terminal Road, Near RXL Airport, Raxaul, India"
2437,PINJ,Hyatt Regency Terminal (Panchkula / Pinjore Airport),0.7,3,9.6,2031,10463,1,0,"Terminal Road, Near PINJ Airport, Panchkula / Pinjore, India"
2438,SDW,Lemon Tree Premier (Sindhudurg Airport),9.6,5,8.3,1721,3417,0,0,"Terminal Road, Near SDW Airport, Sindhudurg, India"
2439,JRH,IBIS Airport Hotel (Jorhat Airport),13.4,5,9.0,2759,11274,0,1,"Terminal Road, Near JRH Airport, Jorhat, India"
2440,SAG,Novotel Airport Hotel (Shirdi Airport),2.4,5,8.4,2194,3099,1,1,"Terminal Road, Near SAG Airport, Shirdi, India"
2441,NPL,Radisson Blu Airport (Narnaul Airport),12.5,4,8.2,3323,2193,0,1,"Terminal Road, Near NPL Airport, Narnaul, India"
2442,IXC,IBIS Airport Hotel (Chandigarh Airport),6.4,5,9.5,2937,12047,1,0,"Terminal Road, Near IXC Airport, Chandigarh, India"
2443,PUR,Taj City Centre (Purulia Airport),5.6,4,8.1,3796,2827,1,1,"Terminal Road, Near PUR Airport, Purulia, India"
2444,DUM,Pride Plaza Hotel (Dumka Airport),3.4,3,8.8,3220,3922,1,1,"Terminal Road, Near DUM Airport, Dumka, India"
2445,CCU,Taj City Centre (Kolkata Airport),13.5,5,9.7,1663,6125,0,1,"Terminal Road, Near CCU Airport, Kolkata, India"
2446,BGP,Lemon Tree Premier (Bhagalpur Airport),12.4,5,9.0,646,3034,0,0,"Terminal Road, Near BGP Airport, Bhagalpur, India"
2447,PUR,Hyatt Regency Terminal (Purulia Airport),7.4,4,8.3,832,8178,1,1,"Terminal Road, Near PUR Airport, Purulia, India"
2448,BHJ,ITC Grand Bharat (Bhuj (Kutch) Airport),11.3,4,8.7,2681,2999,0,0,"Terminal Road, Near BHJ Airport, Bhuj (Kutch), India"
2449,IXT,Taj City Centre (Pasighat Airport),3.8,4,9.6,3508,3383,1,0,"Terminal Road, Near IXT Airport, Pasighat, India"
2450,RKG,Ginger Airport Hotel (Durgapur Airport),10.6,4,9.6,3237,7772,0,1,"Terminal Road, Near RKG Airport, Durgapur, India"
2451,IXU,ITC Grand Bharat (Chhatrapati Sambhaji Nagar (Aurangabad) Airport),11.7,4,9.2,725,5045,0,0,"Terminal Road, Near IXU Airport, Chhatrapati Sambhaji Nagar (Aurangabad), India"
2452,DHR,Trident Airport Hotel (Dibrugarh Airport),13.7,5,8.2,3453,9992,0,1,"Terminal Road, Near DHR Airport, Dibrugarh, India"
2453,BOK,Pride Plaza Hotel (Bokaro Airport),6.1,3,8.9,2599,5113,1,1,"Terminal Road, Near BOK Airport, Bokaro, India"
2454,SXV,FabHotel Airport Inn (Shivamogga Airport),5.0,5,8.4,3049,2676,1,1,"Terminal Road, Near SXV Airport, Shivamogga, India"
2455,LAT,IBIS Airport Hotel (Latur Airport),2.9,5,9.7,2993,5606,1,1,"Terminal Road, Near LAT Airport, Latur, India"
2456,NVM,FabHotel Airport Inn (Navi Mumbai Airport),8.6,5,8.2,2787,10236,0,1,"Terminal Road, Near NVM Airport, Navi Mumbai, India"
2457,HBI,ITC Grand Bharat (Itanagar Airport),14.4,4,8.6,2025,9750,0,0,"Terminal Road, Near HBI Airport, Itanagar, India"
2458,DUM,Novotel Airport Hotel (Dumka Airport),12.1,4,9.0,3542,5603,0,0,"Terminal Road, Near DUM Airport, Dumka, India"
2459,TRZ,OYO Townhouse Airport (Tiruchirappalli (Trichy) Airport),10.4,3,9.8,527,11162,0,1,"Terminal Road, Near TRZ Airport, Tiruchirappalli (Trichy), India"
2460,RXL,IBIS Airport Hotel (Raxaul Airport),1.9,3,8.5,1962,7885,1,0,"Terminal Road, Near RXL Airport, Raxaul, India"
2461,DBR,Pride Plaza Hotel (Darbhanga Airport),8.4,3,9.2,2558,11598,0,0,"Terminal Road, Near DBR Airport, Darbhanga, India"
2462,NMS,Novotel Airport Hotel (Naliya Airport),4.0,3,8.8,2526,4765,1,0,"Terminal Road, Near NMS Airport, Naliya, India"
2463,PUI,Hyatt Regency Terminal (Purnea Airport),12.2,5,9.3,323,4820,0,1,"Terminal Road, Near PUI Airport, Purnea, India"
2464,SWM,Ginger Airport Hotel (Ranthambore / Sawai Madhopur Airport),3.2,4,8.2,472,8163,1,0,"Terminal Road, Near SWM Airport, Ranthambore / Sawai Madhopur, India"
2465,UTL,Ginger Airport Hotel (Barmer Airport),11.4,4,9.1,2243,5309,0,0,"Terminal Road, Near UTL Airport, Barmer, India"
2466,HIR,Hyatt Regency Terminal (Sambalpur Airport),5.7,4,9.3,3471,9179,1,0,"Terminal Road, Near HIR Airport, Sambalpur, India"
2467,SHL,Trident Airport Hotel (Shillong Airport),6.9,3,8.6,1230,5885,1,0,"Terminal Road, Near SHL Airport, Shillong, India"
2468,SWM,Ginger Airport Hotel (Ranthambore / Sawai Madhopur Airport),6.3,5,9.3,2783,10865,1,1,"Terminal Road, Near SWM Airport, Ranthambore / Sawai Madhopur, India"
2469,ANK,Ginger Airport Hotel (Ankleshwar Airport),5.1,4,9.3,889,7653,1,1,"Terminal Road, Near ANK Airport, Ankleshwar, India"
2470,KOR,OYO Townhouse Airport (Koraput Airport),9.4,3,9.4,2864,7443,0,1,"Terminal Road, Near KOR Airport, Koraput, India"
2471,UTL,IBIS Airport Hotel (Barmer Airport),0.7,4,8.2,2454,11945,1,0,"Terminal Road, Near UTL Airport, Barmer, India"
2472,SNE,Trident Airport Hotel (Singrauli Airport),4.6,4,8.2,1384,9332,1,1,"Terminal Road, Near SNE Airport, Singrauli, India"
2473,UTL,Trident Airport Hotel (Barmer Airport),1.7,3,8.2,696,8705,1,1,"Terminal Road, Near UTL Airport, Barmer, India"
2474,GOX,Hyatt Regency Terminal (Goa (Mopa) Airport),12.6,4,8.5,744,9905,0,0,"Terminal Road, Near GOX Airport, Goa (Mopa), India"
2475,IXC,Novotel Airport Hotel (Chandigarh Airport),10.3,5,8.1,617,8814,0,1,"Terminal Road, Near IXC Airport, Chandigarh, India"
2476,SWM,Lemon Tree Premier (Ranthambore / Sawai Madhopur Airport),10.0,4,8.8,1971,9502,0,1,"Terminal Road, Near SWM Airport, Ranthambore / Sawai Madhopur, India"
2477,VJZ,Trident Airport Hotel (Bhogapuram / Vizianagaram Airport),13.6,3,8.9,3195,6474,0,1,"Terminal Road, Near VJZ Airport, Bhogapuram / Vizianagaram, India"
2478,DMU,FabHotel Airport Inn (Dimapur Airport),0.7,4,8.9,3577,10385,1,1,"Terminal Road, Near DMU Airport, Dimapur, India"
2479,DED,Radisson Blu Airport (Dehradun Airport),10.9,5,8.8,260,8068,0,1,"Terminal Road, Near DED Airport, Dehradun, India"
2480,BHO,Hyatt Regency Terminal (Bhopal Airport),14.4,3,9.1,3403,6589,0,1,"Terminal Road, Near BHO Airport, Bhopal, India"
2481,UTK,ITC Grand Bharat (Kalahandi / Utkela Airport),3.5,3,9.6,3018,3210,1,0,"Terminal Road, Near UTK Airport, Kalahandi / Utkela, India"
2482,PYG,Lemon Tree Premier (Gangtok / Pakyong (Sikkim) Airport),13.3,4,9.6,2587,2052,0,0,"Terminal Road, Near PYG Airport, Gangtok / Pakyong (Sikkim), India"
2483,BLR,Ginger Airport Hotel (Bengaluru Airport),9.9,3,8.2,2891,10860,0,0,"Terminal Road, Near BLR Airport, Bengaluru, India"
2484,SXV,Radisson Blu Airport (Shivamogga Airport),14.0,4,8.4,1512,2850,0,0,"Terminal Road, Near SXV Airport, Shivamogga, India"
2485,TEZU,Ginger Airport Hotel (Tezu Airport),5.4,5,8.6,189,2086,1,1,"Terminal Road, Near TEZU Airport, Tezu, India"
2486,JAI,Trident Airport Hotel (Jaipur Airport),3.2,4,8.9,3737,10137,1,0,"Terminal Road, Near JAI Airport, Jaipur, India"
2487,NWP,Hyatt Regency Terminal (Pithoragarh Airport),4.6,4,9.4,3440,8399,1,0,"Terminal Road, Near NWP Airport, Pithoragarh, India"
2488,IXD,Trident Airport Hotel (Prayagraj (Allahabad) Airport),3.1,5,8.6,2136,3781,1,1,"Terminal Road, Near IXD Airport, Prayagraj (Allahabad), India"
2489,DMO,Novotel Airport Hotel (Damoh Airport),8.9,3,8.3,1801,3208,0,1,"Terminal Road, Near DMO Airport, Damoh, India"
2490,CKU,Pride Plaza Hotel (Chakulia Airport),7.6,4,8.6,457,11624,1,0,"Terminal Road, Near CKU Airport, Chakulia, India"
2491,PBN,FabHotel Airport Inn (Parbhani Airport),9.8,5,9.6,2998,9573,0,0,"Terminal Road, Near PBN Airport, Parbhani, India"
2492,IXD,ITC Grand Bharat (Prayagraj (Allahabad) Airport),10.1,3,8.2,2642,4704,0,0,"Terminal Road, Near IXD Airport, Prayagraj (Allahabad), India"
2493,PNQ,Taj City Centre (Pune Airport),7.9,4,8.2,519,5142,1,0,"Terminal Road, Near PNQ Airport, Pune, India"
2494,IXR,Trident Airport Hotel (Ranchi Airport),1.8,3,8.2,3550,5573,1,1,"Terminal Road, Near IXR Airport, Ranchi, India"
2495,JLR,OYO Townhouse Airport (Jabalpur Airport),11.1,4,9.1,634,2701,0,0,"Terminal Road, Near JLR Airport, Jabalpur, India"
2496,DEL,OYO Townhouse Airport (New Delhi Airport),7.8,5,9.2,1537,10384,1,1,"Terminal Road, Near DEL Airport, New Delhi, India"
2497,VZY,FabHotel Airport Inn (Vijayawada Airport),10.5,5,9.8,1338,9654,0,0,"Terminal Road, Near VZY Airport, Vijayawada, India"
2498,LAT,ITC Grand Bharat (Latur Airport),5.1,3,8.3,727,11232,1,0,"Terminal Road, Near LAT Airport, Latur, India"
2499,ALD,ITC Grand Bharat (Aligarh Airport),13.6,3,8.7,1221,3295,0,1,"Terminal Road, Near ALD Airport, Aligarh, India"
2500,BID,ITC Grand Bharat (Bidar Airport),5.9,5,8.4,1615,3466,1,0,"Terminal Road, Near BID Airport, Bidar, India"
2501,IXC,ITC Grand Bharat (Chandigarh Airport),1.3,4,8.4,3640,4240,1,0,"Terminal Road, Near IXC Airport, Chandigarh, India"
2502,BBI,Taj City Centre (Bhubaneswar Airport),9.4,5,8.4,1277,2823,0,0,"Terminal Road, Near BBI Airport, Bhubaneswar, India"
2503,MYQ,Pride Plaza Hotel (Mysuru Airport),12.7,3,9.1,942,12072,0,0,"Terminal Road, Near MYQ Airport, Mysuru, India"
2504,BID,OYO Townhouse Airport (Bidar Airport),1.1,3,8.3,3212,12006,1,1,"Terminal Road, Near BID Airport, Bidar, India"
2505,SNE,Novotel Airport Hotel (Singrauli Airport),6.2,3,8.7,3464,2845,1,0,"Terminal Road, Near SNE Airport, Singrauli, India"
2506,SNE,IBIS Airport Hotel (Singrauli Airport),10.9,5,9.5,2651,2946,0,0,"Terminal Road, Near SNE Airport, Singrauli, India"
2507,KAI,ITC Grand Bharat (Kailashahar Airport),10.3,5,9.2,1889,11295,0,1,"Terminal Road, Near KAI Airport, Kailashahar, India"
2508,MOR,Taj City Centre (Moradabad Airport),4.1,5,8.7,3313,3753,1,1,"Terminal Road, Near MOR Airport, Moradabad, India"
2509,ROU,Radisson Blu Airport (Rourkela Airport),10.5,5,8.7,1431,12116,0,1,"Terminal Road, Near ROU Airport, Rourkela, India"
2510,IXE,ITC Grand Bharat (Mangaluru Airport),3.0,3,8.1,1422,8080,1,0,"Terminal Road, Near IXE Airport, Mangaluru, India"
2511,ALD,Novotel Airport Hotel (Aligarh Airport),4.0,5,8.9,687,7063,1,1,"Terminal Road, Near ALD Airport, Aligarh, India"
2512,KHO,FabHotel Airport Inn (Khowai Airport),12.0,3,9.2,1958,7427,0,0,"Terminal Road, Near KHO Airport, Khowai, India"
2513,SWM,Hyatt Regency Terminal (Ranthambore / Sawai Madhopur Airport),2.1,5,9.3,3168,3230,1,1,"Terminal Road, Near SWM Airport, Ranthambore / Sawai Madhopur, India"
2514,JDH,Ginger Airport Hotel (Jodhpur Airport),11.5,5,9.0,130,5368,0,1,"Terminal Road, Near JDH Airport, Jodhpur, India"
2515,PBN,FabHotel Airport Inn (Parbhani Airport),8.8,5,8.8,165,4290,0,0,"Terminal Road, Near PBN Airport, Parbhani, India"
2516,ATQ,Radisson Blu Airport (Amritsar Airport),6.1,5,9.4,3508,6590,1,0,"Terminal Road, Near ATQ Airport, Amritsar, India"
2517,DHR,IBIS Airport Hotel (Dibrugarh Airport),3.9,4,8.5,163,9894,1,0,"Terminal Road, Near DHR Airport, Dibrugarh, India"
2518,DBR,Trident Airport Hotel (Darbhanga Airport),1.3,3,9.1,3057,4490,1,0,"Terminal Road, Near DBR Airport, Darbhanga, India"
2519,NMS,Hyatt Regency Terminal (Naliya Airport),5.1,3,8.4,1988,5357,1,1,"Terminal Road, Near NMS Airport, Naliya, India"
2520,PAT,Radisson Blu Airport (Patna Airport),10.4,3,9.4,1183,6584,0,0,"Terminal Road, Near PAT Airport, Patna, India"
2521,JLG,Radisson Blu Airport (Jalgaon Airport),4.6,5,8.4,974,5778,1,0,"Terminal Road, Near JLG Airport, Jalgaon, India"
2522,JGA,Hyatt Regency Terminal (Jamnagar Airport),11.1,4,9.7,1678,9757,0,1,"Terminal Road, Near JGA Airport, Jamnagar, India"
2523,IXE,Taj City Centre (Mangaluru Airport),6.5,4,9.5,1648,9517,1,1,"Terminal Road, Near IXE Airport, Mangaluru, India"
2524,SIH,Ginger Airport Hotel (Sirohi Airport),6.7,4,8.9,599,10652,1,0,"Terminal Road, Near SIH Airport, Sirohi, India"
2525,SXV,IBIS Airport Hotel (Shivamogga Airport),14.4,5,9.3,2968,2900,0,0,"Terminal Road, Near SXV Airport, Shivamogga, India"
2526,RGD,Ginger Airport Hotel (Raigarh Airport),12.3,5,8.9,3442,5052,0,0,"Terminal Road, Near RGD Airport, Raigarh, India"
2527,SRA,Trident Airport Hotel (Shravasti Airport),3.6,3,8.7,626,6559,1,0,"Terminal Road, Near SRA Airport, Shravasti, India"
2528,GAW,Trident Airport Hotel (Guwahati Airport),6.9,5,9.0,2476,6393,1,1,"Terminal Road, Near GAW Airport, Guwahati, India"
2529,GBI,FabHotel Airport Inn (Kalaburagi (Gulbarga) Airport),7.4,5,8.5,1139,12375,1,0,"Terminal Road, Near GBI Airport, Kalaburagi (Gulbarga), India"
2530,IXE,Hyatt Regency Terminal (Mangaluru Airport),14.3,4,8.7,2134,5462,0,0,"Terminal Road, Near IXE Airport, Mangaluru, India"
2531,BLR,Trident Airport Hotel (Bengaluru Airport),13.7,3,8.8,3499,9598,0,0,"Terminal Road, Near BLR Airport, Bengaluru, India"
2532,JGA,ITC Grand Bharat (Jamnagar Airport),10.3,5,9.6,2383,7189,0,0,"Terminal Road, Near JGA Airport, Jamnagar, India"
2533,CCJ,Ginger Airport Hotel (Kozhikode (Calicut) Airport),12.9,3,8.5,2943,5306,0,0,"Terminal Road, Near CCJ Airport, Kozhikode (Calicut), India"
2534,DUM,Novotel Airport Hotel (Dumka Airport),9.2,4,8.2,433,9925,0,0,"Terminal Road, Near DUM Airport, Dumka, India"
2535,GAW,Novotel Airport Hotel (Guwahati Airport),2.1,4,8.5,1873,3493,1,1,"Terminal Road, Near GAW Airport, Guwahati, India"
2536,KAI,Radisson Blu Airport (Kailashahar Airport),9.2,5,8.7,1170,5571,0,1,"Terminal Road, Near KAI Airport, Kailashahar, India"
2537,MZS,FabHotel Airport Inn (Sonbhadra Airport),6.3,5,9.4,1144,8639,1,1,"Terminal Road, Near MZS Airport, Sonbhadra, India"
2538,HYD,ITC Grand Bharat (Hyderabad Airport),6.7,4,8.1,3499,2925,1,0,"Terminal Road, Near HYD Airport, Hyderabad, India"
2539,CNN,Lemon Tree Premier (Kannur Airport),9.6,3,8.1,3179,2492,0,0,"Terminal Road, Near CNN Airport, Kannur, India"
2540,MEH,Lemon Tree Premier (Mehsana Airport),6.2,3,9.6,2160,8700,1,0,"Terminal Road, Near MEH Airport, Mehsana, India"
2541,BLR,Ginger Airport Hotel (Bengaluru Airport),1.3,3,9.0,2254,6960,1,1,"Terminal Road, Near BLR Airport, Bengaluru, India"
2542,DBR,IBIS Airport Hotel (Darbhanga Airport),1.0,5,9.8,1710,6906,1,0,"Terminal Road, Near DBR Airport, Darbhanga, India"
2543,ISK,Ginger Airport Hotel (Nashik Airport),7.4,3,8.6,1026,1922,1,1,"Terminal Road, Near ISK Airport, Nashik, India"
2544,ATQ,Radisson Blu Airport (Amritsar Airport),4.0,3,9.6,3118,5848,1,0,"Terminal Road, Near ATQ Airport, Amritsar, India"
2545,PUI,ITC Grand Bharat (Purnea Airport),2.8,3,8.2,3369,5726,1,0,"Terminal Road, Near PUI Airport, Purnea, India"
2546,PNV,ITC Grand Bharat (Porbandar Airport),0.6,4,9.0,2111,9851,1,1,"Terminal Road, Near PNV Airport, Porbandar, India"
2547,VJZ,Trident Airport Hotel (Bhogapuram / Vizianagaram Airport),1.1,5,8.9,563,6256,1,0,"Terminal Road, Near VJZ Airport, Bhogapuram / Vizianagaram, India"
2548,PNY,OYO Townhouse Airport (Puducherry Airport),9.3,5,9.7,3101,12258,0,1,"Terminal Road, Near PNY Airport, Puducherry, India"
2549,AMRE,Hyatt Regency Terminal (Amreli Airport),10.8,5,9.5,3670,4516,0,0,"Terminal Road, Near AMRE Airport, Amreli, India"
2550,IXY,Hyatt Regency Terminal (Kandla Airport),6.3,5,8.3,1985,12265,1,1,"Terminal Road, Near IXY Airport, Kandla, India"
2551,VTZ,Taj City Centre (Visakhapatnam Airport),11.6,4,8.4,2983,10466,0,1,"Terminal Road, Near VTZ Airport, Visakhapatnam, India"
2552,JGA,Pride Plaza Hotel (Jamnagar Airport),8.2,3,9.5,1844,4858,0,0,"Terminal Road, Near JGA Airport, Jamnagar, India"
2553,SLV,FabHotel Airport Inn (Shimla Airport),8.4,4,8.7,1498,8124,0,0,"Terminal Road, Near SLV Airport, Shimla, India"
2554,RMD,ITC Grand Bharat (Ratnagiri Airport),10.4,4,8.7,3494,8186,0,1,"Terminal Road, Near RMD Airport, Ratnagiri, India"
2555,SLN,ITC Grand Bharat (Sultanpur Airport),11.2,3,8.7,2634,10048,0,1,"Terminal Road, Near SLN Airport, Sultanpur, India"
2556,IXJ,FabHotel Airport Inn (Jammu Airport),9.2,5,9.5,2797,9354,0,0,"Terminal Road, Near IXJ Airport, Jammu, India"
2557,JLG,Pride Plaza Hotel (Jalgaon Airport),8.3,4,8.2,2908,4076,0,0,"Terminal Road, Near JLG Airport, Jalgaon, India"
2558,SIV,Taj City Centre (Sivasagar Airport),10.1,5,8.6,2862,5958,0,0,"Terminal Road, Near SIV Airport, Sivasagar, India"
2559,BHU,Taj City Centre (Bathinda Airport),1.8,4,8.9,3506,6799,1,1,"Terminal Road, Near BHU Airport, Bathinda, India"
2560,ALD,ITC Grand Bharat (Aligarh Airport),12.9,4,8.2,157,10739,0,1,"Terminal Road, Near ALD Airport, Aligarh, India"
2561,IXS,Novotel Airport Hotel (Silchar Airport),8.8,4,8.9,3297,2122,0,0,"Terminal Road, Near IXS Airport, Silchar, India"
2562,IXE,Radisson Blu Airport (Mangaluru Airport),12.5,4,8.3,451,8714,0,0,"Terminal Road, Near IXE Airport, Mangaluru, India"
2563,JGA,FabHotel Airport Inn (Jamnagar Airport),12.5,5,8.2,1033,4656,0,0,"Terminal Road, Near JGA Airport, Jamnagar, India"
2564,SXR,Trident Airport Hotel (Srinagar Airport),2.7,3,9.4,1088,4067,1,0,"Terminal Road, Near SXR Airport, Srinagar, India"
2565,GBI,Taj City Centre (Kalaburagi (Gulbarga) Airport),6.9,5,9.6,3419,6133,1,0,"Terminal Road, Near GBI Airport, Kalaburagi (Gulbarga), India"
2566,NVM,Radisson Blu Airport (Navi Mumbai Airport),9.3,4,9.2,1574,5403,0,0,"Terminal Road, Near NVM Airport, Navi Mumbai, India"
2567,DMU,FabHotel Airport Inn (Dimapur Airport),10.0,3,9.5,247,2881,0,1,"Terminal Road, Near DMU Airport, Dimapur, India"
2568,MAA,Ginger Airport Hotel (Chennai Airport),7.4,5,9.3,2101,7236,1,1,"Terminal Road, Near MAA Airport, Chennai, India"
2569,AMRE,Radisson Blu Airport (Amreli Airport),12.5,5,9.2,1980,10738,0,0,"Terminal Road, Near AMRE Airport, Amreli, India"
2570,VTZ,Radisson Blu Airport (Visakhapatnam Airport),3.4,3,9.0,3586,12138,1,1,"Terminal Road, Near VTZ Airport, Visakhapatnam, India"
2571,MOR,ITC Grand Bharat (Moradabad Airport),6.3,5,9.2,2281,7245,1,0,"Terminal Road, Near MOR Airport, Moradabad, India"
2572,CJB,Ginger Airport Hotel (Coimbatore Airport),12.8,5,8.8,2356,5430,0,0,"Terminal Road, Near CJB Airport, Coimbatore, India"
2573,BLR,Ginger Airport Hotel (Bengaluru Airport),9.8,3,8.6,985,2793,0,1,"Terminal Road, Near BLR Airport, Bengaluru, India"
2574,ZER,Novotel Airport Hotel (Ziro Airport),1.5,3,9.3,1963,8538,1,1,"Terminal Road, Near ZER Airport, Ziro, India"
2575,TEZU,Taj City Centre (Tezu Airport),0.8,4,9.5,3765,8887,1,0,"Terminal Road, Near TEZU Airport, Tezu, India"
2576,DEL,Ginger Airport Hotel (New Delhi Airport),7.5,4,8.5,2646,11176,1,0,"Terminal Road, Near DEL Airport, New Delhi, India"
2577,BHO,Novotel Airport Hotel (Bhopal Airport),8.5,3,8.5,2967,12417,0,1,"Terminal Road, Near BHO Airport, Bhopal, India"
2578,SNE,Trident Airport Hotel (Singrauli Airport),3.5,3,9.6,1625,9936,1,1,"Terminal Road, Near SNE Airport, Singrauli, India"
2579,LAT,Trident Airport Hotel (Latur Airport),6.5,5,8.6,1947,2796,1,1,"Terminal Road, Near LAT Airport, Latur, India"
2580,HZD,Trident Airport Hotel (Hazaribagh Airport),3.6,4,9.1,2660,8412,1,0,"Terminal Road, Near HZD Airport, Hazaribagh, India"
2581,ROU,FabHotel Airport Inn (Rourkela Airport),13.5,3,9.7,2828,10101,0,0,"Terminal Road, Near ROU Airport, Rourkela, India"
2582,NMS,OYO Townhouse Airport (Naliya Airport),13.1,5,8.8,532,7847,0,0,"Terminal Road, Near NMS Airport, Naliya, India"
2583,COB,Radisson Blu Airport (Cooch Behar Airport),7.8,5,8.5,2730,3498,1,0,"Terminal Road, Near COB Airport, Cooch Behar, India"
2584,ATQ,Radisson Blu Airport (Amritsar Airport),12.6,4,9.3,1132,8955,0,0,"Terminal Road, Near ATQ Airport, Amritsar, India"
2585,IDR,IBIS Airport Hotel (Indore Airport),4.3,3,8.1,246,8235,1,1,"Terminal Road, Near IDR Airport, Indore, India"
2586,KOR,Trident Airport Hotel (Koraput Airport),2.7,4,8.1,3380,3207,1,0,"Terminal Road, Near KOR Airport, Koraput, India"
2587,ASL,Lemon Tree Premier (Asansol Airport),5.1,3,8.1,2340,6117,1,0,"Terminal Road, Near ASL Airport, Asansol, India"
2588,LKO,Trident Airport Hotel (Lucknow Airport),14.3,4,8.3,2460,5171,0,0,"Terminal Road, Near LKO Airport, Lucknow, India"
2589,AGR,Hyatt Regency Terminal (Agra Airport),0.6,4,8.1,1158,12344,1,0,"Terminal Road, Near AGR Airport, Agra, India"
2590,RAT,Ginger Airport Hotel (Ratlam Airport),9.0,4,8.8,2934,9126,0,1,"Terminal Road, Near RAT Airport, Ratlam, India"
2591,VNS,IBIS Airport Hotel (Varanasi Airport),2.4,3,8.3,1448,3713,1,0,"Terminal Road, Near VNS Airport, Varanasi, India"
2592,CFH,OYO Townhouse Airport (Chitrakoot Airport),10.5,3,8.6,1999,2593,0,0,"Terminal Road, Near CFH Airport, Chitrakoot, India"
2593,JRH,Radisson Blu Airport (Jorhat Airport),12.7,3,8.8,3239,10532,0,1,"Terminal Road, Near JRH Airport, Jorhat, India"
2594,IXS,Radisson Blu Airport (Silchar Airport),12.5,3,9.2,525,11940,0,0,"Terminal Road, Near IXS Airport, Silchar, India"
2595,KAI,Pride Plaza Hotel (Kailashahar Airport),6.2,5,9.4,2610,6233,1,0,"Terminal Road, Near KAI Airport, Kailashahar, India"
2596,HIR,Hyatt Regency Terminal (Sambalpur Airport),11.5,3,9.3,1636,4215,0,1,"Terminal Road, Near HIR Airport, Sambalpur, India"
2597,JRG,Lemon Tree Premier (Jharsuguda Airport),7.6,3,8.8,2124,9767,1,1,"Terminal Road, Near JRG Airport, Jharsuguda, India"
2598,IXA,FabHotel Airport Inn (Agartala Airport),13.8,3,9.0,3625,10303,0,1,"Terminal Road, Near IXA Airport, Agartala, India"
2599,PNV,Radisson Blu Airport (Porbandar Airport),12.4,5,9.5,2885,7209,0,1,"Terminal Road, Near PNV Airport, Porbandar, India"
2600,HIR,IBIS Airport Hotel (Sambalpur Airport),5.7,4,9.6,1597,10636,1,0,"Terminal Road, Near HIR Airport, Sambalpur, India"
2601,DHM,Pride Plaza Hotel (Dharamshala / Kangra Airport),11.2,3,9.0,1806,4683,0,0,"Terminal Road, Near DHM Airport, Dharamshala / Kangra, India"
2602,AMR,Taj City Centre (Amravati Airport),11.1,4,9.0,348,5649,0,1,"Terminal Road, Near AMR Airport, Amravati, India"
2603,SDW,FabHotel Airport Inn (Sindhudurg Airport),8.9,5,8.3,2809,9805,0,0,"Terminal Road, Near SDW Airport, Sindhudurg, India"
2604,RKG,FabHotel Airport Inn (Durgapur Airport),1.4,3,8.7,1231,9479,1,0,"Terminal Road, Near RKG Airport, Durgapur, India"
2605,BGP,ITC Grand Bharat (Bhagalpur Airport),1.5,4,9.2,481,5141,1,0,"Terminal Road, Near BGP Airport, Bhagalpur, India"
2606,RXL,Pride Plaza Hotel (Raxaul Airport),10.3,4,9.7,1095,5695,0,0,"Terminal Road, Near RXL Airport, Raxaul, India"
2607,PAL,FabHotel Airport Inn (Pali Airport),3.7,5,9.7,429,9959,1,1,"Terminal Road, Near PAL Airport, Pali, India"
2608,DMO,Taj City Centre (Damoh Airport),14.4,4,9.7,1071,10488,0,1,"Terminal Road, Near DMO Airport, Damoh, India"
2609,NDC,Ginger Airport Hotel (Nanded Airport),3.8,3,8.6,3003,12473,1,1,"Terminal Road, Near NDC Airport, Nanded, India"
2610,AMRE,IBIS Airport Hotel (Amreli Airport),5.3,3,8.6,517,7841,1,1,"Terminal Road, Near AMRE Airport, Amreli, India"
2611,SIV,FabHotel Airport Inn (Sivasagar Airport),7.6,5,8.7,3236,11029,1,1,"Terminal Road, Near SIV Airport, Sivasagar, India"
2612,JDH,Ginger Airport Hotel (Jodhpur Airport),4.5,3,9.4,190,10943,1,0,"Terminal Road, Near JDH Airport, Jodhpur, India"
2613,UTK,OYO Townhouse Airport (Kalahandi / Utkela Airport),0.7,5,8.8,2031,5090,1,0,"Terminal Road, Near UTK Airport, Kalahandi / Utkela, India"
2614,KARN,ITC Grand Bharat (Karnal Airport),5.2,4,9.8,970,8434,1,0,"Terminal Road, Near KARN Airport, Karnal, India"
2615,VTZ,Lemon Tree Premier (Visakhapatnam Airport),5.1,3,8.6,1208,7719,1,0,"Terminal Road, Near VTZ Airport, Visakhapatnam, India"
2616,SIV,Pride Plaza Hotel (Sivasagar Airport),6.4,4,9.4,1946,4760,1,1,"Terminal Road, Near SIV Airport, Sivasagar, India"
2617,BHJ,Pride Plaza Hotel (Bhuj (Kutch) Airport),7.4,4,9.1,1141,6503,1,1,"Terminal Road, Near BHJ Airport, Bhuj (Kutch), India"
2618,SDW,OYO Townhouse Airport (Sindhudurg Airport),1.0,4,8.7,2370,11917,1,1,"Terminal Road, Near SDW Airport, Sindhudurg, India"
2619,KQH,Taj City Centre (Ajmer / Kishangarh Airport),3.4,4,9.0,200,10315,1,0,"Terminal Road, Near KQH Airport, Ajmer / Kishangarh, India"
2620,IXB,FabHotel Airport Inn (Siliguri / Bagdogra Airport),7.5,5,8.5,1624,9686,1,1,"Terminal Road, Near IXB Airport, Siliguri / Bagdogra, India"
2621,PAL,Hyatt Regency Terminal (Pali Airport),6.4,4,8.4,771,5025,1,0,"Terminal Road, Near PAL Airport, Pali, India"
2622,PNV,Pride Plaza Hotel (Porbandar Airport),7.3,3,8.2,1825,11532,1,1,"Terminal Road, Near PNV Airport, Porbandar, India"
2623,KNU,OYO Townhouse Airport (Kanpur Airport),7.8,4,9.1,2139,9278,1,0,"Terminal Road, Near KNU Airport, Kanpur, India"
2624,SAG,FabHotel Airport Inn (Shirdi Airport),14.3,4,8.5,1800,5584,0,1,"Terminal Road, Near SAG Airport, Shirdi, India"
2625,CJB,IBIS Airport Hotel (Coimbatore Airport),3.8,3,9.3,795,2024,1,0,"Terminal Road, Near CJB Airport, Coimbatore, India"
2626,ANK,Radisson Blu Airport (Ankleshwar Airport),10.5,5,8.6,1668,8271,0,0,"Terminal Road, Near ANK Airport, Ankleshwar, India"
2627,IXD,Radisson Blu Airport (Prayagraj (Allahabad) Airport),1.9,5,8.7,2814,12277,1,0,"Terminal Road, Near IXD Airport, Prayagraj (Allahabad), India"
2628,PYB,Hyatt Regency Terminal (Jeypore Airport),6.8,4,9.8,3248,10160,1,1,"Terminal Road, Near PYB Airport, Jeypore, India"
2629,IXD,Hyatt Regency Terminal (Prayagraj (Allahabad) Airport),4.5,4,9.5,2617,5533,1,0,"Terminal Road, Near IXD Airport, Prayagraj (Allahabad), India"
2630,RXL,Hyatt Regency Terminal (Raxaul Airport),9.6,3,8.2,2038,6511,0,1,"Terminal Road, Near RXL Airport, Raxaul, India"
2631,DIU,Hyatt Regency Terminal (Diu Airport),12.4,4,9.8,485,8706,0,1,"Terminal Road, Near DIU Airport, Diu, India"
2632,IXA,Trident Airport Hotel (Agartala Airport),8.2,5,8.7,336,3238,0,0,"Terminal Road, Near IXA Airport, Agartala, India"
2633,IXA,FabHotel Airport Inn (Agartala Airport),10.8,4,9.4,2705,3665,0,1,"Terminal Road, Near IXA Airport, Agartala, India"
2634,ASL,IBIS Airport Hotel (Asansol Airport),8.9,3,9.2,791,2986,0,1,"Terminal Road, Near ASL Airport, Asansol, India"
2635,COK,Radisson Blu Airport (Kochi Airport),5.1,5,8.3,3799,9958,1,0,"Terminal Road, Near COK Airport, Kochi, India"
2636,STV,FabHotel Airport Inn (Surat Airport),1.8,3,9.0,2901,8235,1,0,"Terminal Road, Near STV Airport, Surat, India"
2637,IXY,Hyatt Regency Terminal (Kandla Airport),2.1,5,9.0,1588,8629,1,1,"Terminal Road, Near IXY Airport, Kandla, India"
2638,RAT,ITC Grand Bharat (Ratlam Airport),8.5,3,8.6,3459,12150,0,1,"Terminal Road, Near RAT Airport, Ratlam, India"
2639,KHO,ITC Grand Bharat (Khowai Airport),0.7,5,8.6,2322,8759,1,0,"Terminal Road, Near KHO Airport, Khowai, India"
2640,DED,Novotel Airport Hotel (Dehradun Airport),8.6,4,9.6,2064,11108,0,1,"Terminal Road, Near DED Airport, Dehradun, India"
2641,HYD,Pride Plaza Hotel (Hyderabad Airport),0.8,5,8.9,1013,10657,1,0,"Terminal Road, Near HYD Airport, Hyderabad, India"
2642,BOM,Novotel Airport Hotel (Mumbai Airport),2.9,5,8.3,3080,6092,1,1,"Terminal Road, Near BOM Airport, Mumbai, India"
2643,BOM,IBIS Airport Hotel (Mumbai Airport),10.3,5,9.3,2795,6527,0,0,"Terminal Road, Near BOM Airport, Mumbai, India"
2644,YTL,Trident Airport Hotel (Yavatmal Airport),14.0,3,9.6,3711,11760,0,1,"Terminal Road, Near YTL Airport, Yavatmal, India"
2645,COB,Trident Airport Hotel (Cooch Behar Airport),1.7,5,9.5,1795,3737,1,0,"Terminal Road, Near COB Airport, Cooch Behar, India"
2646,RMD,Taj City Centre (Ratnagiri Airport),3.2,5,8.4,1527,8225,1,0,"Terminal Road, Near RMD Airport, Ratnagiri, India"
2647,PUR,Novotel Airport Hotel (Purulia Airport),9.2,5,9.1,345,4658,0,0,"Terminal Road, Near PUR Airport, Purulia, India"
2648,CJB,Lemon Tree Premier (Coimbatore Airport),1.6,5,8.2,1869,3833,1,1,"Terminal Road, Near CJB Airport, Coimbatore, India"
2649,DHM,Novotel Airport Hotel (Dharamshala / Kangra Airport),3.1,5,8.2,1745,1827,1,1,"Terminal Road, Near DHM Airport, Dharamshala / Kangra, India"
2650,AMB,OYO Townhouse Airport (Ambikapur Airport),11.1,4,8.7,3114,6463,0,1,"Terminal Road, Near AMB Airport, Ambikapur, India"
2651,TEZ,Trident Airport Hotel (Tezpur Airport),6.0,5,9.4,1096,9068,1,1,"Terminal Road, Near TEZ Airport, Tezpur, India"
2652,KAM,Lemon Tree Premier (Kamalpur Airport),7.4,5,8.2,3152,4619,1,0,"Terminal Road, Near KAM Airport, Kamalpur, India"
2653,SDW,Ginger Airport Hotel (Sindhudurg Airport),7.3,4,8.7,1346,8716,1,1,"Terminal Road, Near SDW Airport, Sindhudurg, India"
2654,PINJ,Radisson Blu Airport (Panchkula / Pinjore Airport),12.0,5,9.3,611,4193,0,1,"Terminal Road, Near PINJ Airport, Panchkula / Pinjore, India"
2655,IDR,Hyatt Regency Terminal (Indore Airport),14.4,3,8.2,489,8624,0,0,"Terminal Road, Near IDR Airport, Indore, India"
2656,HYD,OYO Townhouse Airport (Hyderabad Airport),11.5,5,9.2,1622,6707,0,1,"Terminal Road, Near HYD Airport, Hyderabad, India"
2657,UTK,Lemon Tree Premier (Kalahandi / Utkela Airport),14.4,5,8.2,2185,7840,0,0,"Terminal Road, Near UTK Airport, Kalahandi / Utkela, India"
2658,JAI,Radisson Blu Airport (Jaipur Airport),7.6,4,9.4,1590,3083,1,1,"Terminal Road, Near JAI Airport, Jaipur, India"
2659,SXR,Pride Plaza Hotel (Srinagar Airport),10.6,5,9.3,136,11415,0,0,"Terminal Road, Near SXR Airport, Srinagar, India"
2660,BOK,OYO Townhouse Airport (Bokaro Airport),1.7,5,9.0,1666,1976,1,1,"Terminal Road, Near BOK Airport, Bokaro, India"
2661,IXL,Lemon Tree Premier (Leh (Ladakh) Airport),4.6,3,9.4,2734,3822,1,1,"Terminal Road, Near IXL Airport, Leh (Ladakh), India"
2662,DED,IBIS Airport Hotel (Dehradun Airport),2.5,3,9.4,2819,2952,1,1,"Terminal Road, Near DED Airport, Dehradun, India"
2663,OSB,Trident Airport Hotel (Dharashiv Airport),6.1,3,9.5,1332,4438,1,1,"Terminal Road, Near OSB Airport, Dharashiv, India"
2664,KNU,OYO Townhouse Airport (Kanpur Airport),11.1,4,8.6,1791,7029,0,1,"Terminal Road, Near KNU Airport, Kanpur, India"
2665,IXT,IBIS Airport Hotel (Pasighat Airport),13.5,3,9.6,3163,11387,0,0,"Terminal Road, Near IXT Airport, Pasighat, India"
2666,KAP,Hyatt Regency Terminal (Kadapa Airport),5.3,3,8.4,935,3250,1,1,"Terminal Road, Near KAP Airport, Kadapa, India"
2667,IXJ,Radisson Blu Airport (Jammu Airport),13.2,5,9.0,1137,7100,0,1,"Terminal Road, Near IXJ Airport, Jammu, India"
2668,JRG,Taj City Centre (Jharsuguda Airport),13.7,5,8.2,3748,8327,0,0,"Terminal Road, Near JRG Airport, Jharsuguda, India"
2669,VZY,FabHotel Airport Inn (Vijayawada Airport),9.5,4,9.0,866,4334,0,1,"Terminal Road, Near VZY Airport, Vijayawada, India"
2670,RAT,ITC Grand Bharat (Ratlam Airport),11.5,4,9.1,1287,7093,0,1,"Terminal Road, Near RAT Airport, Ratlam, India"
2671,ALD,FabHotel Airport Inn (Aligarh Airport),1.7,3,8.2,2697,9488,1,1,"Terminal Road, Near ALD Airport, Aligarh, India"
2672,JDH,Pride Plaza Hotel (Jodhpur Airport),13.3,4,9.1,502,2853,0,0,"Terminal Road, Near JDH Airport, Jodhpur, India"
2673,CHI,IBIS Airport Hotel (Chhindwara Airport),9.4,3,8.7,390,7538,0,1,"Terminal Road, Near CHI Airport, Chhindwara, India"
2674,AMR,Taj City Centre (Amravati Airport),9.3,5,8.1,1972,10280,0,1,"Terminal Road, Near AMR Airport, Amravati, India"
2675,AMB,Lemon Tree Premier (Ambikapur Airport),1.8,4,9.2,3182,3783,1,0,"Terminal Road, Near AMB Airport, Ambikapur, India"
2676,NPL,Trident Airport Hotel (Narnaul Airport),14.0,3,9.2,3329,7720,0,0,"Terminal Road, Near NPL Airport, Narnaul, India"
2677,KAM,Pride Plaza Hotel (Kamalpur Airport),12.5,3,9.5,2119,5785,0,1,"Terminal Road, Near KAM Airport, Kamalpur, India"
2678,HSS,Taj City Centre (Hisar Airport),9.6,3,9.4,1606,4364,0,0,"Terminal Road, Near HSS Airport, Hisar, India"
2679,MAA,Hyatt Regency Terminal (Chennai Airport),10.8,4,8.8,3479,4687,0,0,"Terminal Road, Near MAA Airport, Chennai, India"
2680,MOR,Taj City Centre (Moradabad Airport),10.0,4,9.3,209,4067,0,1,"Terminal Road, Near MOR Airport, Moradabad, India"
2681,ZER,FabHotel Airport Inn (Ziro Airport),5.3,3,9.7,2855,8804,1,1,"Terminal Road, Near ZER Airport, Ziro, India"
2682,BHU,IBIS Airport Hotel (Bathinda Airport),7.2,5,9.8,3727,8223,1,0,"Terminal Road, Near BHU Airport, Bathinda, India"
2683,SXV,Radisson Blu Airport (Shivamogga Airport),8.3,5,9.3,538,8567,0,1,"Terminal Road, Near SXV Airport, Shivamogga, India"
2684,TRZ,Taj City Centre (Tiruchirappalli (Trichy) Airport),14.4,4,8.6,2065,6183,0,1,"Terminal Road, Near TRZ Airport, Tiruchirappalli (Trichy), India"
2685,PGH,Trident Airport Hotel (Pantnagar / Nainital Airport),11.2,3,8.3,1291,6970,0,0,"Terminal Road, Near PGH Airport, Pantnagar / Nainital, India"
2686,JGA,Taj City Centre (Jamnagar Airport),6.6,3,9.6,1288,5528,1,0,"Terminal Road, Near JGA Airport, Jamnagar, India"
2687,RGD,Pride Plaza Hotel (Raigarh Airport),11.9,4,9.6,3643,5208,0,0,"Terminal Road, Near RGD Airport, Raigarh, India"
2688,CCU,Taj City Centre (Kolkata Airport),8.8,5,8.3,1545,11565,0,0,"Terminal Road, Near CCU Airport, Kolkata, India"
2689,DMO,Hyatt Regency Terminal (Damoh Airport),13.8,5,9.5,3517,4851,0,0,"Terminal Road, Near DMO Airport, Damoh, India"
2690,BLT,Novotel Airport Hotel (Balurghat Airport),7.1,3,8.4,2360,12061,1,0,"Terminal Road, Near BLT Airport, Balurghat, India"
2691,HBI,Taj City Centre (Itanagar Airport),2.3,3,8.7,661,12141,1,0,"Terminal Road, Near HBI Airport, Itanagar, India"
2692,AMRE,Novotel Airport Hotel (Amreli Airport),6.3,5,9.5,1948,8821,1,0,"Terminal Road, Near AMRE Airport, Amreli, India"
2693,PUR,Taj City Centre (Purulia Airport),12.8,4,8.6,2272,8928,0,0,"Terminal Road, Near PUR Airport, Purulia, India"
2694,TEZU,Lemon Tree Premier (Tezu Airport),10.4,4,8.6,2958,11139,0,0,"Terminal Road, Near TEZU Airport, Tezu, India"
2695,SDW,Lemon Tree Premier (Sindhudurg Airport),8.5,4,8.5,2032,3452,0,1,"Terminal Road, Near SDW Airport, Sindhudurg, India"
2696,JGA,ITC Grand Bharat (Jamnagar Airport),14.1,3,8.4,3345,5613,0,0,"Terminal Road, Near JGA Airport, Jamnagar, India"
2697,GOI,IBIS Airport Hotel (Goa (Dabolim) Airport),0.9,3,9.0,610,9143,1,1,"Terminal Road, Near GOI Airport, Goa (Dabolim), India"
2698,LKO,FabHotel Airport Inn (Lucknow Airport),13.5,4,8.8,1262,11548,0,0,"Terminal Road, Near LKO Airport, Lucknow, India"
2699,SLV,Taj City Centre (Shimla Airport),8.8,3,9.5,925,10483,0,0,"Terminal Road, Near SLV Airport, Shimla, India"
2700,KOR,Lemon Tree Premier (Koraput Airport),8.5,5,9.2,2664,11226,0,1,"Terminal Road, Near KOR Airport, Koraput, India"
2701,HSS,Trident Airport Hotel (Hisar Airport),6.5,5,8.1,3323,8969,1,1,"Terminal Road, Near HSS Airport, Hisar, India"
2702,NMN,Lemon Tree Premier (Neemrana / Alwar Airport),5.1,3,8.7,2650,12483,1,1,"Terminal Road, Near NMN Airport, Neemrana / Alwar, India"
2703,GWL,Taj City Centre (Gwalior Airport),5.7,4,9.6,2401,7054,1,0,"Terminal Road, Near GWL Airport, Gwalior, India"
2704,HSR,Radisson Blu Airport (Rajkot Airport),4.9,3,9.4,2089,6864,1,0,"Terminal Road, Near HSR Airport, Rajkot, India"
2705,IXD,Ginger Airport Hotel (Prayagraj (Allahabad) Airport),9.2,5,8.6,2312,8224,0,0,"Terminal Road, Near IXD Airport, Prayagraj (Allahabad), India"
2706,IXY,Trident Airport Hotel (Kandla Airport),9.6,5,9.5,3374,8330,0,1,"Terminal Road, Near IXY Airport, Kandla, India"
2707,AYJ,ITC Grand Bharat (Ayodhya Airport),2.1,4,9.5,556,2910,1,1,"Terminal Road, Near AYJ Airport, Ayodhya, India"
2708,CJB,IBIS Airport Hotel (Coimbatore Airport),6.9,4,9.7,2043,6820,1,0,"Terminal Road, Near CJB Airport, Coimbatore, India"
2709,AMH,OYO Townhouse Airport (Azamgarh Airport),7.0,3,9.4,250,9379,1,1,"Terminal Road, Near AMH Airport, Azamgarh, India"
2710,HYD,OYO Townhouse Airport (Hyderabad Airport),11.2,4,9.0,2985,9253,0,1,"Terminal Road, Near HYD Airport, Hyderabad, India"
2711,AKL,ITC Grand Bharat (Akola Airport),1.7,4,8.6,2772,5181,1,1,"Terminal Road, Near AKL Airport, Akola, India"
2712,LKO,Lemon Tree Premier (Lucknow Airport),7.8,5,9.0,2061,3020,1,0,"Terminal Road, Near LKO Airport, Lucknow, India"
2713,IXW,Pride Plaza Hotel (Jamshedpur Airport),1.9,4,9.4,2888,8901,1,0,"Terminal Road, Near IXW Airport, Jamshedpur, India"
2714,MAA,Taj City Centre (Chennai Airport),11.1,4,8.7,263,5197,0,1,"Terminal Road, Near MAA Airport, Chennai, India"
2715,DON,Pride Plaza Hotel (Bhadrak / Dhamra Airport),1.7,3,8.4,2897,5767,1,1,"Terminal Road, Near DON Airport, Bhadrak / Dhamra, India"
2716,SIV,Trident Airport Hotel (Sivasagar Airport),11.0,3,9.2,1026,9018,0,1,"Terminal Road, Near SIV Airport, Sivasagar, India"
2717,VZY,IBIS Airport Hotel (Vijayawada Airport),5.0,5,8.5,2162,11254,1,1,"Terminal Road, Near VZY Airport, Vijayawada, India"
2718,RXL,Radisson Blu Airport (Raxaul Airport),1.2,4,8.3,2897,9547,1,1,"Terminal Road, Near RXL Airport, Raxaul, India"
2719,IDR,Novotel Airport Hotel (Indore Airport),3.9,4,8.6,1179,5976,1,1,"Terminal Road, Near IDR Airport, Indore, India"
2720,HBX,Trident Airport Hotel (Hubballi / Dharwad Airport),14.0,3,9.5,2787,12027,0,1,"Terminal Road, Near HBX Airport, Hubballi / Dharwad, India"
2721,BKN,Pride Plaza Hotel (Bikaner Airport),1.0,4,8.8,1608,8749,1,1,"Terminal Road, Near BKN Airport, Bikaner, India"
2722,AKL,Lemon Tree Premier (Akola Airport),11.5,5,8.6,332,10735,0,1,"Terminal Road, Near AKL Airport, Akola, India"
2723,TEZ,Lemon Tree Premier (Tezpur Airport),14.4,3,9.4,2753,11992,0,0,"Terminal Road, Near TEZ Airport, Tezpur, India"
2724,MEH,FabHotel Airport Inn (Mehsana Airport),2.4,5,9.6,1551,11290,1,0,"Terminal Road, Near MEH Airport, Mehsana, India"
2725,SDW,Ginger Airport Hotel (Sindhudurg Airport),4.4,5,8.5,966,9161,1,0,"Terminal Road, Near SDW Airport, Sindhudurg, India"
2726,PBN,Ginger Airport Hotel (Parbhani Airport),11.3,4,8.4,267,8016,0,0,"Terminal Road, Near PBN Airport, Parbhani, India"
2727,KBK,Lemon Tree Premier (Kushinagar Airport),7.1,4,8.3,1648,6231,1,1,"Terminal Road, Near KBK Airport, Kushinagar, India"
2728,RMD,Pride Plaza Hotel (Ratnagiri Airport),11.6,5,9.8,3027,7481,0,1,"Terminal Road, Near RMD Airport, Ratnagiri, India"
2729,AGR,IBIS Airport Hotel (Agra Airport),8.8,3,9.7,1069,11968,0,1,"Terminal Road, Near AGR Airport, Agra, India"
2730,MRA,Trident Airport Hotel (Noida / Jewar Airport),13.0,3,9.7,2344,7501,0,0,"Terminal Road, Near MRA Airport, Noida / Jewar, India"
2731,VJZ,ITC Grand Bharat (Bhogapuram / Vizianagaram Airport),6.5,4,9.6,2549,4105,1,1,"Terminal Road, Near VJZ Airport, Bhogapuram / Vizianagaram, India"
2732,NMS,Ginger Airport Hotel (Naliya Airport),7.6,3,9.3,2911,2632,1,1,"Terminal Road, Near NMS Airport, Naliya, India"
2733,BPI,Pride Plaza Hotel (Mayurbhanj Airport),1.6,5,9.2,1839,2598,1,1,"Terminal Road, Near BPI Airport, Mayurbhanj, India"
2734,TEZU,Ginger Airport Hotel (Tezu Airport),5.5,5,8.3,3258,2988,1,1,"Terminal Road, Near TEZU Airport, Tezu, India"
2735,JAI,ITC Grand Bharat (Jaipur Airport),13.3,3,8.3,943,4414,0,0,"Terminal Road, Near JAI Airport, Jaipur, India"
2736,NVM,Hyatt Regency Terminal (Navi Mumbai Airport),8.8,5,9.3,1907,10068,0,0,"Terminal Road, Near NVM Airport, Navi Mumbai, India"
2737,AMD,ITC Grand Bharat (Ahmedabad Airport),5.7,4,9.3,1870,7835,1,1,"Terminal Road, Near AMD Airport, Ahmedabad, India"
2738,AMR,Ginger Airport Hotel (Amravati Airport),0.7,5,8.2,3371,2744,1,1,"Terminal Road, Near AMR Airport, Amravati, India"
2739,VTZ,ITC Grand Bharat (Visakhapatnam Airport),14.2,3,8.7,1694,10018,0,1,"Terminal Road, Near VTZ Airport, Visakhapatnam, India"
2740,PYG,Taj City Centre (Gangtok / Pakyong (Sikkim) Airport),8.9,4,8.4,658,4327,0,1,"Terminal Road, Near PYG Airport, Gangtok / Pakyong (Sikkim), India"
2741,REW,Radisson Blu Airport (Rewa Airport),0.7,5,9.7,288,11476,1,0,"Terminal Road, Near REW Airport, Rewa, India"
2742,RGD,Novotel Airport Hotel (Raigarh Airport),4.9,3,8.7,929,8184,1,1,"Terminal Road, Near RGD Airport, Raigarh, India"
2743,TEZU,Hyatt Regency Terminal (Tezu Airport),10.1,5,9.6,821,6249,0,0,"Terminal Road, Near TEZU Airport, Tezu, India"
2744,PAL,Taj City Centre (Pali Airport),9.4,4,9.7,3629,7689,0,0,"Terminal Road, Near PAL Airport, Pali, India"
2745,MZS,Pride Plaza Hotel (Sonbhadra Airport),7.6,5,8.8,2749,11403,1,1,"Terminal Road, Near MZS Airport, Sonbhadra, India"
2746,GOX,OYO Townhouse Airport (Goa (Mopa) Airport),2.8,3,8.9,3680,11304,1,0,"Terminal Road, Near GOX Airport, Goa (Mopa), India"
2747,KUU,IBIS Airport Hotel (Kullu / Manali Airport),14.3,5,8.6,447,9175,0,1,"Terminal Road, Near KUU Airport, Kullu / Manali, India"
2748,AGX,OYO Townhouse Airport (Agatti Island (Lakshadweep) Airport),1.7,4,8.9,3437,8933,1,1,"Terminal Road, Near AGX Airport, Agatti Island (Lakshadweep), India"
2749,LGP,Radisson Blu Airport (Rupsi / Dhubri Airport),14.3,5,9.4,2328,3942,0,1,"Terminal Road, Near LGP Airport, Rupsi / Dhubri, India"
2750,JGA,Taj City Centre (Jamnagar Airport),11.3,3,9.5,3104,10724,0,1,"Terminal Road, Near JGA Airport, Jamnagar, India"
2751,TRV,Trident Airport Hotel (Thiruvananthapuram Airport),8.3,4,9.5,237,5227,0,0,"Terminal Road, Near TRV Airport, Thiruvananthapuram, India"
2752,NVM,Taj City Centre (Navi Mumbai Airport),3.8,4,8.6,3277,10169,1,1,"Terminal Road, Near NVM Airport, Navi Mumbai, India"
2753,TRV,Radisson Blu Airport (Thiruvananthapuram Airport),1.6,3,9.2,2009,7965,1,0,"Terminal Road, Near TRV Airport, Thiruvananthapuram, India"
2754,AJL,Trident Airport Hotel (Aizawl Airport),10.6,3,9.6,2885,5077,0,1,"Terminal Road, Near AJL Airport, Aizawl, India"
2755,KJB,Taj City Centre (Kurnool (Orvakal) Airport),7.4,5,8.1,2611,4001,1,0,"Terminal Road, Near KJB Airport, Kurnool (Orvakal), India"
2756,VJZ,ITC Grand Bharat (Bhogapuram / Vizianagaram Airport),3.4,3,9.2,3158,11111,1,1,"Terminal Road, Near VJZ Airport, Bhogapuram / Vizianagaram, India"
2757,TCR,Radisson Blu Airport (Thoothukudi (Tuticorin) Airport),2.1,3,9.2,1609,12190,1,1,"Terminal Road, Near TCR Airport, Thoothukudi (Tuticorin), India"
2758,GOP,Novotel Airport Hotel (Ganjam / Gopalpur Airport),5.7,4,9.2,3149,4319,1,1,"Terminal Road, Near GOP Airport, Ganjam / Gopalpur, India"
2759,BGP,OYO Townhouse Airport (Bhagalpur Airport),11.2,5,8.8,1301,9566,0,1,"Terminal Road, Near BGP Airport, Bhagalpur, India"
2760,IXP,Lemon Tree Premier (Pathankot Airport),4.0,4,8.8,3516,7904,1,1,"Terminal Road, Near IXP Airport, Pathankot, India"
2761,GON,FabHotel Airport Inn (Gondia Airport),3.0,4,8.1,649,9527,1,0,"Terminal Road, Near GON Airport, Gondia, India"
2762,JHW,Lemon Tree Premier (Jhalawar Airport),3.9,4,8.2,3248,7829,1,1,"Terminal Road, Near JHW Airport, Jhalawar, India"
2763,PYB,Pride Plaza Hotel (Jeypore Airport),6.9,5,9.2,3742,4203,1,1,"Terminal Road, Near PYB Airport, Jeypore, India"
2764,PAT,OYO Townhouse Airport (Patna Airport),7.2,3,9.8,206,4824,1,1,"Terminal Road, Near PAT Airport, Patna, India"
2765,NEEM,Pride Plaza Hotel (Neemuch Airport),2.7,5,8.6,1004,9247,1,1,"Terminal Road, Near NEEM Airport, Neemuch, India"
2766,HIR,Taj City Centre (Sambalpur Airport),4.3,3,8.3,1151,8440,1,0,"Terminal Road, Near HIR Airport, Sambalpur, India"
2767,RMD,Lemon Tree Premier (Ratnagiri Airport),11.6,3,9.6,500,7329,0,0,"Terminal Road, Near RMD Airport, Ratnagiri, India"
2768,SNE,ITC Grand Bharat (Singrauli Airport),5.4,4,8.2,1924,9738,1,0,"Terminal Road, Near SNE Airport, Singrauli, India"
2769,DEL,Hyatt Regency Terminal (New Delhi Airport),5.4,3,9.8,1922,6338,1,0,"Terminal Road, Near DEL Airport, New Delhi, India"
2770,BLT,Pride Plaza Hotel (Balurghat Airport),4.8,5,8.8,1425,3733,1,0,"Terminal Road, Near BLT Airport, Balurghat, India"
2771,AMRE,Lemon Tree Premier (Amreli Airport),10.4,3,9.5,411,9711,0,1,"Terminal Road, Near AMRE Airport, Amreli, India"
2772,JRH,IBIS Airport Hotel (Jorhat Airport),7.4,3,9.0,3603,6264,1,1,"Terminal Road, Near JRH Airport, Jorhat, India"
2773,BDQ,Radisson Blu Airport (Vadodara Airport),8.6,3,8.1,3130,5355,0,0,"Terminal Road, Near BDQ Airport, Vadodara, India"
2774,SLN,Trident Airport Hotel (Sultanpur Airport),5.4,3,9.4,2880,8875,1,1,"Terminal Road, Near SLN Airport, Sultanpur, India"
2775,YTL,Hyatt Regency Terminal (Yavatmal Airport),5.8,3,8.2,915,5509,1,0,"Terminal Road, Near YTL Airport, Yavatmal, India"
2776,KBK,ITC Grand Bharat (Kushinagar Airport),0.5,3,9.7,3089,2342,1,1,"Terminal Road, Near KBK Airport, Kushinagar, India"
2777,PAL,Taj City Centre (Pali Airport),3.3,4,8.8,870,10907,1,0,"Terminal Road, Near PAL Airport, Pali, India"
2778,TEZ,FabHotel Airport Inn (Tezpur Airport),3.8,3,9.1,3289,4268,1,0,"Terminal Road, Near TEZ Airport, Tezpur, India"
2779,NMN,Trident Airport Hotel (Neemrana / Alwar Airport),5.1,4,8.5,1787,8289,1,1,"Terminal Road, Near NMN Airport, Neemrana / Alwar, India"
2780,GOX,Novotel Airport Hotel (Goa (Mopa) Airport),4.2,4,9.1,3027,8148,1,0,"Terminal Road, Near GOX Airport, Goa (Mopa), India"
2781,KOR,IBIS Airport Hotel (Koraput Airport),3.4,3,9.4,3481,6582,1,0,"Terminal Road, Near KOR Airport, Koraput, India"
2782,JRG,Novotel Airport Hotel (Jharsuguda Airport),8.2,5,8.8,3760,4723,0,1,"Terminal Road, Near JRG Airport, Jharsuguda, India"
2783,WGC,Radisson Blu Airport (Warangal Airport),6.1,5,8.7,691,5217,1,0,"Terminal Road, Near WGC Airport, Warangal, India"
2784,IXM,OYO Townhouse Airport (Madurai Airport),1.8,3,9.0,584,5917,1,0,"Terminal Road, Near IXM Airport, Madurai, India"
2785,IXL,OYO Townhouse Airport (Leh (Ladakh) Airport),2.5,5,8.6,1997,8402,1,0,"Terminal Road, Near IXL Airport, Leh (Ladakh), India"
2786,TIR,Pride Plaza Hotel (Tirupati Airport),1.1,5,8.7,2369,10389,1,0,"Terminal Road, Near TIR Airport, Tirupati, India"
2787,GOI,ITC Grand Bharat (Goa (Dabolim) Airport),1.6,3,8.6,946,8822,1,0,"Terminal Road, Near GOI Airport, Goa (Dabolim), India"
2788,RPR,Ginger Airport Hotel (Raipur Airport),6.8,5,9.3,954,9814,1,0,"Terminal Road, Near RPR Airport, Raipur, India"
2789,MOR,Novotel Airport Hotel (Moradabad Airport),4.2,3,8.7,3737,9280,1,1,"Terminal Road, Near MOR Airport, Moradabad, India"
2790,GAW,FabHotel Airport Inn (Guwahati Airport),10.5,5,9.4,2812,4726,0,0,"Terminal Road, Near GAW Airport, Guwahati, India"
2791,VZY,Ginger Airport Hotel (Vijayawada Airport),0.6,5,8.4,977,6669,1,1,"Terminal Road, Near VZY Airport, Vijayawada, India"
2792,JGD,Pride Plaza Hotel (Jagdalpur Airport),4.5,4,9.2,1011,5561,1,1,"Terminal Road, Near JGD Airport, Jagdalpur, India"
2793,JGA,Ginger Airport Hotel (Jamnagar Airport),7.8,4,8.1,786,12218,1,1,"Terminal Road, Near JGA Airport, Jamnagar, India"
2794,SSE,Taj City Centre (Solapur Airport),13.9,4,9.1,2038,7525,0,1,"Terminal Road, Near SSE Airport, Solapur, India"
2795,KHA,Ginger Airport Hotel (Khandwa Airport),10.4,3,9.3,2503,6356,0,1,"Terminal Road, Near KHA Airport, Khandwa, India"
2796,DON,Hyatt Regency Terminal (Bhadrak / Dhamra Airport),5.5,3,8.6,916,10338,1,0,"Terminal Road, Near DON Airport, Bhadrak / Dhamra, India"
2797,ATQ,Hyatt Regency Terminal (Amritsar Airport),12.7,5,8.4,3762,7259,0,0,"Terminal Road, Near ATQ Airport, Amritsar, India"
2798,BHU,Ginger Airport Hotel (Bathinda Airport),14.3,3,8.2,1931,8512,0,0,"Terminal Road, Near BHU Airport, Bathinda, India"
2799,COB,ITC Grand Bharat (Cooch Behar Airport),7.6,5,9.5,2434,10731,1,0,"Terminal Road, Near COB Airport, Cooch Behar, India"
2800,BOM,OYO Townhouse Airport (Mumbai Airport),8.7,4,8.5,2365,8828,0,1,"Terminal Road, Near BOM Airport, Mumbai, India"
2801,DMU,Trident Airport Hotel (Dimapur Airport),10.4,4,9.2,1269,3899,0,0,"Terminal Road, Near DMU Airport, Dimapur, India"
2802,BAR,ITC Grand Bharat (Baramati Airport),2.8,3,8.5,2655,11257,1,1,"Terminal Road, Near BAR Airport, Baramati, India"
2803,GAW,Radisson Blu Airport (Guwahati Airport),10.6,4,9.2,2680,4967,0,1,"Terminal Road, Near GAW Airport, Guwahati, India"
2804,JDH,Taj City Centre (Jodhpur Airport),4.2,3,9.1,1458,3338,1,0,"Terminal Road, Near JDH Airport, Jodhpur, India"
2805,RPR,IBIS Airport Hotel (Raipur Airport),13.0,4,9.0,1197,7084,0,1,"Terminal Road, Near RPR Airport, Raipur, India"
2806,BHU,OYO Townhouse Airport (Bathinda Airport),10.9,4,9.2,1241,10210,0,1,"Terminal Road, Near BHU Airport, Bathinda, India"
2807,BAR,Pride Plaza Hotel (Baramati Airport),1.9,3,8.3,1703,1832,1,1,"Terminal Road, Near BAR Airport, Baramati, India"
2808,KAP,Hyatt Regency Terminal (Kadapa Airport),9.2,3,9.5,553,10827,0,0,"Terminal Road, Near KAP Airport, Kadapa, India"
2809,SNE,Lemon Tree Premier (Singrauli Airport),5.8,5,8.9,545,8978,1,1,"Terminal Road, Near SNE Airport, Singrauli, India"
2810,ANK,ITC Grand Bharat (Ankleshwar Airport),7.4,4,9.7,3010,9907,1,1,"Terminal Road, Near ANK Airport, Ankleshwar, India"
2811,SWM,FabHotel Airport Inn (Ranthambore / Sawai Madhopur Airport),10.3,3,8.3,3397,5662,0,0,"Terminal Road, Near SWM Airport, Ranthambore / Sawai Madhopur, India"
2812,CNN,Taj City Centre (Kannur Airport),13.7,3,8.5,2941,5440,0,1,"Terminal Road, Near CNN Airport, Kannur, India"
2813,MRA,Hyatt Regency Terminal (Noida / Jewar Airport),11.5,4,9.8,888,9246,0,0,"Terminal Road, Near MRA Airport, Noida / Jewar, India"
2814,IXM,FabHotel Airport Inn (Madurai Airport),12.3,4,8.9,1958,6472,0,1,"Terminal Road, Near IXM Airport, Madurai, India"
2815,KOK,ITC Grand Bharat (Kokrajhar Airport),12.7,3,9.0,2723,10579,0,0,"Terminal Road, Near KOK Airport, Kokrajhar, India"
2816,VDY,Hyatt Regency Terminal (Vidyanagar / Ballari Airport),1.2,4,9.2,3702,9676,1,0,"Terminal Road, Near VDY Airport, Vidyanagar / Ballari, India"
2817,GON,Trident Airport Hotel (Gondia Airport),13.7,4,9.4,2529,7245,0,0,"Terminal Road, Near GON Airport, Gondia, India"
2818,LUD,Taj City Centre (Ludhiana Airport),1.1,4,8.9,2129,12256,1,0,"Terminal Road, Near LUD Airport, Ludhiana, India"
2819,ISK,FabHotel Airport Inn (Nashik Airport),12.3,5,8.6,1599,10956,0,1,"Terminal Road, Near ISK Airport, Nashik, India"
2820,KBK,Lemon Tree Premier (Kushinagar Airport),2.7,4,9.0,2674,5994,1,0,"Terminal Road, Near KBK Airport, Kushinagar, India"
2821,NMN,Ginger Airport Hotel (Neemrana / Alwar Airport),9.5,4,8.4,790,5729,0,1,"Terminal Road, Near NMN Airport, Neemrana / Alwar, India"
2822,SXV,FabHotel Airport Inn (Shivamogga Airport),2.1,5,8.8,2803,11378,1,1,"Terminal Road, Near SXV Airport, Shivamogga, India"
2823,GBI,IBIS Airport Hotel (Kalaburagi (Gulbarga) Airport),3.6,5,9.7,3075,7607,1,1,"Terminal Road, Near GBI Airport, Kalaburagi (Gulbarga), India"
2824,IXJ,FabHotel Airport Inn (Jammu Airport),3.1,3,9.2,2694,7223,1,0,"Terminal Road, Near IXJ Airport, Jammu, India"
2825,HSR,IBIS Airport Hotel (Rajkot Airport),11.5,5,8.4,514,3981,0,1,"Terminal Road, Near HSR Airport, Rajkot, India"
2826,RGD,Lemon Tree Premier (Raigarh Airport),8.1,4,9.1,1127,2310,0,1,"Terminal Road, Near RGD Airport, Raigarh, India"
2827,BVC,FabHotel Airport Inn (Bhavnagar Airport),13.9,4,9.1,1151,11512,0,1,"Terminal Road, Near BVC Airport, Bhavnagar, India"
2828,SRA,Trident Airport Hotel (Shravasti Airport),3.1,4,9.3,873,10422,1,0,"Terminal Road, Near SRA Airport, Shravasti, India"
2829,VDY,ITC Grand Bharat (Vidyanagar / Ballari Airport),0.6,5,9.6,135,7115,1,0,"Terminal Road, Near VDY Airport, Vidyanagar / Ballari, India"
2830,NAG,Trident Airport Hotel (Nagpur Airport),1.9,4,8.9,3760,1886,1,0,"Terminal Road, Near NAG Airport, Nagpur, India"
2831,VTZ,IBIS Airport Hotel (Visakhapatnam Airport),5.9,3,9.1,689,4465,1,0,"Terminal Road, Near VTZ Airport, Visakhapatnam, India"
2832,DHR,Lemon Tree Premier (Dibrugarh Airport),13.3,3,9.5,1176,2783,0,1,"Terminal Road, Near DHR Airport, Dibrugarh, India"
2833,IXT,OYO Townhouse Airport (Pasighat Airport),8.9,5,8.3,2738,7575,0,0,"Terminal Road, Near IXT Airport, Pasighat, India"
2834,MEH,FabHotel Airport Inn (Mehsana Airport),9.4,3,8.9,456,4730,0,1,"Terminal Road, Near MEH Airport, Mehsana, India"
2835,HSS,IBIS Airport Hotel (Hisar Airport),7.0,3,8.7,2902,3983,1,1,"Terminal Road, Near HSS Airport, Hisar, India"
2836,ATQ,IBIS Airport Hotel (Amritsar Airport),13.1,3,8.4,275,4562,0,0,"Terminal Road, Near ATQ Airport, Amritsar, India"
2837,JRH,ITC Grand Bharat (Jorhat Airport),0.5,3,8.7,3608,6488,1,0,"Terminal Road, Near JRH Airport, Jorhat, India"
2838,TRZ,ITC Grand Bharat (Tiruchirappalli (Trichy) Airport),10.6,3,8.4,845,12170,0,1,"Terminal Road, Near TRZ Airport, Tiruchirappalli (Trichy), India"
2839,IXB,Hyatt Regency Terminal (Siliguri / Bagdogra Airport),5.6,4,9.7,1480,7455,1,0,"Terminal Road, Near IXB Airport, Siliguri / Bagdogra, India"
2840,TCR,Radisson Blu Airport (Thoothukudi (Tuticorin) Airport),7.7,5,9.4,3105,12424,1,1,"Terminal Road, Near TCR Airport, Thoothukudi (Tuticorin), India"
2841,JGA,Pride Plaza Hotel (Jamnagar Airport),10.1,5,9.8,3617,5928,0,1,"Terminal Road, Near JGA Airport, Jamnagar, India"
2842,SNE,Ginger Airport Hotel (Singrauli Airport),9.4,3,8.4,3119,9542,0,1,"Terminal Road, Near SNE Airport, Singrauli, India"
2843,KUU,Radisson Blu Airport (Kullu / Manali Airport),5.8,5,9.3,1140,4988,1,0,"Terminal Road, Near KUU Airport, Kullu / Manali, India"
2844,RPR,Radisson Blu Airport (Raipur Airport),9.4,5,9.5,3397,11792,0,0,"Terminal Road, Near RPR Airport, Raipur, India"
2845,SLV,Hyatt Regency Terminal (Shimla Airport),13.7,3,8.7,2383,5068,0,1,"Terminal Road, Near SLV Airport, Shimla, India"
2846,IXS,ITC Grand Bharat (Silchar Airport),7.7,3,8.1,3313,3864,1,0,"Terminal Road, Near IXS Airport, Silchar, India"
2847,DON,Radisson Blu Airport (Bhadrak / Dhamra Airport),13.9,4,9.6,1068,9610,0,1,"Terminal Road, Near DON Airport, Bhadrak / Dhamra, India"
2848,COB,Radisson Blu Airport (Cooch Behar Airport),12.6,3,9.7,2228,3103,0,1,"Terminal Road, Near COB Airport, Cooch Behar, India"
2849,KAM,ITC Grand Bharat (Kamalpur Airport),5.0,3,8.5,270,8373,1,1,"Terminal Road, Near KAM Airport, Kamalpur, India"
2850,LGP,Novotel Airport Hotel (Rupsi / Dhubri Airport),4.1,5,8.9,1721,8493,1,0,"Terminal Road, Near LGP Airport, Rupsi / Dhubri, India"
2851,HIR,OYO Townhouse Airport (Sambalpur Airport),0.6,3,8.1,1249,8068,1,0,"Terminal Road, Near HIR Airport, Sambalpur, India"
2852,RPR,Lemon Tree Premier (Raipur Airport),12.1,3,9.7,2627,5874,0,1,"Terminal Road, Near RPR Airport, Raipur, India"
2853,BHJ,IBIS Airport Hotel (Bhuj (Kutch) Airport),13.3,3,8.3,694,5501,0,0,"Terminal Road, Near BHJ Airport, Bhuj (Kutch), India"
2854,TIR,OYO Townhouse Airport (Tirupati Airport),9.0,3,9.4,254,8188,0,0,"Terminal Road, Near TIR Airport, Tirupati, India"
2855,HSR,ITC Grand Bharat (Rajkot Airport),11.7,3,9.6,2865,9705,0,1,"Terminal Road, Near HSR Airport, Rajkot, India"
2856,IXA,Novotel Airport Hotel (Agartala Airport),2.5,3,9.3,932,7332,1,1,"Terminal Road, Near IXA Airport, Agartala, India"
2857,AMRE,Radisson Blu Airport (Amreli Airport),6.6,5,9.4,3060,4140,1,0,"Terminal Road, Near AMRE Airport, Amreli, India"
2858,BTH,ITC Grand Bharat (Bettiah Airport),10.1,3,9.3,3694,9116,0,0,"Terminal Road, Near BTH Airport, Bettiah, India"
2859,BTH,Lemon Tree Premier (Bettiah Airport),1.3,3,8.5,1292,7031,1,1,"Terminal Road, Near BTH Airport, Bettiah, India"
2860,IXT,OYO Townhouse Airport (Pasighat Airport),3.5,4,9.3,1695,9065,1,0,"Terminal Road, Near IXT Airport, Pasighat, India"
2861,COB,Radisson Blu Airport (Cooch Behar Airport),7.7,5,9.5,1719,7579,1,1,"Terminal Road, Near COB Airport, Cooch Behar, India"
2862,IXE,FabHotel Airport Inn (Mangaluru Airport),10.4,5,9.5,2357,8061,0,0,"Terminal Road, Near IXE Airport, Mangaluru, India"
2863,DHR,Trident Airport Hotel (Dibrugarh Airport),10.1,3,8.4,3317,8460,0,1,"Terminal Road, Near DHR Airport, Dibrugarh, India"
2864,BAR,Radisson Blu Airport (Baramati Airport),7.7,4,8.7,1282,6398,1,1,"Terminal Road, Near BAR Airport, Baramati, India"
2865,MUZ,Lemon Tree Premier (Muzaffarpur Airport),11.4,5,9.3,2323,8189,0,0,"Terminal Road, Near MUZ Airport, Muzaffarpur, India"
2866,KHA,Radisson Blu Airport (Khandwa Airport),3.3,4,8.5,2473,11414,1,1,"Terminal Road, Near KHA Airport, Khandwa, India"
2867,BPI,Trident Airport Hotel (Mayurbhanj Airport),0.8,4,9.0,1759,10583,1,1,"Terminal Road, Near BPI Airport, Mayurbhanj, India"
2868,JGD,ITC Grand Bharat (Jagdalpur Airport),5.0,4,9.3,727,2123,1,1,"Terminal Road, Near JGD Airport, Jagdalpur, India"
2869,ANK,Pride Plaza Hotel (Ankleshwar Airport),3.9,4,8.3,1747,6792,1,0,"Terminal Road, Near ANK Airport, Ankleshwar, India"
2870,DUM,Trident Airport Hotel (Dumka Airport),5.6,4,9.8,1123,4042,1,0,"Terminal Road, Near DUM Airport, Dumka, India"
2871,CKU,Taj City Centre (Chakulia Airport),5.3,5,9.7,728,6800,1,1,"Terminal Road, Near CKU Airport, Chakulia, India"
2872,MZS,Ginger Airport Hotel (Sonbhadra Airport),13.6,5,8.3,278,7640,0,0,"Terminal Road, Near MZS Airport, Sonbhadra, India"
2873,IXC,Hyatt Regency Terminal (Chandigarh Airport),9.7,3,9.2,2959,8054,0,1,"Terminal Road, Near IXC Airport, Chandigarh, India"
2874,TRV,Trident Airport Hotel (Thiruvananthapuram Airport),5.7,3,8.6,3789,9859,1,1,"Terminal Road, Near TRV Airport, Thiruvananthapuram, India"
2875,PBF,Pride Plaza Hotel (Bilaspur Airport),14.2,4,8.6,244,4794,0,0,"Terminal Road, Near PBF Airport, Bilaspur, India"
2876,GOI,Hyatt Regency Terminal (Goa (Dabolim) Airport),14.4,4,9.1,144,5566,0,0,"Terminal Road, Near GOI Airport, Goa (Dabolim), India"
2877,MYQ,Trident Airport Hotel (Mysuru Airport),2.0,5,8.5,3025,11456,1,1,"Terminal Road, Near MYQ Airport, Mysuru, India"
2878,KUU,FabHotel Airport Inn (Kullu / Manali Airport),7.4,3,9.7,3513,5930,1,1,"Terminal Road, Near KUU Airport, Kullu / Manali, India"
2879,IXY,Radisson Blu Airport (Kandla Airport),14.0,4,9.2,211,5673,0,1,"Terminal Road, Near IXY Airport, Kandla, India"
2880,ROU,ITC Grand Bharat (Rourkela Airport),1.5,5,9.7,2527,2443,1,0,"Terminal Road, Near ROU Airport, Rourkela, India"
2881,CNN,OYO Townhouse Airport (Kannur Airport),11.2,3,8.8,1701,10933,0,1,"Terminal Road, Near CNN Airport, Kannur, India"
2882,SHL,Pride Plaza Hotel (Shillong Airport),8.8,4,9.3,3060,8943,0,0,"Terminal Road, Near SHL Airport, Shillong, India"
2883,ANK,FabHotel Airport Inn (Ankleshwar Airport),13.4,3,9.7,3721,5469,0,1,"Terminal Road, Near ANK Airport, Ankleshwar, India"
2884,SLN,Taj City Centre (Sultanpur Airport),4.4,4,8.1,3651,9493,1,0,"Terminal Road, Near SLN Airport, Sultanpur, India"
2885,AMH,Novotel Airport Hotel (Azamgarh Airport),5.3,5,9.4,1740,10941,1,1,"Terminal Road, Near AMH Airport, Azamgarh, India"
2886,NMN,Hyatt Regency Terminal (Neemrana / Alwar Airport),1.6,5,9.8,1747,5902,1,1,"Terminal Road, Near NMN Airport, Neemrana / Alwar, India"
2887,PBF,Ginger Airport Hotel (Bilaspur Airport),14.5,5,9.6,1783,7390,0,1,"Terminal Road, Near PBF Airport, Bilaspur, India"
2888,REW,FabHotel Airport Inn (Rewa Airport),10.1,3,8.1,3576,6918,0,0,"Terminal Road, Near REW Airport, Rewa, India"
2889,NMS,OYO Townhouse Airport (Naliya Airport),12.0,5,8.1,124,12260,0,0,"Terminal Road, Near NMS Airport, Naliya, India"
2890,HSS,FabHotel Airport Inn (Hisar Airport),6.1,3,9.6,456,8144,1,1,"Terminal Road, Near HSS Airport, Hisar, India"
2891,IXT,IBIS Airport Hotel (Pasighat Airport),6.9,3,8.5,3242,7157,1,1,"Terminal Road, Near IXT Airport, Pasighat, India"
2892,ALD,Novotel Airport Hotel (Aligarh Airport),1.8,3,9.3,3663,11164,1,1,"Terminal Road, Near ALD Airport, Aligarh, India"
2893,BBI,Radisson Blu Airport (Bhubaneswar Airport),12.5,5,8.6,1608,8832,0,1,"Terminal Road, Near BBI Airport, Bhubaneswar, India"
2894,KAI,FabHotel Airport Inn (Kailashahar Airport),12.9,3,8.3,316,5410,0,1,"Terminal Road, Near KAI Airport, Kailashahar, India"
2895,NPL,Pride Plaza Hotel (Narnaul Airport),12.5,5,8.4,2709,12348,0,0,"Terminal Road, Near NPL Airport, Narnaul, India"
2896,KOR,Ginger Airport Hotel (Koraput Airport),4.5,4,9.4,1570,5671,1,1,"Terminal Road, Near KOR Airport, Koraput, India"
2897,BAR,Trident Airport Hotel (Baramati Airport),8.0,3,9.5,2799,2936,0,1,"Terminal Road, Near BAR Airport, Baramati, India"
2898,KHA,Pride Plaza Hotel (Khandwa Airport),4.5,5,8.6,3457,11903,1,1,"Terminal Road, Near KHA Airport, Khandwa, India"
2899,MEH,Novotel Airport Hotel (Mehsana Airport),14.4,3,8.3,1756,7562,0,0,"Terminal Road, Near MEH Airport, Mehsana, India"
2900,JGD,Taj City Centre (Jagdalpur Airport),6.4,4,9.1,844,4398,1,0,"Terminal Road, Near JGD Airport, Jagdalpur, India"
2901,BDQ,Taj City Centre (Vadodara Airport),14.1,5,9.5,2598,3994,0,0,"Terminal Road, Near BDQ Airport, Vadodara, India"
2902,BLT,OYO Townhouse Airport (Balurghat Airport),2.3,3,9.6,2141,11119,1,0,"Terminal Road, Near BLT Airport, Balurghat, India"
2903,CFH,Ginger Airport Hotel (Chitrakoot Airport),11.3,4,8.9,221,3859,0,0,"Terminal Road, Near CFH Airport, Chitrakoot, India"
2904,YTL,Trident Airport Hotel (Yavatmal Airport),9.5,4,8.6,390,11941,0,0,"Terminal Road, Near YTL Airport, Yavatmal, India"
2905,SXV,IBIS Airport Hotel (Shivamogga Airport),6.7,4,8.8,2812,5349,1,0,"Terminal Road, Near SXV Airport, Shivamogga, India"
2906,GAY,IBIS Airport Hotel (Gaya Airport),12.3,4,9.7,2773,4503,0,1,"Terminal Road, Near GAY Airport, Gaya, India"
2907,TEZU,Ginger Airport Hotel (Tezu Airport),11.2,4,9.5,2949,5893,0,0,"Terminal Road, Near TEZU Airport, Tezu, India"
2908,DEL,Lemon Tree Premier (New Delhi Airport),5.9,5,8.5,2879,5324,1,0,"Terminal Road, Near DEL Airport, New Delhi, India"
2909,IXA,IBIS Airport Hotel (Agartala Airport),4.4,4,8.3,2933,4502,1,0,"Terminal Road, Near IXA Airport, Agartala, India"
2910,KOK,FabHotel Airport Inn (Kokrajhar Airport),6.6,3,8.6,3193,11977,1,1,"Terminal Road, Near KOK Airport, Kokrajhar, India"
2911,PAT,ITC Grand Bharat (Patna Airport),9.3,5,8.8,931,1850,0,0,"Terminal Road, Near PAT Airport, Patna, India"
2912,CCJ,Pride Plaza Hotel (Kozhikode (Calicut) Airport),12.8,5,8.7,2791,10567,0,1,"Terminal Road, Near CCJ Airport, Kozhikode (Calicut), India"
2913,RXL,Taj City Centre (Raxaul Airport),5.8,3,8.6,2861,2319,1,0,"Terminal Road, Near RXL Airport, Raxaul, India"
2914,KHA,Radisson Blu Airport (Khandwa Airport),8.7,3,8.7,2192,8557,0,0,"Terminal Road, Near KHA Airport, Khandwa, India"
2915,TCR,Trident Airport Hotel (Thoothukudi (Tuticorin) Airport),1.3,4,9.3,3121,9149,1,0,"Terminal Road, Near TCR Airport, Thoothukudi (Tuticorin), India"
2916,NEEM,OYO Townhouse Airport (Neemuch Airport),4.4,4,8.5,2426,4539,1,1,"Terminal Road, Near NEEM Airport, Neemuch, India"
2917,JDH,Pride Plaza Hotel (Jodhpur Airport),3.8,4,8.3,535,7024,1,0,"Terminal Road, Near JDH Airport, Jodhpur, India"
2918,IXC,Trident Airport Hotel (Chandigarh Airport),6.7,4,8.5,256,11947,1,0,"Terminal Road, Near IXC Airport, Chandigarh, India"
2919,PAL,Radisson Blu Airport (Pali Airport),10.7,3,9.2,120,7547,0,1,"Terminal Road, Near PAL Airport, Pali, India"
2920,COB,Radisson Blu Airport (Cooch Behar Airport),6.5,4,9.4,1065,7979,1,0,"Terminal Road, Near COB Airport, Cooch Behar, India"
2921,PUI,Lemon Tree Premier (Purnea Airport),11.8,3,8.8,2613,9151,0,1,"Terminal Road, Near PUI Airport, Purnea, India"
2922,IDR,OYO Townhouse Airport (Indore Airport),3.1,3,8.3,812,10693,1,0,"Terminal Road, Near IDR Airport, Indore, India"
2923,RKG,Trident Airport Hotel (Durgapur Airport),14.3,3,8.4,3303,11575,0,0,"Terminal Road, Near RKG Airport, Durgapur, India"
2924,AMH,Hyatt Regency Terminal (Azamgarh Airport),13.9,5,8.4,145,3285,0,0,"Terminal Road, Near AMH Airport, Azamgarh, India"
2925,KAP,Pride Plaza Hotel (Kadapa Airport),4.7,5,9.0,2439,9221,1,1,"Terminal Road, Near KAP Airport, Kadapa, India"
2926,RGD,Lemon Tree Premier (Raigarh Airport),3.2,5,9.4,2690,10764,1,1,"Terminal Road, Near RGD Airport, Raigarh, India"
2927,SAH,Novotel Airport Hotel (Saharanpur Airport),9.0,3,8.9,130,9924,0,1,"Terminal Road, Near SAH Airport, Saharanpur, India"
2928,DGR,Hyatt Regency Terminal (Deoghar Airport),13.6,4,8.4,3506,9778,0,0,"Terminal Road, Near DGR Airport, Deoghar, India"
2929,LGP,Taj City Centre (Rupsi / Dhubri Airport),8.8,4,9.2,2857,11214,0,0,"Terminal Road, Near LGP Airport, Rupsi / Dhubri, India"
2930,KOP,IBIS Airport Hotel (Kolhapur Airport),4.3,5,9.7,3517,3700,1,0,"Terminal Road, Near KOP Airport, Kolhapur, India"
2931,HZD,Novotel Airport Hotel (Hazaribagh Airport),13.6,4,8.5,3564,6545,0,1,"Terminal Road, Near HZD Airport, Hazaribagh, India"
2932,SNE,Novotel Airport Hotel (Singrauli Airport),9.9,5,9.6,1268,6505,0,0,"Terminal Road, Near SNE Airport, Singrauli, India"
2933,BLR,IBIS Airport Hotel (Bengaluru Airport),6.4,5,8.5,2217,9661,1,1,"Terminal Road, Near BLR Airport, Bengaluru, India"
2934,MZS,OYO Townhouse Airport (Sonbhadra Airport),8.8,5,8.3,346,10460,0,0,"Terminal Road, Near MZS Airport, Sonbhadra, India"
2935,DED,Taj City Centre (Dehradun Airport),12.5,5,9.0,2764,6506,0,1,"Terminal Road, Near DED Airport, Dehradun, India"
2936,DED,IBIS Airport Hotel (Dehradun Airport),10.9,4,9.1,380,5313,0,0,"Terminal Road, Near DED Airport, Dehradun, India"
2937,HJR,Novotel Airport Hotel (Khajuraho Airport),1.6,3,8.3,1406,9011,1,1,"Terminal Road, Near HJR Airport, Khajuraho, India"
2938,BHO,Lemon Tree Premier (Bhopal Airport),3.2,5,9.4,3656,3915,1,0,"Terminal Road, Near BHO Airport, Bhopal, India"
2939,IXG,OYO Townhouse Airport (Belagavi Airport),2.0,4,8.8,1138,3500,1,0,"Terminal Road, Near IXG Airport, Belagavi, India"
2940,IXW,Novotel Airport Hotel (Jamshedpur Airport),9.8,4,9.1,1299,6124,0,1,"Terminal Road, Near IXW Airport, Jamshedpur, India"
2941,IXU,Taj City Centre (Chhatrapati Sambhaji Nagar (Aurangabad) Airport),8.3,4,8.8,2094,6948,0,1,"Terminal Road, Near IXU Airport, Chhatrapati Sambhaji Nagar (Aurangabad), India"
2942,MYQ,IBIS Airport Hotel (Mysuru Airport),6.4,5,9.0,2548,7525,1,1,"Terminal Road, Near MYQ Airport, Mysuru, India"
2943,HZD,Taj City Centre (Hazaribagh Airport),13.8,3,8.3,3080,2493,0,1,"Terminal Road, Near HZD Airport, Hazaribagh, India"
2944,AMRE,Hyatt Regency Terminal (Amreli Airport),2.7,5,8.4,1119,1939,1,1,"Terminal Road, Near AMRE Airport, Amreli, India"
2945,NWP,Pride Plaza Hotel (Pithoragarh Airport),11.4,3,8.7,3593,9484,0,0,"Terminal Road, Near NWP Airport, Pithoragarh, India"
2946,BVC,FabHotel Airport Inn (Bhavnagar Airport),5.4,5,8.7,3123,10354,1,0,"Terminal Road, Near BVC Airport, Bhavnagar, India"
2947,TIR,Lemon Tree Premier (Tirupati Airport),10.4,5,9.0,3285,2615,0,1,"Terminal Road, Near TIR Airport, Tirupati, India"
2948,DMO,ITC Grand Bharat (Damoh Airport),3.4,5,8.8,3336,9060,1,1,"Terminal Road, Near DMO Airport, Damoh, India"
2949,RMD,Taj City Centre (Ratnagiri Airport),8.2,5,8.9,3354,4714,0,1,"Terminal Road, Near RMD Airport, Ratnagiri, India"
2950,MRA,IBIS Airport Hotel (Noida / Jewar Airport),14.4,4,9.2,2056,5063,0,1,"Terminal Road, Near MRA Airport, Noida / Jewar, India"
2951,MAA,FabHotel Airport Inn (Chennai Airport),9.3,4,9.3,153,6291,0,0,"Terminal Road, Near MAA Airport, Chennai, India"
2952,BHO,IBIS Airport Hotel (Bhopal Airport),11.8,4,9.5,1908,4435,0,1,"Terminal Road, Near BHO Airport, Bhopal, India"
2953,NVM,Pride Plaza Hotel (Navi Mumbai Airport),1.0,3,9.6,319,3007,1,0,"Terminal Road, Near NVM Airport, Navi Mumbai, India"
2954,SLV,ITC Grand Bharat (Shimla Airport),6.0,3,8.7,3575,11904,1,1,"Terminal Road, Near SLV Airport, Shimla, India"
2955,SLV,Taj City Centre (Shimla Airport),1.2,5,8.4,147,9606,1,0,"Terminal Road, Near SLV Airport, Shimla, India"
2956,CJB,Ginger Airport Hotel (Coimbatore Airport),3.3,4,8.3,500,2529,1,1,"Terminal Road, Near CJB Airport, Coimbatore, India"
2957,BOK,Novotel Airport Hotel (Bokaro Airport),1.1,3,8.8,3456,6047,1,0,"Terminal Road, Near BOK Airport, Bokaro, India"
2958,PBF,ITC Grand Bharat (Bilaspur Airport),5.8,5,8.5,3637,8697,1,1,"Terminal Road, Near PBF Airport, Bilaspur, India"
2959,JDH,Taj City Centre (Jodhpur Airport),5.9,5,9.7,3051,11278,1,1,"Terminal Road, Near JDH Airport, Jodhpur, India"
2960,PBN,OYO Townhouse Airport (Parbhani Airport),7.7,5,9.7,978,7875,1,0,"Terminal Road, Near PBN Airport, Parbhani, India"
2961,LGP,Taj City Centre (Rupsi / Dhubri Airport),10.8,5,8.8,1017,3930,0,1,"Terminal Road, Near LGP Airport, Rupsi / Dhubri, India"
2962,CCJ,Hyatt Regency Terminal (Kozhikode (Calicut) Airport),6.7,4,8.6,1899,7940,1,1,"Terminal Road, Near CCJ Airport, Kozhikode (Calicut), India"
2963,IXA,Pride Plaza Hotel (Agartala Airport),13.9,5,8.7,3456,2365,0,1,"Terminal Road, Near IXA Airport, Agartala, India"
2964,CFH,Pride Plaza Hotel (Chitrakoot Airport),6.3,5,8.5,3020,7570,1,1,"Terminal Road, Near CFH Airport, Chitrakoot, India"
2965,AMH,Hyatt Regency Terminal (Azamgarh Airport),13.8,5,8.3,1785,6524,0,0,"Terminal Road, Near AMH Airport, Azamgarh, India"
2966,MUZ,Hyatt Regency Terminal (Muzaffarpur Airport),7.2,4,9.1,1569,9554,1,0,"Terminal Road, Near MUZ Airport, Muzaffarpur, India"
2967,IXB,OYO Townhouse Airport (Siliguri / Bagdogra Airport),5.1,5,8.2,3449,2483,1,1,"Terminal Road, Near IXB Airport, Siliguri / Bagdogra, India"
2968,KOP,Hyatt Regency Terminal (Kolhapur Airport),12.7,4,9.1,3523,12070,0,1,"Terminal Road, Near KOP Airport, Kolhapur, India"
2969,BTH,OYO Townhouse Airport (Bettiah Airport),7.1,3,9.6,2350,3372,1,0,"Terminal Road, Near BTH Airport, Bettiah, India"
2970,VJZ,ITC Grand Bharat (Bhogapuram / Vizianagaram Airport),3.5,4,9.0,2194,7750,1,1,"Terminal Road, Near VJZ Airport, Bhogapuram / Vizianagaram, India"
2971,MZS,ITC Grand Bharat (Sonbhadra Airport),5.6,5,9.6,3772,4189,1,0,"Terminal Road, Near MZS Airport, Sonbhadra, India"
2972,SLV,FabHotel Airport Inn (Shimla Airport),11.4,3,9.3,864,8620,0,0,"Terminal Road, Near SLV Airport, Shimla, India"
2973,BDQ,Taj City Centre (Vadodara Airport),1.0,3,8.2,2949,1994,1,0,"Terminal Road, Near BDQ Airport, Vadodara, India"
2974,KJB,Radisson Blu Airport (Kurnool (Orvakal) Airport),7.4,4,9.6,2156,3128,1,1,"Terminal Road, Near KJB Airport, Kurnool (Orvakal), India"
2975,KARN,ITC Grand Bharat (Karnal Airport),3.4,3,8.3,1790,7959,1,0,"Terminal Road, Near KARN Airport, Karnal, India"
2976,GWL,Taj City Centre (Gwalior Airport),4.5,4,9.8,1961,12167,1,1,"Terminal Road, Near GWL Airport, Gwalior, India"
2977,KAI,Novotel Airport Hotel (Kailashahar Airport),5.6,3,8.7,279,3219,1,1,"Terminal Road, Near KAI Airport, Kailashahar, India"
2978,PNQ,IBIS Airport Hotel (Pune Airport),10.9,5,9.7,3469,4758,0,1,"Terminal Road, Near PNQ Airport, Pune, India"
2979,KAI,ITC Grand Bharat (Kailashahar Airport),11.5,4,8.2,658,4224,0,1,"Terminal Road, Near KAI Airport, Kailashahar, India"
2980,YTL,Lemon Tree Premier (Yavatmal Airport),5.4,4,8.3,2621,2480,1,1,"Terminal Road, Near YTL Airport, Yavatmal, India"
2981,IXY,Trident Airport Hotel (Kandla Airport),2.8,5,8.5,3176,3574,1,1,"Terminal Road, Near IXY Airport, Kandla, India"
2982,IXM,Hyatt Regency Terminal (Madurai Airport),11.0,5,8.2,123,10471,0,1,"Terminal Road, Near IXM Airport, Madurai, India"
2983,RGD,Hyatt Regency Terminal (Raigarh Airport),9.3,4,8.9,1049,10039,0,0,"Terminal Road, Near RGD Airport, Raigarh, India"
2984,GAW,Ginger Airport Hotel (Guwahati Airport),9.6,5,9.4,3315,10295,0,0,"Terminal Road, Near GAW Airport, Guwahati, India"
2985,KAM,Trident Airport Hotel (Kamalpur Airport),2.7,5,9.0,2830,7525,1,1,"Terminal Road, Near KAM Airport, Kamalpur, India"
2986,TRV,OYO Townhouse Airport (Thiruvananthapuram Airport),11.2,5,8.6,3016,5562,0,0,"Terminal Road, Near TRV Airport, Thiruvananthapuram, India"
2987,MUZ,Taj City Centre (Muzaffarpur Airport),2.3,3,9.8,1478,4343,1,1,"Terminal Road, Near MUZ Airport, Muzaffarpur, India"
2988,BGP,Radisson Blu Airport (Bhagalpur Airport),7.4,3,9.3,3628,7846,1,1,"Terminal Road, Near BGP Airport, Bhagalpur, India"
2989,TCR,Lemon Tree Premier (Thoothukudi (Tuticorin) Airport),6.6,3,9.4,2091,8622,1,1,"Terminal Road, Near TCR Airport, Thoothukudi (Tuticorin), India"
2990,NAG,Hyatt Regency Terminal (Nagpur Airport),7.9,5,8.3,1260,4196,1,1,"Terminal Road, Near NAG Airport, Nagpur, India"
2991,IXA,Pride Plaza Hotel (Agartala Airport),4.9,3,8.7,1929,3136,1,1,"Terminal Road, Near IXA Airport, Agartala, India"
2992,VTZ,Lemon Tree Premier (Visakhapatnam Airport),9.6,5,9.1,2168,3067,0,0,"Terminal Road, Near VTZ Airport, Visakhapatnam, India"
2993,IXG,FabHotel Airport Inn (Belagavi Airport),1.9,4,8.6,1556,11048,1,1,"Terminal Road, Near IXG Airport, Belagavi, India"
2994,LKO,Pride Plaza Hotel (Lucknow Airport),3.2,4,9.3,2690,9889,1,1,"Terminal Road, Near LKO Airport, Lucknow, India"
2995,SXR,Hyatt Regency Terminal (Srinagar Airport),12.3,5,9.1,875,8388,0,0,"Terminal Road, Near SXR Airport, Srinagar, India"
2996,HJR,Lemon Tree Premier (Khajuraho Airport),14.2,3,8.4,1682,5545,0,1,"Terminal Road, Near HJR Airport, Khajuraho, India"
2997,TRV,Radisson Blu Airport (Thiruvananthapuram Airport),7.5,3,8.8,2929,4705,1,0,"Terminal Road, Near TRV Airport, Thiruvananthapuram, India"
2998,GBI,Novotel Airport Hotel (Kalaburagi (Gulbarga) Airport),12.5,3,9.4,3331,3241,0,1,"Terminal Road, Near GBI Airport, Kalaburagi (Gulbarga), India"
2999,BKN,Pride Plaza Hotel (Bikaner Airport),7.3,5,9.3,3225,8146,1,0,"Terminal Road, Near BKN Airport, Bikaner, India"
3000,UTK,OYO Townhouse Airport (Kalahandi / Utkela Airport),5.0,3,9.2,3325,6256,1,1,"Terminal Road, Near UTK Airport, Kalahandi / Utkela, India"
3001,JDH,IBIS Airport Hotel (Jodhpur Airport),8.0,5,9.2,3598,7771,0,0,"Terminal Road, Near JDH Airport, Jodhpur, India"
3002,SSE,Ginger Airport Hotel (Solapur Airport),4.7,4,8.5,1688,12300,1,0,"Terminal Road, Near SSE Airport, Solapur, India"
3003,RJA,FabHotel Airport Inn (Rajahmundry Airport),6.7,5,8.9,473,9302,1,1,"Terminal Road, Near RJA Airport, Rajahmundry, India"
3004,LKO,Taj City Centre (Lucknow Airport),7.4,5,8.8,461,11289,1,1,"Terminal Road, Near LKO Airport, Lucknow, India"
3005,IXC,Ginger Airport Hotel (Chandigarh Airport),13.1,4,9.3,2843,4400,0,0,"Terminal Road, Near IXC Airport, Chandigarh, India"
3006,RXL,Trident Airport Hotel (Raxaul Airport),12.3,4,9.4,871,10189,0,0,"Terminal Road, Near RXL Airport, Raxaul, India"
3007,CJB,Radisson Blu Airport (Coimbatore Airport),4.8,5,9.1,2657,3440,1,1,"Terminal Road, Near CJB Airport, Coimbatore, India"
3008,RXL,OYO Townhouse Airport (Raxaul Airport),9.0,4,8.3,3297,11392,0,1,"Terminal Road, Near RXL Airport, Raxaul, India"
3009,PYB,OYO Townhouse Airport (Jeypore Airport),12.6,3,9.1,3505,11710,0,1,"Terminal Road, Near PYB Airport, Jeypore, India"
3010,HZD,Taj City Centre (Hazaribagh Airport),5.3,3,8.4,2048,6638,1,0,"Terminal Road, Near HZD Airport, Hazaribagh, India"
3011,VTZ,FabHotel Airport Inn (Visakhapatnam Airport),11.7,3,8.8,970,2242,0,1,"Terminal Road, Near VTZ Airport, Visakhapatnam, India"
3012,DON,Radisson Blu Airport (Bhadrak / Dhamra Airport),6.1,3,9.5,837,3533,1,1,"Terminal Road, Near DON Airport, Bhadrak / Dhamra, India"
3013,UTL,Pride Plaza Hotel (Barmer Airport),12.0,4,9.5,2911,9565,0,0,"Terminal Road, Near UTL Airport, Barmer, India"
3014,IXB,IBIS Airport Hotel (Siliguri / Bagdogra Airport),6.4,3,9.0,3503,4726,1,0,"Terminal Road, Near IXB Airport, Siliguri / Bagdogra, India"
3015,IXZ,ITC Grand Bharat (Port Blair (Andaman) Airport),0.9,5,8.5,2143,12309,1,1,"Terminal Road, Near IXZ Airport, Port Blair (Andaman), India"
3016,KHO,Trident Airport Hotel (Khowai Airport),13.3,4,9.8,570,8648,0,1,"Terminal Road, Near KHO Airport, Khowai, India"
3017,IXB,Lemon Tree Premier (Siliguri / Bagdogra Airport),6.6,3,8.3,3063,7428,1,0,"Terminal Road, Near IXB Airport, Siliguri / Bagdogra, India"
3018,PNQ,Ginger Airport Hotel (Pune Airport),1.5,4,8.8,1847,4999,1,1,"Terminal Road, Near PNQ Airport, Pune, India"
3019,SWM,Ginger Airport Hotel (Ranthambore / Sawai Madhopur Airport),10.0,3,9.5,2453,6736,0,1,"Terminal Road, Near SWM Airport, Ranthambore / Sawai Madhopur, India"
3020,KNU,FabHotel Airport Inn (Kanpur Airport),7.7,5,9.6,1622,11505,1,0,"Terminal Road, Near KNU Airport, Kanpur, India"
3021,LUD,FabHotel Airport Inn (Ludhiana Airport),11.0,4,9.6,724,4460,0,1,"Terminal Road, Near LUD Airport, Ludhiana, India"
3022,IXD,OYO Townhouse Airport (Prayagraj (Allahabad) Airport),7.5,4,9.6,318,11920,1,1,"Terminal Road, Near IXD Airport, Prayagraj (Allahabad), India"
3023,JAI,Radisson Blu Airport (Jaipur Airport),11.2,3,8.2,1873,6885,0,0,"Terminal Road, Near JAI Airport, Jaipur, India"
3024,IXM,Novotel Airport Hotel (Madurai Airport),6.4,4,9.6,2950,4093,1,0,"Terminal Road, Near IXM Airport, Madurai, India"
3025,NDC,Novotel Airport Hotel (Nanded Airport),4.4,4,9.5,1381,4156,1,1,"Terminal Road, Near NDC Airport, Nanded, India"
3026,SLN,Radisson Blu Airport (Sultanpur Airport),6.1,4,8.5,1279,3797,1,1,"Terminal Road, Near SLN Airport, Sultanpur, India"
3027,BOM,Hyatt Regency Terminal (Mumbai Airport),11.0,5,8.4,913,12353,0,1,"Terminal Road, Near BOM Airport, Mumbai, India"
3028,JSA,ITC Grand Bharat (Jaisalmer Airport),10.4,4,9.7,1337,5242,0,1,"Terminal Road, Near JSA Airport, Jaisalmer, India"
3029,BVC,Pride Plaza Hotel (Bhavnagar Airport),3.5,4,9.0,131,8303,1,1,"Terminal Road, Near BVC Airport, Bhavnagar, India"
3030,RXL,Novotel Airport Hotel (Raxaul Airport),8.3,5,8.8,1674,5391,0,0,"Terminal Road, Near RXL Airport, Raxaul, India"
3031,DON,Hyatt Regency Terminal (Bhadrak / Dhamra Airport),7.3,3,9.7,2504,11665,1,0,"Terminal Road, Near DON Airport, Bhadrak / Dhamra, India"
3032,DUM,ITC Grand Bharat (Dumka Airport),2.0,3,9.6,3481,12337,1,1,"Terminal Road, Near DUM Airport, Dumka, India"
3033,HBX,Ginger Airport Hotel (Hubballi / Dharwad Airport),13.2,3,9.5,2026,2952,0,0,"Terminal Road, Near HBX Airport, Hubballi / Dharwad, India"
3034,NAG,Ginger Airport Hotel (Nagpur Airport),5.2,4,9.0,2869,7864,1,0,"Terminal Road, Near NAG Airport, Nagpur, India"
3035,IXD,Taj City Centre (Prayagraj (Allahabad) Airport),8.0,5,8.6,970,8066,0,1,"Terminal Road, Near IXD Airport, Prayagraj (Allahabad), India"
3036,OSB,Trident Airport Hotel (Dharashiv Airport),6.6,4,9.6,2971,2494,1,0,"Terminal Road, Near OSB Airport, Dharashiv, India"
3037,VJZ,FabHotel Airport Inn (Bhogapuram / Vizianagaram Airport),4.2,4,9.1,2827,3714,1,0,"Terminal Road, Near VJZ Airport, Bhogapuram / Vizianagaram, India"
3038,AYJ,Pride Plaza Hotel (Ayodhya Airport),12.9,3,9.2,703,7597,0,0,"Terminal Road, Near AYJ Airport, Ayodhya, India"
3039,HBX,Lemon Tree Premier (Hubballi / Dharwad Airport),12.2,4,8.5,1859,1865,0,1,"Terminal Road, Near HBX Airport, Hubballi / Dharwad, India"
3040,RMD,Ginger Airport Hotel (Ratnagiri Airport),7.6,3,9.7,3715,5095,1,0,"Terminal Road, Near RMD Airport, Ratnagiri, India"
3041,HIR,ITC Grand Bharat (Sambalpur Airport),13.5,4,9.2,3129,5055,0,1,"Terminal Road, Near HIR Airport, Sambalpur, India"
3042,OSB,Novotel Airport Hotel (Dharashiv Airport),9.2,4,9.8,1499,7505,0,0,"Terminal Road, Near OSB Airport, Dharashiv, India"
3043,REW,FabHotel Airport Inn (Rewa Airport),10.8,3,9.0,2920,7573,0,0,"Terminal Road, Near REW Airport, Rewa, India"
3044,TCR,Lemon Tree Premier (Thoothukudi (Tuticorin) Airport),12.0,5,9.4,2663,7346,0,0,"Terminal Road, Near TCR Airport, Thoothukudi (Tuticorin), India"
3045,AMB,Trident Airport Hotel (Ambikapur Airport),7.2,5,9.4,424,10510,1,1,"Terminal Road, Near AMB Airport, Ambikapur, India"
3046,MAA,Taj City Centre (Chennai Airport),13.8,4,9.1,913,12443,0,1,"Terminal Road, Near MAA Airport, Chennai, India"
3047,IXP,Ginger Airport Hotel (Pathankot Airport),2.0,3,8.2,2201,7021,1,0,"Terminal Road, Near IXP Airport, Pathankot, India"
3048,KHO,Pride Plaza Hotel (Khowai Airport),6.4,5,9.4,1100,6114,1,0,"Terminal Road, Near KHO Airport, Khowai, India"
3049,VNS,OYO Townhouse Airport (Varanasi Airport),11.7,4,9.1,2808,8220,0,0,"Terminal Road, Near VNS Airport, Varanasi, India"
3050,BBI,Lemon Tree Premier (Bhubaneswar Airport),14.4,5,8.5,3475,5687,0,1,"Terminal Road, Near BBI Airport, Bhubaneswar, India"
3051,SXR,FabHotel Airport Inn (Srinagar Airport),5.2,3,9.4,2604,10902,1,1,"Terminal Road, Near SXR Airport, Srinagar, India"
3052,DBR,IBIS Airport Hotel (Darbhanga Airport),1.5,5,9.2,1350,10796,1,1,"Terminal Road, Near DBR Airport, Darbhanga, India"
3053,NDC,Ginger Airport Hotel (Nanded Airport),12.7,3,8.7,2907,7804,0,0,"Terminal Road, Near NDC Airport, Nanded, India"
3054,IXE,Taj City Centre (Mangaluru Airport),6.4,4,9.6,1981,5129,1,1,"Terminal Road, Near IXE Airport, Mangaluru, India"
3055,MRA,Radisson Blu Airport (Noida / Jewar Airport),5.3,3,8.3,1116,4868,1,1,"Terminal Road, Near MRA Airport, Noida / Jewar, India"
3056,DEL,Taj City Centre (New Delhi Airport),4.3,3,9.0,3104,4820,1,1,"Terminal Road, Near DEL Airport, New Delhi, India"
3057,LKO,Lemon Tree Premier (Lucknow Airport),5.4,4,9.8,2204,12413,1,0,"Terminal Road, Near LKO Airport, Lucknow, India"
3058,BKN,Hyatt Regency Terminal (Bikaner Airport),11.8,5,9.4,2888,11853,0,0,"Terminal Road, Near BKN Airport, Bikaner, India"
3059,PUR,Taj City Centre (Purulia Airport),4.0,3,9.5,269,4925,1,1,"Terminal Road, Near PUR Airport, Purulia, India"
3060,MUZ,Taj City Centre (Muzaffarpur Airport),1.5,5,9.2,1656,11973,1,1,"Terminal Road, Near MUZ Airport, Muzaffarpur, India"
3061,CCJ,Ginger Airport Hotel (Kozhikode (Calicut) Airport),1.9,5,8.4,3441,3673,1,0,"Terminal Road, Near CCJ Airport, Kozhikode (Calicut), India"
3062,PUI,Trident Airport Hotel (Purnea Airport),3.3,5,8.7,1338,6433,1,1,"Terminal Road, Near PUI Airport, Purnea, India"
3063,LUD,Trident Airport Hotel (Ludhiana Airport),5.9,3,8.5,1036,3107,1,0,"Terminal Road, Near LUD Airport, Ludhiana, India"
3064,NAG,Trident Airport Hotel (Nagpur Airport),6.1,5,8.5,284,7033,1,0,"Terminal Road, Near NAG Airport, Nagpur, India"
3065,HSR,Pride Plaza Hotel (Rajkot Airport),12.0,3,9.8,2022,5665,0,0,"Terminal Road, Near HSR Airport, Rajkot, India"
3066,AYJ,IBIS Airport Hotel (Ayodhya Airport),10.3,5,9.3,2083,2422,0,1,"Terminal Road, Near AYJ Airport, Ayodhya, India"
3067,MZS,OYO Townhouse Airport (Sonbhadra Airport),12.2,3,8.6,1015,7884,0,1,"Terminal Road, Near MZS Airport, Sonbhadra, India"
3068,GOP,Ginger Airport Hotel (Ganjam / Gopalpur Airport),5.0,3,9.3,1420,6317,1,1,"Terminal Road, Near GOP Airport, Ganjam / Gopalpur, India"
3069,TEZ,Ginger Airport Hotel (Tezpur Airport),9.0,5,9.0,1162,7206,0,0,"Terminal Road, Near TEZ Airport, Tezpur, India"
3070,MRA,Ginger Airport Hotel (Noida / Jewar Airport),7.0,3,8.9,1786,5376,1,0,"Terminal Road, Near MRA Airport, Noida / Jewar, India"
3071,JGD,IBIS Airport Hotel (Jagdalpur Airport),0.8,3,9.5,3046,7759,1,1,"Terminal Road, Near JGD Airport, Jagdalpur, India"
3072,MEH,IBIS Airport Hotel (Mehsana Airport),2.4,5,8.3,996,4446,1,0,"Terminal Road, Near MEH Airport, Mehsana, India"
3073,PUI,OYO Townhouse Airport (Purnea Airport),2.8,3,9.1,154,10926,1,1,"Terminal Road, Near PUI Airport, Purnea, India"
3074,KQH,OYO Townhouse Airport (Ajmer / Kishangarh Airport),11.6,3,9.4,2870,7888,0,0,"Terminal Road, Near KQH Airport, Ajmer / Kishangarh, India"
3075,AJL,Taj City Centre (Aizawl Airport),8.5,4,8.9,2551,9764,0,0,"Terminal Road, Near AJL Airport, Aizawl, India"
3076,GBI,Trident Airport Hotel (Kalaburagi (Gulbarga) Airport),13.6,4,8.9,2610,9699,0,1,"Terminal Road, Near GBI Airport, Kalaburagi (Gulbarga), India"
3077,HSS,Hyatt Regency Terminal (Hisar Airport),7.5,5,8.2,352,7664,1,1,"Terminal Road, Near HSS Airport, Hisar, India"
3078,REW,Radisson Blu Airport (Rewa Airport),2.2,5,9.0,3665,3327,1,0,"Terminal Road, Near REW Airport, Rewa, India"
3079,IXD,Taj City Centre (Prayagraj (Allahabad) Airport),7.9,3,9.5,1679,5450,1,0,"Terminal Road, Near IXD Airport, Prayagraj (Allahabad), India"
3080,GOP,Trident Airport Hotel (Ganjam / Gopalpur Airport),9.5,4,8.8,1648,8877,0,0,"Terminal Road, Near GOP Airport, Ganjam / Gopalpur, India"
3081, سات,Novotel Airport Hotel (Satna Airport),7.8,4,8.7,1798,8815,1,1,"Terminal Road, Near  سات Airport, Satna, India"
3082,DBR,ITC Grand Bharat (Darbhanga Airport),4.4,3,8.8,3351,10981,1,0,"Terminal Road, Near DBR Airport, Darbhanga, India"
3083,KAI,Pride Plaza Hotel (Kailashahar Airport),6.3,4,9.4,2037,9704,1,1,"Terminal Road, Near KAI Airport, Kailashahar, India"
3084,MYQ,FabHotel Airport Inn (Mysuru Airport),10.0,5,9.1,837,10211,0,0,"Terminal Road, Near MYQ Airport, Mysuru, India"
3085,BTH,OYO Townhouse Airport (Bettiah Airport),4.5,3,8.4,1874,5717,1,1,"Terminal Road, Near BTH Airport, Bettiah, India"
3086,SDW,Ginger Airport Hotel (Sindhudurg Airport),4.0,5,8.2,1637,7942,1,1,"Terminal Road, Near SDW Airport, Sindhudurg, India"
3087,ANK,Hyatt Regency Terminal (Ankleshwar Airport),12.1,3,8.2,3028,5023,0,0,"Terminal Road, Near ANK Airport, Ankleshwar, India"
3088,PUR,FabHotel Airport Inn (Purulia Airport),6.5,4,9.5,1234,3861,1,0,"Terminal Road, Near PUR Airport, Purulia, India"
3089,IXJ,Lemon Tree Premier (Jammu Airport),13.9,5,9.7,2345,6417,0,0,"Terminal Road, Near IXJ Airport, Jammu, India"
3090,DMU,OYO Townhouse Airport (Dimapur Airport),9.4,4,9.1,3043,8675,0,0,"Terminal Road, Near DMU Airport, Dimapur, India"
3091,KOK,Ginger Airport Hotel (Kokrajhar Airport),8.0,3,9.6,3031,3748,0,1,"Terminal Road, Near KOK Airport, Kokrajhar, India"
3092,IXD,OYO Townhouse Airport (Prayagraj (Allahabad) Airport),6.0,5,9.7,124,2713,1,0,"Terminal Road, Near IXD Airport, Prayagraj (Allahabad), India"
3093,KBK,Radisson Blu Airport (Kushinagar Airport),2.6,5,9.6,2189,6926,1,1,"Terminal Road, Near KBK Airport, Kushinagar, India"
3094,BGP,Pride Plaza Hotel (Bhagalpur Airport),13.6,4,8.4,936,3882,0,1,"Terminal Road, Near BGP Airport, Bhagalpur, India"
3095,IMF,IBIS Airport Hotel (Imphal Airport),11.8,4,9.6,1275,2064,0,1,"Terminal Road, Near IMF Airport, Imphal, India"
3096,PGH,Ginger Airport Hotel (Pantnagar / Nainital Airport),4.8,3,9.0,363,11960,1,1,"Terminal Road, Near PGH Airport, Pantnagar / Nainital, India"
3097,WGC,Ginger Airport Hotel (Warangal Airport),10.4,5,8.6,1203,11583,0,0,"Terminal Road, Near WGC Airport, Warangal, India"
3098,COK,Taj City Centre (Kochi Airport),9.0,5,9.6,723,10784,0,1,"Terminal Road, Near COK Airport, Kochi, India"
3099,MRA,OYO Townhouse Airport (Noida / Jewar Airport),8.4,5,8.3,3707,4371,0,1,"Terminal Road, Near MRA Airport, Noida / Jewar, India"
3100,MEH,Pride Plaza Hotel (Mehsana Airport),11.5,5,9.4,1174,4431,0,1,"Terminal Road, Near MEH Airport, Mehsana, India"
3101,KAM,Taj City Centre (Kamalpur Airport),4.6,4,9.8,2392,4391,1,0,"Terminal Road, Near KAM Airport, Kamalpur, India"
3102,RXL,ITC Grand Bharat (Raxaul Airport),11.3,4,9.1,3635,3981,0,0,"Terminal Road, Near RXL Airport, Raxaul, India"
3103,ALD,FabHotel Airport Inn (Aligarh Airport),8.3,4,9.2,417,2013,0,0,"Terminal Road, Near ALD Airport, Aligarh, India"
3104,CFH,Pride Plaza Hotel (Chitrakoot Airport),8.7,5,8.5,2679,5892,0,1,"Terminal Road, Near CFH Airport, Chitrakoot, India"
3105,NWP,Taj City Centre (Pithoragarh Airport),5.5,3,8.3,2855,2773,1,1,"Terminal Road, Near NWP Airport, Pithoragarh, India"
3106,SWM,Pride Plaza Hotel (Ranthambore / Sawai Madhopur Airport),9.4,4,9.6,2642,10102,0,0,"Terminal Road, Near SWM Airport, Ranthambore / Sawai Madhopur, India"
3107,IDR,Taj City Centre (Indore Airport),12.1,4,8.9,3762,3390,0,0,"Terminal Road, Near IDR Airport, Indore, India"
3108,BPI,ITC Grand Bharat (Mayurbhanj Airport),13.8,5,8.6,2089,4655,0,1,"Terminal Road, Near BPI Airport, Mayurbhanj, India"
3109,SAH,Pride Plaza Hotel (Saharanpur Airport),1.4,5,8.4,3190,8851,1,0,"Terminal Road, Near SAH Airport, Saharanpur, India"
3110,DHM,Ginger Airport Hotel (Dharamshala / Kangra Airport),13.3,3,9.7,758,11551,0,0,"Terminal Road, Near DHM Airport, Dharamshala / Kangra, India"
3111,NPL,Hyatt Regency Terminal (Narnaul Airport),10.4,4,8.5,2345,6802,0,0,"Terminal Road, Near NPL Airport, Narnaul, India"
3112,NEEM,Ginger Airport Hotel (Neemuch Airport),6.2,4,8.2,590,2838,1,0,"Terminal Road, Near NEEM Airport, Neemuch, India"
3113,RGD,Taj City Centre (Raigarh Airport),13.3,4,8.4,976,2888,0,0,"Terminal Road, Near RGD Airport, Raigarh, India"
3114,DHM,Radisson Blu Airport (Dharamshala / Kangra Airport),7.4,5,8.5,1970,2598,1,1,"Terminal Road, Near DHM Airport, Dharamshala / Kangra, India"
3115,GOP,ITC Grand Bharat (Ganjam / Gopalpur Airport),11.2,3,8.8,1139,5885,0,1,"Terminal Road, Near GOP Airport, Ganjam / Gopalpur, India"
3116,BLR,OYO Townhouse Airport (Bengaluru Airport),9.0,4,8.2,2662,7221,0,1,"Terminal Road, Near BLR Airport, Bengaluru, India"
3117,IMF,Novotel Airport Hotel (Imphal Airport),13.7,4,8.6,3370,2858,0,1,"Terminal Road, Near IMF Airport, Imphal, India"
3118,AYJ,IBIS Airport Hotel (Ayodhya Airport),4.0,5,9.8,2714,10256,1,0,"Terminal Road, Near AYJ Airport, Ayodhya, India"
3119,CNN,Novotel Airport Hotel (Kannur Airport),5.7,3,9.3,2412,4428,1,1,"Terminal Road, Near CNN Airport, Kannur, India"
3120, سات,Trident Airport Hotel (Satna Airport),11.5,5,9.6,3293,10844,0,1,"Terminal Road, Near  سات Airport, Satna, India"
3121,PYB,OYO Townhouse Airport (Jeypore Airport),4.5,5,8.6,3606,3599,1,0,"Terminal Road, Near PYB Airport, Jeypore, India"
3122,MRA,Radisson Blu Airport (Noida / Jewar Airport),13.3,3,8.5,3224,3003,0,0,"Terminal Road, Near MRA Airport, Noida / Jewar, India"
3123,BAR,Lemon Tree Premier (Baramati Airport),4.5,4,8.8,1413,5229,1,1,"Terminal Road, Near BAR Airport, Baramati, India"
3124,RKG,Ginger Airport Hotel (Durgapur Airport),8.1,3,8.4,1545,3572,0,1,"Terminal Road, Near RKG Airport, Durgapur, India"
3125,DED,FabHotel Airport Inn (Dehradun Airport),10.4,4,8.3,3415,8959,0,1,"Terminal Road, Near DED Airport, Dehradun, India"
3126,TRV,ITC Grand Bharat (Thiruvananthapuram Airport),7.6,5,9.3,1392,11858,1,0,"Terminal Road, Near TRV Airport, Thiruvananthapuram, India"
3127,BLT,Radisson Blu Airport (Balurghat Airport),7.3,3,8.2,341,11462,1,0,"Terminal Road, Near BLT Airport, Balurghat, India"
3128,SLN,Trident Airport Hotel (Sultanpur Airport),10.8,4,9.2,925,5866,0,0,"Terminal Road, Near SLN Airport, Sultanpur, India"
3129,KAI,FabHotel Airport Inn (Kailashahar Airport),8.0,4,9.0,2106,10759,0,0,"Terminal Road, Near KAI Airport, Kailashahar, India"
3130,UDR,OYO Townhouse Airport (Udaipur Airport),9.8,4,9.5,2045,3112,0,0,"Terminal Road, Near UDR Airport, Udaipur, India"
3131,GOX,Ginger Airport Hotel (Goa (Mopa) Airport),12.6,5,8.9,2583,11874,0,1,"Terminal Road, Near GOX Airport, Goa (Mopa), India"
3132,GON,IBIS Airport Hotel (Gondia Airport),13.5,5,9.4,1849,9982,0,0,"Terminal Road, Near GON Airport, Gondia, India"
3133,KOP,Pride Plaza Hotel (Kolhapur Airport),2.9,5,9.1,3380,6343,1,0,"Terminal Road, Near KOP Airport, Kolhapur, India"
3134,MEH,Hyatt Regency Terminal (Mehsana Airport),9.6,4,9.6,1219,10090,0,0,"Terminal Road, Near MEH Airport, Mehsana, India"
3135,PUI,Taj City Centre (Purnea Airport),11.0,3,9.4,2438,12323,0,0,"Terminal Road, Near PUI Airport, Purnea, India"
3136,CFH,Ginger Airport Hotel (Chitrakoot Airport),3.3,3,9.7,467,1919,1,1,"Terminal Road, Near CFH Airport, Chitrakoot, India"
3137,OSB,Hyatt Regency Terminal (Dharashiv Airport),10.2,5,9.0,3019,7639,0,0,"Terminal Road, Near OSB Airport, Dharashiv, India"
3138,CHI,OYO Townhouse Airport (Chhindwara Airport),12.4,3,9.5,1662,8669,0,0,"Terminal Road, Near CHI Airport, Chhindwara, India"
3139,PYB,FabHotel Airport Inn (Jeypore Airport),7.3,3,8.4,2269,8414,1,0,"Terminal Road, Near PYB Airport, Jeypore, India"
3140,SAH,OYO Townhouse Airport (Saharanpur Airport),3.6,3,8.8,3061,2331,1,1,"Terminal Road, Near SAH Airport, Saharanpur, India"
3141,NMN,Taj City Centre (Neemrana / Alwar Airport),14.3,5,9.1,381,5619,0,0,"Terminal Road, Near NMN Airport, Neemrana / Alwar, India"
3142,VJZ,Pride Plaza Hotel (Bhogapuram / Vizianagaram Airport),5.1,5,8.6,266,2256,1,1,"Terminal Road, Near VJZ Airport, Bhogapuram / Vizianagaram, India"
3143,SHL,Trident Airport Hotel (Shillong Airport),9.0,4,8.2,578,8109,0,1,"Terminal Road, Near SHL Airport, Shillong, India"
3144,AGX,Pride Plaza Hotel (Agatti Island (Lakshadweep) Airport),8.6,4,8.7,983,7272,0,1,"Terminal Road, Near AGX Airport, Agatti Island (Lakshadweep), India"
3145,RJA,OYO Townhouse Airport (Rajahmundry Airport),7.8,3,8.9,1018,6286,1,0,"Terminal Road, Near RJA Airport, Rajahmundry, India"
3146,TEZ,ITC Grand Bharat (Tezpur Airport),2.3,5,9.4,1049,7419,1,1,"Terminal Road, Near TEZ Airport, Tezpur, India"
3147,JGA,ITC Grand Bharat (Jamnagar Airport),7.8,3,9.2,3018,2003,1,1,"Terminal Road, Near JGA Airport, Jamnagar, India"
3148,GON,Novotel Airport Hotel (Gondia Airport),11.8,4,8.7,2518,3651,0,1,"Terminal Road, Near GON Airport, Gondia, India"
3149,TEZ,Pride Plaza Hotel (Tezpur Airport),4.5,5,9.5,3204,11582,1,0,"Terminal Road, Near TEZ Airport, Tezpur, India"
3150,SXR,Pride Plaza Hotel (Srinagar Airport),10.9,5,8.7,602,4092,0,1,"Terminal Road, Near SXR Airport, Srinagar, India"
3151,IXD,IBIS Airport Hotel (Prayagraj (Allahabad) Airport),5.1,5,9.4,2062,1914,1,1,"Terminal Road, Near IXD Airport, Prayagraj (Allahabad), India"
3152,MEH,IBIS Airport Hotel (Mehsana Airport),2.8,4,8.2,3298,7051,1,1,"Terminal Road, Near MEH Airport, Mehsana, India"
3153,MZS,Radisson Blu Airport (Sonbhadra Airport),4.8,5,8.3,1582,9705,1,1,"Terminal Road, Near MZS Airport, Sonbhadra, India"
3154,DMU,Trident Airport Hotel (Dimapur Airport),2.2,4,8.2,165,7675,1,0,"Terminal Road, Near DMU Airport, Dimapur, India"
3155,IXW,ITC Grand Bharat (Jamshedpur Airport),1.1,5,8.3,1947,5834,1,0,"Terminal Road, Near IXW Airport, Jamshedpur, India"
3156,BAR,Taj City Centre (Baramati Airport),11.3,3,9.0,929,4896,0,0,"Terminal Road, Near BAR Airport, Baramati, India"
3157,UTK,FabHotel Airport Inn (Kalahandi / Utkela Airport),12.1,3,9.3,1024,2263,0,0,"Terminal Road, Near UTK Airport, Kalahandi / Utkela, India"
3158,MOR,FabHotel Airport Inn (Moradabad Airport),13.6,5,9.8,3547,10204,0,0,"Terminal Road, Near MOR Airport, Moradabad, India"
3159,AYJ,Lemon Tree Premier (Ayodhya Airport),10.3,3,8.3,1533,4788,0,1,"Terminal Road, Near AYJ Airport, Ayodhya, India"
3160,IMF,Trident Airport Hotel (Imphal Airport),6.2,4,8.2,194,10648,1,0,"Terminal Road, Near IMF Airport, Imphal, India"
3161,RKG,FabHotel Airport Inn (Durgapur Airport),5.7,4,9.4,2639,8048,1,0,"Terminal Road, Near RKG Airport, Durgapur, India"
3162,STV,Hyatt Regency Terminal (Surat Airport),14.2,5,8.9,1840,4843,0,1,"Terminal Road, Near STV Airport, Surat, India"
3163,LUD,Novotel Airport Hotel (Ludhiana Airport),11.1,3,8.4,1232,9117,0,1,"Terminal Road, Near LUD Airport, Ludhiana, India"
3164,LAT,Trident Airport Hotel (Latur Airport),12.3,3,9.2,133,5303,0,1,"Terminal Road, Near LAT Airport, Latur, India"
3165,KAP,Ginger Airport Hotel (Kadapa Airport),13.0,5,8.6,3446,6159,0,1,"Terminal Road, Near KAP Airport, Kadapa, India"
3166,BKN,Pride Plaza Hotel (Bikaner Airport),8.4,4,9.4,2858,5260,0,1,"Terminal Road, Near BKN Airport, Bikaner, India"
3167,KHA,OYO Townhouse Airport (Khandwa Airport),13.9,3,9.7,1347,6812,0,1,"Terminal Road, Near KHA Airport, Khandwa, India"
3168,TEZU,Ginger Airport Hotel (Tezu Airport),5.5,5,9.1,830,9121,1,0,"Terminal Road, Near TEZU Airport, Tezu, India"
3169,IXW,FabHotel Airport Inn (Jamshedpur Airport),6.7,5,8.3,1222,12306,1,1,"Terminal Road, Near IXW Airport, Jamshedpur, India"
3170,CCU,OYO Townhouse Airport (Kolkata Airport),13.3,5,9.5,350,11433,0,0,"Terminal Road, Near CCU Airport, Kolkata, India"
3171,CKU,IBIS Airport Hotel (Chakulia Airport),12.0,3,8.8,1527,6720,0,1,"Terminal Road, Near CKU Airport, Chakulia, India"
3172,PUI,Trident Airport Hotel (Purnea Airport),4.0,3,8.2,1736,9194,1,0,"Terminal Road, Near PUI Airport, Purnea, India"
3173,DON,OYO Townhouse Airport (Bhadrak / Dhamra Airport),11.4,5,8.8,1592,3720,0,1,"Terminal Road, Near DON Airport, Bhadrak / Dhamra, India"
3174,LKO,Radisson Blu Airport (Lucknow Airport),3.8,4,8.5,2820,11866,1,1,"Terminal Road, Near LKO Airport, Lucknow, India"
3175,SLV,Taj City Centre (Shimla Airport),13.9,4,9.4,2284,10627,0,1,"Terminal Road, Near SLV Airport, Shimla, India"
3176,PYG,FabHotel Airport Inn (Gangtok / Pakyong (Sikkim) Airport),7.6,4,9.8,3629,11889,1,1,"Terminal Road, Near PYG Airport, Gangtok / Pakyong (Sikkim), India"
3177,DGR,Trident Airport Hotel (Deoghar Airport),1.8,3,9.7,1298,11520,1,0,"Terminal Road, Near DGR Airport, Deoghar, India"
3178,RJA,Trident Airport Hotel (Rajahmundry Airport),14.2,4,8.3,809,3490,0,1,"Terminal Road, Near RJA Airport, Rajahmundry, India"
3179,AMB,Trident Airport Hotel (Ambikapur Airport),4.6,3,9.1,2613,2042,1,1,"Terminal Road, Near AMB Airport, Ambikapur, India"
3180,KHA,OYO Townhouse Airport (Khandwa Airport),4.9,5,9.5,3142,3413,1,1,"Terminal Road, Near KHA Airport, Khandwa, India"
3181,AMD,OYO Townhouse Airport (Ahmedabad Airport),6.4,5,9.2,2785,4111,1,1,"Terminal Road, Near AMD Airport, Ahmedabad, India"
3182,NVY,Radisson Blu Airport (Neyveli Airport),8.8,5,8.7,1126,11121,0,1,"Terminal Road, Near NVY Airport, Neyveli, India"
3183,IXA,ITC Grand Bharat (Agartala Airport),5.2,5,9.6,741,9545,1,1,"Terminal Road, Near IXA Airport, Agartala, India"
3184,RKG,Ginger Airport Hotel (Durgapur Airport),6.1,4,9.5,2474,8040,1,0,"Terminal Road, Near RKG Airport, Durgapur, India"
3185,JAI,Radisson Blu Airport (Jaipur Airport),6.6,3,8.8,3244,9603,1,1,"Terminal Road, Near JAI Airport, Jaipur, India"
3186,BHJ,Novotel Airport Hotel (Bhuj (Kutch) Airport),12.9,3,8.2,3388,9800,0,1,"Terminal Road, Near BHJ Airport, Bhuj (Kutch), India"
3187,BAR,Taj City Centre (Baramati Airport),12.8,5,8.7,2813,3663,0,1,"Terminal Road, Near BAR Airport, Baramati, India"
3188,ISK,Ginger Airport Hotel (Nashik Airport),9.7,5,9.3,1946,7897,0,1,"Terminal Road, Near ISK Airport, Nashik, India"
3189,CKU,Pride Plaza Hotel (Chakulia Airport),11.5,3,8.5,2390,12041,0,0,"Terminal Road, Near CKU Airport, Chakulia, India"
3190,JAI,ITC Grand Bharat (Jaipur Airport),6.2,3,9.8,2004,5053,1,1,"Terminal Road, Near JAI Airport, Jaipur, India"
3191,MAA,Ginger Airport Hotel (Chennai Airport),2.8,4,8.5,1576,6732,1,0,"Terminal Road, Near MAA Airport, Chennai, India"
3192,SLN,FabHotel Airport Inn (Sultanpur Airport),7.8,3,8.5,870,4548,1,1,"Terminal Road, Near SLN Airport, Sultanpur, India"
3193,KARN,Radisson Blu Airport (Karnal Airport),11.5,5,9.0,3726,3431,0,1,"Terminal Road, Near KARN Airport, Karnal, India"
3194,IXD,Ginger Airport Hotel (Prayagraj (Allahabad) Airport),6.4,5,9.3,1887,3187,1,0,"Terminal Road, Near IXD Airport, Prayagraj (Allahabad), India"
3195,ATQ,Lemon Tree Premier (Amritsar Airport),12.4,3,9.2,1182,4446,0,1,"Terminal Road, Near ATQ Airport, Amritsar, India"
3196,CNN,FabHotel Airport Inn (Kannur Airport),1.0,3,9.4,681,8926,1,0,"Terminal Road, Near CNN Airport, Kannur, India"
3197,LAT,Lemon Tree Premier (Latur Airport),9.1,3,8.7,912,7425,0,1,"Terminal Road, Near LAT Airport, Latur, India"
3198,HIR,Novotel Airport Hotel (Sambalpur Airport),10.1,4,9.2,3495,4610,0,0,"Terminal Road, Near HIR Airport, Sambalpur, India"
3199,MRA,Radisson Blu Airport (Noida / Jewar Airport),7.3,4,8.8,3584,2062,1,1,"Terminal Road, Near MRA Airport, Noida / Jewar, India"
3200,IXP,ITC Grand Bharat (Pathankot Airport),2.7,5,9.5,2257,11762,1,1,"Terminal Road, Near IXP Airport, Pathankot, India"
3201,LKO,Taj City Centre (Lucknow Airport),4.0,4,9.1,265,4724,1,0,"Terminal Road, Near LKO Airport, Lucknow, India"
3202,BGP,Hyatt Regency Terminal (Bhagalpur Airport),12.0,5,8.9,1002,12010,0,0,"Terminal Road, Near BGP Airport, Bhagalpur, India"
3203,KOK,Hyatt Regency Terminal (Kokrajhar Airport),10.3,3,8.5,2318,7440,0,0,"Terminal Road, Near KOK Airport, Kokrajhar, India"
3204,BLT,Ginger Airport Hotel (Balurghat Airport),8.9,4,8.7,680,8924,0,0,"Terminal Road, Near BLT Airport, Balurghat, India"
3205,PNY,IBIS Airport Hotel (Puducherry Airport),8.7,5,9.5,2471,11008,0,1,"Terminal Road, Near PNY Airport, Puducherry, India"
3206,HBX,ITC Grand Bharat (Hubballi / Dharwad Airport),0.9,3,8.9,3160,11142,1,1,"Terminal Road, Near HBX Airport, Hubballi / Dharwad, India"
3207, سات,Taj City Centre (Satna Airport),8.9,3,8.9,430,2365,0,1,"Terminal Road, Near  سات Airport, Satna, India"
3208,PYB,OYO Townhouse Airport (Jeypore Airport),9.2,4,8.3,346,4644,0,1,"Terminal Road, Near PYB Airport, Jeypore, India"
3209,JAI,FabHotel Airport Inn (Jaipur Airport),4.4,4,9.7,795,7016,1,1,"Terminal Road, Near JAI Airport, Jaipur, India"
3210,PUR,IBIS Airport Hotel (Purulia Airport),13.3,3,9.8,2323,2491,0,1,"Terminal Road, Near PUR Airport, Purulia, India"
3211,KARN,Lemon Tree Premier (Karnal Airport),10.0,5,9.7,3209,4062,0,1,"Terminal Road, Near KARN Airport, Karnal, India"
3212,SHL,Trident Airport Hotel (Shillong Airport),1.5,4,9.4,1959,6168,1,0,"Terminal Road, Near SHL Airport, Shillong, India"
3213,SIH,Taj City Centre (Sirohi Airport),3.2,5,9.7,3090,1958,1,0,"Terminal Road, Near SIH Airport, Sirohi, India"
3214,SAH,Hyatt Regency Terminal (Saharanpur Airport),11.2,4,8.2,3670,9149,0,1,"Terminal Road, Near SAH Airport, Saharanpur, India"
3215,HBX,Taj City Centre (Hubballi / Dharwad Airport),2.6,5,8.5,2151,8726,1,1,"Terminal Road, Near HBX Airport, Hubballi / Dharwad, India"
3216,CCJ,Radisson Blu Airport (Kozhikode (Calicut) Airport),7.9,5,8.3,745,6563,1,1,"Terminal Road, Near CCJ Airport, Kozhikode (Calicut), India"
3217,JRG,Trident Airport Hotel (Jharsuguda Airport),5.2,3,9.2,394,9762,1,1,"Terminal Road, Near JRG Airport, Jharsuguda, India"
3218,BHJ,OYO Townhouse Airport (Bhuj (Kutch) Airport),7.5,5,9.6,851,11920,1,1,"Terminal Road, Near BHJ Airport, Bhuj (Kutch), India"
3219,JAI,Ginger Airport Hotel (Jaipur Airport),5.0,4,9.0,304,10367,1,0,"Terminal Road, Near JAI Airport, Jaipur, India"
3220,NAG,ITC Grand Bharat (Nagpur Airport),11.1,4,9.1,484,2631,0,0,"Terminal Road, Near NAG Airport, Nagpur, India"
3221,IXS,Radisson Blu Airport (Silchar Airport),7.0,3,8.3,2791,4647,1,0,"Terminal Road, Near IXS Airport, Silchar, India"
3222,YTL,Lemon Tree Premier (Yavatmal Airport),6.1,4,9.2,2400,2267,1,0,"Terminal Road, Near YTL Airport, Yavatmal, India"
3223,NMS,Hyatt Regency Terminal (Naliya Airport),11.6,3,9.1,2354,12284,0,0,"Terminal Road, Near NMS Airport, Naliya, India"
3224,CKU,Pride Plaza Hotel (Chakulia Airport),7.2,3,8.8,2900,8756,1,0,"Terminal Road, Near CKU Airport, Chakulia, India"
3225,JHW,ITC Grand Bharat (Jhalawar Airport),12.4,5,9.4,2988,5487,0,0,"Terminal Road, Near JHW Airport, Jhalawar, India"
3226,CKU,IBIS Airport Hotel (Chakulia Airport),6.0,3,8.2,1677,4668,1,1,"Terminal Road, Near CKU Airport, Chakulia, India"
3227,SLN,Ginger Airport Hotel (Sultanpur Airport),11.9,4,8.4,2876,5774,0,1,"Terminal Road, Near SLN Airport, Sultanpur, India"
3228,ATQ,Novotel Airport Hotel (Amritsar Airport),8.7,5,9.2,3014,3408,0,0,"Terminal Road, Near ATQ Airport, Amritsar, India"
3229,CKU,IBIS Airport Hotel (Chakulia Airport),11.0,3,8.5,221,8177,0,0,"Terminal Road, Near CKU Airport, Chakulia, India"
3230,AKL,Hyatt Regency Terminal (Akola Airport),1.8,4,8.3,1141,5319,1,1,"Terminal Road, Near AKL Airport, Akola, India"
3231,CCU,Trident Airport Hotel (Kolkata Airport),6.8,5,9.3,2248,10303,1,1,"Terminal Road, Near CCU Airport, Kolkata, India"
3232,TRZ,ITC Grand Bharat (Tiruchirappalli (Trichy) Airport),2.4,5,8.6,3063,5772,1,1,"Terminal Road, Near TRZ Airport, Tiruchirappalli (Trichy), India"
3233,CJB,IBIS Airport Hotel (Coimbatore Airport),1.3,3,8.2,1283,9953,1,0,"Terminal Road, Near CJB Airport, Coimbatore, India"
3234,ATQ,Novotel Airport Hotel (Amritsar Airport),2.4,5,9.7,2477,2566,1,1,"Terminal Road, Near ATQ Airport, Amritsar, India"
3235,IXW,IBIS Airport Hotel (Jamshedpur Airport),8.8,3,8.8,300,9842,0,1,"Terminal Road, Near IXW Airport, Jamshedpur, India"
3236,MAA,Trident Airport Hotel (Chennai Airport),8.7,3,8.2,1174,12350,0,1,"Terminal Road, Near MAA Airport, Chennai, India"
3237,RXL,Trident Airport Hotel (Raxaul Airport),12.8,3,9.5,2545,10513,0,0,"Terminal Road, Near RXL Airport, Raxaul, India"
3238,ALD,IBIS Airport Hotel (Aligarh Airport),11.9,5,8.6,894,6936,0,0,"Terminal Road, Near ALD Airport, Aligarh, India"
3239,LKO,Trident Airport Hotel (Lucknow Airport),13.1,4,9.1,3686,4393,0,0,"Terminal Road, Near LKO Airport, Lucknow, India"
3240,JLG,FabHotel Airport Inn (Jalgaon Airport),13.7,5,8.7,1381,5946,0,1,"Terminal Road, Near JLG Airport, Jalgaon, India"
3241,PNQ,Hyatt Regency Terminal (Pune Airport),0.9,4,9.4,1685,3044,1,0,"Terminal Road, Near PNQ Airport, Pune, India"
3242,MUZ,FabHotel Airport Inn (Muzaffarpur Airport),11.7,5,8.7,3327,4374,0,1,"Terminal Road, Near MUZ Airport, Muzaffarpur, India"
3243,IXP,ITC Grand Bharat (Pathankot Airport),10.3,5,9.2,729,7795,0,1,"Terminal Road, Near IXP Airport, Pathankot, India"
3244,LAT,Ginger Airport Hotel (Latur Airport),4.8,4,9.7,3455,7834,1,1,"Terminal Road, Near LAT Airport, Latur, India"
3245,BID,ITC Grand Bharat (Bidar Airport),8.1,4,8.8,2532,7948,0,0,"Terminal Road, Near BID Airport, Bidar, India"
3246,RAT,FabHotel Airport Inn (Ratlam Airport),13.4,5,9.7,3014,10611,0,0,"Terminal Road, Near RAT Airport, Ratlam, India"
3247,BOK,OYO Townhouse Airport (Bokaro Airport),6.5,5,9.5,3151,10291,1,1,"Terminal Road, Near BOK Airport, Bokaro, India"
3248,NVY,IBIS Airport Hotel (Neyveli Airport),1.4,5,8.7,1777,5812,1,1,"Terminal Road, Near NVY Airport, Neyveli, India"
3249,IXM,Hyatt Regency Terminal (Madurai Airport),13.4,4,9.3,3549,12374,0,0,"Terminal Road, Near IXM Airport, Madurai, India"
3250,BHJ,ITC Grand Bharat (Bhuj (Kutch) Airport),8.5,4,9.5,3766,11022,0,1,"Terminal Road, Near BHJ Airport, Bhuj (Kutch), India"
3251,BLR,Radisson Blu Airport (Bengaluru Airport),4.3,5,8.7,1454,8052,1,1,"Terminal Road, Near BLR Airport, Bengaluru, India"
3252,AMB,OYO Townhouse Airport (Ambikapur Airport),5.3,4,8.9,3694,3904,1,0,"Terminal Road, Near AMB Airport, Ambikapur, India"
3253,PUI,Hyatt Regency Terminal (Purnea Airport),1.3,4,9.6,209,7547,1,0,"Terminal Road, Near PUI Airport, Purnea, India"
3254,BBI,Ginger Airport Hotel (Bhubaneswar Airport),5.3,4,8.5,1894,8147,1,1,"Terminal Road, Near BBI Airport, Bhubaneswar, India"
3255,SAG,Hyatt Regency Terminal (Shirdi Airport),9.0,3,9.5,883,4195,0,1,"Terminal Road, Near SAG Airport, Shirdi, India"
3256,NPL,OYO Townhouse Airport (Narnaul Airport),0.6,5,9.5,3528,7962,1,0,"Terminal Road, Near NPL Airport, Narnaul, India"
3257,KAM,Pride Plaza Hotel (Kamalpur Airport),4.6,3,8.4,866,4758,1,1,"Terminal Road, Near KAM Airport, Kamalpur, India"
3258,BDQ,Trident Airport Hotel (Vadodara Airport),1.4,4,8.3,1004,8264,1,0,"Terminal Road, Near BDQ Airport, Vadodara, India"
3259,HSR,OYO Townhouse Airport (Rajkot Airport),4.7,4,8.9,1060,8810,1,1,"Terminal Road, Near HSR Airport, Rajkot, India"
3260,DMO,Lemon Tree Premier (Damoh Airport),3.0,3,8.2,754,3427,1,0,"Terminal Road, Near DMO Airport, Damoh, India"
3261,LUD,Taj City Centre (Ludhiana Airport),14.4,4,9.1,2208,5746,0,0,"Terminal Road, Near LUD Airport, Ludhiana, India"
3262,AGX,Pride Plaza Hotel (Agatti Island (Lakshadweep) Airport),8.4,5,9.6,407,4213,0,1,"Terminal Road, Near AGX Airport, Agatti Island (Lakshadweep), India"
3263,AMB,Lemon Tree Premier (Ambikapur Airport),2.0,5,9.6,1966,8440,1,0,"Terminal Road, Near AMB Airport, Ambikapur, India"
3264,SXV,Taj City Centre (Shivamogga Airport),7.2,3,9.7,3144,7986,1,1,"Terminal Road, Near SXV Airport, Shivamogga, India"
3265,AMR,Trident Airport Hotel (Amravati Airport),7.5,3,9.6,3259,2510,1,1,"Terminal Road, Near AMR Airport, Amravati, India"
3266,HZD,Radisson Blu Airport (Hazaribagh Airport),10.9,4,9.3,2824,4118,0,1,"Terminal Road, Near HZD Airport, Hazaribagh, India"
3267,TEZ,Hyatt Regency Terminal (Tezpur Airport),14.2,3,9.3,3577,2535,0,1,"Terminal Road, Near TEZ Airport, Tezpur, India"
3268,KNU,Trident Airport Hotel (Kanpur Airport),4.5,4,9.2,682,12320,1,1,"Terminal Road, Near KNU Airport, Kanpur, India"
3269,AYJ,Novotel Airport Hotel (Ayodhya Airport),14.0,4,8.1,3293,8966,0,0,"Terminal Road, Near AYJ Airport, Ayodhya, India"
3270,VJZ,Hyatt Regency Terminal (Bhogapuram / Vizianagaram Airport),9.8,3,8.9,2727,5397,0,0,"Terminal Road, Near VJZ Airport, Bhogapuram / Vizianagaram, India"
3271,CJB,IBIS Airport Hotel (Coimbatore Airport),6.9,4,9.2,3593,2479,1,1,"Terminal Road, Near CJB Airport, Coimbatore, India"
3272,AJL,IBIS Airport Hotel (Aizawl Airport),8.6,3,9.7,3029,8728,0,1,"Terminal Road, Near AJL Airport, Aizawl, India"
3273,SRA,Ginger Airport Hotel (Shravasti Airport),2.6,5,8.6,2708,10517,1,1,"Terminal Road, Near SRA Airport, Shravasti, India"
3274,MAL,Lemon Tree Premier (Malda Airport),4.8,4,8.1,2449,7040,1,1,"Terminal Road, Near MAL Airport, Malda, India"
3275,CFH,ITC Grand Bharat (Chitrakoot Airport),7.7,4,8.1,1293,9252,1,1,"Terminal Road, Near CFH Airport, Chitrakoot, India"
3276,PAT,FabHotel Airport Inn (Patna Airport),12.4,3,8.4,2292,8156,0,1,"Terminal Road, Near PAT Airport, Patna, India"
3277,MRA,FabHotel Airport Inn (Noida / Jewar Airport),9.7,4,8.4,502,4892,0,0,"Terminal Road, Near MRA Airport, Noida / Jewar, India"
3278,NAG,IBIS Airport Hotel (Nagpur Airport),1.0,5,9.3,2610,3727,1,1,"Terminal Road, Near NAG Airport, Nagpur, India"
3279,PINJ,Lemon Tree Premier (Panchkula / Pinjore Airport),8.6,5,8.3,3413,11208,0,0,"Terminal Road, Near PINJ Airport, Panchkula / Pinjore, India"
3280,BKN,Taj City Centre (Bikaner Airport),11.0,5,9.0,3271,7897,0,1,"Terminal Road, Near BKN Airport, Bikaner, India"
3281,RGD,ITC Grand Bharat (Raigarh Airport),11.8,3,9.5,3163,3079,0,1,"Terminal Road, Near RGD Airport, Raigarh, India"
3282,COB,Ginger Airport Hotel (Cooch Behar Airport),12.3,3,9.6,629,4870,0,1,"Terminal Road, Near COB Airport, Cooch Behar, India"
3283,JLG,Hyatt Regency Terminal (Jalgaon Airport),4.6,3,8.6,2373,3041,1,0,"Terminal Road, Near JLG Airport, Jalgaon, India"
3284,RKG,Novotel Airport Hotel (Durgapur Airport),8.2,4,8.3,2848,2994,0,0,"Terminal Road, Near RKG Airport, Durgapur, India"
3285,PNQ,Taj City Centre (Pune Airport),0.6,4,8.4,3195,3114,1,1,"Terminal Road, Near PNQ Airport, Pune, India"
3286,KNU,Lemon Tree Premier (Kanpur Airport),4.8,5,8.1,832,7910,1,0,"Terminal Road, Near KNU Airport, Kanpur, India"
3287,PUI,Taj City Centre (Purnea Airport),13.0,4,9.0,1227,1925,0,1,"Terminal Road, Near PUI Airport, Purnea, India"
3288,KAR,Novotel Airport Hotel (Karad / Satara Airport),13.2,3,9.2,336,4881,0,1,"Terminal Road, Near KAR Airport, Karad / Satara, India"
3289,JLR,Ginger Airport Hotel (Jabalpur Airport),3.5,5,9.1,508,9677,1,1,"Terminal Road, Near JLR Airport, Jabalpur, India"
3290,KOK,IBIS Airport Hotel (Kokrajhar Airport),13.4,5,8.7,1294,8935,0,1,"Terminal Road, Near KOK Airport, Kokrajhar, India"
3291,SXV,OYO Townhouse Airport (Shivamogga Airport),9.9,3,8.6,638,9344,0,0,"Terminal Road, Near SXV Airport, Shivamogga, India"
3292,IXR,IBIS Airport Hotel (Ranchi Airport),12.4,4,8.2,3052,8184,0,0,"Terminal Road, Near IXR Airport, Ranchi, India"
3293,MZS,Hyatt Regency Terminal (Sonbhadra Airport),13.1,4,8.9,469,7908,0,1,"Terminal Road, Near MZS Airport, Sonbhadra, India"
3294,RAT,Novotel Airport Hotel (Ratlam Airport),9.4,4,8.9,2880,6935,0,0,"Terminal Road, Near RAT Airport, Ratlam, India"
3295,AYJ,Pride Plaza Hotel (Ayodhya Airport),7.3,4,9.1,2296,2459,1,0,"Terminal Road, Near AYJ Airport, Ayodhya, India"
3296,BAR,Trident Airport Hotel (Baramati Airport),8.2,4,8.2,3117,5955,0,0,"Terminal Road, Near BAR Airport, Baramati, India"
3297,KAR,ITC Grand Bharat (Karad / Satara Airport),13.1,5,8.5,3724,10062,0,0,"Terminal Road, Near KAR Airport, Karad / Satara, India"
3298,HZD,Radisson Blu Airport (Hazaribagh Airport),6.4,5,8.1,3525,9806,1,1,"Terminal Road, Near HZD Airport, Hazaribagh, India"
3299,KOP,FabHotel Airport Inn (Kolhapur Airport),14.2,3,8.5,2596,2168,0,0,"Terminal Road, Near KOP Airport, Kolhapur, India"
3300,IXC,Lemon Tree Premier (Chandigarh Airport),12.6,5,9.1,1870,6442,0,0,"Terminal Road, Near IXC Airport, Chandigarh, India"
3301,NEEM,IBIS Airport Hotel (Neemuch Airport),14.2,5,9.0,1713,3623,0,1,"Terminal Road, Near NEEM Airport, Neemuch, India"
3302,SAH,ITC Grand Bharat (Saharanpur Airport),10.7,5,9.4,2378,9869,0,1,"Terminal Road, Near SAH Airport, Saharanpur, India"
3303,BID,Trident Airport Hotel (Bidar Airport),12.2,5,9.1,3748,9464,0,0,"Terminal Road, Near BID Airport, Bidar, India"
3304,NAG,IBIS Airport Hotel (Nagpur Airport),3.0,3,8.7,277,2771,1,1,"Terminal Road, Near NAG Airport, Nagpur, India"
3305,TEZ,Lemon Tree Premier (Tezpur Airport),8.3,5,9.3,1607,5091,0,1,"Terminal Road, Near TEZ Airport, Tezpur, India"
3306,LUD,ITC Grand Bharat (Ludhiana Airport),7.8,3,9.6,3336,8759,1,1,"Terminal Road, Near LUD Airport, Ludhiana, India"
3307,DGR,FabHotel Airport Inn (Deoghar Airport),5.6,3,9.2,1254,5001,1,1,"Terminal Road, Near DGR Airport, Deoghar, India"
3308,PAL,Radisson Blu Airport (Pali Airport),14.3,4,9.1,3722,6320,0,1,"Terminal Road, Near PAL Airport, Pali, India"
3309,GWL,OYO Townhouse Airport (Gwalior Airport),5.4,4,8.7,789,3353,1,0,"Terminal Road, Near GWL Airport, Gwalior, India"
3310,HSR,Taj City Centre (Rajkot Airport),7.3,4,8.9,3571,5191,1,1,"Terminal Road, Near HSR Airport, Rajkot, India"
3311,KNU,Ginger Airport Hotel (Kanpur Airport),7.0,4,8.2,2248,9868,1,0,"Terminal Road, Near KNU Airport, Kanpur, India"
3312,SAG,FabHotel Airport Inn (Shirdi Airport),14.4,3,9.3,2658,3774,0,0,"Terminal Road, Near SAG Airport, Shirdi, India"
3313,KUU,Lemon Tree Premier (Kullu / Manali Airport),7.0,5,8.6,1826,10975,1,1,"Terminal Road, Near KUU Airport, Kullu / Manali, India"
3314,DED,FabHotel Airport Inn (Dehradun Airport),4.6,4,8.7,1474,2876,1,0,"Terminal Road, Near DED Airport, Dehradun, India"
3315,IXM,Novotel Airport Hotel (Madurai Airport),1.1,5,9.5,492,8400,1,1,"Terminal Road, Near IXM Airport, Madurai, India"
3316,AYJ,Trident Airport Hotel (Ayodhya Airport),5.9,3,8.2,1267,4717,1,1,"Terminal Road, Near AYJ Airport, Ayodhya, India"
3317,LAT,IBIS Airport Hotel (Latur Airport),3.5,4,9.6,124,8595,1,1,"Terminal Road, Near LAT Airport, Latur, India"
3318,GWL,Pride Plaza Hotel (Gwalior Airport),13.5,4,9.6,821,7139,0,1,"Terminal Road, Near GWL Airport, Gwalior, India"
3319,SHL,Radisson Blu Airport (Shillong Airport),9.9,3,9.5,2098,3551,0,0,"Terminal Road, Near SHL Airport, Shillong, India"
3320,GOX,Lemon Tree Premier (Goa (Mopa) Airport),8.1,4,9.8,305,9761,0,1,"Terminal Road, Near GOX Airport, Goa (Mopa), India"
3321,IXM,FabHotel Airport Inn (Madurai Airport),6.8,3,9.7,2787,11629,1,1,"Terminal Road, Near IXM Airport, Madurai, India"
3322,JRH,Trident Airport Hotel (Jorhat Airport),1.1,4,8.9,1148,10816,1,0,"Terminal Road, Near JRH Airport, Jorhat, India"
3323,JLG,Lemon Tree Premier (Jalgaon Airport),0.7,3,8.9,1575,11219,1,1,"Terminal Road, Near JLG Airport, Jalgaon, India"
3324,KHO,Trident Airport Hotel (Khowai Airport),10.8,4,8.5,2377,9858,0,0,"Terminal Road, Near KHO Airport, Khowai, India"
3325,MYQ,Hyatt Regency Terminal (Mysuru Airport),12.5,4,8.4,3761,2538,0,1,"Terminal Road, Near MYQ Airport, Mysuru, India"
3326,BBI,Novotel Airport Hotel (Bhubaneswar Airport),11.0,4,8.9,2988,2898,0,0,"Terminal Road, Near BBI Airport, Bhubaneswar, India"
3327,IXL,FabHotel Airport Inn (Leh (Ladakh) Airport),11.0,3,9.7,297,5346,0,0,"Terminal Road, Near IXL Airport, Leh (Ladakh), India"
3328,KAI,Pride Plaza Hotel (Kailashahar Airport),5.8,5,9.7,3444,10625,1,1,"Terminal Road, Near KAI Airport, Kailashahar, India"
3329,CHI,Lemon Tree Premier (Chhindwara Airport),4.4,5,8.4,1742,4307,1,0,"Terminal Road, Near CHI Airport, Chhindwara, India"
3330,KAM,Pride Plaza Hotel (Kamalpur Airport),8.7,4,8.9,679,4432,0,1,"Terminal Road, Near KAM Airport, Kamalpur, India"
3331,PAT,Hyatt Regency Terminal (Patna Airport),10.2,4,8.5,2243,8890,0,0,"Terminal Road, Near PAT Airport, Patna, India"
3332,DMU,Pride Plaza Hotel (Dimapur Airport),3.3,5,8.5,3282,10384,1,0,"Terminal Road, Near DMU Airport, Dimapur, India"
3333,DHR,ITC Grand Bharat (Dibrugarh Airport),5.0,5,9.3,2876,8595,1,0,"Terminal Road, Near DHR Airport, Dibrugarh, India"
3334,PINJ,FabHotel Airport Inn (Panchkula / Pinjore Airport),9.4,5,8.1,954,7237,0,0,"Terminal Road, Near PINJ Airport, Panchkula / Pinjore, India"
3335,SLN,ITC Grand Bharat (Sultanpur Airport),10.4,5,9.4,1897,4484,0,1,"Terminal Road, Near SLN Airport, Sultanpur, India"
3336,DIU,FabHotel Airport Inn (Diu Airport),9.1,3,8.5,239,11035,0,0,"Terminal Road, Near DIU Airport, Diu, India"
3337,TRZ,ITC Grand Bharat (Tiruchirappalli (Trichy) Airport),2.4,4,8.8,786,2413,1,0,"Terminal Road, Near TRZ Airport, Tiruchirappalli (Trichy), India"
3338,VZY,Hyatt Regency Terminal (Vijayawada Airport),10.2,3,8.4,3098,10658,0,0,"Terminal Road, Near VZY Airport, Vijayawada, India"
3339,DMU,Lemon Tree Premier (Dimapur Airport),11.7,5,8.1,243,2826,0,1,"Terminal Road, Near DMU Airport, Dimapur, India"
3340,JDH,OYO Townhouse Airport (Jodhpur Airport),6.6,4,9.0,1823,9174,1,1,"Terminal Road, Near JDH Airport, Jodhpur, India"
3341,JSA,ITC Grand Bharat (Jaisalmer Airport),10.5,4,9.3,758,3563,0,0,"Terminal Road, Near JSA Airport, Jaisalmer, India"
3342,NMS,Novotel Airport Hotel (Naliya Airport),6.4,3,9.8,1932,6818,1,0,"Terminal Road, Near NMS Airport, Naliya, India"
3343,NMN,Hyatt Regency Terminal (Neemrana / Alwar Airport),8.2,5,8.8,2427,7096,0,1,"Terminal Road, Near NMN Airport, Neemrana / Alwar, India"
3344,RKG,OYO Townhouse Airport (Durgapur Airport),13.7,4,9.1,1691,4658,0,1,"Terminal Road, Near RKG Airport, Durgapur, India"
3345,NMN,FabHotel Airport Inn (Neemrana / Alwar Airport),11.5,4,8.9,2673,6227,0,0,"Terminal Road, Near NMN Airport, Neemrana / Alwar, India"
3346,NWP,Trident Airport Hotel (Pithoragarh Airport),5.1,3,8.4,901,9409,1,0,"Terminal Road, Near NWP Airport, Pithoragarh, India"
3347,VZY,Trident Airport Hotel (Vijayawada Airport),1.6,5,8.3,1752,11567,1,1,"Terminal Road, Near VZY Airport, Vijayawada, India"
3348,DEL,Pride Plaza Hotel (New Delhi Airport),11.4,5,8.9,2662,6306,0,0,"Terminal Road, Near DEL Airport, New Delhi, India"
3349,PGH,IBIS Airport Hotel (Pantnagar / Nainital Airport),1.1,5,9.4,2414,2954,1,0,"Terminal Road, Near PGH Airport, Pantnagar / Nainital, India"
3350,MRA,OYO Townhouse Airport (Noida / Jewar Airport),2.4,3,9.0,784,9694,1,1,"Terminal Road, Near MRA Airport, Noida / Jewar, India"
3351,AGR,Hyatt Regency Terminal (Agra Airport),3.6,4,8.3,974,9621,1,1,"Terminal Road, Near AGR Airport, Agra, India"
3352,JLR,OYO Townhouse Airport (Jabalpur Airport),8.5,5,8.9,778,5659,0,1,"Terminal Road, Near JLR Airport, Jabalpur, India"
3353,NVM,FabHotel Airport Inn (Navi Mumbai Airport),3.9,5,8.9,1130,5066,1,1,"Terminal Road, Near NVM Airport, Navi Mumbai, India"
3354,PNY,OYO Townhouse Airport (Puducherry Airport),11.0,5,8.5,3018,12292,0,0,"Terminal Road, Near PNY Airport, Puducherry, India"
3355,MRA,ITC Grand Bharat (Noida / Jewar Airport),7.5,5,9.1,1938,6941,1,1,"Terminal Road, Near MRA Airport, Noida / Jewar, India"
3356,AMD,Taj City Centre (Ahmedabad Airport),4.8,5,9.3,2367,2639,1,0,"Terminal Road, Near AMD Airport, Ahmedabad, India"
3357,TRV,Trident Airport Hotel (Thiruvananthapuram Airport),12.2,4,8.9,2386,5076,0,0,"Terminal Road, Near TRV Airport, Thiruvananthapuram, India"
3358,PBN,Ginger Airport Hotel (Parbhani Airport),2.2,3,9.1,1235,10834,1,1,"Terminal Road, Near PBN Airport, Parbhani, India"
3359,BTH,Taj City Centre (Bettiah Airport),5.3,4,8.3,220,3340,1,0,"Terminal Road, Near BTH Airport, Bettiah, India"
3360,CJB,Trident Airport Hotel (Coimbatore Airport),9.5,3,9.4,1281,6617,0,1,"Terminal Road, Near CJB Airport, Coimbatore, India"
3361,LAT,Hyatt Regency Terminal (Latur Airport),13.7,4,8.4,1185,6126,0,0,"Terminal Road, Near LAT Airport, Latur, India"
3362,NVM,Lemon Tree Premier (Navi Mumbai Airport),14.2,5,9.6,173,7751,0,0,"Terminal Road, Near NVM Airport, Navi Mumbai, India"
3363,NVY,ITC Grand Bharat (Neyveli Airport),3.0,5,9.5,3385,9975,1,0,"Terminal Road, Near NVY Airport, Neyveli, India"
3364, سات,ITC Grand Bharat (Satna Airport),2.2,4,8.9,2937,4746,1,0,"Terminal Road, Near  سات Airport, Satna, India"
3365,MAL,ITC Grand Bharat (Malda Airport),4.6,3,8.2,2783,6795,1,0,"Terminal Road, Near MAL Airport, Malda, India"
3366,BVC,Lemon Tree Premier (Bhavnagar Airport),11.3,4,9.3,1848,2965,0,1,"Terminal Road, Near BVC Airport, Bhavnagar, India"
3367,BDQ,IBIS Airport Hotel (Vadodara Airport),4.2,5,8.4,1735,8177,1,1,"Terminal Road, Near BDQ Airport, Vadodara, India"
3368,REW,Radisson Blu Airport (Rewa Airport),6.3,5,8.4,656,4572,1,1,"Terminal Road, Near REW Airport, Rewa, India"
3369,DHM,OYO Townhouse Airport (Dharamshala / Kangra Airport),10.6,3,9.4,1683,10235,0,1,"Terminal Road, Near DHM Airport, Dharamshala / Kangra, India"
3370,JGD,Taj City Centre (Jagdalpur Airport),10.5,5,8.2,2855,12338,0,0,"Terminal Road, Near JGD Airport, Jagdalpur, India"
3371,KARN,Trident Airport Hotel (Karnal Airport),12.7,3,9.3,2488,11531,0,0,"Terminal Road, Near KARN Airport, Karnal, India"
3372,PNQ,Trident Airport Hotel (Pune Airport),13.3,5,9.1,277,4644,0,1,"Terminal Road, Near PNQ Airport, Pune, India"
3373,BPI,Trident Airport Hotel (Mayurbhanj Airport),14.4,5,9.6,1015,8890,0,1,"Terminal Road, Near BPI Airport, Mayurbhanj, India"
3374,AYJ,Trident Airport Hotel (Ayodhya Airport),8.9,3,9.0,1220,3903,0,1,"Terminal Road, Near AYJ Airport, Ayodhya, India"
3375,SIV,ITC Grand Bharat (Sivasagar Airport),10.8,4,9.1,378,1816,0,1,"Terminal Road, Near SIV Airport, Sivasagar, India"
3376,VDY,Taj City Centre (Vidyanagar / Ballari Airport),11.9,3,8.7,3172,9292,0,1,"Terminal Road, Near VDY Airport, Vidyanagar / Ballari, India"
3377,MEH,Pride Plaza Hotel (Mehsana Airport),6.1,5,8.2,321,2072,1,1,"Terminal Road, Near MEH Airport, Mehsana, India"
3378,JDH,Novotel Airport Hotel (Jodhpur Airport),10.7,5,8.3,3550,5625,0,0,"Terminal Road, Near JDH Airport, Jodhpur, India"
3379,CNN,IBIS Airport Hotel (Kannur Airport),5.2,4,8.9,3758,11611,1,0,"Terminal Road, Near CNN Airport, Kannur, India"
3380,AMD,Trident Airport Hotel (Ahmedabad Airport),14.3,4,8.7,1173,10356,0,1,"Terminal Road, Near AMD Airport, Ahmedabad, India"
3381,ZER,FabHotel Airport Inn (Ziro Airport),13.4,3,8.4,1764,2691,0,1,"Terminal Road, Near ZER Airport, Ziro, India"
3382,BBI,Ginger Airport Hotel (Bhubaneswar Airport),2.6,3,9.7,2068,7365,1,1,"Terminal Road, Near BBI Airport, Bhubaneswar, India"
3383,ASL,Hyatt Regency Terminal (Asansol Airport),5.1,3,8.9,3689,8009,1,1,"Terminal Road, Near ASL Airport, Asansol, India"
3384,IXR,Novotel Airport Hotel (Ranchi Airport),2.8,3,9.2,3519,9182,1,0,"Terminal Road, Near IXR Airport, Ranchi, India"
3385,HBX,Novotel Airport Hotel (Hubballi / Dharwad Airport),3.9,3,9.2,1045,7307,1,1,"Terminal Road, Near HBX Airport, Hubballi / Dharwad, India"
3386,IXE,FabHotel Airport Inn (Mangaluru Airport),8.8,3,9.1,3569,2876,0,0,"Terminal Road, Near IXE Airport, Mangaluru, India"
3387,KHA,Lemon Tree Premier (Khandwa Airport),0.9,3,8.4,3383,7660,1,0,"Terminal Road, Near KHA Airport, Khandwa, India"
3388,SWM,Taj City Centre (Ranthambore / Sawai Madhopur Airport),7.1,3,9.6,2747,6856,1,1,"Terminal Road, Near SWM Airport, Ranthambore / Sawai Madhopur, India"
3389,HIR,Ginger Airport Hotel (Sambalpur Airport),1.8,4,9.2,922,11110,1,1,"Terminal Road, Near HIR Airport, Sambalpur, India"
3390,BOK,Trident Airport Hotel (Bokaro Airport),13.5,4,9.5,3366,7950,0,0,"Terminal Road, Near BOK Airport, Bokaro, India"
3391,DIU,Taj City Centre (Diu Airport),2.0,5,9.2,2270,8426,1,1,"Terminal Road, Near DIU Airport, Diu, India"
3392,IDR,Ginger Airport Hotel (Indore Airport),7.9,4,8.2,1256,4439,1,0,"Terminal Road, Near IDR Airport, Indore, India"
3393,SAH,Hyatt Regency Terminal (Saharanpur Airport),9.5,4,9.0,3014,11099,0,1,"Terminal Road, Near SAH Airport, Saharanpur, India"
3394,IXE,Radisson Blu Airport (Mangaluru Airport),2.2,4,8.5,312,4762,1,0,"Terminal Road, Near IXE Airport, Mangaluru, India"
3395,DON,Radisson Blu Airport (Bhadrak / Dhamra Airport),12.6,3,9.3,3095,10496,0,1,"Terminal Road, Near DON Airport, Bhadrak / Dhamra, India"
3396,UDR,Ginger Airport Hotel (Udaipur Airport),12.3,5,9.3,3377,9020,0,0,"Terminal Road, Near UDR Airport, Udaipur, India"
3397,NMS,Lemon Tree Premier (Naliya Airport),11.2,3,8.8,965,6349,0,1,"Terminal Road, Near NMS Airport, Naliya, India"
3398,IXR,FabHotel Airport Inn (Ranchi Airport),6.2,5,9.3,130,4594,1,0,"Terminal Road, Near IXR Airport, Ranchi, India"
3399,MAA,Hyatt Regency Terminal (Chennai Airport),2.2,4,9.1,2705,2903,1,0,"Terminal Road, Near MAA Airport, Chennai, India"
3400,GOX,Taj City Centre (Goa (Mopa) Airport),11.9,4,8.2,510,11893,0,0,"Terminal Road, Near GOX Airport, Goa (Mopa), India"
3401,GAW,OYO Townhouse Airport (Guwahati Airport),9.1,5,9.0,490,5595,0,0,"Terminal Road, Near GAW Airport, Guwahati, India"
3402,TEZU,Taj City Centre (Tezu Airport),10.0,5,9.5,3711,3408,0,0,"Terminal Road, Near TEZU Airport, Tezu, India"
3403,BID,ITC Grand Bharat (Bidar Airport),0.6,3,9.6,957,2752,1,0,"Terminal Road, Near BID Airport, Bidar, India"
3404,NVY,Trident Airport Hotel (Neyveli Airport),0.6,4,9.2,1690,9734,1,0,"Terminal Road, Near NVY Airport, Neyveli, India"
3405,VTZ,Novotel Airport Hotel (Visakhapatnam Airport),0.9,3,9.3,3299,3503,1,1,"Terminal Road, Near VTZ Airport, Visakhapatnam, India"
3406,DBR,Lemon Tree Premier (Darbhanga Airport),2.0,3,9.3,3762,10057,1,1,"Terminal Road, Near DBR Airport, Darbhanga, India"
3407,JRH,Hyatt Regency Terminal (Jorhat Airport),4.6,5,9.0,3119,10646,1,1,"Terminal Road, Near JRH Airport, Jorhat, India"
3408,AMH,Radisson Blu Airport (Azamgarh Airport),4.7,3,8.5,2902,3161,1,1,"Terminal Road, Near AMH Airport, Azamgarh, India"
3409,ASL,Lemon Tree Premier (Asansol Airport),1.2,5,8.9,1391,12197,1,0,"Terminal Road, Near ASL Airport, Asansol, India"
3410,KBK,ITC Grand Bharat (Kushinagar Airport),4.1,4,8.2,2254,2120,1,0,"Terminal Road, Near KBK Airport, Kushinagar, India"
3411,RGD,Novotel Airport Hotel (Raigarh Airport),10.9,4,8.2,1463,6348,0,1,"Terminal Road, Near RGD Airport, Raigarh, India"
3412,JSA,Pride Plaza Hotel (Jaisalmer Airport),7.8,5,8.5,507,4283,1,1,"Terminal Road, Near JSA Airport, Jaisalmer, India"
3413,IXL,Radisson Blu Airport (Leh (Ladakh) Airport),10.9,4,8.5,3779,9534,0,0,"Terminal Road, Near IXL Airport, Leh (Ladakh), India"
3414,JGA,FabHotel Airport Inn (Jamnagar Airport),7.0,3,9.7,820,12107,1,1,"Terminal Road, Near JGA Airport, Jamnagar, India"
3415,LGP,Lemon Tree Premier (Rupsi / Dhubri Airport),12.3,4,9.6,2418,7317,0,0,"Terminal Road, Near LGP Airport, Rupsi / Dhubri, India"
3416,GWL,ITC Grand Bharat (Gwalior Airport),1.2,5,8.8,1337,8755,1,1,"Terminal Road, Near GWL Airport, Gwalior, India"
3417,RMD,Hyatt Regency Terminal (Ratnagiri Airport),6.8,3,9.5,3175,10258,1,0,"Terminal Road, Near RMD Airport, Ratnagiri, India"
3418,TRV,IBIS Airport Hotel (Thiruvananthapuram Airport),10.7,3,8.4,1002,9655,0,1,"Terminal Road, Near TRV Airport, Thiruvananthapuram, India"
3419,BKN,ITC Grand Bharat (Bikaner Airport),12.4,4,8.7,2557,11951,0,1,"Terminal Road, Near BKN Airport, Bikaner, India"
3420,IXR,IBIS Airport Hotel (Ranchi Airport),1.1,3,9.7,834,5859,1,1,"Terminal Road, Near IXR Airport, Ranchi, India"
3421,SWM,Taj City Centre (Ranthambore / Sawai Madhopur Airport),7.8,5,8.5,2888,4704,1,0,"Terminal Road, Near SWM Airport, Ranthambore / Sawai Madhopur, India"
3422,JLG,Radisson Blu Airport (Jalgaon Airport),9.5,4,8.5,1516,9086,0,1,"Terminal Road, Near JLG Airport, Jalgaon, India"
3423,GWL,Ginger Airport Hotel (Gwalior Airport),9.5,4,8.6,2050,6269,0,0,"Terminal Road, Near GWL Airport, Gwalior, India"
3424,MRA,IBIS Airport Hotel (Noida / Jewar Airport),12.0,4,9.6,1095,9835,0,0,"Terminal Road, Near MRA Airport, Noida / Jewar, India"
3425,BAR,FabHotel Airport Inn (Baramati Airport),2.5,5,9.5,1628,11703,1,0,"Terminal Road, Near BAR Airport, Baramati, India"
3426,DUM,Radisson Blu Airport (Dumka Airport),13.9,5,8.1,556,5002,0,0,"Terminal Road, Near DUM Airport, Dumka, India"
3427,PYB,ITC Grand Bharat (Jeypore Airport),6.6,4,8.6,960,9940,1,1,"Terminal Road, Near PYB Airport, Jeypore, India"
3428,JAI,Taj City Centre (Jaipur Airport),12.6,5,9.4,1407,3919,0,1,"Terminal Road, Near JAI Airport, Jaipur, India"
3429,CJB,IBIS Airport Hotel (Coimbatore Airport),5.0,3,9.3,1796,5173,1,1,"Terminal Road, Near CJB Airport, Coimbatore, India"
3430,TEZ,IBIS Airport Hotel (Tezpur Airport),2.9,4,9.3,1471,11204,1,1,"Terminal Road, Near TEZ Airport, Tezpur, India"
3431,WGC,Lemon Tree Premier (Warangal Airport),12.4,3,9.1,950,4428,0,0,"Terminal Road, Near WGC Airport, Warangal, India"
3432,VZY,IBIS Airport Hotel (Vijayawada Airport),12.5,5,9.7,2022,10422,0,1,"Terminal Road, Near VZY Airport, Vijayawada, India"
3433,CNN,IBIS Airport Hotel (Kannur Airport),8.3,3,9.1,653,12078,0,0,"Terminal Road, Near CNN Airport, Kannur, India"
3434,BOM,OYO Townhouse Airport (Mumbai Airport),4.3,3,9.4,2286,10848,1,0,"Terminal Road, Near BOM Airport, Mumbai, India"
3435,AYJ,ITC Grand Bharat (Ayodhya Airport),7.0,3,8.1,3567,11884,1,0,"Terminal Road, Near AYJ Airport, Ayodhya, India"
3436,CCJ,Radisson Blu Airport (Kozhikode (Calicut) Airport),1.8,4,9.7,675,4693,1,0,"Terminal Road, Near CCJ Airport, Kozhikode (Calicut), India"
3437,LKO,Taj City Centre (Lucknow Airport),0.9,5,8.1,1571,10141,1,1,"Terminal Road, Near LKO Airport, Lucknow, India"
3438,NVY,Novotel Airport Hotel (Neyveli Airport),9.7,3,9.0,3242,3211,0,0,"Terminal Road, Near NVY Airport, Neyveli, India"
3439,IXG,Pride Plaza Hotel (Belagavi Airport),6.0,5,8.3,2256,8991,1,0,"Terminal Road, Near IXG Airport, Belagavi, India"
3440,DEL,Novotel Airport Hotel (New Delhi Airport),2.0,4,9.5,3730,11230,1,1,"Terminal Road, Near DEL Airport, New Delhi, India"
3441,NMS,Trident Airport Hotel (Naliya Airport),10.0,3,8.8,137,5600,0,0,"Terminal Road, Near NMS Airport, Naliya, India"
3442,JAI,IBIS Airport Hotel (Jaipur Airport),7.4,4,8.8,678,7531,1,0,"Terminal Road, Near JAI Airport, Jaipur, India"
3443,SDW,IBIS Airport Hotel (Sindhudurg Airport),1.4,5,9.1,1199,4302,1,0,"Terminal Road, Near SDW Airport, Sindhudurg, India"
3444,BHU,Lemon Tree Premier (Bathinda Airport),0.9,4,8.7,1465,10633,1,1,"Terminal Road, Near BHU Airport, Bathinda, India"
3445,GOX,Trident Airport Hotel (Goa (Mopa) Airport),7.0,4,8.7,3753,10078,1,0,"Terminal Road, Near GOX Airport, Goa (Mopa), India"
3446,IXS,Novotel Airport Hotel (Silchar Airport),1.6,5,9.5,3731,3114,1,0,"Terminal Road, Near IXS Airport, Silchar, India"
3447,IXS,ITC Grand Bharat (Silchar Airport),3.6,5,9.2,847,3827,1,1,"Terminal Road, Near IXS Airport, Silchar, India"
3448,TRZ,Ginger Airport Hotel (Tiruchirappalli (Trichy) Airport),1.7,4,8.6,776,11029,1,0,"Terminal Road, Near TRZ Airport, Tiruchirappalli (Trichy), India"
3449,BHU,Pride Plaza Hotel (Bathinda Airport),3.2,5,9.3,313,11855,1,0,"Terminal Road, Near BHU Airport, Bathinda, India"
3450,GBI,Radisson Blu Airport (Kalaburagi (Gulbarga) Airport),11.9,3,9.7,2051,5034,0,0,"Terminal Road, Near GBI Airport, Kalaburagi (Gulbarga), India"
3451,IMF,Radisson Blu Airport (Imphal Airport),6.0,3,8.7,2679,6549,1,0,"Terminal Road, Near IMF Airport, Imphal, India"
3452,SWM,Taj City Centre (Ranthambore / Sawai Madhopur Airport),14.3,4,8.5,2915,3399,0,1,"Terminal Road, Near SWM Airport, Ranthambore / Sawai Madhopur, India"
3453,LAT,OYO Townhouse Airport (Latur Airport),11.2,5,9.1,2160,3502,0,0,"Terminal Road, Near LAT Airport, Latur, India"
3454,ANK,Radisson Blu Airport (Ankleshwar Airport),14.2,3,8.8,1665,5119,0,0,"Terminal Road, Near ANK Airport, Ankleshwar, India"
3455,BAR,Hyatt Regency Terminal (Baramati Airport),7.6,4,8.1,1106,6980,1,0,"Terminal Road, Near BAR Airport, Baramati, India"
3456,KARN,IBIS Airport Hotel (Karnal Airport),3.7,3,9.0,3635,3889,1,0,"Terminal Road, Near KARN Airport, Karnal, India"
3457,NEEM,FabHotel Airport Inn (Neemuch Airport),3.2,5,8.8,796,7708,1,1,"Terminal Road, Near NEEM Airport, Neemuch, India"
3458,IXA,Trident Airport Hotel (Agartala Airport),8.7,4,9.0,2082,9717,0,0,"Terminal Road, Near IXA Airport, Agartala, India"
3459,CHI,Trident Airport Hotel (Chhindwara Airport),1.9,5,9.3,3788,6915,1,0,"Terminal Road, Near CHI Airport, Chhindwara, India"
3460,TCR,Lemon Tree Premier (Thoothukudi (Tuticorin) Airport),7.7,3,9.6,797,2057,1,0,"Terminal Road, Near TCR Airport, Thoothukudi (Tuticorin), India"
3461,NDC,Ginger Airport Hotel (Nanded Airport),6.5,5,9.3,1334,2949,1,1,"Terminal Road, Near NDC Airport, Nanded, India"
3462,ZER,Taj City Centre (Ziro Airport),5.4,5,9.2,847,3180,1,0,"Terminal Road, Near ZER Airport, Ziro, India"
3463,YTL,FabHotel Airport Inn (Yavatmal Airport),12.7,4,9.7,2498,11365,0,1,"Terminal Road, Near YTL Airport, Yavatmal, India"
3464,PGH,Hyatt Regency Terminal (Pantnagar / Nainital Airport),9.5,4,9.0,1973,6861,0,1,"Terminal Road, Near PGH Airport, Pantnagar / Nainital, India"
3465,KNU,ITC Grand Bharat (Kanpur Airport),8.1,4,9.3,2403,2953,0,0,"Terminal Road, Near KNU Airport, Kanpur, India"
3466,HIR,Trident Airport Hotel (Sambalpur Airport),12.5,5,9.6,3556,5655,0,0,"Terminal Road, Near HIR Airport, Sambalpur, India"
3467,DON,IBIS Airport Hotel (Bhadrak / Dhamra Airport),2.4,4,9.2,1227,3724,1,1,"Terminal Road, Near DON Airport, Bhadrak / Dhamra, India"
3468,KQH,Lemon Tree Premier (Ajmer / Kishangarh Airport),13.3,5,9.4,2552,4888,0,0,"Terminal Road, Near KQH Airport, Ajmer / Kishangarh, India"
3469,IXE,ITC Grand Bharat (Mangaluru Airport),1.3,4,8.5,2967,2843,1,1,"Terminal Road, Near IXE Airport, Mangaluru, India"
3470,RPR,Trident Airport Hotel (Raipur Airport),11.8,4,8.9,3283,6500,0,0,"Terminal Road, Near RPR Airport, Raipur, India"
3471,SLN,Ginger Airport Hotel (Sultanpur Airport),7.4,5,9.7,3473,9082,1,0,"Terminal Road, Near SLN Airport, Sultanpur, India"
3472,BHU,Radisson Blu Airport (Bathinda Airport),8.1,5,8.6,305,9894,0,1,"Terminal Road, Near BHU Airport, Bathinda, India"
3473,BPI,Pride Plaza Hotel (Mayurbhanj Airport),14.3,4,8.9,3769,4080,0,1,"Terminal Road, Near BPI Airport, Mayurbhanj, India"
3474,DON,Taj City Centre (Bhadrak / Dhamra Airport),1.4,5,8.5,1211,6146,1,0,"Terminal Road, Near DON Airport, Bhadrak / Dhamra, India"
3475,NWP,IBIS Airport Hotel (Pithoragarh Airport),14.2,5,9.0,304,4770,0,1,"Terminal Road, Near NWP Airport, Pithoragarh, India"
3476,PBF,OYO Townhouse Airport (Bilaspur Airport),4.9,5,8.9,2780,11112,1,1,"Terminal Road, Near PBF Airport, Bilaspur, India"
3477,JSA,Radisson Blu Airport (Jaisalmer Airport),3.9,3,9.4,1513,8662,1,0,"Terminal Road, Near JSA Airport, Jaisalmer, India"
3478,GWL,Lemon Tree Premier (Gwalior Airport),8.7,4,9.2,1426,7040,0,1,"Terminal Road, Near GWL Airport, Gwalior, India"
3479,KOP,ITC Grand Bharat (Kolhapur Airport),10.0,5,9.3,1106,2142,0,0,"Terminal Road, Near KOP Airport, Kolhapur, India"
3480,CHI,IBIS Airport Hotel (Chhindwara Airport),6.2,5,9.3,2904,4908,1,1,"Terminal Road, Near CHI Airport, Chhindwara, India"
3481,PYG,OYO Townhouse Airport (Gangtok / Pakyong (Sikkim) Airport),12.8,3,8.6,1869,4395,0,1,"Terminal Road, Near PYG Airport, Gangtok / Pakyong (Sikkim), India"
3482,MRA,ITC Grand Bharat (Noida / Jewar Airport),6.1,5,9.6,1094,8849,1,0,"Terminal Road, Near MRA Airport, Noida / Jewar, India"
3483,HIR,Radisson Blu Airport (Sambalpur Airport),12.0,5,8.2,2944,3025,0,1,"Terminal Road, Near HIR Airport, Sambalpur, India"
3484,AYJ,Taj City Centre (Ayodhya Airport),9.5,3,9.1,2754,11400,0,1,"Terminal Road, Near AYJ Airport, Ayodhya, India"
3485,KAR,Novotel Airport Hotel (Karad / Satara Airport),14.0,3,9.4,3569,12062,0,0,"Terminal Road, Near KAR Airport, Karad / Satara, India"
3486,KAP,FabHotel Airport Inn (Kadapa Airport),1.8,4,9.3,612,4608,1,0,"Terminal Road, Near KAP Airport, Kadapa, India"
3487,JHW,Radisson Blu Airport (Jhalawar Airport),8.8,5,9.1,2709,5452,0,0,"Terminal Road, Near JHW Airport, Jhalawar, India"
3488,AGR,Pride Plaza Hotel (Agra Airport),5.5,3,8.2,1478,2288,1,1,"Terminal Road, Near AGR Airport, Agra, India"
3489,NEEM,Trident Airport Hotel (Neemuch Airport),0.6,4,9.5,968,5203,1,0,"Terminal Road, Near NEEM Airport, Neemuch, India"
3490,GOX,Lemon Tree Premier (Goa (Mopa) Airport),7.3,4,9.2,3527,4328,1,1,"Terminal Road, Near GOX Airport, Goa (Mopa), India"
3491,BHJ,Pride Plaza Hotel (Bhuj (Kutch) Airport),4.3,5,8.5,1045,12422,1,0,"Terminal Road, Near BHJ Airport, Bhuj (Kutch), India"
3492,IXM,Novotel Airport Hotel (Madurai Airport),2.5,3,8.2,1649,7007,1,0,"Terminal Road, Near IXM Airport, Madurai, India"
3493,ASL,Novotel Airport Hotel (Asansol Airport),10.0,3,9.6,3162,7575,0,1,"Terminal Road, Near ASL Airport, Asansol, India"
3494,BDQ,Ginger Airport Hotel (Vadodara Airport),9.8,5,8.1,1760,6451,0,0,"Terminal Road, Near BDQ Airport, Vadodara, India"
3495,JRH,FabHotel Airport Inn (Jorhat Airport),5.3,3,8.9,2023,2270,1,0,"Terminal Road, Near JRH Airport, Jorhat, India"
3496,GWL,Radisson Blu Airport (Gwalior Airport),10.0,4,9.2,2134,2004,0,1,"Terminal Road, Near GWL Airport, Gwalior, India"
3497,AKL,Ginger Airport Hotel (Akola Airport),11.6,4,8.4,2296,8070,0,1,"Terminal Road, Near AKL Airport, Akola, India"
3498,SIH,Trident Airport Hotel (Sirohi Airport),10.5,5,8.7,1736,11441,0,0,"Terminal Road, Near SIH Airport, Sirohi, India"
3499,UTL,Hyatt Regency Terminal (Barmer Airport),3.1,5,8.7,1190,5117,1,1,"Terminal Road, Near UTL Airport, Barmer, India"
3500,AGR,Radisson Blu Airport (Agra Airport),13.0,4,9.3,191,9119,0,1,"Terminal Road, Near AGR Airport, Agra, India"
3501,SXR,Radisson Blu Airport (Srinagar Airport),3.2,4,8.1,3280,7261,1,1,"Terminal Road, Near SXR Airport, Srinagar, India"
3502,DGR,Ginger Airport Hotel (Deoghar Airport),2.3,5,9.0,776,3399,1,1,"Terminal Road, Near DGR Airport, Deoghar, India"
3503,JSA,Trident Airport Hotel (Jaisalmer Airport),9.0,3,8.3,3721,9625,0,0,"Terminal Road, Near JSA Airport, Jaisalmer, India"
3504,DHR,OYO Townhouse Airport (Dibrugarh Airport),6.7,3,9.0,564,3166,1,1,"Terminal Road, Near DHR Airport, Dibrugarh, India"
3505,NDC,IBIS Airport Hotel (Nanded Airport),10.8,4,9.0,1402,5216,0,0,"Terminal Road, Near NDC Airport, Nanded, India"
3506,ISK,Lemon Tree Premier (Nashik Airport),4.6,3,9.6,1392,3186,1,1,"Terminal Road, Near ISK Airport, Nashik, India"
3507,ANK,FabHotel Airport Inn (Ankleshwar Airport),9.8,3,8.4,2868,2110,0,0,"Terminal Road, Near ANK Airport, Ankleshwar, India"
3508,BHO,Radisson Blu Airport (Bhopal Airport),0.7,3,8.4,1566,11801,1,0,"Terminal Road, Near BHO Airport, Bhopal, India"
3509,VTZ,Radisson Blu Airport (Visakhapatnam Airport),13.2,5,9.2,2451,3952,0,1,"Terminal Road, Near VTZ Airport, Visakhapatnam, India"
3510,IXU,Trident Airport Hotel (Chhatrapati Sambhaji Nagar (Aurangabad) Airport),1.5,3,9.0,3234,9320,1,0,"Terminal Road, Near IXU Airport, Chhatrapati Sambhaji Nagar (Aurangabad), India"
3511,ANK,ITC Grand Bharat (Ankleshwar Airport),7.8,4,9.7,1294,3064,1,1,"Terminal Road, Near ANK Airport, Ankleshwar, India"
3512,VJZ,Lemon Tree Premier (Bhogapuram / Vizianagaram Airport),13.8,4,8.2,3779,11275,0,0,"Terminal Road, Near VJZ Airport, Bhogapuram / Vizianagaram, India"
3513,IXP,Pride Plaza Hotel (Pathankot Airport),13.4,3,9.2,2418,12302,0,1,"Terminal Road, Near IXP Airport, Pathankot, India"
3514,UDR,FabHotel Airport Inn (Udaipur Airport),8.1,4,9.4,957,7894,0,1,"Terminal Road, Near UDR Airport, Udaipur, India"
3515,NMN,Taj City Centre (Neemrana / Alwar Airport),10.5,3,8.1,1348,5188,0,1,"Terminal Road, Near NMN Airport, Neemrana / Alwar, India"
3516,PUR,Trident Airport Hotel (Purulia Airport),13.6,3,8.6,1559,2555,0,1,"Terminal Road, Near PUR Airport, Purulia, India"
3517,IXM,IBIS Airport Hotel (Madurai Airport),13.4,5,8.8,212,2373,0,0,"Terminal Road, Near IXM Airport, Madurai, India"
3518,MAA,ITC Grand Bharat (Chennai Airport),2.7,4,8.5,2068,7802,1,1,"Terminal Road, Near MAA Airport, Chennai, India"
3519,LKO,Trident Airport Hotel (Lucknow Airport),14.4,5,9.1,2966,9991,0,1,"Terminal Road, Near LKO Airport, Lucknow, India"
3520,SLV,Novotel Airport Hotel (Shimla Airport),2.7,4,9.7,560,11094,1,0,"Terminal Road, Near SLV Airport, Shimla, India"
3521,KAR,Hyatt Regency Terminal (Karad / Satara Airport),6.3,3,9.1,297,9242,1,0,"Terminal Road, Near KAR Airport, Karad / Satara, India"
3522,BBI,Lemon Tree Premier (Bhubaneswar Airport),12.6,4,9.3,1534,5160,0,0,"Terminal Road, Near BBI Airport, Bhubaneswar, India"
3523,TCR,ITC Grand Bharat (Thoothukudi (Tuticorin) Airport),0.8,5,8.5,3192,6537,1,0,"Terminal Road, Near TCR Airport, Thoothukudi (Tuticorin), India"
3524,ANK,ITC Grand Bharat (Ankleshwar Airport),5.3,4,8.2,728,7488,1,1,"Terminal Road, Near ANK Airport, Ankleshwar, India"
3525,COB,OYO Townhouse Airport (Cooch Behar Airport),9.6,5,9.3,199,5303,0,0,"Terminal Road, Near COB Airport, Cooch Behar, India"
3526,AMD,Ginger Airport Hotel (Ahmedabad Airport),3.6,4,8.5,1126,12075,1,1,"Terminal Road, Near AMD Airport, Ahmedabad, India"
3527,NEEM,Taj City Centre (Neemuch Airport),3.4,3,9.5,3315,5091,1,1,"Terminal Road, Near NEEM Airport, Neemuch, India"
3528,NWP,IBIS Airport Hotel (Pithoragarh Airport),3.1,3,9.8,3431,11758,1,0,"Terminal Road, Near NWP Airport, Pithoragarh, India"
3529,SRA,IBIS Airport Hotel (Shravasti Airport),13.3,5,9.4,2259,9625,0,0,"Terminal Road, Near SRA Airport, Shravasti, India"
3530,GOX,IBIS Airport Hotel (Goa (Mopa) Airport),11.0,3,9.0,2192,9052,0,1,"Terminal Road, Near GOX Airport, Goa (Mopa), India"
3531,OSB,ITC Grand Bharat (Dharashiv Airport),0.6,3,9.1,2180,2424,1,0,"Terminal Road, Near OSB Airport, Dharashiv, India"
3532,GAY,Lemon Tree Premier (Gaya Airport),9.1,4,9.3,1596,9754,0,0,"Terminal Road, Near GAY Airport, Gaya, India"
3533,VDY,Trident Airport Hotel (Vidyanagar / Ballari Airport),3.0,3,9.3,1465,10466,1,0,"Terminal Road, Near VDY Airport, Vidyanagar / Ballari, India"
3534,KBK,ITC Grand Bharat (Kushinagar Airport),5.9,5,8.3,1221,3442,1,1,"Terminal Road, Near KBK Airport, Kushinagar, India"
3535,KOK,Novotel Airport Hotel (Kokrajhar Airport),13.9,4,9.1,2831,11865,0,1,"Terminal Road, Near KOK Airport, Kokrajhar, India"
3536,DUM,OYO Townhouse Airport (Dumka Airport),9.5,5,8.7,1611,7067,0,0,"Terminal Road, Near DUM Airport, Dumka, India"
3537,VTZ,Ginger Airport Hotel (Visakhapatnam Airport),1.1,4,8.7,267,2128,1,1,"Terminal Road, Near VTZ Airport, Visakhapatnam, India"
3538,NAG,Radisson Blu Airport (Nagpur Airport),6.1,4,9.0,1356,4106,1,0,"Terminal Road, Near NAG Airport, Nagpur, India"
3539,KBK,FabHotel Airport Inn (Kushinagar Airport),12.5,5,9.7,1218,5900,0,1,"Terminal Road, Near KBK Airport, Kushinagar, India"
3540,AKL,FabHotel Airport Inn (Akola Airport),8.9,5,8.5,2887,6972,0,1,"Terminal Road, Near AKL Airport, Akola, India"
3541,PAT,Pride Plaza Hotel (Patna Airport),8.9,3,9.1,144,4098,0,0,"Terminal Road, Near PAT Airport, Patna, India"
3542,ANK,Pride Plaza Hotel (Ankleshwar Airport),10.0,5,9.3,2470,2483,0,0,"Terminal Road, Near ANK Airport, Ankleshwar, India"
3543,CNN,IBIS Airport Hotel (Kannur Airport),2.2,4,8.7,2193,9307,1,1,"Terminal Road, Near CNN Airport, Kannur, India"
3544,SXR,Ginger Airport Hotel (Srinagar Airport),2.2,5,8.4,2188,11938,1,1,"Terminal Road, Near SXR Airport, Srinagar, India"
3545,JGD,Lemon Tree Premier (Jagdalpur Airport),6.3,5,8.5,3372,4018,1,0,"Terminal Road, Near JGD Airport, Jagdalpur, India"
3546,KHA,IBIS Airport Hotel (Khandwa Airport),12.4,5,8.5,1640,7056,0,1,"Terminal Road, Near KHA Airport, Khandwa, India"
3547,DMU,Pride Plaza Hotel (Dimapur Airport),10.3,5,9.1,2021,3811,0,0,"Terminal Road, Near DMU Airport, Dimapur, India"
3548,BOK,Hyatt Regency Terminal (Bokaro Airport),2.4,4,8.5,1334,5544,1,0,"Terminal Road, Near BOK Airport, Bokaro, India"
3549,AMRE,Radisson Blu Airport (Amreli Airport),12.7,4,9.4,2662,8845,0,1,"Terminal Road, Near AMRE Airport, Amreli, India"
3550,AKL,OYO Townhouse Airport (Akola Airport),5.3,5,8.8,1124,10421,1,0,"Terminal Road, Near AKL Airport, Akola, India"
3551,IXT,Ginger Airport Hotel (Pasighat Airport),7.2,4,9.0,3630,8680,1,0,"Terminal Road, Near IXT Airport, Pasighat, India"
3552,VZY,ITC Grand Bharat (Vijayawada Airport),8.7,4,9.7,1364,4935,0,1,"Terminal Road, Near VZY Airport, Vijayawada, India"
3553,VTZ,Taj City Centre (Visakhapatnam Airport),3.6,5,9.1,3330,6448,1,0,"Terminal Road, Near VTZ Airport, Visakhapatnam, India"
3554,KHA,Pride Plaza Hotel (Khandwa Airport),10.2,4,9.2,972,7698,0,0,"Terminal Road, Near KHA Airport, Khandwa, India"
3555,SHL,Taj City Centre (Shillong Airport),9.6,3,8.8,675,3072,0,1,"Terminal Road, Near SHL Airport, Shillong, India"
3556,UDR,Novotel Airport Hotel (Udaipur Airport),6.8,5,9.5,3592,3871,1,0,"Terminal Road, Near UDR Airport, Udaipur, India"
3557,YTL,FabHotel Airport Inn (Yavatmal Airport),12.2,4,9.1,2768,3484,0,0,"Terminal Road, Near YTL Airport, Yavatmal, India"
3558,MOR,Lemon Tree Premier (Moradabad Airport),13.6,4,9.5,2850,6134,0,1,"Terminal Road, Near MOR Airport, Moradabad, India"
3559,JSA,Novotel Airport Hotel (Jaisalmer Airport),3.4,3,9.0,1947,10962,1,1,"Terminal Road, Near JSA Airport, Jaisalmer, India"
3560,PINJ,FabHotel Airport Inn (Panchkula / Pinjore Airport),13.3,3,9.2,3328,2596,0,1,"Terminal Road, Near PINJ Airport, Panchkula / Pinjore, India"
3561,ASL,OYO Townhouse Airport (Asansol Airport),3.7,4,8.8,1096,11499,1,1,"Terminal Road, Near ASL Airport, Asansol, India"
3562,GWL,OYO Townhouse Airport (Gwalior Airport),7.0,5,8.6,2532,2417,1,0,"Terminal Road, Near GWL Airport, Gwalior, India"
3563,AYJ,FabHotel Airport Inn (Ayodhya Airport),4.4,3,9.2,1939,5719,1,1,"Terminal Road, Near AYJ Airport, Ayodhya, India"
3564,DHR,Pride Plaza Hotel (Dibrugarh Airport),2.3,5,9.5,1312,2273,1,0,"Terminal Road, Near DHR Airport, Dibrugarh, India"
3565,UTL,Hyatt Regency Terminal (Barmer Airport),3.4,4,9.8,1414,6142,1,0,"Terminal Road, Near UTL Airport, Barmer, India"
3566,SIH,Lemon Tree Premier (Sirohi Airport),14.4,5,9.3,1990,8974,0,0,"Terminal Road, Near SIH Airport, Sirohi, India"
3567,KOK,Pride Plaza Hotel (Kokrajhar Airport),3.9,3,9.6,1201,11658,1,1,"Terminal Road, Near KOK Airport, Kokrajhar, India"
3568,ALD,Lemon Tree Premier (Aligarh Airport),11.6,4,8.3,3169,2170,0,0,"Terminal Road, Near ALD Airport, Aligarh, India"
3569,IXD,Radisson Blu Airport (Prayagraj (Allahabad) Airport),2.8,4,9.5,3559,7222,1,1,"Terminal Road, Near IXD Airport, Prayagraj (Allahabad), India"
3570,RGD,FabHotel Airport Inn (Raigarh Airport),3.7,5,9.1,1299,10403,1,1,"Terminal Road, Near RGD Airport, Raigarh, India"
3571,PNQ,Pride Plaza Hotel (Pune Airport),10.7,5,8.9,1453,9151,0,0,"Terminal Road, Near PNQ Airport, Pune, India"
3572,IXY,Novotel Airport Hotel (Kandla Airport),7.3,5,9.2,608,5729,1,1,"Terminal Road, Near IXY Airport, Kandla, India"
3573,SRA,IBIS Airport Hotel (Shravasti Airport),2.1,4,9.8,2131,2626,1,1,"Terminal Road, Near SRA Airport, Shravasti, India"
3574,LAT,Pride Plaza Hotel (Latur Airport),12.7,3,8.9,557,4077,0,0,"Terminal Road, Near LAT Airport, Latur, India"
3575,BGP,Ginger Airport Hotel (Bhagalpur Airport),4.9,5,9.6,901,8429,1,0,"Terminal Road, Near BGP Airport, Bhagalpur, India"
3576,IXP,Radisson Blu Airport (Pathankot Airport),0.6,4,8.9,3660,5689,1,0,"Terminal Road, Near IXP Airport, Pathankot, India"
3577,DHR,OYO Townhouse Airport (Dibrugarh Airport),9.7,4,9.0,1834,8315,0,1,"Terminal Road, Near DHR Airport, Dibrugarh, India"
3578,KHA,Novotel Airport Hotel (Khandwa Airport),13.5,3,9.4,828,4282,0,0,"Terminal Road, Near KHA Airport, Khandwa, India"
3579,DEL,Novotel Airport Hotel (New Delhi Airport),4.2,5,8.8,477,7659,1,0,"Terminal Road, Near DEL Airport, New Delhi, India"
3580,RXL,Novotel Airport Hotel (Raxaul Airport),11.9,3,9.6,1662,2898,0,0,"Terminal Road, Near RXL Airport, Raxaul, India"
3581,BHO,Taj City Centre (Bhopal Airport),1.5,4,9.2,439,6759,1,0,"Terminal Road, Near BHO Airport, Bhopal, India"
3582,GOP,Trident Airport Hotel (Ganjam / Gopalpur Airport),9.1,3,8.4,2410,6918,0,1,"Terminal Road, Near GOP Airport, Ganjam / Gopalpur, India"
3583,NVM,Trident Airport Hotel (Navi Mumbai Airport),13.0,4,8.5,1469,9020,0,0,"Terminal Road, Near NVM Airport, Navi Mumbai, India"
3584,DHR,Novotel Airport Hotel (Dibrugarh Airport),6.8,4,8.5,421,2320,1,0,"Terminal Road, Near DHR Airport, Dibrugarh, India"
3585,ANK,Radisson Blu Airport (Ankleshwar Airport),5.5,4,8.3,3321,3568,1,0,"Terminal Road, Near ANK Airport, Ankleshwar, India"
3586,GOP,Taj City Centre (Ganjam / Gopalpur Airport),9.1,3,9.5,3595,11219,0,0,"Terminal Road, Near GOP Airport, Ganjam / Gopalpur, India"
3587,CCU,Trident Airport Hotel (Kolkata Airport),13.3,5,9.7,2907,11774,0,0,"Terminal Road, Near CCU Airport, Kolkata, India"
3588,AMH,Pride Plaza Hotel (Azamgarh Airport),2.5,4,8.6,324,4676,1,0,"Terminal Road, Near AMH Airport, Azamgarh, India"
3589,NPL,OYO Townhouse Airport (Narnaul Airport),1.7,5,8.2,2987,3007,1,1,"Terminal Road, Near NPL Airport, Narnaul, India"
3590,AYJ,Trident Airport Hotel (Ayodhya Airport),13.1,4,9.3,3656,5187,0,1,"Terminal Road, Near AYJ Airport, Ayodhya, India"
3591,MYQ,Novotel Airport Hotel (Mysuru Airport),1.0,5,9.8,3650,3152,1,1,"Terminal Road, Near MYQ Airport, Mysuru, India"
3592,COB,FabHotel Airport Inn (Cooch Behar Airport),12.2,3,8.5,836,3990,0,0,"Terminal Road, Near COB Airport, Cooch Behar, India"
3593,CKU,OYO Townhouse Airport (Chakulia Airport),2.2,3,8.6,2960,9701,1,1,"Terminal Road, Near CKU Airport, Chakulia, India"
3594,SXR,Trident Airport Hotel (Srinagar Airport),13.6,5,9.2,2873,8187,0,1,"Terminal Road, Near SXR Airport, Srinagar, India"
3595,AGX,Taj City Centre (Agatti Island (Lakshadweep) Airport),6.9,5,9.1,693,7222,1,1,"Terminal Road, Near AGX Airport, Agatti Island (Lakshadweep), India"
3596,GOP,Pride Plaza Hotel (Ganjam / Gopalpur Airport),10.0,5,8.3,2623,5252,0,1,"Terminal Road, Near GOP Airport, Ganjam / Gopalpur, India"
3597,DIU,Novotel Airport Hotel (Diu Airport),10.5,5,8.5,1471,7911,0,0,"Terminal Road, Near DIU Airport, Diu, India"
3598,HZD,Radisson Blu Airport (Hazaribagh Airport),12.0,4,9.2,3751,2148,0,1,"Terminal Road, Near HZD Airport, Hazaribagh, India"
3599,BDQ,Ginger Airport Hotel (Vadodara Airport),9.7,5,9.4,397,3998,0,0,"Terminal Road, Near BDQ Airport, Vadodara, India"
3600,BLR,OYO Townhouse Airport (Bengaluru Airport),5.3,5,8.6,2937,6590,1,1,"Terminal Road, Near BLR Airport, Bengaluru, India"
3601,SNE,Trident Airport Hotel (Singrauli Airport),2.8,3,9.2,3416,5826,1,0,"Terminal Road, Near SNE Airport, Singrauli, India"
3602,BGP,Pride Plaza Hotel (Bhagalpur Airport),2.2,5,9.3,3361,5853,1,0,"Terminal Road, Near BGP Airport, Bhagalpur, India"
3603,HJR,Ginger Airport Hotel (Khajuraho Airport),10.5,5,9.5,1692,2818,0,0,"Terminal Road, Near HJR Airport, Khajuraho, India"
3604,ISK,Hyatt Regency Terminal (Nashik Airport),2.7,4,9.5,1680,4903,1,1,"Terminal Road, Near ISK Airport, Nashik, India"
3605,RAT,Hyatt Regency Terminal (Ratlam Airport),6.5,4,8.5,414,9806,1,0,"Terminal Road, Near RAT Airport, Ratlam, India"
3606,BHU,IBIS Airport Hotel (Bathinda Airport),9.9,3,8.5,754,5378,0,0,"Terminal Road, Near BHU Airport, Bathinda, India"
3607,VJZ,Pride Plaza Hotel (Bhogapuram / Vizianagaram Airport),2.8,4,8.9,1415,2209,1,1,"Terminal Road, Near VJZ Airport, Bhogapuram / Vizianagaram, India"
3608,SLV,Pride Plaza Hotel (Shimla Airport),1.9,4,8.2,3011,2981,1,0,"Terminal Road, Near SLV Airport, Shimla, India"
3609, سات,Trident Airport Hotel (Satna Airport),4.1,4,9.5,2972,4359,1,0,"Terminal Road, Near  سات Airport, Satna, India"
3610,RXL,ITC Grand Bharat (Raxaul Airport),8.3,3,8.4,786,3086,0,1,"Terminal Road, Near RXL Airport, Raxaul, India"
3611,BLR,Ginger Airport Hotel (Bengaluru Airport),5.1,4,8.2,1432,9067,1,0,"Terminal Road, Near BLR Airport, Bengaluru, India"
3612,RMD,OYO Townhouse Airport (Ratnagiri Airport),8.2,3,9.4,246,3139,0,1,"Terminal Road, Near RMD Airport, Ratnagiri, India"
3613,PBN,Pride Plaza Hotel (Parbhani Airport),2.7,3,8.4,1242,2190,1,0,"Terminal Road, Near PBN Airport, Parbhani, India"
3614,KAM,IBIS Airport Hotel (Kamalpur Airport),4.5,5,8.8,839,5710,1,0,"Terminal Road, Near KAM Airport, Kamalpur, India"
3615,ALD,Ginger Airport Hotel (Aligarh Airport),5.5,3,8.5,3626,11068,1,0,"Terminal Road, Near ALD Airport, Aligarh, India"
3616,BOK,Trident Airport Hotel (Bokaro Airport),2.6,3,8.2,396,8736,1,1,"Terminal Road, Near BOK Airport, Bokaro, India"
3617,AGR,FabHotel Airport Inn (Agra Airport),12.5,3,8.9,868,9225,0,0,"Terminal Road, Near AGR Airport, Agra, India"
3618,KOR,IBIS Airport Hotel (Koraput Airport),13.9,3,9.7,2978,6770,0,1,"Terminal Road, Near KOR Airport, Koraput, India"
3619,KHA,Taj City Centre (Khandwa Airport),6.2,3,8.5,1824,8339,1,1,"Terminal Road, Near KHA Airport, Khandwa, India"
3620,IXW,Taj City Centre (Jamshedpur Airport),8.3,4,9.1,3655,4359,0,1,"Terminal Road, Near IXW Airport, Jamshedpur, India"
3621,DON,Lemon Tree Premier (Bhadrak / Dhamra Airport),2.7,4,9.3,1351,6821,1,1,"Terminal Road, Near DON Airport, Bhadrak / Dhamra, India"
3622,IXL,Hyatt Regency Terminal (Leh (Ladakh) Airport),9.6,5,8.8,801,2944,0,1,"Terminal Road, Near IXL Airport, Leh (Ladakh), India"
3623,AMRE,IBIS Airport Hotel (Amreli Airport),1.1,5,9.5,2719,9305,1,1,"Terminal Road, Near AMRE Airport, Amreli, India"
3624,KUU,ITC Grand Bharat (Kullu / Manali Airport),1.4,4,9.1,2488,8642,1,1,"Terminal Road, Near KUU Airport, Kullu / Manali, India"
3625,BOK,FabHotel Airport Inn (Bokaro Airport),8.3,4,9.2,2644,6034,0,0,"Terminal Road, Near BOK Airport, Bokaro, India"
3626,LKO,ITC Grand Bharat (Lucknow Airport),1.6,3,9.5,1259,2389,1,0,"Terminal Road, Near LKO Airport, Lucknow, India"
3627,TEZ,FabHotel Airport Inn (Tezpur Airport),9.2,5,8.4,2491,10089,0,0,"Terminal Road, Near TEZ Airport, Tezpur, India"
3628,JLR,Lemon Tree Premier (Jabalpur Airport),6.0,5,8.3,1799,5072,1,1,"Terminal Road, Near JLR Airport, Jabalpur, India"
3629,JRG,Taj City Centre (Jharsuguda Airport),9.4,4,8.5,1277,10030,0,0,"Terminal Road, Near JRG Airport, Jharsuguda, India"
3630,PGH,FabHotel Airport Inn (Pantnagar / Nainital Airport),7.9,3,9.6,3555,10767,1,0,"Terminal Road, Near PGH Airport, Pantnagar / Nainital, India"
3631,IXT,Ginger Airport Hotel (Pasighat Airport),3.6,3,9.4,435,10761,1,0,"Terminal Road, Near IXT Airport, Pasighat, India"
3632,TEZ,IBIS Airport Hotel (Tezpur Airport),5.6,4,9.1,770,2332,1,0,"Terminal Road, Near TEZ Airport, Tezpur, India"
3633,SXV,Ginger Airport Hotel (Shivamogga Airport),10.2,3,8.1,3329,7325,0,1,"Terminal Road, Near SXV Airport, Shivamogga, India"
3634,SXR,Radisson Blu Airport (Srinagar Airport),12.6,4,8.7,2849,10720,0,1,"Terminal Road, Near SXR Airport, Srinagar, India"
3635,ISK,FabHotel Airport Inn (Nashik Airport),7.6,5,9.7,1914,6317,1,0,"Terminal Road, Near ISK Airport, Nashik, India"
3636,GAY,OYO Townhouse Airport (Gaya Airport),8.0,5,8.9,145,10084,0,0,"Terminal Road, Near GAY Airport, Gaya, India"
3637,HSS,Novotel Airport Hotel (Hisar Airport),1.7,3,8.8,2102,9429,1,1,"Terminal Road, Near HSS Airport, Hisar, India"
3638,SRA,OYO Townhouse Airport (Shravasti Airport),9.4,3,8.6,1392,12374,0,1,"Terminal Road, Near SRA Airport, Shravasti, India"
3639,IDR,Novotel Airport Hotel (Indore Airport),4.6,4,9.0,3320,3621,1,1,"Terminal Road, Near IDR Airport, Indore, India"
3640,ZER,Taj City Centre (Ziro Airport),2.3,5,8.3,1685,12280,1,0,"Terminal Road, Near ZER Airport, Ziro, India"
3641,SIH,Hyatt Regency Terminal (Sirohi Airport),6.4,5,9.1,2547,12376,1,0,"Terminal Road, Near SIH Airport, Sirohi, India"
3642,IDR,Lemon Tree Premier (Indore Airport),1.5,4,9.6,501,4566,1,0,"Terminal Road, Near IDR Airport, Indore, India"
3643,VTZ,Lemon Tree Premier (Visakhapatnam Airport),11.2,5,8.2,2478,12183,0,0,"Terminal Road, Near VTZ Airport, Visakhapatnam, India"
3644,AMD,Trident Airport Hotel (Ahmedabad Airport),0.6,4,9.0,2063,4708,1,1,"Terminal Road, Near AMD Airport, Ahmedabad, India"
3645,IXG,Hyatt Regency Terminal (Belagavi Airport),0.6,5,9.2,858,12367,1,1,"Terminal Road, Near IXG Airport, Belagavi, India"
3646,NEEM,Hyatt Regency Terminal (Neemuch Airport),11.8,5,9.2,507,4562,0,0,"Terminal Road, Near NEEM Airport, Neemuch, India"
3647,PINJ,IBIS Airport Hotel (Panchkula / Pinjore Airport),2.4,3,9.5,3694,8995,1,0,"Terminal Road, Near PINJ Airport, Panchkula / Pinjore, India"
3648,SXR,FabHotel Airport Inn (Srinagar Airport),10.1,3,9.1,2696,11705,0,1,"Terminal Road, Near SXR Airport, Srinagar, India"
3649,SXV,Hyatt Regency Terminal (Shivamogga Airport),1.4,5,9.3,3227,3002,1,0,"Terminal Road, Near SXV Airport, Shivamogga, India"
3650,IXJ,Hyatt Regency Terminal (Jammu Airport),13.7,4,8.7,3133,5887,0,0,"Terminal Road, Near IXJ Airport, Jammu, India"
3651,ASL,IBIS Airport Hotel (Asansol Airport),13.2,3,9.1,1711,12482,0,0,"Terminal Road, Near ASL Airport, Asansol, India"
3652,KHO,Lemon Tree Premier (Khowai Airport),7.9,4,8.7,849,12223,1,0,"Terminal Road, Near KHO Airport, Khowai, India"
3653,LUD,Taj City Centre (Ludhiana Airport),4.6,5,9.3,1805,12104,1,0,"Terminal Road, Near LUD Airport, Ludhiana, India"
3654,RAT,IBIS Airport Hotel (Ratlam Airport),12.1,4,9.0,1884,10646,0,1,"Terminal Road, Near RAT Airport, Ratlam, India"
3655,PINJ,Hyatt Regency Terminal (Panchkula / Pinjore Airport),3.3,4,8.9,3058,8719,1,0,"Terminal Road, Near PINJ Airport, Panchkula / Pinjore, India"
3656,PUR,FabHotel Airport Inn (Purulia Airport),13.0,5,8.3,3062,5333,0,1,"Terminal Road, Near PUR Airport, Purulia, India"
3657,JHW,OYO Townhouse Airport (Jhalawar Airport),4.2,3,9.4,2466,7198,1,0,"Terminal Road, Near JHW Airport, Jhalawar, India"
3658,VZY,Lemon Tree Premier (Vijayawada Airport),9.4,3,8.4,2796,9184,0,1,"Terminal Road, Near VZY Airport, Vijayawada, India"
3659,TEZU,Taj City Centre (Tezu Airport),1.1,4,9.3,212,11997,1,0,"Terminal Road, Near TEZU Airport, Tezu, India"
3660,GWL,IBIS Airport Hotel (Gwalior Airport),7.8,3,9.2,1900,10426,1,0,"Terminal Road, Near GWL Airport, Gwalior, India"
3661,IXL,ITC Grand Bharat (Leh (Ladakh) Airport),7.6,3,8.4,1491,8409,1,1,"Terminal Road, Near IXL Airport, Leh (Ladakh), India"
3662,VNS,Ginger Airport Hotel (Varanasi Airport),14.0,5,9.4,3602,9503,0,0,"Terminal Road, Near VNS Airport, Varanasi, India"
3663,BVC,Ginger Airport Hotel (Bhavnagar Airport),8.1,3,8.6,2902,7933,0,0,"Terminal Road, Near BVC Airport, Bhavnagar, India"
3664,AMD,Lemon Tree Premier (Ahmedabad Airport),5.3,5,9.2,2798,11243,1,1,"Terminal Road, Near AMD Airport, Ahmedabad, India"
3665,ANK,ITC Grand Bharat (Ankleshwar Airport),10.2,5,8.6,2262,3519,0,1,"Terminal Road, Near ANK Airport, Ankleshwar, India"
3666,PAT,Lemon Tree Premier (Patna Airport),13.4,5,8.4,1461,12077,0,1,"Terminal Road, Near PAT Airport, Patna, India"
3667,CFH,Lemon Tree Premier (Chitrakoot Airport),5.6,5,9.5,3461,7910,1,1,"Terminal Road, Near CFH Airport, Chitrakoot, India"
3668,DHR,Radisson Blu Airport (Dibrugarh Airport),4.7,3,8.8,1249,4092,1,0,"Terminal Road, Near DHR Airport, Dibrugarh, India"
3669,IXR,ITC Grand Bharat (Ranchi Airport),12.5,4,9.7,1098,9211,0,0,"Terminal Road, Near IXR Airport, Ranchi, India"
3670,DBR,ITC Grand Bharat (Darbhanga Airport),11.5,4,9.1,2612,7559,0,0,"Terminal Road, Near DBR Airport, Darbhanga, India"
3671,KARN,IBIS Airport Hotel (Karnal Airport),3.5,3,8.3,2061,10749,1,0,"Terminal Road, Near KARN Airport, Karnal, India"
3672,JDH,Trident Airport Hotel (Jodhpur Airport),10.1,3,9.3,2879,6220,0,1,"Terminal Road, Near JDH Airport, Jodhpur, India"
3673,JGA,OYO Townhouse Airport (Jamnagar Airport),5.2,4,8.9,3322,2615,1,1,"Terminal Road, Near JGA Airport, Jamnagar, India"
3674,RPR,Novotel Airport Hotel (Raipur Airport),3.6,3,8.7,1897,4191,1,0,"Terminal Road, Near RPR Airport, Raipur, India"
3675,SSE,OYO Townhouse Airport (Solapur Airport),10.2,3,8.6,214,3683,0,1,"Terminal Road, Near SSE Airport, Solapur, India"
3676,KUU,Hyatt Regency Terminal (Kullu / Manali Airport),1.8,3,9.2,3387,11276,1,0,"Terminal Road, Near KUU Airport, Kullu / Manali, India"
3677,BKN,Ginger Airport Hotel (Bikaner Airport),7.3,5,8.9,2693,9248,1,1,"Terminal Road, Near BKN Airport, Bikaner, India"
3678,NAG,Ginger Airport Hotel (Nagpur Airport),13.0,4,8.9,585,4824,0,1,"Terminal Road, Near NAG Airport, Nagpur, India"
3679,HJR,Novotel Airport Hotel (Khajuraho Airport),0.5,4,8.8,1617,2871,1,1,"Terminal Road, Near HJR Airport, Khajuraho, India"
3680,CKU,Pride Plaza Hotel (Chakulia Airport),10.8,4,8.3,2731,10984,0,0,"Terminal Road, Near CKU Airport, Chakulia, India"
3681,MOR,Pride Plaza Hotel (Moradabad Airport),2.9,5,8.9,3571,11933,1,0,"Terminal Road, Near MOR Airport, Moradabad, India"
3682,BLT,ITC Grand Bharat (Balurghat Airport),11.2,5,9.1,553,11952,0,1,"Terminal Road, Near BLT Airport, Balurghat, India"
3683,RJA,ITC Grand Bharat (Rajahmundry Airport),6.9,3,9.2,321,2901,1,1,"Terminal Road, Near RJA Airport, Rajahmundry, India"
3684,HBI,Taj City Centre (Itanagar Airport),2.1,5,8.8,2767,3583,1,0,"Terminal Road, Near HBI Airport, Itanagar, India"
3685,GWL,Taj City Centre (Gwalior Airport),11.2,3,9.6,1332,11230,0,0,"Terminal Road, Near GWL Airport, Gwalior, India"
3686,KOK,FabHotel Airport Inn (Kokrajhar Airport),4.7,3,9.2,2329,10019,1,1,"Terminal Road, Near KOK Airport, Kokrajhar, India"
3687,RAT,IBIS Airport Hotel (Ratlam Airport),4.8,5,9.2,1733,10638,1,0,"Terminal Road, Near RAT Airport, Ratlam, India"
3688,IXB,Novotel Airport Hotel (Siliguri / Bagdogra Airport),12.0,4,9.6,2564,6993,0,1,"Terminal Road, Near IXB Airport, Siliguri / Bagdogra, India"
3689,PYG,Ginger Airport Hotel (Gangtok / Pakyong (Sikkim) Airport),1.0,4,8.9,1064,9495,1,1,"Terminal Road, Near PYG Airport, Gangtok / Pakyong (Sikkim), India"
3690,BAR,Novotel Airport Hotel (Baramati Airport),10.5,3,9.1,2273,2501,0,1,"Terminal Road, Near BAR Airport, Baramati, India"
3691,SAG,OYO Townhouse Airport (Shirdi Airport),0.5,4,9.5,1497,5474,1,0,"Terminal Road, Near SAG Airport, Shirdi, India"
3692,PUI,Taj City Centre (Purnea Airport),5.7,3,9.2,1282,9540,1,1,"Terminal Road, Near PUI Airport, Purnea, India"
3693,AMB,IBIS Airport Hotel (Ambikapur Airport),1.2,5,8.5,2256,2916,1,0,"Terminal Road, Near AMB Airport, Ambikapur, India"
3694,NAG,Ginger Airport Hotel (Nagpur Airport),11.0,4,9.0,3221,9432,0,0,"Terminal Road, Near NAG Airport, Nagpur, India"
3695,JHW,Novotel Airport Hotel (Jhalawar Airport),3.5,5,9.1,3074,8499,1,1,"Terminal Road, Near JHW Airport, Jhalawar, India"
3696,NEEM,Ginger Airport Hotel (Neemuch Airport),7.7,4,8.8,526,6979,1,1,"Terminal Road, Near NEEM Airport, Neemuch, India"
3697,MYQ,Novotel Airport Hotel (Mysuru Airport),10.7,5,8.5,1881,4494,0,0,"Terminal Road, Near MYQ Airport, Mysuru, India"
3698,IXB,Hyatt Regency Terminal (Siliguri / Bagdogra Airport),8.2,4,8.5,3074,10780,0,1,"Terminal Road, Near IXB Airport, Siliguri / Bagdogra, India"
3699,BAR,ITC Grand Bharat (Baramati Airport),1.5,5,8.7,396,11096,1,0,"Terminal Road, Near BAR Airport, Baramati, India"
3700,DON,IBIS Airport Hotel (Bhadrak / Dhamra Airport),9.5,4,9.8,2389,12117,0,0,"Terminal Road, Near DON Airport, Bhadrak / Dhamra, India"
3701,JRG,ITC Grand Bharat (Jharsuguda Airport),3.0,3,9.6,1582,12461,1,0,"Terminal Road, Near JRG Airport, Jharsuguda, India"
3702,CCJ,FabHotel Airport Inn (Kozhikode (Calicut) Airport),1.4,4,8.9,3436,3522,1,1,"Terminal Road, Near CCJ Airport, Kozhikode (Calicut), India"
3703,AMH,IBIS Airport Hotel (Azamgarh Airport),1.4,5,9.7,2332,7850,1,1,"Terminal Road, Near AMH Airport, Azamgarh, India"
3704,DUM,Novotel Airport Hotel (Dumka Airport),10.0,5,8.6,217,11424,0,1,"Terminal Road, Near DUM Airport, Dumka, India"
3705,RJA,Ginger Airport Hotel (Rajahmundry Airport),6.2,3,9.6,3515,12491,1,1,"Terminal Road, Near RJA Airport, Rajahmundry, India"
3706,HZD,Radisson Blu Airport (Hazaribagh Airport),11.1,4,9.4,2210,9148,0,1,"Terminal Road, Near HZD Airport, Hazaribagh, India"
3707,IXE,IBIS Airport Hotel (Mangaluru Airport),6.6,3,8.4,2187,2346,1,0,"Terminal Road, Near IXE Airport, Mangaluru, India"
3708,SRA,Hyatt Regency Terminal (Shravasti Airport),10.1,5,8.1,1856,9768,0,1,"Terminal Road, Near SRA Airport, Shravasti, India"
3709,KJB,Radisson Blu Airport (Kurnool (Orvakal) Airport),14.1,5,9.8,608,6807,0,1,"Terminal Road, Near KJB Airport, Kurnool (Orvakal), India"
3710,CFH,Ginger Airport Hotel (Chitrakoot Airport),14.1,3,9.5,1904,10188,0,0,"Terminal Road, Near CFH Airport, Chitrakoot, India"
3711,PNQ,Hyatt Regency Terminal (Pune Airport),8.2,3,9.0,1144,8881,0,1,"Terminal Road, Near PNQ Airport, Pune, India"
3712,IXL,Novotel Airport Hotel (Leh (Ladakh) Airport),8.9,3,8.5,2894,6057,0,0,"Terminal Road, Near IXL Airport, Leh (Ladakh), India"
3713,PNV,Pride Plaza Hotel (Porbandar Airport),1.2,4,8.6,2788,10911,1,1,"Terminal Road, Near PNV Airport, Porbandar, India"
3714,VNS,Hyatt Regency Terminal (Varanasi Airport),5.9,3,9.8,2562,7502,1,1,"Terminal Road, Near VNS Airport, Varanasi, India"
3715,NVY,Ginger Airport Hotel (Neyveli Airport),10.3,3,9.0,2365,7792,0,1,"Terminal Road, Near NVY Airport, Neyveli, India"
3716,TCR,Radisson Blu Airport (Thoothukudi (Tuticorin) Airport),3.5,3,9.6,482,3867,1,0,"Terminal Road, Near TCR Airport, Thoothukudi (Tuticorin), India"
3717,IXL,Ginger Airport Hotel (Leh (Ladakh) Airport),1.1,4,8.6,3081,2059,1,1,"Terminal Road, Near IXL Airport, Leh (Ladakh), India"
3718,TIR,Taj City Centre (Tirupati Airport),1.9,4,8.3,1813,12109,1,0,"Terminal Road, Near TIR Airport, Tirupati, India"
3719,IXG,Hyatt Regency Terminal (Belagavi Airport),6.2,4,8.7,1756,11219,1,0,"Terminal Road, Near IXG Airport, Belagavi, India"
3720,ATQ,Lemon Tree Premier (Amritsar Airport),2.1,4,8.8,3437,7508,1,1,"Terminal Road, Near ATQ Airport, Amritsar, India"
3721,JGD,Taj City Centre (Jagdalpur Airport),9.4,4,8.2,3693,1949,0,0,"Terminal Road, Near JGD Airport, Jagdalpur, India"
3722,COK,Radisson Blu Airport (Kochi Airport),12.0,4,9.2,878,3400,0,1,"Terminal Road, Near COK Airport, Kochi, India"
3723,HIR,Trident Airport Hotel (Sambalpur Airport),2.0,3,8.3,1411,6650,1,0,"Terminal Road, Near HIR Airport, Sambalpur, India"
3724,GAW,Pride Plaza Hotel (Guwahati Airport),13.9,4,9.0,3046,4117,0,1,"Terminal Road, Near GAW Airport, Guwahati, India"
3725,MZS,Trident Airport Hotel (Sonbhadra Airport),6.1,3,8.2,1619,4672,1,0,"Terminal Road, Near MZS Airport, Sonbhadra, India"
3726,AMH,Ginger Airport Hotel (Azamgarh Airport),3.4,5,9.6,364,5176,1,0,"Terminal Road, Near AMH Airport, Azamgarh, India"
3727,JAI,Taj City Centre (Jaipur Airport),9.7,4,9.1,779,4643,0,0,"Terminal Road, Near JAI Airport, Jaipur, India"
3728,IXG,OYO Townhouse Airport (Belagavi Airport),1.0,4,9.8,3125,12151,1,0,"Terminal Road, Near IXG Airport, Belagavi, India"
3729,LGP,Trident Airport Hotel (Rupsi / Dhubri Airport),9.7,4,8.5,1104,5457,0,0,"Terminal Road, Near LGP Airport, Rupsi / Dhubri, India"
3730,DON,ITC Grand Bharat (Bhadrak / Dhamra Airport),13.8,3,9.3,2533,3368,0,1,"Terminal Road, Near DON Airport, Bhadrak / Dhamra, India"
3731,JLG,Radisson Blu Airport (Jalgaon Airport),1.2,4,8.1,1965,6160,1,0,"Terminal Road, Near JLG Airport, Jalgaon, India"
3732,HBX,OYO Townhouse Airport (Hubballi / Dharwad Airport),2.3,4,8.7,1281,5595,1,1,"Terminal Road, Near HBX Airport, Hubballi / Dharwad, India"
3733,RMD,Novotel Airport Hotel (Ratnagiri Airport),13.2,3,9.7,1649,9904,0,1,"Terminal Road, Near RMD Airport, Ratnagiri, India"
3734,SNE,Novotel Airport Hotel (Singrauli Airport),10.1,4,9.6,1580,5799,0,1,"Terminal Road, Near SNE Airport, Singrauli, India"
3735,AMB,Ginger Airport Hotel (Ambikapur Airport),5.8,5,8.3,1984,5731,1,1,"Terminal Road, Near AMB Airport, Ambikapur, India"
3736,IXT,Novotel Airport Hotel (Pasighat Airport),0.5,4,8.6,2092,11107,1,0,"Terminal Road, Near IXT Airport, Pasighat, India"
3737,IXS,FabHotel Airport Inn (Silchar Airport),10.9,3,9.6,2099,2859,0,1,"Terminal Road, Near IXS Airport, Silchar, India"
3738,ANK,Radisson Blu Airport (Ankleshwar Airport),2.9,4,8.8,3329,10442,1,0,"Terminal Road, Near ANK Airport, Ankleshwar, India"
3739,BHJ,FabHotel Airport Inn (Bhuj (Kutch) Airport),8.7,4,8.7,2730,11532,0,1,"Terminal Road, Near BHJ Airport, Bhuj (Kutch), India"
3740,BOK,Lemon Tree Premier (Bokaro Airport),13.0,5,9.5,2893,10691,0,1,"Terminal Road, Near BOK Airport, Bokaro, India"
3741,COK,Lemon Tree Premier (Kochi Airport),3.2,5,8.7,1894,2668,1,0,"Terminal Road, Near COK Airport, Kochi, India"
3742,KAM,Pride Plaza Hotel (Kamalpur Airport),3.3,5,8.5,2401,3934,1,0,"Terminal Road, Near KAM Airport, Kamalpur, India"
3743,KQH,Ginger Airport Hotel (Ajmer / Kishangarh Airport),7.4,4,9.3,185,8802,1,1,"Terminal Road, Near KQH Airport, Ajmer / Kishangarh, India"
3744,HIR,Trident Airport Hotel (Sambalpur Airport),6.8,3,9.8,2748,12467,1,1,"Terminal Road, Near HIR Airport, Sambalpur, India"
3745,RPR,Ginger Airport Hotel (Raipur Airport),11.0,3,9.1,922,4971,0,1,"Terminal Road, Near RPR Airport, Raipur, India"
3746,LUD,Hyatt Regency Terminal (Ludhiana Airport),10.4,5,9.7,2795,11655,0,0,"Terminal Road, Near LUD Airport, Ludhiana, India"
3747,HBI,Hyatt Regency Terminal (Itanagar Airport),10.6,4,9.3,2338,12012,0,0,"Terminal Road, Near HBI Airport, Itanagar, India"
3748,LGP,Lemon Tree Premier (Rupsi / Dhubri Airport),13.9,5,8.7,1713,10007,0,0,"Terminal Road, Near LGP Airport, Rupsi / Dhubri, India"
3749,SAH,Trident Airport Hotel (Saharanpur Airport),12.5,3,9.7,3200,11015,0,1,"Terminal Road, Near SAH Airport, Saharanpur, India"
3750,JRH,Pride Plaza Hotel (Jorhat Airport),9.9,4,9.5,3512,1907,0,0,"Terminal Road, Near JRH Airport, Jorhat, India"
3751,HSR,Novotel Airport Hotel (Rajkot Airport),4.4,3,9.7,530,11542,1,0,"Terminal Road, Near HSR Airport, Rajkot, India"
3752,PNY,ITC Grand Bharat (Puducherry Airport),1.3,5,9.1,1296,8699,1,0,"Terminal Road, Near PNY Airport, Puducherry, India"
3753,PBF,Novotel Airport Hotel (Bilaspur Airport),11.0,5,8.9,2753,3778,0,0,"Terminal Road, Near PBF Airport, Bilaspur, India"
3754,SNE,ITC Grand Bharat (Singrauli Airport),6.2,5,8.2,1294,3653,1,0,"Terminal Road, Near SNE Airport, Singrauli, India"
3755,AMD,IBIS Airport Hotel (Ahmedabad Airport),9.1,3,8.5,2381,12230,0,1,"Terminal Road, Near AMD Airport, Ahmedabad, India"
3756,HBX,IBIS Airport Hotel (Hubballi / Dharwad Airport),1.3,4,8.4,2481,6467,1,1,"Terminal Road, Near HBX Airport, Hubballi / Dharwad, India"
3757,DEL,Radisson Blu Airport (New Delhi Airport),11.9,3,9.0,3753,5304,0,0,"Terminal Road, Near DEL Airport, New Delhi, India"
3758,RPR,Radisson Blu Airport (Raipur Airport),3.3,5,8.2,1754,10214,1,0,"Terminal Road, Near RPR Airport, Raipur, India"
3759,OSB,Taj City Centre (Dharashiv Airport),13.4,3,9.0,2635,8945,0,1,"Terminal Road, Near OSB Airport, Dharashiv, India"
3760,AGX,Novotel Airport Hotel (Agatti Island (Lakshadweep) Airport),10.4,5,9.2,186,10264,0,0,"Terminal Road, Near AGX Airport, Agatti Island (Lakshadweep), India"
3761,JLG,IBIS Airport Hotel (Jalgaon Airport),1.2,4,9.2,824,7639,1,1,"Terminal Road, Near JLG Airport, Jalgaon, India"
3762,IXA,Hyatt Regency Terminal (Agartala Airport),9.1,4,9.4,1362,8007,0,1,"Terminal Road, Near IXA Airport, Agartala, India"
3763,IXM,Trident Airport Hotel (Madurai Airport),5.1,5,8.4,3040,3895,1,1,"Terminal Road, Near IXM Airport, Madurai, India"
3764,BPI,Novotel Airport Hotel (Mayurbhanj Airport),10.8,5,8.5,3777,5904,0,1,"Terminal Road, Near BPI Airport, Mayurbhanj, India"
3765,SXV,Novotel Airport Hotel (Shivamogga Airport),4.9,3,9.3,3254,6340,1,1,"Terminal Road, Near SXV Airport, Shivamogga, India"
3766, سات,IBIS Airport Hotel (Satna Airport),2.5,3,8.3,764,8382,1,1,"Terminal Road, Near  سات Airport, Satna, India"
3767,BGP,Trident Airport Hotel (Bhagalpur Airport),3.9,4,8.6,2677,10358,1,0,"Terminal Road, Near BGP Airport, Bhagalpur, India"
3768,SIH,Lemon Tree Premier (Sirohi Airport),1.9,4,8.7,3795,10416,1,1,"Terminal Road, Near SIH Airport, Sirohi, India"
3769,TEZ,Pride Plaza Hotel (Tezpur Airport),9.6,5,9.3,3146,9299,0,0,"Terminal Road, Near TEZ Airport, Tezpur, India"
3770,BVC,Ginger Airport Hotel (Bhavnagar Airport),14.2,3,9.2,255,5967,0,1,"Terminal Road, Near BVC Airport, Bhavnagar, India"
3771,KHO,FabHotel Airport Inn (Khowai Airport),7.3,5,8.6,3647,12341,1,0,"Terminal Road, Near KHO Airport, Khowai, India"
3772,KOK,Lemon Tree Premier (Kokrajhar Airport),1.2,3,8.2,1045,1820,1,1,"Terminal Road, Near KOK Airport, Kokrajhar, India"
3773,RJA,Ginger Airport Hotel (Rajahmundry Airport),4.1,4,9.1,679,5842,1,1,"Terminal Road, Near RJA Airport, Rajahmundry, India"
3774,PNY,Ginger Airport Hotel (Puducherry Airport),11.3,5,9.6,2153,11947,0,1,"Terminal Road, Near PNY Airport, Puducherry, India"
3775,SDW,ITC Grand Bharat (Sindhudurg Airport),6.2,4,9.5,3749,10913,1,1,"Terminal Road, Near SDW Airport, Sindhudurg, India"
3776,ALD,OYO Townhouse Airport (Aligarh Airport),4.8,3,9.5,3586,6550,1,1,"Terminal Road, Near ALD Airport, Aligarh, India"
3777,KAI,Trident Airport Hotel (Kailashahar Airport),0.8,3,8.2,2501,6325,1,1,"Terminal Road, Near KAI Airport, Kailashahar, India"
3778,BTH,OYO Townhouse Airport (Bettiah Airport),6.7,5,9.3,2968,9300,1,1,"Terminal Road, Near BTH Airport, Bettiah, India"
3779,SIV,Radisson Blu Airport (Sivasagar Airport),9.2,5,8.3,2252,1992,0,1,"Terminal Road, Near SIV Airport, Sivasagar, India"
3780,KNU,ITC Grand Bharat (Kanpur Airport),4.5,3,8.5,561,8877,1,1,"Terminal Road, Near KNU Airport, Kanpur, India"
3781,DUM,IBIS Airport Hotel (Dumka Airport),7.6,4,8.9,987,4500,1,1,"Terminal Road, Near DUM Airport, Dumka, India"
3782,AJL,Novotel Airport Hotel (Aizawl Airport),3.9,3,9.8,1192,7777,1,0,"Terminal Road, Near AJL Airport, Aizawl, India"
3783,PNQ,OYO Townhouse Airport (Pune Airport),1.2,3,8.5,2564,4055,1,1,"Terminal Road, Near PNQ Airport, Pune, India"
3784,RKG,Taj City Centre (Durgapur Airport),1.0,4,8.5,654,3047,1,0,"Terminal Road, Near RKG Airport, Durgapur, India"
3785,LUD,Trident Airport Hotel (Ludhiana Airport),6.5,4,8.6,631,9419,1,0,"Terminal Road, Near LUD Airport, Ludhiana, India"
3786,DHM,FabHotel Airport Inn (Dharamshala / Kangra Airport),14.0,3,8.8,3323,6127,0,1,"Terminal Road, Near DHM Airport, Dharamshala / Kangra, India"
3787,RGD,OYO Townhouse Airport (Raigarh Airport),9.9,4,9.1,3167,3304,0,0,"Terminal Road, Near RGD Airport, Raigarh, India"
3788,KHA,FabHotel Airport Inn (Khandwa Airport),12.9,4,9.8,3473,5371,0,1,"Terminal Road, Near KHA Airport, Khandwa, India"
3789,DMU,Lemon Tree Premier (Dimapur Airport),4.0,5,8.9,595,6296,1,1,"Terminal Road, Near DMU Airport, Dimapur, India"
3790,BOK,Trident Airport Hotel (Bokaro Airport),10.9,3,9.5,1109,2996,0,1,"Terminal Road, Near BOK Airport, Bokaro, India"
3791,RKG,ITC Grand Bharat (Durgapur Airport),2.4,3,9.6,320,5235,1,1,"Terminal Road, Near RKG Airport, Durgapur, India"
3792,HBX,Taj City Centre (Hubballi / Dharwad Airport),9.3,4,8.7,290,11981,0,1,"Terminal Road, Near HBX Airport, Hubballi / Dharwad, India"
3793,PINJ,Radisson Blu Airport (Panchkula / Pinjore Airport),5.9,3,8.5,2409,2215,1,1,"Terminal Road, Near PINJ Airport, Panchkula / Pinjore, India"
3794,KAR,Taj City Centre (Karad / Satara Airport),5.8,3,9.3,3309,11491,1,1,"Terminal Road, Near KAR Airport, Karad / Satara, India"
3795,SXV,Ginger Airport Hotel (Shivamogga Airport),3.9,4,9.3,1403,9167,1,0,"Terminal Road, Near SXV Airport, Shivamogga, India"
3796,BKN,Novotel Airport Hotel (Bikaner Airport),10.9,4,9.4,3688,6624,0,1,"Terminal Road, Near BKN Airport, Bikaner, India"
3797,RXL,FabHotel Airport Inn (Raxaul Airport),6.2,4,9.7,2565,5762,1,1,"Terminal Road, Near RXL Airport, Raxaul, India"
3798,PAL,OYO Townhouse Airport (Pali Airport),9.4,5,9.1,1753,10025,0,1,"Terminal Road, Near PAL Airport, Pali, India"
3799,CJB,Novotel Airport Hotel (Coimbatore Airport),9.9,5,9.1,541,4295,0,0,"Terminal Road, Near CJB Airport, Coimbatore, India"
3800,MRA,Taj City Centre (Noida / Jewar Airport),7.4,4,8.8,2325,4556,1,0,"Terminal Road, Near MRA Airport, Noida / Jewar, India"
3801,PYB,IBIS Airport Hotel (Jeypore Airport),12.4,4,8.8,1434,5619,0,0,"Terminal Road, Near PYB Airport, Jeypore, India"
3802,JLR,FabHotel Airport Inn (Jabalpur Airport),2.3,5,8.4,2729,11249,1,1,"Terminal Road, Near JLR Airport, Jabalpur, India"
3803,IXY,OYO Townhouse Airport (Kandla Airport),8.8,5,8.9,3792,11653,0,0,"Terminal Road, Near IXY Airport, Kandla, India"
3804,COK,Taj City Centre (Kochi Airport),6.4,3,9.4,1202,9779,1,0,"Terminal Road, Near COK Airport, Kochi, India"
3805,KAM,IBIS Airport Hotel (Kamalpur Airport),9.4,5,8.8,3368,10414,0,0,"Terminal Road, Near KAM Airport, Kamalpur, India"
3806,SXR,FabHotel Airport Inn (Srinagar Airport),1.2,4,9.5,1765,10798,1,1,"Terminal Road, Near SXR Airport, Srinagar, India"
3807,BVC,Pride Plaza Hotel (Bhavnagar Airport),7.6,4,9.3,260,6047,1,0,"Terminal Road, Near BVC Airport, Bhavnagar, India"
3808,PBF,Novotel Airport Hotel (Bilaspur Airport),5.3,3,8.8,3777,5074,1,1,"Terminal Road, Near PBF Airport, Bilaspur, India"
3809,PUI,Ginger Airport Hotel (Purnea Airport),9.7,4,8.1,3016,5212,0,0,"Terminal Road, Near PUI Airport, Purnea, India"
3810,JAI,Taj City Centre (Jaipur Airport),8.4,4,8.6,2597,8138,0,0,"Terminal Road, Near JAI Airport, Jaipur, India"
3811,KHO,Novotel Airport Hotel (Khowai Airport),4.9,5,9.2,3358,6367,1,0,"Terminal Road, Near KHO Airport, Khowai, India"
3812,JHW,FabHotel Airport Inn (Jhalawar Airport),8.3,5,9.5,207,3599,0,0,"Terminal Road, Near JHW Airport, Jhalawar, India"
3813,UTL,Lemon Tree Premier (Barmer Airport),2.2,5,9.0,2052,3996,1,0,"Terminal Road, Near UTL Airport, Barmer, India"
3814,KAM,Pride Plaza Hotel (Kamalpur Airport),12.6,4,8.9,2792,6385,0,0,"Terminal Road, Near KAM Airport, Kamalpur, India"
3815,MOR,Pride Plaza Hotel (Moradabad Airport),14.0,4,8.6,1295,7632,0,0,"Terminal Road, Near MOR Airport, Moradabad, India"
3816,DMO,Ginger Airport Hotel (Damoh Airport),10.3,3,9.4,2754,5746,0,1,"Terminal Road, Near DMO Airport, Damoh, India"
3817,JSA,OYO Townhouse Airport (Jaisalmer Airport),2.4,3,8.5,545,3213,1,0,"Terminal Road, Near JSA Airport, Jaisalmer, India"
3818,CFH,Radisson Blu Airport (Chitrakoot Airport),2.2,4,9.7,2885,12272,1,0,"Terminal Road, Near CFH Airport, Chitrakoot, India"
3819,NVM,IBIS Airport Hotel (Navi Mumbai Airport),1.9,3,8.1,3237,11687,1,0,"Terminal Road, Near NVM Airport, Navi Mumbai, India"
3820,AMB,Lemon Tree Premier (Ambikapur Airport),6.7,3,9.8,3239,4252,1,1,"Terminal Road, Near AMB Airport, Ambikapur, India"
3821,BKN,Radisson Blu Airport (Bikaner Airport),6.4,3,9.5,1301,2394,1,0,"Terminal Road, Near BKN Airport, Bikaner, India"
3822,RAT,Hyatt Regency Terminal (Ratlam Airport),9.2,5,8.7,3133,4973,0,0,"Terminal Road, Near RAT Airport, Ratlam, India"
3823,PAT,OYO Townhouse Airport (Patna Airport),3.7,5,9.5,2811,5703,1,0,"Terminal Road, Near PAT Airport, Patna, India"
3824, سات,OYO Townhouse Airport (Satna Airport),5.8,3,9.0,3219,2281,1,1,"Terminal Road, Near  سات Airport, Satna, India"
3825,GAY,Hyatt Regency Terminal (Gaya Airport),1.7,5,8.5,1865,6582,1,1,"Terminal Road, Near GAY Airport, Gaya, India"
3826,NAG,Lemon Tree Premier (Nagpur Airport),5.5,3,8.3,3324,4617,1,1,"Terminal Road, Near NAG Airport, Nagpur, India"
3827,STV,Trident Airport Hotel (Surat Airport),5.7,4,8.8,235,8245,1,0,"Terminal Road, Near STV Airport, Surat, India"
3828,ISK,Pride Plaza Hotel (Nashik Airport),10.3,3,8.4,2390,9474,0,1,"Terminal Road, Near ISK Airport, Nashik, India"
3829,DMO,FabHotel Airport Inn (Damoh Airport),11.9,3,9.3,2700,4593,0,0,"Terminal Road, Near DMO Airport, Damoh, India"
3830,MRA,Lemon Tree Premier (Noida / Jewar Airport),12.7,5,9.1,1293,2046,0,1,"Terminal Road, Near MRA Airport, Noida / Jewar, India"
3831,KBK,Taj City Centre (Kushinagar Airport),7.6,5,8.7,2778,12167,1,1,"Terminal Road, Near KBK Airport, Kushinagar, India"
3832,SAH,Pride Plaza Hotel (Saharanpur Airport),1.8,4,9.6,1845,4602,1,1,"Terminal Road, Near SAH Airport, Saharanpur, India"
3833,REW,FabHotel Airport Inn (Rewa Airport),13.1,4,8.4,1433,5683,0,1,"Terminal Road, Near REW Airport, Rewa, India"
3834,BHJ,Ginger Airport Hotel (Bhuj (Kutch) Airport),1.1,4,9.4,3597,9287,1,0,"Terminal Road, Near BHJ Airport, Bhuj (Kutch), India"
3835,VNS,IBIS Airport Hotel (Varanasi Airport),8.0,5,8.2,3648,5713,0,1,"Terminal Road, Near VNS Airport, Varanasi, India"
3836,KQH,OYO Townhouse Airport (Ajmer / Kishangarh Airport),12.0,4,8.3,3358,4470,0,0,"Terminal Road, Near KQH Airport, Ajmer / Kishangarh, India"
3837,NMN,FabHotel Airport Inn (Neemrana / Alwar Airport),7.3,5,8.9,2905,3356,1,1,"Terminal Road, Near NMN Airport, Neemrana / Alwar, India"
3838,AKL,ITC Grand Bharat (Akola Airport),2.4,3,9.0,1625,11741,1,0,"Terminal Road, Near AKL Airport, Akola, India"
3839,VDY,Trident Airport Hotel (Vidyanagar / Ballari Airport),0.6,4,9.6,1086,7126,1,1,"Terminal Road, Near VDY Airport, Vidyanagar / Ballari, India"
3840,HSR,Taj City Centre (Rajkot Airport),13.3,5,9.7,3336,3574,0,1,"Terminal Road, Near HSR Airport, Rajkot, India"
3841,CKU,ITC Grand Bharat (Chakulia Airport),14.2,4,9.4,3312,10962,0,0,"Terminal Road, Near CKU Airport, Chakulia, India"
3842,CFH,Trident Airport Hotel (Chitrakoot Airport),11.9,4,8.4,3584,4567,0,1,"Terminal Road, Near CFH Airport, Chitrakoot, India"
3843,MYQ,Ginger Airport Hotel (Mysuru Airport),3.3,3,9.2,1472,8445,1,0,"Terminal Road, Near MYQ Airport, Mysuru, India"
3844,VTZ,OYO Townhouse Airport (Visakhapatnam Airport),12.3,3,8.7,996,9998,0,1,"Terminal Road, Near VTZ Airport, Visakhapatnam, India"
3845,BOK,Lemon Tree Premier (Bokaro Airport),9.8,5,9.5,852,7032,0,0,"Terminal Road, Near BOK Airport, Bokaro, India"
3846,IXL,Trident Airport Hotel (Leh (Ladakh) Airport),2.0,5,8.7,2399,6407,1,1,"Terminal Road, Near IXL Airport, Leh (Ladakh), India"
3847,PAL,ITC Grand Bharat (Pali Airport),5.1,4,8.7,1235,12020,1,0,"Terminal Road, Near PAL Airport, Pali, India"
3848,KAI,Pride Plaza Hotel (Kailashahar Airport),6.2,3,8.6,2297,3547,1,0,"Terminal Road, Near KAI Airport, Kailashahar, India"
3849,KARN,Radisson Blu Airport (Karnal Airport),9.0,3,8.7,3312,8560,0,0,"Terminal Road, Near KARN Airport, Karnal, India"
3850,RKG,Trident Airport Hotel (Durgapur Airport),1.2,4,8.2,503,4914,1,1,"Terminal Road, Near RKG Airport, Durgapur, India"
3851,PNQ,IBIS Airport Hotel (Pune Airport),1.1,4,9.4,969,5634,1,1,"Terminal Road, Near PNQ Airport, Pune, India"
3852,BHO,Ginger Airport Hotel (Bhopal Airport),5.9,3,8.8,204,2927,1,0,"Terminal Road, Near BHO Airport, Bhopal, India"
3853,BGP,Trident Airport Hotel (Bhagalpur Airport),5.6,5,9.6,2752,4329,1,0,"Terminal Road, Near BGP Airport, Bhagalpur, India"
3854,AYJ,Ginger Airport Hotel (Ayodhya Airport),11.9,3,8.2,2394,5842,0,1,"Terminal Road, Near AYJ Airport, Ayodhya, India"
3855,GAY,Radisson Blu Airport (Gaya Airport),12.5,5,8.9,3051,7606,0,1,"Terminal Road, Near GAY Airport, Gaya, India"
3856,MYQ,IBIS Airport Hotel (Mysuru Airport),3.5,4,8.4,3747,9636,1,1,"Terminal Road, Near MYQ Airport, Mysuru, India"
3857,AMH,FabHotel Airport Inn (Azamgarh Airport),7.9,3,9.5,530,8330,1,0,"Terminal Road, Near AMH Airport, Azamgarh, India"
3858,PAT,FabHotel Airport Inn (Patna Airport),5.1,5,9.4,866,2008,1,1,"Terminal Road, Near PAT Airport, Patna, India"
3859,PAT,Trident Airport Hotel (Patna Airport),4.2,4,8.2,3711,11579,1,0,"Terminal Road, Near PAT Airport, Patna, India"
3860,CCJ,Pride Plaza Hotel (Kozhikode (Calicut) Airport),6.3,5,8.4,531,9534,1,0,"Terminal Road, Near CCJ Airport, Kozhikode (Calicut), India"
3861,IXT,Ginger Airport Hotel (Pasighat Airport),7.1,4,8.5,1693,4235,1,0,"Terminal Road, Near IXT Airport, Pasighat, India"
3862,RJA,Lemon Tree Premier (Rajahmundry Airport),12.8,5,9.6,2753,2512,0,1,"Terminal Road, Near RJA Airport, Rajahmundry, India"
3863,ZER,Taj City Centre (Ziro Airport),6.8,5,8.5,957,12405,1,0,"Terminal Road, Near ZER Airport, Ziro, India"
3864,IXB,Radisson Blu Airport (Siliguri / Bagdogra Airport),14.3,5,8.9,2379,8241,0,1,"Terminal Road, Near IXB Airport, Siliguri / Bagdogra, India"
3865,COB,ITC Grand Bharat (Cooch Behar Airport),1.8,3,9.5,2172,4338,1,0,"Terminal Road, Near COB Airport, Cooch Behar, India"
3866,BDQ,Hyatt Regency Terminal (Vadodara Airport),12.3,4,8.1,2582,5234,0,1,"Terminal Road, Near BDQ Airport, Vadodara, India"
3867,NAG,Pride Plaza Hotel (Nagpur Airport),10.1,3,8.8,3522,2378,0,1,"Terminal Road, Near NAG Airport, Nagpur, India"
3868,PNY,Ginger Airport Hotel (Puducherry Airport),9.5,5,9.0,2902,8128,0,0,"Terminal Road, Near PNY Airport, Puducherry, India"
3869,SIV,OYO Townhouse Airport (Sivasagar Airport),0.8,3,9.7,3564,2453,1,0,"Terminal Road, Near SIV Airport, Sivasagar, India"
3870,VNS,Hyatt Regency Terminal (Varanasi Airport),3.5,4,8.1,2588,5443,1,1,"Terminal Road, Near VNS Airport, Varanasi, India"
3871,JHW,FabHotel Airport Inn (Jhalawar Airport),12.0,3,8.9,2032,9510,0,1,"Terminal Road, Near JHW Airport, Jhalawar, India"
3872,MAA,Taj City Centre (Chennai Airport),7.2,5,8.7,1815,7184,1,1,"Terminal Road, Near MAA Airport, Chennai, India"
3873,YTL,OYO Townhouse Airport (Yavatmal Airport),11.7,3,8.2,1865,8570,0,0,"Terminal Road, Near YTL Airport, Yavatmal, India"
3874,CHI,ITC Grand Bharat (Chhindwara Airport),9.3,4,8.1,2809,8366,0,1,"Terminal Road, Near CHI Airport, Chhindwara, India"
3875,KHA,Novotel Airport Hotel (Khandwa Airport),9.0,4,8.5,2621,3888,0,0,"Terminal Road, Near KHA Airport, Khandwa, India"
3876,PAT,ITC Grand Bharat (Patna Airport),0.9,3,8.3,1380,4253,1,0,"Terminal Road, Near PAT Airport, Patna, India"
3877,KHA,OYO Townhouse Airport (Khandwa Airport),8.7,5,9.6,3385,2571,0,1,"Terminal Road, Near KHA Airport, Khandwa, India"
3878,IXY,ITC Grand Bharat (Kandla Airport),11.6,5,8.6,169,8759,0,0,"Terminal Road, Near IXY Airport, Kandla, India"
3879,BHJ,Lemon Tree Premier (Bhuj (Kutch) Airport),2.9,4,8.6,2942,8585,1,1,"Terminal Road, Near BHJ Airport, Bhuj (Kutch), India"
3880,SIH,Hyatt Regency Terminal (Sirohi Airport),13.0,4,8.4,1285,8697,0,1,"Terminal Road, Near SIH Airport, Sirohi, India"
3881,CKU,Hyatt Regency Terminal (Chakulia Airport),10.9,5,8.3,300,8201,0,0,"Terminal Road, Near CKU Airport, Chakulia, India"
3882,OSB,Radisson Blu Airport (Dharashiv Airport),5.2,3,8.3,1960,6749,1,0,"Terminal Road, Near OSB Airport, Dharashiv, India"
3883,PINJ,Taj City Centre (Panchkula / Pinjore Airport),6.3,3,8.8,2003,11356,1,1,"Terminal Road, Near PINJ Airport, Panchkula / Pinjore, India"
3884,IXD,IBIS Airport Hotel (Prayagraj (Allahabad) Airport),11.1,5,9.0,599,5609,0,0,"Terminal Road, Near IXD Airport, Prayagraj (Allahabad), India"
3885,COB,OYO Townhouse Airport (Cooch Behar Airport),11.2,4,8.6,2340,4498,0,0,"Terminal Road, Near COB Airport, Cooch Behar, India"
3886,IXT,Pride Plaza Hotel (Pasighat Airport),6.6,5,8.5,1099,2460,1,1,"Terminal Road, Near IXT Airport, Pasighat, India"
3887,RPR,ITC Grand Bharat (Raipur Airport),2.0,5,8.7,455,7034,1,1,"Terminal Road, Near RPR Airport, Raipur, India"
3888,SWM,Ginger Airport Hotel (Ranthambore / Sawai Madhopur Airport),14.3,4,8.3,917,3406,0,1,"Terminal Road, Near SWM Airport, Ranthambore / Sawai Madhopur, India"
3889,SLV,Lemon Tree Premier (Shimla Airport),13.3,5,8.5,1708,4723,0,1,"Terminal Road, Near SLV Airport, Shimla, India"
3890,MOR,ITC Grand Bharat (Moradabad Airport),4.9,4,9.6,1932,6546,1,0,"Terminal Road, Near MOR Airport, Moradabad, India"
3891,HSS,OYO Townhouse Airport (Hisar Airport),10.0,4,9.6,1188,11544,0,1,"Terminal Road, Near HSS Airport, Hisar, India"
3892,AGR,Hyatt Regency Terminal (Agra Airport),1.2,4,8.3,2498,8197,1,0,"Terminal Road, Near AGR Airport, Agra, India"
3893,IXB,Lemon Tree Premier (Siliguri / Bagdogra Airport),6.2,5,9.7,2843,8706,1,0,"Terminal Road, Near IXB Airport, Siliguri / Bagdogra, India"
3894,KAM,Trident Airport Hotel (Kamalpur Airport),9.7,3,8.7,1700,8771,0,0,"Terminal Road, Near KAM Airport, Kamalpur, India"
3895,TIR,OYO Townhouse Airport (Tirupati Airport),8.7,5,9.2,1189,1974,0,0,"Terminal Road, Near TIR Airport, Tirupati, India"
3896,PBF,Novotel Airport Hotel (Bilaspur Airport),1.6,5,8.2,2391,7662,1,0,"Terminal Road, Near PBF Airport, Bilaspur, India"
3897,KARN,IBIS Airport Hotel (Karnal Airport),6.2,4,8.8,2323,2134,1,1,"Terminal Road, Near KARN Airport, Karnal, India"
3898,RKG,Hyatt Regency Terminal (Durgapur Airport),11.2,3,8.3,2529,2983,0,0,"Terminal Road, Near RKG Airport, Durgapur, India"
3899,NVM,Ginger Airport Hotel (Navi Mumbai Airport),0.9,4,9.6,486,5638,1,0,"Terminal Road, Near NVM Airport, Navi Mumbai, India"
3900,PNV,Pride Plaza Hotel (Porbandar Airport),7.0,5,9.2,3622,7588,1,0,"Terminal Road, Near PNV Airport, Porbandar, India"
3901,DHM,IBIS Airport Hotel (Dharamshala / Kangra Airport),13.8,4,8.8,3677,6731,0,0,"Terminal Road, Near DHM Airport, Dharamshala / Kangra, India"
3902,TCR,Pride Plaza Hotel (Thoothukudi (Tuticorin) Airport),10.6,3,8.9,2237,8528,0,0,"Terminal Road, Near TCR Airport, Thoothukudi (Tuticorin), India"
3903,SIH,Trident Airport Hotel (Sirohi Airport),4.7,4,8.8,2664,5976,1,0,"Terminal Road, Near SIH Airport, Sirohi, India"
3904,KNU,Radisson Blu Airport (Kanpur Airport),6.8,5,8.8,3723,8669,1,0,"Terminal Road, Near KNU Airport, Kanpur, India"
3905,KOP,Lemon Tree Premier (Kolhapur Airport),7.5,5,9.8,3466,4147,1,1,"Terminal Road, Near KOP Airport, Kolhapur, India"
3906,AGR,Hyatt Regency Terminal (Agra Airport),14.2,4,9.3,1087,10051,0,0,"Terminal Road, Near AGR Airport, Agra, India"
3907,HYD,Radisson Blu Airport (Hyderabad Airport),7.9,3,8.6,2617,6050,1,0,"Terminal Road, Near HYD Airport, Hyderabad, India"
3908,UTK,Radisson Blu Airport (Kalahandi / Utkela Airport),1.9,5,9.0,2971,7372,1,1,"Terminal Road, Near UTK Airport, Kalahandi / Utkela, India"
3909,TIR,Taj City Centre (Tirupati Airport),0.8,5,9.7,2875,9926,1,0,"Terminal Road, Near TIR Airport, Tirupati, India"
3910,NMS,Radisson Blu Airport (Naliya Airport),8.0,5,9.5,3397,9406,0,0,"Terminal Road, Near NMS Airport, Naliya, India"
3911,PAT,Taj City Centre (Patna Airport),12.3,5,9.7,271,6832,0,1,"Terminal Road, Near PAT Airport, Patna, India"
3912,ALD,IBIS Airport Hotel (Aligarh Airport),12.7,4,8.9,138,5038,0,1,"Terminal Road, Near ALD Airport, Aligarh, India"
3913,IXA,Novotel Airport Hotel (Agartala Airport),8.2,4,8.4,1139,11518,0,1,"Terminal Road, Near IXA Airport, Agartala, India"
3914,IXT,Pride Plaza Hotel (Pasighat Airport),5.3,3,8.5,3238,4431,1,1,"Terminal Road, Near IXT Airport, Pasighat, India"
3915,ANK,Lemon Tree Premier (Ankleshwar Airport),8.4,3,8.4,591,6533,0,0,"Terminal Road, Near ANK Airport, Ankleshwar, India"
3916,MAL,Taj City Centre (Malda Airport),14.1,3,8.3,638,9581,0,0,"Terminal Road, Near MAL Airport, Malda, India"
3917,LKO,OYO Townhouse Airport (Lucknow Airport),13.1,3,8.7,540,8752,0,1,"Terminal Road, Near LKO Airport, Lucknow, India"
3918,ANK,Ginger Airport Hotel (Ankleshwar Airport),1.4,4,9.3,3027,3888,1,0,"Terminal Road, Near ANK Airport, Ankleshwar, India"
3919,NEEM,Radisson Blu Airport (Neemuch Airport),5.5,4,8.8,610,2129,1,0,"Terminal Road, Near NEEM Airport, Neemuch, India"
3920,NDC,Ginger Airport Hotel (Nanded Airport),12.0,4,9.8,2638,8745,0,1,"Terminal Road, Near NDC Airport, Nanded, India"
3921,BHU,IBIS Airport Hotel (Bathinda Airport),9.5,3,8.9,2287,4856,0,1,"Terminal Road, Near BHU Airport, Bathinda, India"
3922,MRA,Taj City Centre (Noida / Jewar Airport),11.0,4,8.4,806,9259,0,1,"Terminal Road, Near MRA Airport, Noida / Jewar, India"
3923,LGP,ITC Grand Bharat (Rupsi / Dhubri Airport),8.2,3,8.4,721,5217,0,0,"Terminal Road, Near LGP Airport, Rupsi / Dhubri, India"
3924,ZER,FabHotel Airport Inn (Ziro Airport),1.8,5,9.0,1543,7195,1,1,"Terminal Road, Near ZER Airport, Ziro, India"
3925,VZY,Taj City Centre (Vijayawada Airport),2.1,3,9.6,1567,12244,1,1,"Terminal Road, Near VZY Airport, Vijayawada, India"
3926,IXZ,Hyatt Regency Terminal (Port Blair (Andaman) Airport),8.8,5,9.1,381,5782,0,0,"Terminal Road, Near IXZ Airport, Port Blair (Andaman), India"
3927,PGH,OYO Townhouse Airport (Pantnagar / Nainital Airport),7.9,5,8.4,238,2379,1,1,"Terminal Road, Near PGH Airport, Pantnagar / Nainital, India"
3928,IXW,Taj City Centre (Jamshedpur Airport),11.3,3,8.6,3216,8277,0,1,"Terminal Road, Near IXW Airport, Jamshedpur, India"
3929,RPR,Hyatt Regency Terminal (Raipur Airport),3.2,4,9.7,1273,11365,1,0,"Terminal Road, Near RPR Airport, Raipur, India"
3930,BPI,Trident Airport Hotel (Mayurbhanj Airport),11.8,5,9.2,2145,10753,0,0,"Terminal Road, Near BPI Airport, Mayurbhanj, India"
3931,MZS,Novotel Airport Hotel (Sonbhadra Airport),12.5,3,8.5,1693,8188,0,0,"Terminal Road, Near MZS Airport, Sonbhadra, India"
3932,RAT,Lemon Tree Premier (Ratlam Airport),9.7,3,9.3,1437,8203,0,1,"Terminal Road, Near RAT Airport, Ratlam, India"
3933,IXD,FabHotel Airport Inn (Prayagraj (Allahabad) Airport),7.7,4,9.2,1408,2173,1,1,"Terminal Road, Near IXD Airport, Prayagraj (Allahabad), India"
3934,PUI,Hyatt Regency Terminal (Purnea Airport),1.4,5,8.6,1848,12044,1,0,"Terminal Road, Near PUI Airport, Purnea, India"
3935,DBR,Radisson Blu Airport (Darbhanga Airport),9.0,5,8.7,1038,2480,0,1,"Terminal Road, Near DBR Airport, Darbhanga, India"
3936,RMD,OYO Townhouse Airport (Ratnagiri Airport),11.1,5,9.2,1423,3970,0,1,"Terminal Road, Near RMD Airport, Ratnagiri, India"
3937,VTZ,Radisson Blu Airport (Visakhapatnam Airport),1.7,3,9.6,205,10006,1,1,"Terminal Road, Near VTZ Airport, Visakhapatnam, India"
3938,AGR,FabHotel Airport Inn (Agra Airport),4.3,5,9.7,1535,9856,1,1,"Terminal Road, Near AGR Airport, Agra, India"
3939,RMD,Ginger Airport Hotel (Ratnagiri Airport),6.4,4,8.3,2421,2731,1,0,"Terminal Road, Near RMD Airport, Ratnagiri, India"
3940,GOP,Lemon Tree Premier (Ganjam / Gopalpur Airport),10.1,3,8.3,206,8211,0,1,"Terminal Road, Near GOP Airport, Ganjam / Gopalpur, India"
3941,BDQ,OYO Townhouse Airport (Vadodara Airport),0.5,5,9.2,2957,11522,1,1,"Terminal Road, Near BDQ Airport, Vadodara, India"
3942,JLG,Ginger Airport Hotel (Jalgaon Airport),2.1,4,8.2,1244,11392,1,1,"Terminal Road, Near JLG Airport, Jalgaon, India"
3943,NAG,Ginger Airport Hotel (Nagpur Airport),13.2,5,8.7,1833,3784,0,1,"Terminal Road, Near NAG Airport, Nagpur, India"
3944,DIU,Lemon Tree Premier (Diu Airport),3.6,4,8.9,2212,10777,1,0,"Terminal Road, Near DIU Airport, Diu, India"
3945,JGA,Taj City Centre (Jamnagar Airport),7.4,4,9.1,1655,2814,1,0,"Terminal Road, Near JGA Airport, Jamnagar, India"
3946,AMB,Trident Airport Hotel (Ambikapur Airport),10.1,3,8.9,3620,9493,0,0,"Terminal Road, Near AMB Airport, Ambikapur, India"
3947,IXU,OYO Townhouse Airport (Chhatrapati Sambhaji Nagar (Aurangabad) Airport),1.4,5,9.4,3145,6528,1,0,"Terminal Road, Near IXU Airport, Chhatrapati Sambhaji Nagar (Aurangabad), India"
3948,DON,FabHotel Airport Inn (Bhadrak / Dhamra Airport),4.9,4,8.3,1129,11409,1,1,"Terminal Road, Near DON Airport, Bhadrak / Dhamra, India"
3949,TIR,OYO Townhouse Airport (Tirupati Airport),9.2,3,9.7,1751,2155,0,1,"Terminal Road, Near TIR Airport, Tirupati, India"
3950,PGH,Taj City Centre (Pantnagar / Nainital Airport),2.1,3,9.7,361,12326,1,0,"Terminal Road, Near PGH Airport, Pantnagar / Nainital, India"
3951,GAY,Radisson Blu Airport (Gaya Airport),6.2,5,8.5,1187,6327,1,1,"Terminal Road, Near GAY Airport, Gaya, India"
3952,PBN,IBIS Airport Hotel (Parbhani Airport),0.6,3,8.7,1762,2837,1,0,"Terminal Road, Near PBN Airport, Parbhani, India"
3953,RAT,Hyatt Regency Terminal (Ratlam Airport),10.5,4,9.3,2252,10718,0,0,"Terminal Road, Near RAT Airport, Ratlam, India"
3954,MAL,Trident Airport Hotel (Malda Airport),4.5,5,8.8,2482,11724,1,0,"Terminal Road, Near MAL Airport, Malda, India"
3955,RMD,Radisson Blu Airport (Ratnagiri Airport),4.9,3,8.7,277,3531,1,0,"Terminal Road, Near RMD Airport, Ratnagiri, India"
3956,IMF,IBIS Airport Hotel (Imphal Airport),4.9,3,8.7,1502,8320,1,1,"Terminal Road, Near IMF Airport, Imphal, India"
3957,VNS,Novotel Airport Hotel (Varanasi Airport),8.7,3,9.5,843,11985,0,0,"Terminal Road, Near VNS Airport, Varanasi, India"
3958,IXY,Radisson Blu Airport (Kandla Airport),5.6,4,8.7,3715,7978,1,0,"Terminal Road, Near IXY Airport, Kandla, India"
3959,BTH,Taj City Centre (Bettiah Airport),12.3,5,9.2,2180,6507,0,0,"Terminal Road, Near BTH Airport, Bettiah, India"
3960,HBI,Lemon Tree Premier (Itanagar Airport),4.3,3,9.2,3798,10815,1,1,"Terminal Road, Near HBI Airport, Itanagar, India"
3961,TCR,Hyatt Regency Terminal (Thoothukudi (Tuticorin) Airport),2.6,3,8.9,2913,10803,1,1,"Terminal Road, Near TCR Airport, Thoothukudi (Tuticorin), India"
3962,BOM,ITC Grand Bharat (Mumbai Airport),10.2,5,9.2,2025,12221,0,1,"Terminal Road, Near BOM Airport, Mumbai, India"
3963,UTL,Novotel Airport Hotel (Barmer Airport),3.1,3,9.5,2323,11629,1,0,"Terminal Road, Near UTL Airport, Barmer, India"
3964,GOP,FabHotel Airport Inn (Ganjam / Gopalpur Airport),1.8,3,9.4,2763,7179,1,1,"Terminal Road, Near GOP Airport, Ganjam / Gopalpur, India"
3965,KAM,Trident Airport Hotel (Kamalpur Airport),9.6,4,9.8,1795,3559,0,0,"Terminal Road, Near KAM Airport, Kamalpur, India"
3966,VZY,Pride Plaza Hotel (Vijayawada Airport),5.4,4,9.7,1761,10691,1,0,"Terminal Road, Near VZY Airport, Vijayawada, India"
3967,TEZU,Ginger Airport Hotel (Tezu Airport),12.1,4,8.2,3211,6188,0,0,"Terminal Road, Near TEZU Airport, Tezu, India"
3968,IXS,Ginger Airport Hotel (Silchar Airport),6.2,4,8.9,1739,9928,1,1,"Terminal Road, Near IXS Airport, Silchar, India"
3969,NWP,Ginger Airport Hotel (Pithoragarh Airport),1.0,5,8.2,3590,4950,1,0,"Terminal Road, Near NWP Airport, Pithoragarh, India"
3970,RPR,Radisson Blu Airport (Raipur Airport),3.8,5,9.5,1711,4217,1,0,"Terminal Road, Near RPR Airport, Raipur, India"
3971,PUI,Radisson Blu Airport (Purnea Airport),10.3,3,8.9,1422,9880,0,1,"Terminal Road, Near PUI Airport, Purnea, India"
3972,IXL,Trident Airport Hotel (Leh (Ladakh) Airport),9.8,4,8.9,1760,2033,0,1,"Terminal Road, Near IXL Airport, Leh (Ladakh), India"
3973,KQH,Novotel Airport Hotel (Ajmer / Kishangarh Airport),10.1,5,8.7,617,2778,0,0,"Terminal Road, Near KQH Airport, Ajmer / Kishangarh, India"
3974,ASL,Pride Plaza Hotel (Asansol Airport),10.3,3,9.3,3439,9211,0,1,"Terminal Road, Near ASL Airport, Asansol, India"
3975,AMRE,FabHotel Airport Inn (Amreli Airport),13.8,3,9.7,1814,5241,0,1,"Terminal Road, Near AMRE Airport, Amreli, India"
3976,NPL,Trident Airport Hotel (Narnaul Airport),13.5,5,8.5,2367,8528,0,0,"Terminal Road, Near NPL Airport, Narnaul, India"
3977,SXR,Hyatt Regency Terminal (Srinagar Airport),2.3,4,9.3,220,7507,1,1,"Terminal Road, Near SXR Airport, Srinagar, India"
3978,JRH,Trident Airport Hotel (Jorhat Airport),5.9,4,8.5,2676,5489,1,0,"Terminal Road, Near JRH Airport, Jorhat, India"
3979,PNV,Hyatt Regency Terminal (Porbandar Airport),7.8,4,9.2,1751,10622,1,0,"Terminal Road, Near PNV Airport, Porbandar, India"
3980,HYD,Hyatt Regency Terminal (Hyderabad Airport),12.7,4,8.9,1443,8256,0,0,"Terminal Road, Near HYD Airport, Hyderabad, India"
3981,RKG,FabHotel Airport Inn (Durgapur Airport),11.3,5,8.5,1699,6442,0,1,"Terminal Road, Near RKG Airport, Durgapur, India"
3982,RAT,Novotel Airport Hotel (Ratlam Airport),12.7,3,8.7,2430,12494,0,1,"Terminal Road, Near RAT Airport, Ratlam, India"
3983,UDR,FabHotel Airport Inn (Udaipur Airport),5.0,3,9.5,2820,2000,1,1,"Terminal Road, Near UDR Airport, Udaipur, India"
3984,TEZU,OYO Townhouse Airport (Tezu Airport),14.3,4,8.2,277,12496,0,0,"Terminal Road, Near TEZU Airport, Tezu, India"
3985,HJR,Taj City Centre (Khajuraho Airport),3.4,5,8.9,1352,11274,1,0,"Terminal Road, Near HJR Airport, Khajuraho, India"
3986,NVY,IBIS Airport Hotel (Neyveli Airport),1.4,5,8.6,1006,7989,1,0,"Terminal Road, Near NVY Airport, Neyveli, India"
3987,BID,FabHotel Airport Inn (Bidar Airport),8.3,3,8.6,1938,9970,0,0,"Terminal Road, Near BID Airport, Bidar, India"
3988,PNQ,Hyatt Regency Terminal (Pune Airport),13.9,5,9.7,1705,5030,0,1,"Terminal Road, Near PNQ Airport, Pune, India"
3989,LKO,Taj City Centre (Lucknow Airport),4.9,4,8.1,1050,9251,1,1,"Terminal Road, Near LKO Airport, Lucknow, India"
3990,KAR,OYO Townhouse Airport (Karad / Satara Airport),7.1,5,9.0,1401,11632,1,1,"Terminal Road, Near KAR Airport, Karad / Satara, India"
3991,UTL,Radisson Blu Airport (Barmer Airport),4.1,5,8.5,3519,4617,1,0,"Terminal Road, Near UTL Airport, Barmer, India"
3992,JSA,Ginger Airport Hotel (Jaisalmer Airport),8.8,3,8.4,1028,4463,0,1,"Terminal Road, Near JSA Airport, Jaisalmer, India"
3993,IXD,Hyatt Regency Terminal (Prayagraj (Allahabad) Airport),8.5,4,9.1,780,9378,0,0,"Terminal Road, Near IXD Airport, Prayagraj (Allahabad), India"
3994,DON,Hyatt Regency Terminal (Bhadrak / Dhamra Airport),8.2,3,8.5,1649,4344,0,1,"Terminal Road, Near DON Airport, Bhadrak / Dhamra, India"
3995,TRZ,Novotel Airport Hotel (Tiruchirappalli (Trichy) Airport),4.5,5,8.5,1778,9505,1,0,"Terminal Road, Near TRZ Airport, Tiruchirappalli (Trichy), India"
3996,BID,Novotel Airport Hotel (Bidar Airport),3.2,3,8.1,299,8509,1,0,"Terminal Road, Near BID Airport, Bidar, India"
3997,MYQ,Hyatt Regency Terminal (Mysuru Airport),4.2,5,8.9,2264,7175,1,1,"Terminal Road, Near MYQ Airport, Mysuru, India"
3998,COB,Novotel Airport Hotel (Cooch Behar Airport),3.0,4,8.9,3795,8631,1,0,"Terminal Road, Near COB Airport, Cooch Behar, India"
3999,TEZU,Trident Airport Hotel (Tezu Airport),4.0,3,9.0,3663,2690,1,0,"Terminal Road, Near TEZU Airport, Tezu, India"
4000,MOR,Taj City Centre (Moradabad Airport),12.4,3,9.1,2387,4557,0,1,"Terminal Road, Near MOR Airport, Moradabad, India"
4001,GON,Lemon Tree Premier (Gondia Airport),7.7,5,8.9,582,2204,1,1,"Terminal Road, Near GON Airport, Gondia, India"
4002,NMN,Ginger Airport Hotel (Neemrana / Alwar Airport),5.1,3,9.5,1287,2587,1,1,"Terminal Road, Near NMN Airport, Neemrana / Alwar, India"
4003,NEEM,FabHotel Airport Inn (Neemuch Airport),8.0,3,9.5,927,12244,0,1,"Terminal Road, Near NEEM Airport, Neemuch, India"
4004,PNY,Ginger Airport Hotel (Puducherry Airport),14.3,4,9.3,2713,4405,0,0,"Terminal Road, Near PNY Airport, Puducherry, India"
4005,RAT,Radisson Blu Airport (Ratlam Airport),11.2,5,9.0,3462,8858,0,0,"Terminal Road, Near RAT Airport, Ratlam, India"
4006,IXB,Novotel Airport Hotel (Siliguri / Bagdogra Airport),10.2,4,8.5,1358,3285,0,1,"Terminal Road, Near IXB Airport, Siliguri / Bagdogra, India"
4007,PAL,ITC Grand Bharat (Pali Airport),7.4,5,9.4,838,4934,1,1,"Terminal Road, Near PAL Airport, Pali, India"
4008,IXM,Pride Plaza Hotel (Madurai Airport),1.2,4,8.2,369,9063,1,1,"Terminal Road, Near IXM Airport, Madurai, India"
4009,AMB,Radisson Blu Airport (Ambikapur Airport),11.5,3,8.9,1541,4849,0,1,"Terminal Road, Near AMB Airport, Ambikapur, India"
4010,TRV,Ginger Airport Hotel (Thiruvananthapuram Airport),14.2,5,9.4,359,2882,0,0,"Terminal Road, Near TRV Airport, Thiruvananthapuram, India"
4011,IXE,Trident Airport Hotel (Mangaluru Airport),13.1,3,9.7,802,8980,0,0,"Terminal Road, Near IXE Airport, Mangaluru, India"
4012,MAL,Radisson Blu Airport (Malda Airport),2.0,4,8.5,830,3296,1,1,"Terminal Road, Near MAL Airport, Malda, India"
4013,JHW,OYO Townhouse Airport (Jhalawar Airport),3.1,3,9.5,1404,3393,1,0,"Terminal Road, Near JHW Airport, Jhalawar, India"
4014,MEH,Lemon Tree Premier (Mehsana Airport),9.4,4,9.1,532,8908,0,0,"Terminal Road, Near MEH Airport, Mehsana, India"
4015,MAL,Lemon Tree Premier (Malda Airport),5.0,4,8.7,495,5953,1,0,"Terminal Road, Near MAL Airport, Malda, India"
4016,KNU,Lemon Tree Premier (Kanpur Airport),10.8,5,9.6,826,4045,0,1,"Terminal Road, Near KNU Airport, Kanpur, India"
4017,TRZ,ITC Grand Bharat (Tiruchirappalli (Trichy) Airport),9.4,3,8.6,636,9948,0,1,"Terminal Road, Near TRZ Airport, Tiruchirappalli (Trichy), India"
4018,IXL,Taj City Centre (Leh (Ladakh) Airport),2.7,3,9.0,1332,11269,1,0,"Terminal Road, Near IXL Airport, Leh (Ladakh), India"
4019,GBI,Pride Plaza Hotel (Kalaburagi (Gulbarga) Airport),12.0,3,9.4,2000,5284,0,0,"Terminal Road, Near GBI Airport, Kalaburagi (Gulbarga), India"
4020,AMB,Pride Plaza Hotel (Ambikapur Airport),13.5,3,8.1,3231,10738,0,1,"Terminal Road, Near AMB Airport, Ambikapur, India"
4021,UDR,ITC Grand Bharat (Udaipur Airport),4.6,5,9.6,2685,3032,1,1,"Terminal Road, Near UDR Airport, Udaipur, India"
4022,KAM,IBIS Airport Hotel (Kamalpur Airport),8.6,5,8.3,2828,2199,0,1,"Terminal Road, Near KAM Airport, Kamalpur, India"
4023,NVM,Lemon Tree Premier (Navi Mumbai Airport),9.9,4,9.3,3367,11443,0,1,"Terminal Road, Near NVM Airport, Navi Mumbai, India"
4024,PYG,Taj City Centre (Gangtok / Pakyong (Sikkim) Airport),13.9,3,8.6,697,7476,0,0,"Terminal Road, Near PYG Airport, Gangtok / Pakyong (Sikkim), India"
4025,BOM,OYO Townhouse Airport (Mumbai Airport),1.5,4,9.6,2762,1834,1,0,"Terminal Road, Near BOM Airport, Mumbai, India"
4026,GON,IBIS Airport Hotel (Gondia Airport),2.8,4,8.3,2722,11114,1,0,"Terminal Road, Near GON Airport, Gondia, India"
4027,DON,Hyatt Regency Terminal (Bhadrak / Dhamra Airport),12.2,3,8.6,970,8430,0,0,"Terminal Road, Near DON Airport, Bhadrak / Dhamra, India"
4028,KHO,Taj City Centre (Khowai Airport),10.8,5,9.5,279,4260,0,1,"Terminal Road, Near KHO Airport, Khowai, India"
4029,HBI,Trident Airport Hotel (Itanagar Airport),4.9,4,8.7,1285,11198,1,1,"Terminal Road, Near HBI Airport, Itanagar, India"
4030,UTL,Ginger Airport Hotel (Barmer Airport),3.0,5,8.8,129,10636,1,1,"Terminal Road, Near UTL Airport, Barmer, India"
4031,HSS,OYO Townhouse Airport (Hisar Airport),8.2,3,8.3,3190,7773,0,0,"Terminal Road, Near HSS Airport, Hisar, India"
4032,RPR,Taj City Centre (Raipur Airport),2.1,4,8.3,765,8354,1,0,"Terminal Road, Near RPR Airport, Raipur, India"
4033,PBF,FabHotel Airport Inn (Bilaspur Airport),6.0,3,9.3,1095,5202,1,1,"Terminal Road, Near PBF Airport, Bilaspur, India"
4034,VJZ,Novotel Airport Hotel (Bhogapuram / Vizianagaram Airport),12.1,3,9.7,3687,11729,0,0,"Terminal Road, Near VJZ Airport, Bhogapuram / Vizianagaram, India"
4035,BOK,Hyatt Regency Terminal (Bokaro Airport),12.4,5,9.1,2281,6212,0,0,"Terminal Road, Near BOK Airport, Bokaro, India"
4036,BTH,Radisson Blu Airport (Bettiah Airport),13.4,3,9.4,1656,1897,0,0,"Terminal Road, Near BTH Airport, Bettiah, India"
4037,BOM,Hyatt Regency Terminal (Mumbai Airport),6.7,5,9.7,1324,5296,1,1,"Terminal Road, Near BOM Airport, Mumbai, India"
4038,MEH,Trident Airport Hotel (Mehsana Airport),12.1,3,8.3,262,10143,0,1,"Terminal Road, Near MEH Airport, Mehsana, India"
4039,JAI,Taj City Centre (Jaipur Airport),4.0,5,8.1,531,9024,1,1,"Terminal Road, Near JAI Airport, Jaipur, India"
4040,PNY,Radisson Blu Airport (Puducherry Airport),9.1,5,9.1,3468,2216,0,1,"Terminal Road, Near PNY Airport, Puducherry, India"
4041,NDC,OYO Townhouse Airport (Nanded Airport),4.5,4,9.7,1357,9820,1,0,"Terminal Road, Near NDC Airport, Nanded, India"
4042,KJB,Hyatt Regency Terminal (Kurnool (Orvakal) Airport),9.4,4,8.7,2555,3068,0,0,"Terminal Road, Near KJB Airport, Kurnool (Orvakal), India"
4043,DBR,Novotel Airport Hotel (Darbhanga Airport),5.6,4,9.5,3352,5037,1,0,"Terminal Road, Near DBR Airport, Darbhanga, India"
4044,AMRE,ITC Grand Bharat (Amreli Airport),2.4,5,8.9,2316,7259,1,1,"Terminal Road, Near AMRE Airport, Amreli, India"
4045,MAL,Taj City Centre (Malda Airport),4.5,5,9.8,249,7450,1,1,"Terminal Road, Near MAL Airport, Malda, India"
4046,KNU,Ginger Airport Hotel (Kanpur Airport),3.3,3,9.3,1147,7908,1,1,"Terminal Road, Near KNU Airport, Kanpur, India"
4047,MZS,Taj City Centre (Sonbhadra Airport),12.7,3,8.6,1589,9638,0,1,"Terminal Road, Near MZS Airport, Sonbhadra, India"
4048,UTL,Radisson Blu Airport (Barmer Airport),8.2,3,8.8,3626,3402,0,0,"Terminal Road, Near UTL Airport, Barmer, India"
4049,HBI,Pride Plaza Hotel (Itanagar Airport),11.8,3,8.3,2212,6329,0,1,"Terminal Road, Near HBI Airport, Itanagar, India"
4050,TCR,Novotel Airport Hotel (Thoothukudi (Tuticorin) Airport),8.6,5,8.7,1184,5626,0,1,"Terminal Road, Near TCR Airport, Thoothukudi (Tuticorin), India"
4051,COB,Lemon Tree Premier (Cooch Behar Airport),10.8,3,8.2,1097,7210,0,0,"Terminal Road, Near COB Airport, Cooch Behar, India"
4052,KHO,Novotel Airport Hotel (Khowai Airport),13.8,3,8.2,2219,8099,0,1,"Terminal Road, Near KHO Airport, Khowai, India"
4053,MRA,Radisson Blu Airport (Noida / Jewar Airport),9.0,3,8.6,1541,5617,0,0,"Terminal Road, Near MRA Airport, Noida / Jewar, India"
4054,VZY,Lemon Tree Premier (Vijayawada Airport),10.8,3,9.0,2081,6850,0,0,"Terminal Road, Near VZY Airport, Vijayawada, India"
4055,GON,FabHotel Airport Inn (Gondia Airport),2.0,3,8.1,2913,2690,1,1,"Terminal Road, Near GON Airport, Gondia, India"
4056,NEEM,Hyatt Regency Terminal (Neemuch Airport),10.4,4,9.3,3203,8774,0,0,"Terminal Road, Near NEEM Airport, Neemuch, India"
4057,BTH,FabHotel Airport Inn (Bettiah Airport),6.5,3,9.6,3065,2433,1,0,"Terminal Road, Near BTH Airport, Bettiah, India"
4058,TRV,Ginger Airport Hotel (Thiruvananthapuram Airport),12.6,3,8.7,309,7584,0,0,"Terminal Road, Near TRV Airport, Thiruvananthapuram, India"
4059,TCR,IBIS Airport Hotel (Thoothukudi (Tuticorin) Airport),7.6,4,8.4,2228,5419,1,1,"Terminal Road, Near TCR Airport, Thoothukudi (Tuticorin), India"
4060,GAW,Ginger Airport Hotel (Guwahati Airport),7.1,3,8.3,2090,8768,1,1,"Terminal Road, Near GAW Airport, Guwahati, India"
4061,KOP,Ginger Airport Hotel (Kolhapur Airport),14.1,3,9.4,3213,2035,0,0,"Terminal Road, Near KOP Airport, Kolhapur, India"
4062,AMD,FabHotel Airport Inn (Ahmedabad Airport),7.3,5,9.2,2175,9976,1,0,"Terminal Road, Near AMD Airport, Ahmedabad, India"
4063,UTL,Lemon Tree Premier (Barmer Airport),11.9,3,8.5,3471,5608,0,0,"Terminal Road, Near UTL Airport, Barmer, India"
4064,NWP,ITC Grand Bharat (Pithoragarh Airport),12.8,5,9.2,3118,4460,0,1,"Terminal Road, Near NWP Airport, Pithoragarh, India"
4065,UTK,Novotel Airport Hotel (Kalahandi / Utkela Airport),4.2,3,9.4,1960,8728,1,1,"Terminal Road, Near UTK Airport, Kalahandi / Utkela, India"
4066,AMH,Novotel Airport Hotel (Azamgarh Airport),5.6,4,8.4,1555,6230,1,1,"Terminal Road, Near AMH Airport, Azamgarh, India"
4067,MRA,OYO Townhouse Airport (Noida / Jewar Airport),11.6,4,8.4,2299,4905,0,0,"Terminal Road, Near MRA Airport, Noida / Jewar, India"
4068,MYQ,Trident Airport Hotel (Mysuru Airport),5.5,4,8.7,3047,5105,1,0,"Terminal Road, Near MYQ Airport, Mysuru, India"
4069,TRZ,Taj City Centre (Tiruchirappalli (Trichy) Airport),6.8,5,9.2,3696,5511,1,0,"Terminal Road, Near TRZ Airport, Tiruchirappalli (Trichy), India"
4070,AMRE,Pride Plaza Hotel (Amreli Airport),9.2,3,9.3,1895,3658,0,1,"Terminal Road, Near AMRE Airport, Amreli, India"
4071,DHM,Hyatt Regency Terminal (Dharamshala / Kangra Airport),7.3,4,8.8,1007,2059,1,0,"Terminal Road, Near DHM Airport, Dharamshala / Kangra, India"
4072,HJR,Taj City Centre (Khajuraho Airport),13.3,3,8.9,2949,6778,0,1,"Terminal Road, Near HJR Airport, Khajuraho, India"
4073,IXC,Pride Plaza Hotel (Chandigarh Airport),10.0,3,8.9,823,4983,0,0,"Terminal Road, Near IXC Airport, Chandigarh, India"
4074,MOR,OYO Townhouse Airport (Moradabad Airport),12.6,5,9.2,1568,11331,0,1,"Terminal Road, Near MOR Airport, Moradabad, India"
4075,DMO,Trident Airport Hotel (Damoh Airport),4.1,4,9.3,1674,12057,1,0,"Terminal Road, Near DMO Airport, Damoh, India"
4076,IXB,Trident Airport Hotel (Siliguri / Bagdogra Airport),6.8,5,9.3,3039,4994,1,1,"Terminal Road, Near IXB Airport, Siliguri / Bagdogra, India"
4077,KAP,Novotel Airport Hotel (Kadapa Airport),1.0,4,9.6,3012,2381,1,1,"Terminal Road, Near KAP Airport, Kadapa, India"
4078,MEH,Pride Plaza Hotel (Mehsana Airport),12.1,4,8.6,1443,4692,0,1,"Terminal Road, Near MEH Airport, Mehsana, India"
4079,IXC,Ginger Airport Hotel (Chandigarh Airport),2.5,3,9.7,801,10639,1,1,"Terminal Road, Near IXC Airport, Chandigarh, India"
4080,IXE,Lemon Tree Premier (Mangaluru Airport),13.7,3,8.8,1153,10079,0,0,"Terminal Road, Near IXE Airport, Mangaluru, India"
4081,IXG,IBIS Airport Hotel (Belagavi Airport),14.4,5,9.1,217,2439,0,1,"Terminal Road, Near IXG Airport, Belagavi, India"
4082,MRA,Ginger Airport Hotel (Noida / Jewar Airport),13.0,5,9.8,2940,6901,0,0,"Terminal Road, Near MRA Airport, Noida / Jewar, India"
4083,IXZ,Pride Plaza Hotel (Port Blair (Andaman) Airport),6.1,5,9.7,918,7841,1,0,"Terminal Road, Near IXZ Airport, Port Blair (Andaman), India"
4084,SWM,IBIS Airport Hotel (Ranthambore / Sawai Madhopur Airport),11.5,4,9.4,2930,8606,0,0,"Terminal Road, Near SWM Airport, Ranthambore / Sawai Madhopur, India"
4085,IXT,Lemon Tree Premier (Pasighat Airport),14.3,3,9.4,2897,7176,0,0,"Terminal Road, Near IXT Airport, Pasighat, India"
4086,CJB,Trident Airport Hotel (Coimbatore Airport),11.8,4,9.4,1218,8593,0,0,"Terminal Road, Near CJB Airport, Coimbatore, India"
4087,NVM,ITC Grand Bharat (Navi Mumbai Airport),9.4,5,8.5,1178,9268,0,1,"Terminal Road, Near NVM Airport, Navi Mumbai, India"
4088,JSA,Novotel Airport Hotel (Jaisalmer Airport),8.6,3,9.3,2411,7337,0,0,"Terminal Road, Near JSA Airport, Jaisalmer, India"
4089,BGP,Trident Airport Hotel (Bhagalpur Airport),13.2,5,8.8,325,3612,0,1,"Terminal Road, Near BGP Airport, Bhagalpur, India"
4090,PBF,Lemon Tree Premier (Bilaspur Airport),2.2,4,9.0,2681,8682,1,0,"Terminal Road, Near PBF Airport, Bilaspur, India"
4091,DEL,Taj City Centre (New Delhi Airport),3.0,4,8.4,2902,8116,1,0,"Terminal Road, Near DEL Airport, New Delhi, India"
4092,SLN,ITC Grand Bharat (Sultanpur Airport),8.0,4,9.3,1767,3761,0,1,"Terminal Road, Near SLN Airport, Sultanpur, India"
4093,WGC,Radisson Blu Airport (Warangal Airport),13.7,5,9.0,2518,2896,0,1,"Terminal Road, Near WGC Airport, Warangal, India"
4094,KOR,Lemon Tree Premier (Koraput Airport),4.4,5,8.2,2531,11361,1,0,"Terminal Road, Near KOR Airport, Koraput, India"
4095,IXR,Lemon Tree Premier (Ranchi Airport),10.8,4,8.3,3267,11470,0,0,"Terminal Road, Near IXR Airport, Ranchi, India"
4096,PUI,Taj City Centre (Purnea Airport),3.3,3,8.8,899,5983,1,0,"Terminal Road, Near PUI Airport, Purnea, India"
4097,BHO,FabHotel Airport Inn (Bhopal Airport),9.3,5,9.0,1117,11831,0,0,"Terminal Road, Near BHO Airport, Bhopal, India"
4098,COB,Ginger Airport Hotel (Cooch Behar Airport),11.3,4,8.6,3077,2201,0,1,"Terminal Road, Near COB Airport, Cooch Behar, India"
4099,CNN,Novotel Airport Hotel (Kannur Airport),4.0,3,8.8,3055,7689,1,0,"Terminal Road, Near CNN Airport, Kannur, India"
4100,SAH,Trident Airport Hotel (Saharanpur Airport),8.3,3,9.4,3786,5945,0,0,"Terminal Road, Near SAH Airport, Saharanpur, India"
4101,SSE,Novotel Airport Hotel (Solapur Airport),2.9,4,8.3,2697,9403,1,1,"Terminal Road, Near SSE Airport, Solapur, India"
4102,SIV,FabHotel Airport Inn (Sivasagar Airport),7.1,5,9.2,2896,5628,1,0,"Terminal Road, Near SIV Airport, Sivasagar, India"
4103,DMU,Novotel Airport Hotel (Dimapur Airport),2.2,3,9.8,3006,11296,1,1,"Terminal Road, Near DMU Airport, Dimapur, India"
4104,TEZU,Lemon Tree Premier (Tezu Airport),13.0,5,9.3,283,11386,0,0,"Terminal Road, Near TEZU Airport, Tezu, India"
4105,RAT,Trident Airport Hotel (Ratlam Airport),0.7,3,9.8,1595,5892,1,0,"Terminal Road, Near RAT Airport, Ratlam, India"
4106,LGP,Novotel Airport Hotel (Rupsi / Dhubri Airport),11.0,3,9.5,3046,4791,0,1,"Terminal Road, Near LGP Airport, Rupsi / Dhubri, India"
4107,PBN,Ginger Airport Hotel (Parbhani Airport),4.8,5,9.6,255,7206,1,1,"Terminal Road, Near PBN Airport, Parbhani, India"
4108,AKL,IBIS Airport Hotel (Akola Airport),11.3,4,9.5,779,8562,0,1,"Terminal Road, Near AKL Airport, Akola, India"
4109,IXP,Trident Airport Hotel (Pathankot Airport),5.5,5,9.3,479,9703,1,1,"Terminal Road, Near IXP Airport, Pathankot, India"
4110,TEZ,Taj City Centre (Tezpur Airport),5.3,5,9.5,3058,10894,1,0,"Terminal Road, Near TEZ Airport, Tezpur, India"
4111,LGP,Lemon Tree Premier (Rupsi / Dhubri Airport),10.2,3,8.3,1039,1875,0,1,"Terminal Road, Near LGP Airport, Rupsi / Dhubri, India"
4112,SNE,IBIS Airport Hotel (Singrauli Airport),6.5,4,9.0,1760,2374,1,0,"Terminal Road, Near SNE Airport, Singrauli, India"
4113,RGD,Ginger Airport Hotel (Raigarh Airport),11.0,5,8.7,1325,4544,0,0,"Terminal Road, Near RGD Airport, Raigarh, India"
4114,JGA,Pride Plaza Hotel (Jamnagar Airport),1.8,5,8.7,1588,9617,1,1,"Terminal Road, Near JGA Airport, Jamnagar, India"
4115,MEH,Radisson Blu Airport (Mehsana Airport),6.5,4,8.7,2603,11230,1,1,"Terminal Road, Near MEH Airport, Mehsana, India"
4116,IXW,Lemon Tree Premier (Jamshedpur Airport),7.2,4,8.4,1498,10270,1,1,"Terminal Road, Near IXW Airport, Jamshedpur, India"
4117,SRA,Radisson Blu Airport (Shravasti Airport),3.8,5,9.5,2328,9193,1,0,"Terminal Road, Near SRA Airport, Shravasti, India"
4118,IXM,Novotel Airport Hotel (Madurai Airport),0.8,3,8.6,1693,5398,1,1,"Terminal Road, Near IXM Airport, Madurai, India"
4119,HZD,Hyatt Regency Terminal (Hazaribagh Airport),3.8,4,8.5,356,4913,1,0,"Terminal Road, Near HZD Airport, Hazaribagh, India"
4120,SXV,ITC Grand Bharat (Shivamogga Airport),7.7,3,8.5,3287,11389,1,0,"Terminal Road, Near SXV Airport, Shivamogga, India"
4121,COB,Lemon Tree Premier (Cooch Behar Airport),3.9,5,9.5,2522,4987,1,0,"Terminal Road, Near COB Airport, Cooch Behar, India"
4122,AJL,Taj City Centre (Aizawl Airport),0.9,3,9.8,2627,12237,1,0,"Terminal Road, Near AJL Airport, Aizawl, India"
4123,ZER,Taj City Centre (Ziro Airport),5.5,3,8.3,3763,6153,1,1,"Terminal Road, Near ZER Airport, Ziro, India"
4124,JSA,OYO Townhouse Airport (Jaisalmer Airport),14.3,3,8.5,310,7222,0,0,"Terminal Road, Near JSA Airport, Jaisalmer, India"
4125,BDQ,Radisson Blu Airport (Vadodara Airport),2.3,4,9.3,3307,1901,1,0,"Terminal Road, Near BDQ Airport, Vadodara, India"
4126,TIR,Trident Airport Hotel (Tirupati Airport),11.1,4,8.2,954,7978,0,1,"Terminal Road, Near TIR Airport, Tirupati, India"
4127,ANK,Taj City Centre (Ankleshwar Airport),3.6,4,8.6,2836,6103,1,1,"Terminal Road, Near ANK Airport, Ankleshwar, India"
4128,MEH,Taj City Centre (Mehsana Airport),8.2,3,8.2,2349,3862,0,0,"Terminal Road, Near MEH Airport, Mehsana, India"
4129,LAT,Taj City Centre (Latur Airport),14.1,5,8.2,1087,2221,0,1,"Terminal Road, Near LAT Airport, Latur, India"
4130,AMB,Ginger Airport Hotel (Ambikapur Airport),7.4,4,8.4,1004,3809,1,0,"Terminal Road, Near AMB Airport, Ambikapur, India"
4131,SDW,Novotel Airport Hotel (Sindhudurg Airport),7.8,5,9.2,404,7987,1,0,"Terminal Road, Near SDW Airport, Sindhudurg, India"
4132,MOR,Trident Airport Hotel (Moradabad Airport),11.5,3,8.9,1441,1941,0,0,"Terminal Road, Near MOR Airport, Moradabad, India"
4133,PUR,Taj City Centre (Purulia Airport),13.2,4,8.3,2446,6657,0,1,"Terminal Road, Near PUR Airport, Purulia, India"
4134,BVC,Lemon Tree Premier (Bhavnagar Airport),4.7,5,9.5,3318,9200,1,0,"Terminal Road, Near BVC Airport, Bhavnagar, India"
4135,PYG,Novotel Airport Hotel (Gangtok / Pakyong (Sikkim) Airport),4.7,5,8.6,2179,8365,1,0,"Terminal Road, Near PYG Airport, Gangtok / Pakyong (Sikkim), India"
4136,DUM,FabHotel Airport Inn (Dumka Airport),1.0,3,8.5,403,9693,1,0,"Terminal Road, Near DUM Airport, Dumka, India"
4137,RGD,ITC Grand Bharat (Raigarh Airport),5.3,3,9.0,3407,3572,1,0,"Terminal Road, Near RGD Airport, Raigarh, India"
4138,IXZ,ITC Grand Bharat (Port Blair (Andaman) Airport),0.7,3,8.4,3137,6287,1,0,"Terminal Road, Near IXZ Airport, Port Blair (Andaman), India"
4139,SDW,ITC Grand Bharat (Sindhudurg Airport),12.5,3,8.4,2148,4881,0,1,"Terminal Road, Near SDW Airport, Sindhudurg, India"
4140,BGP,Radisson Blu Airport (Bhagalpur Airport),10.7,5,8.6,2251,8014,0,0,"Terminal Road, Near BGP Airport, Bhagalpur, India"
4141,AJL,Trident Airport Hotel (Aizawl Airport),12.7,4,9.2,927,1972,0,1,"Terminal Road, Near AJL Airport, Aizawl, India"
4142,DBR,OYO Townhouse Airport (Darbhanga Airport),1.9,3,8.6,1092,6066,1,0,"Terminal Road, Near DBR Airport, Darbhanga, India"
4143,LGP,FabHotel Airport Inn (Rupsi / Dhubri Airport),5.2,5,8.3,2419,2803,1,1,"Terminal Road, Near LGP Airport, Rupsi / Dhubri, India"
4144,MAA,Lemon Tree Premier (Chennai Airport),0.7,5,9.1,1686,12414,1,1,"Terminal Road, Near MAA Airport, Chennai, India"
4145,AMR,IBIS Airport Hotel (Amravati Airport),11.8,4,8.8,3619,9081,0,1,"Terminal Road, Near AMR Airport, Amravati, India"
4146,KQH,Radisson Blu Airport (Ajmer / Kishangarh Airport),14.2,3,9.6,2369,8396,0,1,"Terminal Road, Near KQH Airport, Ajmer / Kishangarh, India"
4147,NMN,Pride Plaza Hotel (Neemrana / Alwar Airport),5.6,3,8.7,2121,8246,1,1,"Terminal Road, Near NMN Airport, Neemrana / Alwar, India"
4148,SRA,Taj City Centre (Shravasti Airport),1.0,3,8.9,3672,11522,1,1,"Terminal Road, Near SRA Airport, Shravasti, India"
4149,JSA,Pride Plaza Hotel (Jaisalmer Airport),6.1,3,9.1,1123,5834,1,0,"Terminal Road, Near JSA Airport, Jaisalmer, India"
4150,KAI,Novotel Airport Hotel (Kailashahar Airport),8.7,4,9.4,182,7064,0,1,"Terminal Road, Near KAI Airport, Kailashahar, India"
4151,BOK,Hyatt Regency Terminal (Bokaro Airport),10.6,3,9.5,477,8740,0,1,"Terminal Road, Near BOK Airport, Bokaro, India"
4152,KNU,FabHotel Airport Inn (Kanpur Airport),5.6,4,9.8,2763,4699,1,0,"Terminal Road, Near KNU Airport, Kanpur, India"
4153,IXW,Radisson Blu Airport (Jamshedpur Airport),14.2,5,9.2,694,5691,0,0,"Terminal Road, Near IXW Airport, Jamshedpur, India"
4154,GAW,Lemon Tree Premier (Guwahati Airport),7.1,4,8.3,2214,5959,1,1,"Terminal Road, Near GAW Airport, Guwahati, India"
4155,VZY,Ginger Airport Hotel (Vijayawada Airport),5.2,3,8.3,209,11679,1,1,"Terminal Road, Near VZY Airport, Vijayawada, India"
4156,DHM,Trident Airport Hotel (Dharamshala / Kangra Airport),0.5,5,9.6,3045,2680,1,0,"Terminal Road, Near DHM Airport, Dharamshala / Kangra, India"
4157,VZY,ITC Grand Bharat (Vijayawada Airport),11.2,4,8.8,2176,11268,0,0,"Terminal Road, Near VZY Airport, Vijayawada, India"
4158,DEL,Trident Airport Hotel (New Delhi Airport),12.7,5,8.4,2801,11209,0,1,"Terminal Road, Near DEL Airport, New Delhi, India"
4159,KUU,IBIS Airport Hotel (Kullu / Manali Airport),6.9,3,9.4,895,8607,1,0,"Terminal Road, Near KUU Airport, Kullu / Manali, India"
4160,KQH,Radisson Blu Airport (Ajmer / Kishangarh Airport),3.6,4,9.2,966,10606,1,0,"Terminal Road, Near KQH Airport, Ajmer / Kishangarh, India"
4161,KNU,Lemon Tree Premier (Kanpur Airport),10.2,3,9.2,1074,10758,0,0,"Terminal Road, Near KNU Airport, Kanpur, India"
4162,GOI,IBIS Airport Hotel (Goa (Dabolim) Airport),2.9,4,9.8,1466,5652,1,1,"Terminal Road, Near GOI Airport, Goa (Dabolim), India"
4163,JGD,Novotel Airport Hotel (Jagdalpur Airport),4.1,3,8.7,1074,9839,1,0,"Terminal Road, Near JGD Airport, Jagdalpur, India"
4164,NMS,FabHotel Airport Inn (Naliya Airport),9.9,3,8.1,701,5758,0,0,"Terminal Road, Near NMS Airport, Naliya, India"
4165,CFH,Lemon Tree Premier (Chitrakoot Airport),3.0,5,9.7,1146,7220,1,1,"Terminal Road, Near CFH Airport, Chitrakoot, India"
4166,IXE,Pride Plaza Hotel (Mangaluru Airport),6.7,3,9.6,1962,6749,1,0,"Terminal Road, Near IXE Airport, Mangaluru, India"
4167,SLN,ITC Grand Bharat (Sultanpur Airport),7.3,3,8.7,2803,2637,1,0,"Terminal Road, Near SLN Airport, Sultanpur, India"
4168,KJB,Ginger Airport Hotel (Kurnool (Orvakal) Airport),12.0,4,8.1,135,1853,0,0,"Terminal Road, Near KJB Airport, Kurnool (Orvakal), India"
4169,PUI,Lemon Tree Premier (Purnea Airport),1.1,3,8.1,2058,12356,1,0,"Terminal Road, Near PUI Airport, Purnea, India"
4170,IXZ,Lemon Tree Premier (Port Blair (Andaman) Airport),8.8,3,9.6,844,3790,0,0,"Terminal Road, Near IXZ Airport, Port Blair (Andaman), India"
4171,DMU,Ginger Airport Hotel (Dimapur Airport),6.2,5,9.6,259,11214,1,0,"Terminal Road, Near DMU Airport, Dimapur, India"
4172,KOP,OYO Townhouse Airport (Kolhapur Airport),3.8,3,8.7,1011,12330,1,1,"Terminal Road, Near KOP Airport, Kolhapur, India"
4173,DGR,ITC Grand Bharat (Deoghar Airport),9.7,5,9.4,1118,2681,0,0,"Terminal Road, Near DGR Airport, Deoghar, India"
4174,TCR,Ginger Airport Hotel (Thoothukudi (Tuticorin) Airport),0.6,5,9.6,955,4360,1,1,"Terminal Road, Near TCR Airport, Thoothukudi (Tuticorin), India"
4175,MUZ,Novotel Airport Hotel (Muzaffarpur Airport),6.7,5,8.8,580,12164,1,1,"Terminal Road, Near MUZ Airport, Muzaffarpur, India"
4176,HJR,Radisson Blu Airport (Khajuraho Airport),7.4,5,8.6,1198,8317,1,1,"Terminal Road, Near HJR Airport, Khajuraho, India"
4177,REW,Taj City Centre (Rewa Airport),3.9,5,8.6,513,6202,1,0,"Terminal Road, Near REW Airport, Rewa, India"
4178,RJA,Pride Plaza Hotel (Rajahmundry Airport),11.4,5,8.3,1064,7932,0,0,"Terminal Road, Near RJA Airport, Rajahmundry, India"
4179,BVC,OYO Townhouse Airport (Bhavnagar Airport),10.4,4,9.4,225,6317,0,0,"Terminal Road, Near BVC Airport, Bhavnagar, India"
4180,DHR,Taj City Centre (Dibrugarh Airport),2.9,5,9.1,2082,10602,1,1,"Terminal Road, Near DHR Airport, Dibrugarh, India"
4181,BID,Ginger Airport Hotel (Bidar Airport),0.6,3,9.1,3432,6464,1,1,"Terminal Road, Near BID Airport, Bidar, India"
4182,KJB,Ginger Airport Hotel (Kurnool (Orvakal) Airport),8.9,5,9.5,2500,9272,0,1,"Terminal Road, Near KJB Airport, Kurnool (Orvakal), India"
4183,GBI,Taj City Centre (Kalaburagi (Gulbarga) Airport),4.0,4,8.4,1443,6553,1,1,"Terminal Road, Near GBI Airport, Kalaburagi (Gulbarga), India"
4184,ASL,Hyatt Regency Terminal (Asansol Airport),12.0,4,9.1,1747,12205,0,1,"Terminal Road, Near ASL Airport, Asansol, India"
4185,NEEM,Trident Airport Hotel (Neemuch Airport),14.1,5,9.0,3291,2655,0,0,"Terminal Road, Near NEEM Airport, Neemuch, India"
4186,KBK,IBIS Airport Hotel (Kushinagar Airport),5.1,5,8.3,2991,2586,1,0,"Terminal Road, Near KBK Airport, Kushinagar, India"
4187,JDH,IBIS Airport Hotel (Jodhpur Airport),9.2,4,9.5,2506,10119,0,1,"Terminal Road, Near JDH Airport, Jodhpur, India"
4188,IXY,Novotel Airport Hotel (Kandla Airport),3.3,4,9.1,283,4672,1,1,"Terminal Road, Near IXY Airport, Kandla, India"
4189,MAL,OYO Townhouse Airport (Malda Airport),4.4,5,9.2,1016,5032,1,0,"Terminal Road, Near MAL Airport, Malda, India"
4190,NAG,OYO Townhouse Airport (Nagpur Airport),4.6,4,8.8,358,2197,1,0,"Terminal Road, Near NAG Airport, Nagpur, India"
4191,LKO,Pride Plaza Hotel (Lucknow Airport),5.6,4,8.4,1862,8407,1,0,"Terminal Road, Near LKO Airport, Lucknow, India"
4192,PNY,Taj City Centre (Puducherry Airport),8.6,3,9.0,1797,10187,0,0,"Terminal Road, Near PNY Airport, Puducherry, India"
4193,SLN,ITC Grand Bharat (Sultanpur Airport),4.7,5,8.7,877,2186,1,0,"Terminal Road, Near SLN Airport, Sultanpur, India"
4194,AJL,Hyatt Regency Terminal (Aizawl Airport),6.3,5,9.4,907,2785,1,1,"Terminal Road, Near AJL Airport, Aizawl, India"
4195,CHI,FabHotel Airport Inn (Chhindwara Airport),11.5,3,8.4,2675,9877,0,0,"Terminal Road, Near CHI Airport, Chhindwara, India"
4196,PBN,Hyatt Regency Terminal (Parbhani Airport),7.3,4,8.2,3373,9089,1,1,"Terminal Road, Near PBN Airport, Parbhani, India"
4197,AGR,OYO Townhouse Airport (Agra Airport),5.9,3,9.8,534,11504,1,0,"Terminal Road, Near AGR Airport, Agra, India"
4198,NWP,Taj City Centre (Pithoragarh Airport),2.9,4,8.1,1959,2251,1,1,"Terminal Road, Near NWP Airport, Pithoragarh, India"
4199,RPR,Taj City Centre (Raipur Airport),13.4,5,9.4,352,2761,0,0,"Terminal Road, Near RPR Airport, Raipur, India"
4200,SDW,Hyatt Regency Terminal (Sindhudurg Airport),1.5,5,9.2,3111,6863,1,1,"Terminal Road, Near SDW Airport, Sindhudurg, India"
4201,BLR,OYO Townhouse Airport (Bengaluru Airport),6.2,5,9.3,1028,8124,1,1,"Terminal Road, Near BLR Airport, Bengaluru, India"
4202,PYG,IBIS Airport Hotel (Gangtok / Pakyong (Sikkim) Airport),5.8,3,9.7,720,7806,1,1,"Terminal Road, Near PYG Airport, Gangtok / Pakyong (Sikkim), India"
4203,NEEM,ITC Grand Bharat (Neemuch Airport),1.0,3,9.5,347,3383,1,0,"Terminal Road, Near NEEM Airport, Neemuch, India"
4204,DMO,IBIS Airport Hotel (Damoh Airport),3.7,4,8.6,1893,10274,1,1,"Terminal Road, Near DMO Airport, Damoh, India"
4205,NVM,OYO Townhouse Airport (Navi Mumbai Airport),14.0,3,9.4,1213,10234,0,1,"Terminal Road, Near NVM Airport, Navi Mumbai, India"
4206,BGP,Lemon Tree Premier (Bhagalpur Airport),8.9,5,9.6,1862,11461,0,0,"Terminal Road, Near BGP Airport, Bhagalpur, India"
4207,VDY,Novotel Airport Hotel (Vidyanagar / Ballari Airport),4.1,5,8.3,725,7501,1,0,"Terminal Road, Near VDY Airport, Vidyanagar / Ballari, India"
4208,GBI,ITC Grand Bharat (Kalaburagi (Gulbarga) Airport),8.9,4,8.2,705,3918,0,0,"Terminal Road, Near GBI Airport, Kalaburagi (Gulbarga), India"
4209,IXR,Hyatt Regency Terminal (Ranchi Airport),12.3,4,9.7,2710,3309,0,1,"Terminal Road, Near IXR Airport, Ranchi, India"
4210,BID,OYO Townhouse Airport (Bidar Airport),7.6,5,9.1,1123,3277,1,0,"Terminal Road, Near BID Airport, Bidar, India"
4211,IXE,Trident Airport Hotel (Mangaluru Airport),10.5,4,9.4,2506,11756,0,1,"Terminal Road, Near IXE Airport, Mangaluru, India"
4212,MAA,Radisson Blu Airport (Chennai Airport),9.5,3,8.5,705,2575,0,1,"Terminal Road, Near MAA Airport, Chennai, India"
4213,TCR,Lemon Tree Premier (Thoothukudi (Tuticorin) Airport),8.8,3,9.6,2989,2515,0,0,"Terminal Road, Near TCR Airport, Thoothukudi (Tuticorin), India"
4214,RXL,Taj City Centre (Raxaul Airport),5.7,5,8.9,3772,6774,1,0,"Terminal Road, Near RXL Airport, Raxaul, India"
4215,JLR,Novotel Airport Hotel (Jabalpur Airport),7.9,5,9.6,2277,8197,1,1,"Terminal Road, Near JLR Airport, Jabalpur, India"
4216,IXT,Radisson Blu Airport (Pasighat Airport),4.9,5,8.6,3168,5776,1,1,"Terminal Road, Near IXT Airport, Pasighat, India"
4217,STV,Pride Plaza Hotel (Surat Airport),9.9,5,9.5,1643,4149,0,1,"Terminal Road, Near STV Airport, Surat, India"
4218,IXY,Taj City Centre (Kandla Airport),5.5,5,8.6,590,12067,1,1,"Terminal Road, Near IXY Airport, Kandla, India"
4219,IDR,Novotel Airport Hotel (Indore Airport),9.2,3,8.8,1120,8553,0,1,"Terminal Road, Near IDR Airport, Indore, India"
4220,SIV,ITC Grand Bharat (Sivasagar Airport),12.1,3,9.3,198,10662,0,1,"Terminal Road, Near SIV Airport, Sivasagar, India"
4221,WGC,FabHotel Airport Inn (Warangal Airport),2.2,4,9.7,2109,2745,1,1,"Terminal Road, Near WGC Airport, Warangal, India"
4222,DGR,OYO Townhouse Airport (Deoghar Airport),7.4,3,8.8,575,10718,1,0,"Terminal Road, Near DGR Airport, Deoghar, India"
4223,SXR,Lemon Tree Premier (Srinagar Airport),8.6,3,8.7,2250,9388,0,1,"Terminal Road, Near SXR Airport, Srinagar, India"
4224,BDQ,Pride Plaza Hotel (Vadodara Airport),7.7,4,9.2,775,2158,1,0,"Terminal Road, Near BDQ Airport, Vadodara, India"
4225,IXR,Taj City Centre (Ranchi Airport),5.7,5,8.3,258,11834,1,0,"Terminal Road, Near IXR Airport, Ranchi, India"
4226,AKL,Trident Airport Hotel (Akola Airport),9.9,3,8.4,2944,10380,0,1,"Terminal Road, Near AKL Airport, Akola, India"
4227,ANK,Hyatt Regency Terminal (Ankleshwar Airport),12.1,4,9.7,3290,11823,0,1,"Terminal Road, Near ANK Airport, Ankleshwar, India"
4228,LAT,Ginger Airport Hotel (Latur Airport),9.1,3,9.6,2784,5619,0,0,"Terminal Road, Near LAT Airport, Latur, India"
4229,MRA,FabHotel Airport Inn (Noida / Jewar Airport),9.9,4,8.2,1489,3082,0,0,"Terminal Road, Near MRA Airport, Noida / Jewar, India"
4230,TEZU,OYO Townhouse Airport (Tezu Airport),6.2,4,8.9,1124,7642,1,1,"Terminal Road, Near TEZU Airport, Tezu, India"
4231,JHW,ITC Grand Bharat (Jhalawar Airport),7.0,4,8.5,3335,1928,1,0,"Terminal Road, Near JHW Airport, Jhalawar, India"
4232,HSS,Taj City Centre (Hisar Airport),11.5,3,9.5,179,9566,0,1,"Terminal Road, Near HSS Airport, Hisar, India"
4233,NMN,Pride Plaza Hotel (Neemrana / Alwar Airport),14.4,3,8.2,2717,12174,0,0,"Terminal Road, Near NMN Airport, Neemrana / Alwar, India"
4234,PBF,Radisson Blu Airport (Bilaspur Airport),3.4,4,8.4,2724,5736,1,1,"Terminal Road, Near PBF Airport, Bilaspur, India"
4235,NWP,ITC Grand Bharat (Pithoragarh Airport),0.6,5,8.5,1430,5967,1,1,"Terminal Road, Near NWP Airport, Pithoragarh, India"
4236,ZER,IBIS Airport Hotel (Ziro Airport),2.6,3,9.3,1041,7015,1,0,"Terminal Road, Near ZER Airport, Ziro, India"
4237,KOR,Pride Plaza Hotel (Koraput Airport),6.6,4,9.5,2723,8304,1,1,"Terminal Road, Near KOR Airport, Koraput, India"
4238,KOK,Trident Airport Hotel (Kokrajhar Airport),7.7,3,9.4,1004,12414,1,0,"Terminal Road, Near KOK Airport, Kokrajhar, India"
4239,DUM,Radisson Blu Airport (Dumka Airport),3.3,4,9.5,3224,9516,1,1,"Terminal Road, Near DUM Airport, Dumka, India"
4240,VZY,Novotel Airport Hotel (Vijayawada Airport),2.2,4,9.5,1228,11448,1,0,"Terminal Road, Near VZY Airport, Vijayawada, India"
4241,MEH,Trident Airport Hotel (Mehsana Airport),8.3,3,8.5,608,3576,0,0,"Terminal Road, Near MEH Airport, Mehsana, India"
4242,AMD,Trident Airport Hotel (Ahmedabad Airport),8.5,5,9.2,2545,5554,0,0,"Terminal Road, Near AMD Airport, Ahmedabad, India"
4243,GWL,Ginger Airport Hotel (Gwalior Airport),1.7,5,9.4,1505,11834,1,0,"Terminal Road, Near GWL Airport, Gwalior, India"
4244,UTL,Trident Airport Hotel (Barmer Airport),2.2,3,9.5,714,6777,1,1,"Terminal Road, Near UTL Airport, Barmer, India"
4245,KBK,Radisson Blu Airport (Kushinagar Airport),6.2,5,9.5,3630,3427,1,1,"Terminal Road, Near KBK Airport, Kushinagar, India"
4246,JGA,Radisson Blu Airport (Jamnagar Airport),10.5,3,9.1,2749,5707,0,1,"Terminal Road, Near JGA Airport, Jamnagar, India"
4247,IXS,Novotel Airport Hotel (Silchar Airport),3.0,5,8.5,2049,5812,1,1,"Terminal Road, Near IXS Airport, Silchar, India"
4248,IXA,Pride Plaza Hotel (Agartala Airport),6.2,5,8.8,2810,2793,1,0,"Terminal Road, Near IXA Airport, Agartala, India"
4249,SLV,Trident Airport Hotel (Shimla Airport),10.4,5,8.2,362,7704,0,1,"Terminal Road, Near SLV Airport, Shimla, India"
4250,PBF,Hyatt Regency Terminal (Bilaspur Airport),13.8,5,8.5,2002,11380,0,1,"Terminal Road, Near PBF Airport, Bilaspur, India"
4251,HIR,Radisson Blu Airport (Sambalpur Airport),1.6,5,8.3,1429,3584,1,0,"Terminal Road, Near HIR Airport, Sambalpur, India"
4252,HZD,Novotel Airport Hotel (Hazaribagh Airport),7.7,4,9.0,2742,5735,1,0,"Terminal Road, Near HZD Airport, Hazaribagh, India"
4253,BHU,ITC Grand Bharat (Bathinda Airport),11.9,5,8.3,2353,12091,0,1,"Terminal Road, Near BHU Airport, Bathinda, India"
4254,SLV,Trident Airport Hotel (Shimla Airport),7.5,3,9.0,1567,10527,1,0,"Terminal Road, Near SLV Airport, Shimla, India"
4255,RPR,Hyatt Regency Terminal (Raipur Airport),12.1,3,9.4,2164,4781,0,0,"Terminal Road, Near RPR Airport, Raipur, India"
4256,DHR,Radisson Blu Airport (Dibrugarh Airport),6.8,4,8.2,2817,4617,1,1,"Terminal Road, Near DHR Airport, Dibrugarh, India"
4257,HYD,Novotel Airport Hotel (Hyderabad Airport),9.6,3,9.7,830,6669,0,1,"Terminal Road, Near HYD Airport, Hyderabad, India"
4258,SRA,Hyatt Regency Terminal (Shravasti Airport),1.2,4,9.3,2388,11958,1,0,"Terminal Road, Near SRA Airport, Shravasti, India"
4259,HBX,ITC Grand Bharat (Hubballi / Dharwad Airport),11.6,3,8.9,1699,7064,0,1,"Terminal Road, Near HBX Airport, Hubballi / Dharwad, India"
4260,JLR,Pride Plaza Hotel (Jabalpur Airport),9.8,4,8.2,546,3280,0,0,"Terminal Road, Near JLR Airport, Jabalpur, India"
4261,KQH,IBIS Airport Hotel (Ajmer / Kishangarh Airport),1.9,5,9.7,1370,11721,1,1,"Terminal Road, Near KQH Airport, Ajmer / Kishangarh, India"
4262,BTH,Pride Plaza Hotel (Bettiah Airport),5.7,5,8.1,2642,8775,1,1,"Terminal Road, Near BTH Airport, Bettiah, India"
4263,KBK,Trident Airport Hotel (Kushinagar Airport),7.5,3,8.6,1247,6371,1,0,"Terminal Road, Near KBK Airport, Kushinagar, India"
4264,IXJ,Taj City Centre (Jammu Airport),5.8,5,8.8,2381,11059,1,0,"Terminal Road, Near IXJ Airport, Jammu, India"
4265,CNN,Taj City Centre (Kannur Airport),5.1,3,9.7,1790,5161,1,1,"Terminal Road, Near CNN Airport, Kannur, India"
4266,HIR,IBIS Airport Hotel (Sambalpur Airport),13.7,5,9.4,2882,5560,0,1,"Terminal Road, Near HIR Airport, Sambalpur, India"
4267,HBX,Novotel Airport Hotel (Hubballi / Dharwad Airport),1.8,3,8.7,1402,11397,1,1,"Terminal Road, Near HBX Airport, Hubballi / Dharwad, India"
4268,NPL,Lemon Tree Premier (Narnaul Airport),5.0,3,9.6,768,4362,1,1,"Terminal Road, Near NPL Airport, Narnaul, India"
4269,DIU,IBIS Airport Hotel (Diu Airport),12.8,5,8.2,3246,9622,0,0,"Terminal Road, Near DIU Airport, Diu, India"
4270,RPR,IBIS Airport Hotel (Raipur Airport),11.7,4,8.1,1296,5265,0,0,"Terminal Road, Near RPR Airport, Raipur, India"
4271,HBX,Trident Airport Hotel (Hubballi / Dharwad Airport),14.5,3,9.1,1721,2552,0,0,"Terminal Road, Near HBX Airport, Hubballi / Dharwad, India"
4272,NWP,Taj City Centre (Pithoragarh Airport),12.9,4,9.6,3696,11300,0,0,"Terminal Road, Near NWP Airport, Pithoragarh, India"
4273,GWL,Ginger Airport Hotel (Gwalior Airport),2.1,3,8.1,178,7221,1,0,"Terminal Road, Near GWL Airport, Gwalior, India"
4274,BVC,FabHotel Airport Inn (Bhavnagar Airport),0.8,4,8.7,203,9253,1,1,"Terminal Road, Near BVC Airport, Bhavnagar, India"
4275,ASL,Lemon Tree Premier (Asansol Airport),6.9,3,9.4,3161,10590,1,1,"Terminal Road, Near ASL Airport, Asansol, India"
4276,SDW,Trident Airport Hotel (Sindhudurg Airport),12.2,4,8.7,3564,8773,0,1,"Terminal Road, Near SDW Airport, Sindhudurg, India"
4277,KHO,OYO Townhouse Airport (Khowai Airport),13.4,3,8.2,2838,11117,0,0,"Terminal Road, Near KHO Airport, Khowai, India"
4278,AGR,OYO Townhouse Airport (Agra Airport),6.6,3,9.7,342,3820,1,0,"Terminal Road, Near AGR Airport, Agra, India"
4279,ATQ,Radisson Blu Airport (Amritsar Airport),10.6,5,9.0,1656,5699,0,0,"Terminal Road, Near ATQ Airport, Amritsar, India"
4280,CCJ,FabHotel Airport Inn (Kozhikode (Calicut) Airport),1.7,5,8.4,595,11636,1,0,"Terminal Road, Near CCJ Airport, Kozhikode (Calicut), India"
4281,JLG,Lemon Tree Premier (Jalgaon Airport),12.2,3,8.9,3028,9204,0,1,"Terminal Road, Near JLG Airport, Jalgaon, India"
4282,GOP,Lemon Tree Premier (Ganjam / Gopalpur Airport),13.6,3,8.2,871,2925,0,0,"Terminal Road, Near GOP Airport, Ganjam / Gopalpur, India"
4283,UTK,Taj City Centre (Kalahandi / Utkela Airport),7.4,3,9.3,760,6569,1,0,"Terminal Road, Near UTK Airport, Kalahandi / Utkela, India"
4284,JHW,ITC Grand Bharat (Jhalawar Airport),6.0,4,8.6,3729,12382,1,1,"Terminal Road, Near JHW Airport, Jhalawar, India"
4285,IXE,Trident Airport Hotel (Mangaluru Airport),9.5,4,8.1,447,8787,0,0,"Terminal Road, Near IXE Airport, Mangaluru, India"
4286,SXR,Radisson Blu Airport (Srinagar Airport),3.9,4,9.1,282,5221,1,0,"Terminal Road, Near SXR Airport, Srinagar, India"
4287,KOK,Novotel Airport Hotel (Kokrajhar Airport),11.6,3,9.5,3096,10005,0,1,"Terminal Road, Near KOK Airport, Kokrajhar, India"
4288,OSB,Radisson Blu Airport (Dharashiv Airport),6.9,4,9.3,2221,9301,1,1,"Terminal Road, Near OSB Airport, Dharashiv, India"
4289,KQH,Pride Plaza Hotel (Ajmer / Kishangarh Airport),2.9,5,9.5,2915,10569,1,0,"Terminal Road, Near KQH Airport, Ajmer / Kishangarh, India"
4290,AGX,Hyatt Regency Terminal (Agatti Island (Lakshadweep) Airport),13.6,5,9.2,2417,11242,0,1,"Terminal Road, Near AGX Airport, Agatti Island (Lakshadweep), India"
4291,AMH,OYO Townhouse Airport (Azamgarh Airport),3.4,5,8.6,3160,11059,1,0,"Terminal Road, Near AMH Airport, Azamgarh, India"
4292,JSA,Hyatt Regency Terminal (Jaisalmer Airport),11.0,4,9.8,1965,2253,0,1,"Terminal Road, Near JSA Airport, Jaisalmer, India"
4293,NVY,ITC Grand Bharat (Neyveli Airport),7.3,3,9.4,2593,7386,1,0,"Terminal Road, Near NVY Airport, Neyveli, India"
4294,PAL,Taj City Centre (Pali Airport),13.0,4,8.2,3665,11249,0,1,"Terminal Road, Near PAL Airport, Pali, India"
4295,JLR,IBIS Airport Hotel (Jabalpur Airport),13.5,3,8.3,1575,6947,0,1,"Terminal Road, Near JLR Airport, Jabalpur, India"
4296,TRZ,OYO Townhouse Airport (Tiruchirappalli (Trichy) Airport),2.3,4,9.0,3027,2400,1,0,"Terminal Road, Near TRZ Airport, Tiruchirappalli (Trichy), India"
4297,KOR,Hyatt Regency Terminal (Koraput Airport),0.8,3,9.5,1942,3806,1,1,"Terminal Road, Near KOR Airport, Koraput, India"
4298,IXP,Trident Airport Hotel (Pathankot Airport),10.3,4,8.6,1415,5756,0,0,"Terminal Road, Near IXP Airport, Pathankot, India"
4299,KNU,Taj City Centre (Kanpur Airport),1.2,3,8.2,2735,8343,1,0,"Terminal Road, Near KNU Airport, Kanpur, India"
4300,RGD,Novotel Airport Hotel (Raigarh Airport),8.9,5,8.6,3779,6777,0,0,"Terminal Road, Near RGD Airport, Raigarh, India"
4301,PNQ,Trident Airport Hotel (Pune Airport),3.3,4,8.6,3201,6260,1,0,"Terminal Road, Near PNQ Airport, Pune, India"
4302,HJR,Taj City Centre (Khajuraho Airport),0.8,4,9.3,1962,2928,1,1,"Terminal Road, Near HJR Airport, Khajuraho, India"
4303,SRA,FabHotel Airport Inn (Shravasti Airport),4.4,4,9.3,1596,9201,1,0,"Terminal Road, Near SRA Airport, Shravasti, India"
4304,AMD,IBIS Airport Hotel (Ahmedabad Airport),11.7,5,9.6,2083,5490,0,0,"Terminal Road, Near AMD Airport, Ahmedabad, India"
4305,JLR,Pride Plaza Hotel (Jabalpur Airport),6.9,5,9.5,1447,3882,1,1,"Terminal Road, Near JLR Airport, Jabalpur, India"
4306,DUM,FabHotel Airport Inn (Dumka Airport),6.8,4,8.5,1754,3410,1,0,"Terminal Road, Near DUM Airport, Dumka, India"
4307,BID,Novotel Airport Hotel (Bidar Airport),10.1,3,9.1,726,7877,0,0,"Terminal Road, Near BID Airport, Bidar, India"
4308,CJB,Novotel Airport Hotel (Coimbatore Airport),13.5,4,8.5,1663,8771,0,1,"Terminal Road, Near CJB Airport, Coimbatore, India"
4309,PUI,OYO Townhouse Airport (Purnea Airport),11.6,5,9.7,2950,4224,0,0,"Terminal Road, Near PUI Airport, Purnea, India"
4310,KOK,Radisson Blu Airport (Kokrajhar Airport),6.0,4,8.1,2056,11244,1,0,"Terminal Road, Near KOK Airport, Kokrajhar, India"
4311,WGC,OYO Townhouse Airport (Warangal Airport),9.4,5,9.6,2249,9894,0,0,"Terminal Road, Near WGC Airport, Warangal, India"
4312,ROU,Radisson Blu Airport (Rourkela Airport),13.0,4,9.8,3756,3463,0,0,"Terminal Road, Near ROU Airport, Rourkela, India"
4313,IMF,ITC Grand Bharat (Imphal Airport),7.1,4,8.7,312,11041,1,0,"Terminal Road, Near IMF Airport, Imphal, India"
4314,ALD,Ginger Airport Hotel (Aligarh Airport),3.2,4,9.4,3138,3939,1,1,"Terminal Road, Near ALD Airport, Aligarh, India"
4315,STV,Taj City Centre (Surat Airport),4.5,4,8.1,3563,8289,1,1,"Terminal Road, Near STV Airport, Surat, India"
4316,WGC,Taj City Centre (Warangal Airport),7.6,3,8.9,3230,6791,1,1,"Terminal Road, Near WGC Airport, Warangal, India"
4317,IXB,Lemon Tree Premier (Siliguri / Bagdogra Airport),0.6,3,8.7,2033,10409,1,0,"Terminal Road, Near IXB Airport, Siliguri / Bagdogra, India"
4318,MAL,Trident Airport Hotel (Malda Airport),8.3,5,9.6,1703,2881,0,1,"Terminal Road, Near MAL Airport, Malda, India"
4319,PUI,FabHotel Airport Inn (Purnea Airport),4.1,5,9.8,1130,8758,1,1,"Terminal Road, Near PUI Airport, Purnea, India"
4320,AKL,Hyatt Regency Terminal (Akola Airport),3.8,4,9.5,1058,8012,1,1,"Terminal Road, Near AKL Airport, Akola, India"
4321,HSS,ITC Grand Bharat (Hisar Airport),2.6,4,9.4,2212,4877,1,0,"Terminal Road, Near HSS Airport, Hisar, India"
4322,GOI,Hyatt Regency Terminal (Goa (Dabolim) Airport),8.2,4,9.0,2375,10614,0,0,"Terminal Road, Near GOI Airport, Goa (Dabolim), India"
4323,IXY,FabHotel Airport Inn (Kandla Airport),5.0,3,9.6,816,11906,1,0,"Terminal Road, Near IXY Airport, Kandla, India"
4324,JGD,ITC Grand Bharat (Jagdalpur Airport),13.3,5,9.0,2172,3091,0,0,"Terminal Road, Near JGD Airport, Jagdalpur, India"
4325,HBX,Radisson Blu Airport (Hubballi / Dharwad Airport),14.1,4,9.6,754,7475,0,1,"Terminal Road, Near HBX Airport, Hubballi / Dharwad, India"
4326,REW,Pride Plaza Hotel (Rewa Airport),13.1,5,9.3,364,4228,0,0,"Terminal Road, Near REW Airport, Rewa, India"
4327,BKN,Hyatt Regency Terminal (Bikaner Airport),4.4,3,9.0,745,10207,1,0,"Terminal Road, Near BKN Airport, Bikaner, India"
4328,IXC,IBIS Airport Hotel (Chandigarh Airport),14.2,5,9.1,2668,6631,0,1,"Terminal Road, Near IXC Airport, Chandigarh, India"
4329,GOX,FabHotel Airport Inn (Goa (Mopa) Airport),4.7,4,9.1,138,5993,1,0,"Terminal Road, Near GOX Airport, Goa (Mopa), India"
4330,KBK,ITC Grand Bharat (Kushinagar Airport),12.4,3,8.5,1167,11329,0,0,"Terminal Road, Near KBK Airport, Kushinagar, India"
4331,MRA,ITC Grand Bharat (Noida / Jewar Airport),13.9,3,9.2,2212,7570,0,0,"Terminal Road, Near MRA Airport, Noida / Jewar, India"
4332,NMS,Trident Airport Hotel (Naliya Airport),7.6,3,9.5,603,11762,1,0,"Terminal Road, Near NMS Airport, Naliya, India"
4333,BHO,FabHotel Airport Inn (Bhopal Airport),10.9,5,9.0,3192,6034,0,1,"Terminal Road, Near BHO Airport, Bhopal, India"
4334,CJB,OYO Townhouse Airport (Coimbatore Airport),0.9,5,9.5,2561,10759,1,0,"Terminal Road, Near CJB Airport, Coimbatore, India"
4335,IXA,FabHotel Airport Inn (Agartala Airport),3.0,3,9.3,3748,7657,1,1,"Terminal Road, Near IXA Airport, Agartala, India"
4336,KUU,Lemon Tree Premier (Kullu / Manali Airport),4.8,4,9.7,1164,9942,1,0,"Terminal Road, Near KUU Airport, Kullu / Manali, India"
4337,BHJ,Radisson Blu Airport (Bhuj (Kutch) Airport),3.8,4,8.8,3074,1998,1,1,"Terminal Road, Near BHJ Airport, Bhuj (Kutch), India"
4338,JGD,Taj City Centre (Jagdalpur Airport),0.9,5,9.4,1877,7171,1,1,"Terminal Road, Near JGD Airport, Jagdalpur, India"
4339,KBK,Taj City Centre (Kushinagar Airport),10.8,3,8.4,361,3779,0,0,"Terminal Road, Near KBK Airport, Kushinagar, India"
4340,SXV,Trident Airport Hotel (Shivamogga Airport),13.0,5,8.4,3360,10853,0,0,"Terminal Road, Near SXV Airport, Shivamogga, India"
4341,BHO,Lemon Tree Premier (Bhopal Airport),12.3,3,9.5,2381,5011,0,0,"Terminal Road, Near BHO Airport, Bhopal, India"
4342,JGD,Ginger Airport Hotel (Jagdalpur Airport),4.1,5,8.4,1742,7134,1,0,"Terminal Road, Near JGD Airport, Jagdalpur, India"
4343,LAT,Lemon Tree Premier (Latur Airport),8.0,3,9.4,1372,12205,0,0,"Terminal Road, Near LAT Airport, Latur, India"
4344,GWL,OYO Townhouse Airport (Gwalior Airport),0.8,4,9.0,2296,6616,1,1,"Terminal Road, Near GWL Airport, Gwalior, India"
4345,SAG,Taj City Centre (Shirdi Airport),10.9,4,8.7,1317,8842,0,0,"Terminal Road, Near SAG Airport, Shirdi, India"
4346,ASL,FabHotel Airport Inn (Asansol Airport),10.3,5,8.8,267,10235,0,1,"Terminal Road, Near ASL Airport, Asansol, India"
4347,RPR,ITC Grand Bharat (Raipur Airport),4.4,5,8.7,1452,7063,1,0,"Terminal Road, Near RPR Airport, Raipur, India"
4348,KHA,OYO Townhouse Airport (Khandwa Airport),8.6,5,8.2,3786,5512,0,1,"Terminal Road, Near KHA Airport, Khandwa, India"
4349,BHJ,Hyatt Regency Terminal (Bhuj (Kutch) Airport),11.1,3,8.1,1126,3072,0,1,"Terminal Road, Near BHJ Airport, Bhuj (Kutch), India"
4350,WGC,Pride Plaza Hotel (Warangal Airport),2.8,3,8.2,177,6525,1,1,"Terminal Road, Near WGC Airport, Warangal, India"
4351,AJL,OYO Townhouse Airport (Aizawl Airport),8.8,5,8.3,3426,3798,0,1,"Terminal Road, Near AJL Airport, Aizawl, India"
4352,PUI,ITC Grand Bharat (Purnea Airport),8.6,3,9.1,926,12375,0,1,"Terminal Road, Near PUI Airport, Purnea, India"
4353,GOI,Lemon Tree Premier (Goa (Dabolim) Airport),7.8,3,9.5,306,7611,1,0,"Terminal Road, Near GOI Airport, Goa (Dabolim), India"
4354,HSS,Ginger Airport Hotel (Hisar Airport),2.9,4,9.2,3093,2429,1,0,"Terminal Road, Near HSS Airport, Hisar, India"
4355,ISK,ITC Grand Bharat (Nashik Airport),4.0,5,8.6,3170,10049,1,0,"Terminal Road, Near ISK Airport, Nashik, India"
4356,CHI,ITC Grand Bharat (Chhindwara Airport),2.3,3,8.3,1216,6683,1,0,"Terminal Road, Near CHI Airport, Chhindwara, India"
4357,VNS,FabHotel Airport Inn (Varanasi Airport),1.5,4,9.2,1300,2058,1,0,"Terminal Road, Near VNS Airport, Varanasi, India"
4358,IXA,Trident Airport Hotel (Agartala Airport),6.4,3,9.2,2618,5434,1,0,"Terminal Road, Near IXA Airport, Agartala, India"
4359,IXJ,Novotel Airport Hotel (Jammu Airport),4.9,4,9.0,991,5844,1,1,"Terminal Road, Near IXJ Airport, Jammu, India"
4360,CFH,Trident Airport Hotel (Chitrakoot Airport),9.1,5,9.7,2725,12286,0,0,"Terminal Road, Near CFH Airport, Chitrakoot, India"
4361,KAI,OYO Townhouse Airport (Kailashahar Airport),5.1,5,8.8,3296,12073,1,0,"Terminal Road, Near KAI Airport, Kailashahar, India"
4362,SNE,Taj City Centre (Singrauli Airport),8.3,3,8.7,1651,6363,0,1,"Terminal Road, Near SNE Airport, Singrauli, India"
4363,KOK,Pride Plaza Hotel (Kokrajhar Airport),5.6,4,8.8,1533,7464,1,1,"Terminal Road, Near KOK Airport, Kokrajhar, India"
4364,DEL,Radisson Blu Airport (New Delhi Airport),9.1,3,9.5,161,3838,0,1,"Terminal Road, Near DEL Airport, New Delhi, India"
4365,NDC,Novotel Airport Hotel (Nanded Airport),11.2,5,8.8,3614,10174,0,1,"Terminal Road, Near NDC Airport, Nanded, India"
4366,RAT,Ginger Airport Hotel (Ratlam Airport),3.4,3,9.5,2520,12014,1,1,"Terminal Road, Near RAT Airport, Ratlam, India"
4367,ZER,Ginger Airport Hotel (Ziro Airport),2.1,5,8.9,968,7292,1,1,"Terminal Road, Near ZER Airport, Ziro, India"
4368,MAA,Pride Plaza Hotel (Chennai Airport),13.0,5,8.1,1286,3781,0,1,"Terminal Road, Near MAA Airport, Chennai, India"
4369,SAH,Ginger Airport Hotel (Saharanpur Airport),4.8,5,8.9,1981,3572,1,0,"Terminal Road, Near SAH Airport, Saharanpur, India"
4370,BHJ,Radisson Blu Airport (Bhuj (Kutch) Airport),6.8,4,8.8,1316,11098,1,1,"Terminal Road, Near BHJ Airport, Bhuj (Kutch), India"
4371,BVC,Ginger Airport Hotel (Bhavnagar Airport),1.0,4,8.9,1921,2217,1,0,"Terminal Road, Near BVC Airport, Bhavnagar, India"
4372,KOR,Pride Plaza Hotel (Koraput Airport),4.1,5,8.9,1958,8209,1,0,"Terminal Road, Near KOR Airport, Koraput, India"
4373,GWL,Hyatt Regency Terminal (Gwalior Airport),5.1,3,8.5,1153,4226,1,0,"Terminal Road, Near GWL Airport, Gwalior, India"
4374,NAG,OYO Townhouse Airport (Nagpur Airport),0.5,4,9.0,3158,5624,1,0,"Terminal Road, Near NAG Airport, Nagpur, India"
4375,TIR,FabHotel Airport Inn (Tirupati Airport),10.2,4,9.7,1240,11961,0,0,"Terminal Road, Near TIR Airport, Tirupati, India"
4376,MUZ,IBIS Airport Hotel (Muzaffarpur Airport),5.4,3,8.7,1425,3943,1,0,"Terminal Road, Near MUZ Airport, Muzaffarpur, India"
4377,GAW,Radisson Blu Airport (Guwahati Airport),9.7,5,9.5,3178,10726,0,1,"Terminal Road, Near GAW Airport, Guwahati, India"
4378,TEZU,Radisson Blu Airport (Tezu Airport),6.2,3,9.0,2667,4496,1,0,"Terminal Road, Near TEZU Airport, Tezu, India"
4379,SIH,Ginger Airport Hotel (Sirohi Airport),14.3,5,8.7,2416,11430,0,0,"Terminal Road, Near SIH Airport, Sirohi, India"
4380,YTL,Taj City Centre (Yavatmal Airport),13.3,3,9.0,3353,8108,0,1,"Terminal Road, Near YTL Airport, Yavatmal, India"
4381,AYJ,Novotel Airport Hotel (Ayodhya Airport),4.2,4,9.6,214,8369,1,0,"Terminal Road, Near AYJ Airport, Ayodhya, India"
4382,ZER,Pride Plaza Hotel (Ziro Airport),10.6,4,9.1,3372,1806,0,1,"Terminal Road, Near ZER Airport, Ziro, India"
4383,BGP,Radisson Blu Airport (Bhagalpur Airport),5.5,3,8.7,1567,11280,1,0,"Terminal Road, Near BGP Airport, Bhagalpur, India"
4384,IXW,OYO Townhouse Airport (Jamshedpur Airport),5.7,5,9.0,949,9895,1,0,"Terminal Road, Near IXW Airport, Jamshedpur, India"
4385,KOR,Trident Airport Hotel (Koraput Airport),11.0,3,9.6,2935,6430,0,1,"Terminal Road, Near KOR Airport, Koraput, India"
4386,GON,ITC Grand Bharat (Gondia Airport),7.7,3,9.5,3405,5727,1,0,"Terminal Road, Near GON Airport, Gondia, India"
4387,DHR,OYO Townhouse Airport (Dibrugarh Airport),8.5,3,8.7,3511,7676,0,0,"Terminal Road, Near DHR Airport, Dibrugarh, India"
4388,AMR,Ginger Airport Hotel (Amravati Airport),8.0,5,8.7,205,4359,0,1,"Terminal Road, Near AMR Airport, Amravati, India"
4389,KBK,Radisson Blu Airport (Kushinagar Airport),10.4,3,9.5,774,8495,0,1,"Terminal Road, Near KBK Airport, Kushinagar, India"
4390,STV,Taj City Centre (Surat Airport),4.4,3,9.1,2688,4701,1,0,"Terminal Road, Near STV Airport, Surat, India"
4391,IXJ,Radisson Blu Airport (Jammu Airport),8.2,5,8.8,2224,7866,0,0,"Terminal Road, Near IXJ Airport, Jammu, India"
4392,HZD,ITC Grand Bharat (Hazaribagh Airport),7.9,5,9.8,2810,8262,1,1,"Terminal Road, Near HZD Airport, Hazaribagh, India"
4393,RJA,Lemon Tree Premier (Rajahmundry Airport),10.9,5,9.6,3717,5034,0,0,"Terminal Road, Near RJA Airport, Rajahmundry, India"
4394,SWM,ITC Grand Bharat (Ranthambore / Sawai Madhopur Airport),1.1,4,9.3,186,6646,1,0,"Terminal Road, Near SWM Airport, Ranthambore / Sawai Madhopur, India"
4395,JRG,Taj City Centre (Jharsuguda Airport),6.5,4,9.8,828,4807,1,1,"Terminal Road, Near JRG Airport, Jharsuguda, India"
4396,JLR,Lemon Tree Premier (Jabalpur Airport),8.8,5,9.4,307,10203,0,1,"Terminal Road, Near JLR Airport, Jabalpur, India"
4397,SLV,Novotel Airport Hotel (Shimla Airport),4.1,3,9.4,690,11328,1,0,"Terminal Road, Near SLV Airport, Shimla, India"
4398,IXL,Radisson Blu Airport (Leh (Ladakh) Airport),7.8,3,9.2,2336,3037,1,1,"Terminal Road, Near IXL Airport, Leh (Ladakh), India"
4399,VZY,Taj City Centre (Vijayawada Airport),9.9,5,8.9,1055,5566,0,1,"Terminal Road, Near VZY Airport, Vijayawada, India"
4400,SIV,Lemon Tree Premier (Sivasagar Airport),4.3,3,9.8,1457,5399,1,1,"Terminal Road, Near SIV Airport, Sivasagar, India"
4401,IXR,Trident Airport Hotel (Ranchi Airport),2.4,4,9.5,1191,11534,1,1,"Terminal Road, Near IXR Airport, Ranchi, India"
4402,KAI,Trident Airport Hotel (Kailashahar Airport),3.0,3,9.4,2577,2166,1,1,"Terminal Road, Near KAI Airport, Kailashahar, India"
4403,JRH,Hyatt Regency Terminal (Jorhat Airport),5.2,4,9.7,2020,6448,1,0,"Terminal Road, Near JRH Airport, Jorhat, India"
4404,SXV,IBIS Airport Hotel (Shivamogga Airport),12.2,3,9.0,3684,3490,0,1,"Terminal Road, Near SXV Airport, Shivamogga, India"
4405,VDY,FabHotel Airport Inn (Vidyanagar / Ballari Airport),1.0,5,8.4,2463,6610,1,0,"Terminal Road, Near VDY Airport, Vidyanagar / Ballari, India"
4406,CCJ,Lemon Tree Premier (Kozhikode (Calicut) Airport),0.6,4,9.6,566,7982,1,0,"Terminal Road, Near CCJ Airport, Kozhikode (Calicut), India"
4407,PYB,Novotel Airport Hotel (Jeypore Airport),4.2,5,9.0,1846,6315,1,0,"Terminal Road, Near PYB Airport, Jeypore, India"
4408,JDH,Ginger Airport Hotel (Jodhpur Airport),11.9,4,9.6,2893,6344,0,1,"Terminal Road, Near JDH Airport, Jodhpur, India"
4409,HBX,Ginger Airport Hotel (Hubballi / Dharwad Airport),12.8,3,9.4,3674,9006,0,1,"Terminal Road, Near HBX Airport, Hubballi / Dharwad, India"
4410,KNU,Lemon Tree Premier (Kanpur Airport),5.4,5,9.4,3160,7734,1,0,"Terminal Road, Near KNU Airport, Kanpur, India"
4411,PAL,IBIS Airport Hotel (Pali Airport),8.7,4,9.7,3697,3817,0,1,"Terminal Road, Near PAL Airport, Pali, India"
4412,SLN,Taj City Centre (Sultanpur Airport),7.5,3,9.7,2998,4453,1,0,"Terminal Road, Near SLN Airport, Sultanpur, India"
4413,JHW,Taj City Centre (Jhalawar Airport),4.8,5,8.8,1434,6371,1,1,"Terminal Road, Near JHW Airport, Jhalawar, India"
4414,KBK,FabHotel Airport Inn (Kushinagar Airport),3.2,3,8.2,430,10408,1,1,"Terminal Road, Near KBK Airport, Kushinagar, India"
4415,NWP,Radisson Blu Airport (Pithoragarh Airport),12.8,3,9.0,2733,7186,0,0,"Terminal Road, Near NWP Airport, Pithoragarh, India"
4416,IXM,Hyatt Regency Terminal (Madurai Airport),9.6,4,9.1,2593,10094,0,1,"Terminal Road, Near IXM Airport, Madurai, India"
4417,MAL,Taj City Centre (Malda Airport),8.9,5,8.7,3443,6885,0,0,"Terminal Road, Near MAL Airport, Malda, India"
4418,ROU,Pride Plaza Hotel (Rourkela Airport),13.6,3,8.5,1036,7712,0,0,"Terminal Road, Near ROU Airport, Rourkela, India"
4419,GAW,Hyatt Regency Terminal (Guwahati Airport),12.7,5,9.7,3579,8037,0,1,"Terminal Road, Near GAW Airport, Guwahati, India"
4420,BLT,Pride Plaza Hotel (Balurghat Airport),8.0,3,8.6,606,10478,0,0,"Terminal Road, Near BLT Airport, Balurghat, India"
4421,SRA,FabHotel Airport Inn (Shravasti Airport),6.8,3,8.8,1465,9416,1,0,"Terminal Road, Near SRA Airport, Shravasti, India"
4422,CFH,IBIS Airport Hotel (Chitrakoot Airport),9.5,3,9.2,2828,11654,0,1,"Terminal Road, Near CFH Airport, Chitrakoot, India"
4423,LAT,Radisson Blu Airport (Latur Airport),10.8,4,8.8,3045,6704,0,0,"Terminal Road, Near LAT Airport, Latur, India"
4424,MUZ,ITC Grand Bharat (Muzaffarpur Airport),13.2,3,9.2,1667,12255,0,1,"Terminal Road, Near MUZ Airport, Muzaffarpur, India"
4425,HIR,Lemon Tree Premier (Sambalpur Airport),7.4,3,9.5,1713,6320,1,1,"Terminal Road, Near HIR Airport, Sambalpur, India"
4426,DIU,Lemon Tree Premier (Diu Airport),7.8,3,9.3,2491,9444,1,0,"Terminal Road, Near DIU Airport, Diu, India"
4427,DUM,OYO Townhouse Airport (Dumka Airport),12.6,3,8.5,875,8818,0,0,"Terminal Road, Near DUM Airport, Dumka, India"
4428,BBI,IBIS Airport Hotel (Bhubaneswar Airport),7.9,4,8.1,696,5004,1,0,"Terminal Road, Near BBI Airport, Bhubaneswar, India"
4429,KJB,Hyatt Regency Terminal (Kurnool (Orvakal) Airport),5.2,4,9.4,1136,5386,1,1,"Terminal Road, Near KJB Airport, Kurnool (Orvakal), India"
4430,WGC,ITC Grand Bharat (Warangal Airport),8.9,3,9.6,2880,10390,0,1,"Terminal Road, Near WGC Airport, Warangal, India"
4431,MOR,FabHotel Airport Inn (Moradabad Airport),13.8,5,9.4,2234,9738,0,1,"Terminal Road, Near MOR Airport, Moradabad, India"
4432,IXD,Taj City Centre (Prayagraj (Allahabad) Airport),13.7,4,8.6,3410,4799,0,1,"Terminal Road, Near IXD Airport, Prayagraj (Allahabad), India"
4433,JLR,Radisson Blu Airport (Jabalpur Airport),3.1,5,8.4,3300,11313,1,1,"Terminal Road, Near JLR Airport, Jabalpur, India"
4434,PAT,Radisson Blu Airport (Patna Airport),4.5,4,8.1,886,11754,1,1,"Terminal Road, Near PAT Airport, Patna, India"
4435,SLV,IBIS Airport Hotel (Shimla Airport),9.2,3,8.4,231,3243,0,0,"Terminal Road, Near SLV Airport, Shimla, India"
4436,IXZ,Ginger Airport Hotel (Port Blair (Andaman) Airport),12.6,4,9.8,1695,3899,0,1,"Terminal Road, Near IXZ Airport, Port Blair (Andaman), India"
4437,IXT,Lemon Tree Premier (Pasighat Airport),9.3,3,9.3,3551,9552,0,0,"Terminal Road, Near IXT Airport, Pasighat, India"
4438,RXL,Novotel Airport Hotel (Raxaul Airport),9.6,3,9.7,2679,6445,0,0,"Terminal Road, Near RXL Airport, Raxaul, India"
4439,COB,IBIS Airport Hotel (Cooch Behar Airport),2.6,5,8.4,2859,4381,1,1,"Terminal Road, Near COB Airport, Cooch Behar, India"
4440,OSB,Pride Plaza Hotel (Dharashiv Airport),14.3,3,8.8,3397,7451,0,1,"Terminal Road, Near OSB Airport, Dharashiv, India"
4441,AYJ,ITC Grand Bharat (Ayodhya Airport),4.1,5,8.9,1679,11463,1,1,"Terminal Road, Near AYJ Airport, Ayodhya, India"
4442,MEH,Lemon Tree Premier (Mehsana Airport),8.5,3,8.5,994,9344,0,0,"Terminal Road, Near MEH Airport, Mehsana, India"
4443,IXD,Lemon Tree Premier (Prayagraj (Allahabad) Airport),13.7,4,8.1,2554,12115,0,0,"Terminal Road, Near IXD Airport, Prayagraj (Allahabad), India"
4444,SAH,FabHotel Airport Inn (Saharanpur Airport),0.9,3,8.8,1061,3190,1,0,"Terminal Road, Near SAH Airport, Saharanpur, India"
4445,SXR,IBIS Airport Hotel (Srinagar Airport),6.2,5,8.8,1574,12335,1,1,"Terminal Road, Near SXR Airport, Srinagar, India"
4446,HSS,Trident Airport Hotel (Hisar Airport),11.3,5,9.8,1013,8237,0,1,"Terminal Road, Near HSS Airport, Hisar, India"
4447,KAM,Trident Airport Hotel (Kamalpur Airport),6.0,5,8.7,728,10721,1,0,"Terminal Road, Near KAM Airport, Kamalpur, India"
4448,IXG,ITC Grand Bharat (Belagavi Airport),14.4,5,9.6,1977,7483,0,0,"Terminal Road, Near IXG Airport, Belagavi, India"
4449,SDW,OYO Townhouse Airport (Sindhudurg Airport),5.5,4,8.9,2654,8526,1,0,"Terminal Road, Near SDW Airport, Sindhudurg, India"
4450,BDQ,OYO Townhouse Airport (Vadodara Airport),7.2,5,8.4,3728,2591,1,0,"Terminal Road, Near BDQ Airport, Vadodara, India"
4451,NEEM,Trident Airport Hotel (Neemuch Airport),10.2,4,8.6,1433,3344,0,1,"Terminal Road, Near NEEM Airport, Neemuch, India"
4452,IXS,Pride Plaza Hotel (Silchar Airport),2.0,4,8.3,239,5339,1,0,"Terminal Road, Near IXS Airport, Silchar, India"
4453,DUM,Hyatt Regency Terminal (Dumka Airport),7.2,3,8.2,3455,2194,1,1,"Terminal Road, Near DUM Airport, Dumka, India"
4454,KAP,OYO Townhouse Airport (Kadapa Airport),5.5,4,8.5,2277,9962,1,1,"Terminal Road, Near KAP Airport, Kadapa, India"
4455,MUZ,Lemon Tree Premier (Muzaffarpur Airport),7.1,5,8.2,3452,5907,1,1,"Terminal Road, Near MUZ Airport, Muzaffarpur, India"
4456,RXL,Trident Airport Hotel (Raxaul Airport),13.6,3,9.0,1775,5492,0,1,"Terminal Road, Near RXL Airport, Raxaul, India"
4457,MZS,OYO Townhouse Airport (Sonbhadra Airport),3.1,5,8.5,3108,10163,1,1,"Terminal Road, Near MZS Airport, Sonbhadra, India"
4458,KNU,Ginger Airport Hotel (Kanpur Airport),1.4,3,9.4,402,11996,1,1,"Terminal Road, Near KNU Airport, Kanpur, India"
4459,RXL,OYO Townhouse Airport (Raxaul Airport),6.1,5,8.5,493,11841,1,1,"Terminal Road, Near RXL Airport, Raxaul, India"
4460,DED,Lemon Tree Premier (Dehradun Airport),2.0,5,9.7,680,9919,1,1,"Terminal Road, Near DED Airport, Dehradun, India"
4461,PBN,Taj City Centre (Parbhani Airport),13.3,5,8.8,2844,9285,0,1,"Terminal Road, Near PBN Airport, Parbhani, India"
4462,SAH,Radisson Blu Airport (Saharanpur Airport),2.0,4,9.0,2819,4298,1,0,"Terminal Road, Near SAH Airport, Saharanpur, India"
4463,VNS,FabHotel Airport Inn (Varanasi Airport),5.4,3,9.3,835,9889,1,0,"Terminal Road, Near VNS Airport, Varanasi, India"
4464,KAM,FabHotel Airport Inn (Kamalpur Airport),4.1,3,9.3,2125,4206,1,0,"Terminal Road, Near KAM Airport, Kamalpur, India"
4465,MAA,Hyatt Regency Terminal (Chennai Airport),10.8,4,8.6,2436,8072,0,1,"Terminal Road, Near MAA Airport, Chennai, India"
4466,PNV,Taj City Centre (Porbandar Airport),8.8,5,8.5,2996,4534,0,1,"Terminal Road, Near PNV Airport, Porbandar, India"
4467,GOX,OYO Townhouse Airport (Goa (Mopa) Airport),4.2,3,8.6,3699,4911,1,0,"Terminal Road, Near GOX Airport, Goa (Mopa), India"
4468,REW,Trident Airport Hotel (Rewa Airport),10.8,5,9.6,2753,8764,0,1,"Terminal Road, Near REW Airport, Rewa, India"
4469,VTZ,Pride Plaza Hotel (Visakhapatnam Airport),2.9,5,8.3,2101,12320,1,1,"Terminal Road, Near VTZ Airport, Visakhapatnam, India"
4470,DIU,Radisson Blu Airport (Diu Airport),3.9,4,8.2,851,9125,1,0,"Terminal Road, Near DIU Airport, Diu, India"
4471,WGC,Novotel Airport Hotel (Warangal Airport),4.8,3,8.8,1938,6965,1,1,"Terminal Road, Near WGC Airport, Warangal, India"
4472,VDY,Hyatt Regency Terminal (Vidyanagar / Ballari Airport),4.0,3,8.3,940,4136,1,0,"Terminal Road, Near VDY Airport, Vidyanagar / Ballari, India"
4473,LKO,Pride Plaza Hotel (Lucknow Airport),4.0,3,8.8,1733,7771,1,1,"Terminal Road, Near LKO Airport, Lucknow, India"
4474,KBK,Hyatt Regency Terminal (Kushinagar Airport),6.5,3,9.2,3580,9794,1,0,"Terminal Road, Near KBK Airport, Kushinagar, India"
4475,KOK,OYO Townhouse Airport (Kokrajhar Airport),10.7,3,8.3,351,7568,0,0,"Terminal Road, Near KOK Airport, Kokrajhar, India"
4476,HBI,FabHotel Airport Inn (Itanagar Airport),12.0,3,9.7,3452,10339,0,0,"Terminal Road, Near HBI Airport, Itanagar, India"
4477,KHA,Hyatt Regency Terminal (Khandwa Airport),1.0,4,9.4,2198,11908,1,0,"Terminal Road, Near KHA Airport, Khandwa, India"
4478,PNY,ITC Grand Bharat (Puducherry Airport),9.6,5,8.4,2049,12420,0,0,"Terminal Road, Near PNY Airport, Puducherry, India"
4479,IXU,IBIS Airport Hotel (Chhatrapati Sambhaji Nagar (Aurangabad) Airport),10.3,4,8.4,2023,3949,0,1,"Terminal Road, Near IXU Airport, Chhatrapati Sambhaji Nagar (Aurangabad), India"
4480,ISK,Taj City Centre (Nashik Airport),3.7,5,9.6,1857,7321,1,1,"Terminal Road, Near ISK Airport, Nashik, India"
4481,IXS,IBIS Airport Hotel (Silchar Airport),3.2,3,9.0,830,7606,1,0,"Terminal Road, Near IXS Airport, Silchar, India"
4482,JRG,Pride Plaza Hotel (Jharsuguda Airport),3.7,4,8.7,364,10864,1,1,"Terminal Road, Near JRG Airport, Jharsuguda, India"
4483,UTL,ITC Grand Bharat (Barmer Airport),9.2,5,8.1,2118,3062,0,0,"Terminal Road, Near UTL Airport, Barmer, India"
4484,IXP,Taj City Centre (Pathankot Airport),1.3,4,9.1,3343,12333,1,0,"Terminal Road, Near IXP Airport, Pathankot, India"
4485,HZD,OYO Townhouse Airport (Hazaribagh Airport),9.0,5,8.7,731,3100,0,1,"Terminal Road, Near HZD Airport, Hazaribagh, India"
4486,IXE,Lemon Tree Premier (Mangaluru Airport),12.2,4,9.3,1778,10505,0,1,"Terminal Road, Near IXE Airport, Mangaluru, India"
4487,LAT,Novotel Airport Hotel (Latur Airport),7.7,4,8.7,249,11652,1,0,"Terminal Road, Near LAT Airport, Latur, India"
4488,GWL,Taj City Centre (Gwalior Airport),7.9,4,8.9,3085,9516,1,1,"Terminal Road, Near GWL Airport, Gwalior, India"
4489,TIR,Taj City Centre (Tirupati Airport),2.1,3,9.7,1865,2113,1,1,"Terminal Road, Near TIR Airport, Tirupati, India"
4490,BOM,FabHotel Airport Inn (Mumbai Airport),5.2,5,9.7,1786,10878,1,0,"Terminal Road, Near BOM Airport, Mumbai, India"
4491,MZS,FabHotel Airport Inn (Sonbhadra Airport),10.7,5,8.6,2189,6322,0,1,"Terminal Road, Near MZS Airport, Sonbhadra, India"
4492,JAI,Novotel Airport Hotel (Jaipur Airport),0.9,4,9.2,2635,12110,1,0,"Terminal Road, Near JAI Airport, Jaipur, India"
4493,SSE,IBIS Airport Hotel (Solapur Airport),14.2,5,8.7,2840,7706,0,1,"Terminal Road, Near SSE Airport, Solapur, India"
4494,DIU,Taj City Centre (Diu Airport),9.6,3,9.7,3290,5783,0,1,"Terminal Road, Near DIU Airport, Diu, India"
4495,RKG,Trident Airport Hotel (Durgapur Airport),2.6,5,9.0,3781,11954,1,0,"Terminal Road, Near RKG Airport, Durgapur, India"
4496,JSA,Hyatt Regency Terminal (Jaisalmer Airport),11.0,4,8.3,2921,5114,0,0,"Terminal Road, Near JSA Airport, Jaisalmer, India"
4497,MUZ,OYO Townhouse Airport (Muzaffarpur Airport),8.2,4,8.5,1843,8688,0,1,"Terminal Road, Near MUZ Airport, Muzaffarpur, India"
4498,AGX,OYO Townhouse Airport (Agatti Island (Lakshadweep) Airport),13.0,3,9.6,2562,2658,0,1,"Terminal Road, Near AGX Airport, Agatti Island (Lakshadweep), India"
4499,IXT,Novotel Airport Hotel (Pasighat Airport),10.1,3,8.4,3384,10273,0,1,"Terminal Road, Near IXT Airport, Pasighat, India"
4500,GOP,Hyatt Regency Terminal (Ganjam / Gopalpur Airport),4.3,3,8.9,971,3455,1,0,"Terminal Road, Near GOP Airport, Ganjam / Gopalpur, India"
4501,GAY,Lemon Tree Premier (Gaya Airport),7.7,4,9.3,1272,8071,1,1,"Terminal Road, Near GAY Airport, Gaya, India"
4502,CKU,Taj City Centre (Chakulia Airport),2.5,4,9.0,2417,11823,1,1,"Terminal Road, Near CKU Airport, Chakulia, India"
4503,JGD,ITC Grand Bharat (Jagdalpur Airport),6.9,3,8.2,1023,5931,1,1,"Terminal Road, Near JGD Airport, Jagdalpur, India"
4504,HSS,Lemon Tree Premier (Hisar Airport),14.3,5,9.4,3718,3237,0,1,"Terminal Road, Near HSS Airport, Hisar, India"
4505,JHW,Trident Airport Hotel (Jhalawar Airport),12.1,4,8.8,2924,2224,0,1,"Terminal Road, Near JHW Airport, Jhalawar, India"
4506,VTZ,Trident Airport Hotel (Visakhapatnam Airport),2.2,3,9.2,2981,9736,1,1,"Terminal Road, Near VTZ Airport, Visakhapatnam, India"
4507,IMF,FabHotel Airport Inn (Imphal Airport),1.3,5,8.6,3229,11279,1,0,"Terminal Road, Near IMF Airport, Imphal, India"
4508,TEZU,FabHotel Airport Inn (Tezu Airport),7.3,5,8.4,2062,8318,1,1,"Terminal Road, Near TEZU Airport, Tezu, India"
4509,SWM,Pride Plaza Hotel (Ranthambore / Sawai Madhopur Airport),13.4,4,9.7,2659,7574,0,1,"Terminal Road, Near SWM Airport, Ranthambore / Sawai Madhopur, India"
4510,VJZ,Ginger Airport Hotel (Bhogapuram / Vizianagaram Airport),7.6,5,8.5,789,9133,1,1,"Terminal Road, Near VJZ Airport, Bhogapuram / Vizianagaram, India"
4511,RKG,Trident Airport Hotel (Durgapur Airport),14.3,4,9.0,1114,8697,0,0,"Terminal Road, Near RKG Airport, Durgapur, India"
4512,GOI,Pride Plaza Hotel (Goa (Dabolim) Airport),14.4,3,8.4,1116,11265,0,1,"Terminal Road, Near GOI Airport, Goa (Dabolim), India"
4513,HBX,Ginger Airport Hotel (Hubballi / Dharwad Airport),6.5,5,9.7,1045,12478,1,1,"Terminal Road, Near HBX Airport, Hubballi / Dharwad, India"
4514,BDQ,Hyatt Regency Terminal (Vadodara Airport),1.6,5,9.0,408,2211,1,1,"Terminal Road, Near BDQ Airport, Vadodara, India"
4515,UDR,Lemon Tree Premier (Udaipur Airport),14.4,3,8.8,3349,7682,0,1,"Terminal Road, Near UDR Airport, Udaipur, India"
4516,NAG,Taj City Centre (Nagpur Airport),14.3,4,8.5,1420,8651,0,0,"Terminal Road, Near NAG Airport, Nagpur, India"
4517,LGP,FabHotel Airport Inn (Rupsi / Dhubri Airport),4.9,5,9.1,2014,2338,1,1,"Terminal Road, Near LGP Airport, Rupsi / Dhubri, India"
4518,CNN,FabHotel Airport Inn (Kannur Airport),5.9,5,8.7,2482,3993,1,0,"Terminal Road, Near CNN Airport, Kannur, India"
4519,ANK,Pride Plaza Hotel (Ankleshwar Airport),12.4,3,8.1,3075,11573,0,0,"Terminal Road, Near ANK Airport, Ankleshwar, India"
4520,RGD,Radisson Blu Airport (Raigarh Airport),5.5,4,9.2,1893,12459,1,0,"Terminal Road, Near RGD Airport, Raigarh, India"
4521,JSA,ITC Grand Bharat (Jaisalmer Airport),12.4,3,8.5,548,9894,0,0,"Terminal Road, Near JSA Airport, Jaisalmer, India"
4522,RAT,Radisson Blu Airport (Ratlam Airport),13.5,4,8.2,504,4210,0,0,"Terminal Road, Near RAT Airport, Ratlam, India"
4523,DMO,Hyatt Regency Terminal (Damoh Airport),10.7,5,9.1,3620,10917,0,1,"Terminal Road, Near DMO Airport, Damoh, India"
4524,PBN,Taj City Centre (Parbhani Airport),6.9,5,9.4,1874,2559,1,0,"Terminal Road, Near PBN Airport, Parbhani, India"
4525,IXG,Radisson Blu Airport (Belagavi Airport),6.0,4,9.7,3624,2770,1,0,"Terminal Road, Near IXG Airport, Belagavi, India"
4526,KHA,Lemon Tree Premier (Khandwa Airport),3.7,3,8.8,857,9051,1,0,"Terminal Road, Near KHA Airport, Khandwa, India"
4527,DGR,Lemon Tree Premier (Deoghar Airport),2.8,5,8.6,1558,3171,1,0,"Terminal Road, Near DGR Airport, Deoghar, India"
4528,SSE,Ginger Airport Hotel (Solapur Airport),7.2,3,8.4,433,3020,1,0,"Terminal Road, Near SSE Airport, Solapur, India"
4529,HZD,Taj City Centre (Hazaribagh Airport),13.8,4,9.7,832,7707,0,0,"Terminal Road, Near HZD Airport, Hazaribagh, India"
4530,TRZ,Taj City Centre (Tiruchirappalli (Trichy) Airport),0.8,4,9.4,2105,6639,1,1,"Terminal Road, Near TRZ Airport, Tiruchirappalli (Trichy), India"
4531,SXR,Novotel Airport Hotel (Srinagar Airport),7.5,5,8.4,3516,9469,1,0,"Terminal Road, Near SXR Airport, Srinagar, India"
4532,IDR,Pride Plaza Hotel (Indore Airport),13.4,4,9.5,927,9271,0,0,"Terminal Road, Near IDR Airport, Indore, India"
4533,BTH,Ginger Airport Hotel (Bettiah Airport),14.0,5,8.2,3086,8292,0,0,"Terminal Road, Near BTH Airport, Bettiah, India"
4534,COK,Pride Plaza Hotel (Kochi Airport),7.6,4,9.6,1319,6973,1,0,"Terminal Road, Near COK Airport, Kochi, India"
4535,BID,Novotel Airport Hotel (Bidar Airport),3.3,3,9.4,577,8906,1,0,"Terminal Road, Near BID Airport, Bidar, India"
4536,IXU,FabHotel Airport Inn (Chhatrapati Sambhaji Nagar (Aurangabad) Airport),14.3,4,9.3,3145,6508,0,0,"Terminal Road, Near IXU Airport, Chhatrapati Sambhaji Nagar (Aurangabad), India"
4537,KQH,Novotel Airport Hotel (Ajmer / Kishangarh Airport),4.5,3,8.3,3223,3929,1,1,"Terminal Road, Near KQH Airport, Ajmer / Kishangarh, India"
4538,AMH,Taj City Centre (Azamgarh Airport),2.1,5,8.1,2718,10751,1,0,"Terminal Road, Near AMH Airport, Azamgarh, India"
4539,IXJ,ITC Grand Bharat (Jammu Airport),12.2,4,9.1,354,12244,0,1,"Terminal Road, Near IXJ Airport, Jammu, India"
4540,ATQ,Radisson Blu Airport (Amritsar Airport),1.0,5,9.5,639,8685,1,1,"Terminal Road, Near ATQ Airport, Amritsar, India"
4541,AGR,Lemon Tree Premier (Agra Airport),12.4,3,9.3,3464,3631,0,1,"Terminal Road, Near AGR Airport, Agra, India"
4542,BLR,FabHotel Airport Inn (Bengaluru Airport),3.4,4,8.7,3551,9923,1,1,"Terminal Road, Near BLR Airport, Bengaluru, India"
4543,HIR,Hyatt Regency Terminal (Sambalpur Airport),2.8,5,8.3,3101,12061,1,0,"Terminal Road, Near HIR Airport, Sambalpur, India"
4544,VJZ,Taj City Centre (Bhogapuram / Vizianagaram Airport),6.0,5,8.2,1143,10968,1,0,"Terminal Road, Near VJZ Airport, Bhogapuram / Vizianagaram, India"
4545,PAL,Pride Plaza Hotel (Pali Airport),11.3,5,9.0,1697,2831,0,1,"Terminal Road, Near PAL Airport, Pali, India"
4546,HIR,Ginger Airport Hotel (Sambalpur Airport),0.7,4,9.2,3387,2531,1,0,"Terminal Road, Near HIR Airport, Sambalpur, India"
4547,DHR,Ginger Airport Hotel (Dibrugarh Airport),2.3,5,9.0,3713,7956,1,1,"Terminal Road, Near DHR Airport, Dibrugarh, India"
4548,DIU,Pride Plaza Hotel (Diu Airport),5.5,5,8.5,143,6666,1,1,"Terminal Road, Near DIU Airport, Diu, India"
4549,DGR,Radisson Blu Airport (Deoghar Airport),2.8,3,9.8,2673,9970,1,0,"Terminal Road, Near DGR Airport, Deoghar, India"
4550,IXL,Ginger Airport Hotel (Leh (Ladakh) Airport),9.4,3,8.3,3018,7848,0,1,"Terminal Road, Near IXL Airport, Leh (Ladakh), India"
4551,HBI,Ginger Airport Hotel (Itanagar Airport),1.8,4,9.6,1468,7069,1,1,"Terminal Road, Near HBI Airport, Itanagar, India"
4552,AMB,Hyatt Regency Terminal (Ambikapur Airport),13.7,4,8.6,523,1984,0,1,"Terminal Road, Near AMB Airport, Ambikapur, India"
4553,KAP,FabHotel Airport Inn (Kadapa Airport),5.1,5,8.3,2496,7488,1,1,"Terminal Road, Near KAP Airport, Kadapa, India"
4554,BGP,Trident Airport Hotel (Bhagalpur Airport),14.1,4,8.2,3446,8871,0,0,"Terminal Road, Near BGP Airport, Bhagalpur, India"
4555,NAG,Novotel Airport Hotel (Nagpur Airport),13.1,3,8.5,2595,5200,0,0,"Terminal Road, Near NAG Airport, Nagpur, India"
4556,KNU,IBIS Airport Hotel (Kanpur Airport),1.7,4,8.4,2936,6083,1,0,"Terminal Road, Near KNU Airport, Kanpur, India"
4557,BDQ,ITC Grand Bharat (Vadodara Airport),7.0,5,9.5,3672,7058,1,0,"Terminal Road, Near BDQ Airport, Vadodara, India"
4558,BOK,Trident Airport Hotel (Bokaro Airport),9.9,4,9.0,2647,2251,0,1,"Terminal Road, Near BOK Airport, Bokaro, India"
4559,YTL,Pride Plaza Hotel (Yavatmal Airport),9.9,3,9.2,1724,8285,0,0,"Terminal Road, Near YTL Airport, Yavatmal, India"
4560,NDC,Taj City Centre (Nanded Airport),3.0,5,8.7,2638,9504,1,0,"Terminal Road, Near NDC Airport, Nanded, India"
4561,IMF,Hyatt Regency Terminal (Imphal Airport),9.9,3,9.2,1943,11747,0,0,"Terminal Road, Near IMF Airport, Imphal, India"
4562,NWP,IBIS Airport Hotel (Pithoragarh Airport),8.8,5,9.2,828,6286,0,0,"Terminal Road, Near NWP Airport, Pithoragarh, India"
4563,JRG,Novotel Airport Hotel (Jharsuguda Airport),13.3,3,8.5,1267,2409,0,0,"Terminal Road, Near JRG Airport, Jharsuguda, India"
4564,TEZU,Lemon Tree Premier (Tezu Airport),7.6,3,9.0,1565,6161,1,0,"Terminal Road, Near TEZU Airport, Tezu, India"
4565,JGA,ITC Grand Bharat (Jamnagar Airport),11.8,4,9.1,2868,9232,0,1,"Terminal Road, Near JGA Airport, Jamnagar, India"
4566,IXB,Trident Airport Hotel (Siliguri / Bagdogra Airport),5.1,4,9.4,1693,2010,1,0,"Terminal Road, Near IXB Airport, Siliguri / Bagdogra, India"
4567,PAL,Ginger Airport Hotel (Pali Airport),8.0,5,9.5,2186,9244,0,0,"Terminal Road, Near PAL Airport, Pali, India"
4568,SXV,FabHotel Airport Inn (Shivamogga Airport),9.6,5,8.7,3518,8244,0,1,"Terminal Road, Near SXV Airport, Shivamogga, India"
4569,VJZ,Pride Plaza Hotel (Bhogapuram / Vizianagaram Airport),13.2,3,9.5,3325,8290,0,1,"Terminal Road, Near VJZ Airport, Bhogapuram / Vizianagaram, India"
4570,JRG,Ginger Airport Hotel (Jharsuguda Airport),8.6,4,9.0,3645,10187,0,1,"Terminal Road, Near JRG Airport, Jharsuguda, India"
4571,NAG,Taj City Centre (Nagpur Airport),3.9,4,8.2,3649,3020,1,0,"Terminal Road, Near NAG Airport, Nagpur, India"
4572,AMD,Novotel Airport Hotel (Ahmedabad Airport),3.9,3,9.3,1379,7117,1,1,"Terminal Road, Near AMD Airport, Ahmedabad, India"
4573,KOR,Hyatt Regency Terminal (Koraput Airport),1.5,4,8.7,2321,3474,1,1,"Terminal Road, Near KOR Airport, Koraput, India"
4574,SLV,Ginger Airport Hotel (Shimla Airport),2.9,4,8.5,1055,3049,1,1,"Terminal Road, Near SLV Airport, Shimla, India"
4575,LKO,Pride Plaza Hotel (Lucknow Airport),5.3,4,8.4,2927,9346,1,0,"Terminal Road, Near LKO Airport, Lucknow, India"
4576,RKG,Trident Airport Hotel (Durgapur Airport),13.4,4,8.8,221,6159,0,1,"Terminal Road, Near RKG Airport, Durgapur, India"
4577,AKL,Novotel Airport Hotel (Akola Airport),11.0,3,9.4,321,3015,0,1,"Terminal Road, Near AKL Airport, Akola, India"
4578,JHW,Hyatt Regency Terminal (Jhalawar Airport),8.9,5,9.4,2101,10533,0,1,"Terminal Road, Near JHW Airport, Jhalawar, India"
4579,DON,Trident Airport Hotel (Bhadrak / Dhamra Airport),7.0,3,9.2,197,2859,1,1,"Terminal Road, Near DON Airport, Bhadrak / Dhamra, India"
4580,NVM,IBIS Airport Hotel (Navi Mumbai Airport),9.1,4,8.6,2757,2834,0,1,"Terminal Road, Near NVM Airport, Navi Mumbai, India"
4581,LUD,OYO Townhouse Airport (Ludhiana Airport),9.7,4,8.7,297,9501,0,0,"Terminal Road, Near LUD Airport, Ludhiana, India"
4582,PNY,Hyatt Regency Terminal (Puducherry Airport),5.1,4,9.0,3254,9333,1,1,"Terminal Road, Near PNY Airport, Puducherry, India"
4583,NEEM,Novotel Airport Hotel (Neemuch Airport),9.5,4,9.1,1214,9310,0,0,"Terminal Road, Near NEEM Airport, Neemuch, India"
4584,AKL,Trident Airport Hotel (Akola Airport),1.0,3,8.8,2883,6449,1,0,"Terminal Road, Near AKL Airport, Akola, India"
4585,HZD,Hyatt Regency Terminal (Hazaribagh Airport),9.5,5,8.8,563,3967,0,0,"Terminal Road, Near HZD Airport, Hazaribagh, India"
4586,BOM,Radisson Blu Airport (Mumbai Airport),5.1,3,9.2,1971,11619,1,0,"Terminal Road, Near BOM Airport, Mumbai, India"
4587,NMS,Novotel Airport Hotel (Naliya Airport),12.1,5,9.6,3365,4235,0,1,"Terminal Road, Near NMS Airport, Naliya, India"
4588,ROU,Taj City Centre (Rourkela Airport),4.3,4,9.0,1966,4138,1,1,"Terminal Road, Near ROU Airport, Rourkela, India"
4589,SIH,IBIS Airport Hotel (Sirohi Airport),9.1,3,8.4,1678,2927,0,0,"Terminal Road, Near SIH Airport, Sirohi, India"
4590,IMF,OYO Townhouse Airport (Imphal Airport),3.9,3,8.9,2159,4686,1,1,"Terminal Road, Near IMF Airport, Imphal, India"
4591,SNE,Pride Plaza Hotel (Singrauli Airport),1.9,3,8.1,1232,8482,1,1,"Terminal Road, Near SNE Airport, Singrauli, India"
4592,DIU,FabHotel Airport Inn (Diu Airport),14.0,4,9.4,1084,3489,0,0,"Terminal Road, Near DIU Airport, Diu, India"
4593,SHL,OYO Townhouse Airport (Shillong Airport),11.5,3,9.1,2433,8140,0,0,"Terminal Road, Near SHL Airport, Shillong, India"
4594,IXJ,Lemon Tree Premier (Jammu Airport),8.1,5,9.3,422,5931,0,1,"Terminal Road, Near IXJ Airport, Jammu, India"
4595,CHI,IBIS Airport Hotel (Chhindwara Airport),3.8,4,8.7,1380,9504,1,1,"Terminal Road, Near CHI Airport, Chhindwara, India"
4596,SIH,IBIS Airport Hotel (Sirohi Airport),5.0,5,8.2,841,4214,1,0,"Terminal Road, Near SIH Airport, Sirohi, India"
4597,IXL,Radisson Blu Airport (Leh (Ladakh) Airport),3.4,3,9.7,683,8805,1,0,"Terminal Road, Near IXL Airport, Leh (Ladakh), India"
4598,MYQ,Taj City Centre (Mysuru Airport),8.5,5,8.4,2473,5747,0,0,"Terminal Road, Near MYQ Airport, Mysuru, India"
4599,MEH,Trident Airport Hotel (Mehsana Airport),13.8,3,8.4,1669,4413,0,0,"Terminal Road, Near MEH Airport, Mehsana, India"
4600,GBI,ITC Grand Bharat (Kalaburagi (Gulbarga) Airport),10.4,3,9.2,3756,6329,0,1,"Terminal Road, Near GBI Airport, Kalaburagi (Gulbarga), India"
4601,UDR,Radisson Blu Airport (Udaipur Airport),0.5,5,9.2,1027,9197,1,1,"Terminal Road, Near UDR Airport, Udaipur, India"
4602,BLR,Lemon Tree Premier (Bengaluru Airport),12.2,4,8.1,926,11220,0,1,"Terminal Road, Near BLR Airport, Bengaluru, India"
4603,IXA,Hyatt Regency Terminal (Agartala Airport),2.0,5,9.0,1445,8738,1,0,"Terminal Road, Near IXA Airport, Agartala, India"
4604,MYQ,Radisson Blu Airport (Mysuru Airport),11.3,4,8.6,130,9638,0,0,"Terminal Road, Near MYQ Airport, Mysuru, India"
4605,OSB,Pride Plaza Hotel (Dharashiv Airport),3.0,3,8.2,3114,5780,1,1,"Terminal Road, Near OSB Airport, Dharashiv, India"
4606,YTL,ITC Grand Bharat (Yavatmal Airport),14.4,5,8.4,1247,4341,0,1,"Terminal Road, Near YTL Airport, Yavatmal, India"
4607,PINJ,Radisson Blu Airport (Panchkula / Pinjore Airport),11.9,5,8.4,1473,2397,0,1,"Terminal Road, Near PINJ Airport, Panchkula / Pinjore, India"
4608,BAR,Ginger Airport Hotel (Baramati Airport),7.4,3,9.7,183,2710,1,1,"Terminal Road, Near BAR Airport, Baramati, India"
4609,IXA,Lemon Tree Premier (Agartala Airport),11.4,5,9.7,3131,3642,0,1,"Terminal Road, Near IXA Airport, Agartala, India"
4610,AMD,ITC Grand Bharat (Ahmedabad Airport),6.9,4,9.8,1744,10868,1,0,"Terminal Road, Near AMD Airport, Ahmedabad, India"
4611,LAT,FabHotel Airport Inn (Latur Airport),8.3,5,8.9,1799,3470,0,1,"Terminal Road, Near LAT Airport, Latur, India"
4612,UTL,Ginger Airport Hotel (Barmer Airport),3.5,3,9.7,1064,9656,1,0,"Terminal Road, Near UTL Airport, Barmer, India"
4613,VNS,IBIS Airport Hotel (Varanasi Airport),13.7,4,9.1,3354,4305,0,1,"Terminal Road, Near VNS Airport, Varanasi, India"
4614,IXD,Novotel Airport Hotel (Prayagraj (Allahabad) Airport),8.5,4,8.5,3303,4394,0,1,"Terminal Road, Near IXD Airport, Prayagraj (Allahabad), India"
4615,STV,Novotel Airport Hotel (Surat Airport),6.6,4,8.6,2627,10094,1,1,"Terminal Road, Near STV Airport, Surat, India"
4616,KOR,Hyatt Regency Terminal (Koraput Airport),10.3,5,8.4,1585,3015,0,1,"Terminal Road, Near KOR Airport, Koraput, India"
4617,GOI,Hyatt Regency Terminal (Goa (Dabolim) Airport),6.5,4,8.6,2463,6859,1,0,"Terminal Road, Near GOI Airport, Goa (Dabolim), India"
4618,IXJ,FabHotel Airport Inn (Jammu Airport),11.9,5,8.9,2922,9223,0,0,"Terminal Road, Near IXJ Airport, Jammu, India"
4619,TRV,Ginger Airport Hotel (Thiruvananthapuram Airport),5.5,3,8.6,885,6538,1,0,"Terminal Road, Near TRV Airport, Thiruvananthapuram, India"
4620,IXA,ITC Grand Bharat (Agartala Airport),11.3,3,9.8,739,12385,0,0,"Terminal Road, Near IXA Airport, Agartala, India"
4621,KUU,Ginger Airport Hotel (Kullu / Manali Airport),8.6,5,9.8,3081,5863,0,0,"Terminal Road, Near KUU Airport, Kullu / Manali, India"
4622,NWP,Taj City Centre (Pithoragarh Airport),12.0,4,8.6,3738,5570,0,1,"Terminal Road, Near NWP Airport, Pithoragarh, India"
4623,TRV,Radisson Blu Airport (Thiruvananthapuram Airport),11.1,5,8.7,1217,11131,0,1,"Terminal Road, Near TRV Airport, Thiruvananthapuram, India"
4624,TEZU,Ginger Airport Hotel (Tezu Airport),13.2,3,9.6,2253,4434,0,0,"Terminal Road, Near TEZU Airport, Tezu, India"
4625,IXU,Ginger Airport Hotel (Chhatrapati Sambhaji Nagar (Aurangabad) Airport),10.4,5,8.7,2948,3948,0,0,"Terminal Road, Near IXU Airport, Chhatrapati Sambhaji Nagar (Aurangabad), India"
4626,DUM,Ginger Airport Hotel (Dumka Airport),4.5,3,8.5,3180,6922,1,1,"Terminal Road, Near DUM Airport, Dumka, India"
4627,TEZ,Novotel Airport Hotel (Tezpur Airport),13.1,5,9.2,1536,7398,0,0,"Terminal Road, Near TEZ Airport, Tezpur, India"
4628,AMB,Novotel Airport Hotel (Ambikapur Airport),3.1,3,9.5,1239,3368,1,1,"Terminal Road, Near AMB Airport, Ambikapur, India"
4629,BBI,Ginger Airport Hotel (Bhubaneswar Airport),8.0,3,8.4,878,3496,0,0,"Terminal Road, Near BBI Airport, Bhubaneswar, India"
4630,RGD,Taj City Centre (Raigarh Airport),7.9,4,8.4,3268,12001,1,0,"Terminal Road, Near RGD Airport, Raigarh, India"
4631,JDH,Novotel Airport Hotel (Jodhpur Airport),13.9,5,9.3,632,12292,0,1,"Terminal Road, Near JDH Airport, Jodhpur, India"
4632,LAT,Radisson Blu Airport (Latur Airport),5.7,5,9.2,216,6457,1,0,"Terminal Road, Near LAT Airport, Latur, India"
4633,JRH,ITC Grand Bharat (Jorhat Airport),12.7,5,9.3,1856,7507,0,1,"Terminal Road, Near JRH Airport, Jorhat, India"
4634,DMO,ITC Grand Bharat (Damoh Airport),10.9,5,9.5,1352,6884,0,0,"Terminal Road, Near DMO Airport, Damoh, India"
4635,HZD,ITC Grand Bharat (Hazaribagh Airport),8.3,4,8.3,2486,1851,0,1,"Terminal Road, Near HZD Airport, Hazaribagh, India"
4636,AKL,Hyatt Regency Terminal (Akola Airport),14.1,5,8.4,546,6103,0,1,"Terminal Road, Near AKL Airport, Akola, India"
4637,IXE,ITC Grand Bharat (Mangaluru Airport),12.6,4,9.4,3132,3162,0,1,"Terminal Road, Near IXE Airport, Mangaluru, India"
4638,RMD,ITC Grand Bharat (Ratnagiri Airport),8.4,4,8.2,739,12043,0,0,"Terminal Road, Near RMD Airport, Ratnagiri, India"
4639,JHW,Pride Plaza Hotel (Jhalawar Airport),12.9,4,8.1,1872,4202,0,0,"Terminal Road, Near JHW Airport, Jhalawar, India"
4640,ALD,OYO Townhouse Airport (Aligarh Airport),8.7,3,9.1,1508,11599,0,0,"Terminal Road, Near ALD Airport, Aligarh, India"
4641,JRG,Hyatt Regency Terminal (Jharsuguda Airport),7.6,5,8.4,1733,9159,1,0,"Terminal Road, Near JRG Airport, Jharsuguda, India"
4642,IXD,Pride Plaza Hotel (Prayagraj (Allahabad) Airport),12.3,3,9.8,270,6560,0,0,"Terminal Road, Near IXD Airport, Prayagraj (Allahabad), India"
4643,IXL,Taj City Centre (Leh (Ladakh) Airport),12.6,3,9.2,1147,3352,0,0,"Terminal Road, Near IXL Airport, Leh (Ladakh), India"
4644,CCJ,Novotel Airport Hotel (Kozhikode (Calicut) Airport),12.9,3,8.4,760,2016,0,0,"Terminal Road, Near CCJ Airport, Kozhikode (Calicut), India"
4645,IXT,ITC Grand Bharat (Pasighat Airport),13.0,5,8.5,1219,3219,0,1,"Terminal Road, Near IXT Airport, Pasighat, India"
4646,TIR,Trident Airport Hotel (Tirupati Airport),1.9,5,8.2,1115,1919,1,0,"Terminal Road, Near TIR Airport, Tirupati, India"
4647,BTH,Novotel Airport Hotel (Bettiah Airport),5.3,5,9.3,3244,3626,1,0,"Terminal Road, Near BTH Airport, Bettiah, India"
4648,HSR,Taj City Centre (Rajkot Airport),6.3,3,9.6,573,5879,1,0,"Terminal Road, Near HSR Airport, Rajkot, India"
4649,CFH,Trident Airport Hotel (Chitrakoot Airport),7.0,4,9.3,3637,2334,1,0,"Terminal Road, Near CFH Airport, Chitrakoot, India"
4650,ANK,Trident Airport Hotel (Ankleshwar Airport),12.3,4,9.4,1482,2438,0,1,"Terminal Road, Near ANK Airport, Ankleshwar, India"
4651,IXB,IBIS Airport Hotel (Siliguri / Bagdogra Airport),4.8,3,8.2,2853,6318,1,1,"Terminal Road, Near IXB Airport, Siliguri / Bagdogra, India"
4652,KJB,Taj City Centre (Kurnool (Orvakal) Airport),6.8,4,9.8,2336,2247,1,0,"Terminal Road, Near KJB Airport, Kurnool (Orvakal), India"
4653,RAT,ITC Grand Bharat (Ratlam Airport),9.6,5,8.3,329,9435,0,0,"Terminal Road, Near RAT Airport, Ratlam, India"
4654,TEZ,Pride Plaza Hotel (Tezpur Airport),9.9,4,9.1,2343,12439,0,0,"Terminal Road, Near TEZ Airport, Tezpur, India"
4655,IXS,Radisson Blu Airport (Silchar Airport),2.5,5,8.2,2559,11241,1,1,"Terminal Road, Near IXS Airport, Silchar, India"
4656,IXR,Trident Airport Hotel (Ranchi Airport),1.5,4,9.7,2975,7912,1,1,"Terminal Road, Near IXR Airport, Ranchi, India"
4657,KAR,Taj City Centre (Karad / Satara Airport),5.2,3,8.1,1752,11288,1,1,"Terminal Road, Near KAR Airport, Karad / Satara, India"
4658,DHR,Trident Airport Hotel (Dibrugarh Airport),10.4,5,9.3,1841,3297,0,1,"Terminal Road, Near DHR Airport, Dibrugarh, India"
4659,PGH,Trident Airport Hotel (Pantnagar / Nainital Airport),12.8,3,9.1,2614,2794,0,0,"Terminal Road, Near PGH Airport, Pantnagar / Nainital, India"
4660,ASL,Novotel Airport Hotel (Asansol Airport),2.5,4,9.1,1201,12221,1,1,"Terminal Road, Near ASL Airport, Asansol, India"
4661,SXR,Novotel Airport Hotel (Srinagar Airport),4.8,5,8.7,3596,2245,1,1,"Terminal Road, Near SXR Airport, Srinagar, India"
4662,PUR,IBIS Airport Hotel (Purulia Airport),1.2,5,9.4,2017,1903,1,0,"Terminal Road, Near PUR Airport, Purulia, India"
4663,SLN,Lemon Tree Premier (Sultanpur Airport),10.9,5,9.0,1538,10911,0,1,"Terminal Road, Near SLN Airport, Sultanpur, India"
4664,KBK,Taj City Centre (Kushinagar Airport),6.5,5,8.6,2016,8862,1,1,"Terminal Road, Near KBK Airport, Kushinagar, India"
4665,PAT,Pride Plaza Hotel (Patna Airport),10.2,4,8.6,1716,7200,0,1,"Terminal Road, Near PAT Airport, Patna, India"
4666,DHM,Taj City Centre (Dharamshala / Kangra Airport),12.5,5,9.3,2305,10177,0,1,"Terminal Road, Near DHM Airport, Dharamshala / Kangra, India"
4667,WGC,Taj City Centre (Warangal Airport),10.6,5,9.0,884,6177,0,0,"Terminal Road, Near WGC Airport, Warangal, India"
4668,PBN,FabHotel Airport Inn (Parbhani Airport),5.6,5,8.8,3573,6637,1,1,"Terminal Road, Near PBN Airport, Parbhani, India"
4669,SDW,Novotel Airport Hotel (Sindhudurg Airport),3.3,4,9.3,2964,10962,1,1,"Terminal Road, Near SDW Airport, Sindhudurg, India"
4670,BHU,Ginger Airport Hotel (Bathinda Airport),6.5,5,9.0,1194,9836,1,0,"Terminal Road, Near BHU Airport, Bathinda, India"
4671,KHO,ITC Grand Bharat (Khowai Airport),5.4,5,9.5,815,12323,1,0,"Terminal Road, Near KHO Airport, Khowai, India"
4672,STV,Trident Airport Hotel (Surat Airport),8.0,4,9.6,1444,4272,0,0,"Terminal Road, Near STV Airport, Surat, India"
4673,JLR,Lemon Tree Premier (Jabalpur Airport),13.4,5,8.7,2600,9837,0,1,"Terminal Road, Near JLR Airport, Jabalpur, India"
4674,CHI,Ginger Airport Hotel (Chhindwara Airport),4.4,5,9.2,2723,6767,1,1,"Terminal Road, Near CHI Airport, Chhindwara, India"
4675,KOP,Novotel Airport Hotel (Kolhapur Airport),4.9,4,9.3,1033,3375,1,0,"Terminal Road, Near KOP Airport, Kolhapur, India"
4676,IXW,FabHotel Airport Inn (Jamshedpur Airport),12.8,4,9.2,2708,5570,0,1,"Terminal Road, Near IXW Airport, Jamshedpur, India"
4677,MAL,Novotel Airport Hotel (Malda Airport),2.5,3,9.0,2163,2936,1,0,"Terminal Road, Near MAL Airport, Malda, India"
4678,GBI,Trident Airport Hotel (Kalaburagi (Gulbarga) Airport),0.8,5,8.4,1389,2681,1,0,"Terminal Road, Near GBI Airport, Kalaburagi (Gulbarga), India"
4679,IDR,OYO Townhouse Airport (Indore Airport),8.5,5,9.2,2791,2616,0,0,"Terminal Road, Near IDR Airport, Indore, India"
4680,SAG,Trident Airport Hotel (Shirdi Airport),2.5,3,9.1,2857,5538,1,1,"Terminal Road, Near SAG Airport, Shirdi, India"
4681,NMS,OYO Townhouse Airport (Naliya Airport),5.4,3,9.2,762,7902,1,1,"Terminal Road, Near NMS Airport, Naliya, India"
4682,AYJ,Novotel Airport Hotel (Ayodhya Airport),0.8,4,9.4,3073,10363,1,0,"Terminal Road, Near AYJ Airport, Ayodhya, India"
4683,MAA,Novotel Airport Hotel (Chennai Airport),10.0,4,9.3,3362,10896,0,0,"Terminal Road, Near MAA Airport, Chennai, India"
4684,PAT,ITC Grand Bharat (Patna Airport),5.6,3,9.0,3350,9756,1,0,"Terminal Road, Near PAT Airport, Patna, India"
4685,SXR,Hyatt Regency Terminal (Srinagar Airport),11.7,4,9.6,263,9737,0,0,"Terminal Road, Near SXR Airport, Srinagar, India"
4686,SLN,Novotel Airport Hotel (Sultanpur Airport),11.0,5,9.5,2890,11006,0,0,"Terminal Road, Near SLN Airport, Sultanpur, India"
4687,BID,OYO Townhouse Airport (Bidar Airport),10.3,4,8.8,1934,5125,0,1,"Terminal Road, Near BID Airport, Bidar, India"
4688,IXM,Ginger Airport Hotel (Madurai Airport),2.0,5,9.4,3690,7863,1,1,"Terminal Road, Near IXM Airport, Madurai, India"
4689,DHM,OYO Townhouse Airport (Dharamshala / Kangra Airport),3.1,4,9.7,3472,6982,1,0,"Terminal Road, Near DHM Airport, Dharamshala / Kangra, India"
4690,JDH,IBIS Airport Hotel (Jodhpur Airport),4.6,4,9.3,1561,3011,1,1,"Terminal Road, Near JDH Airport, Jodhpur, India"
4691,MZS,IBIS Airport Hotel (Sonbhadra Airport),9.7,4,8.9,3605,5789,0,0,"Terminal Road, Near MZS Airport, Sonbhadra, India"
4692,ISK,IBIS Airport Hotel (Nashik Airport),12.0,4,9.2,2070,11627,0,1,"Terminal Road, Near ISK Airport, Nashik, India"
4693,JRH,Lemon Tree Premier (Jorhat Airport),10.7,4,9.0,2105,12353,0,1,"Terminal Road, Near JRH Airport, Jorhat, India"
4694,PUR,OYO Townhouse Airport (Purulia Airport),6.0,5,8.2,159,10220,1,0,"Terminal Road, Near PUR Airport, Purulia, India"
4695,IMF,Trident Airport Hotel (Imphal Airport),4.0,4,8.5,2244,2096,1,0,"Terminal Road, Near IMF Airport, Imphal, India"
4696,PBF,Trident Airport Hotel (Bilaspur Airport),2.5,4,9.1,1439,5785,1,1,"Terminal Road, Near PBF Airport, Bilaspur, India"
4697,JLG,Trident Airport Hotel (Jalgaon Airport),13.3,3,9.0,872,9628,0,1,"Terminal Road, Near JLG Airport, Jalgaon, India"
4698,SXR,OYO Townhouse Airport (Srinagar Airport),9.5,5,8.6,1814,4900,0,0,"Terminal Road, Near SXR Airport, Srinagar, India"
4699,ATQ,OYO Townhouse Airport (Amritsar Airport),9.6,4,8.7,1527,3997,0,1,"Terminal Road, Near ATQ Airport, Amritsar, India"
4700,LKO,IBIS Airport Hotel (Lucknow Airport),9.5,3,8.5,2132,9921,0,1,"Terminal Road, Near LKO Airport, Lucknow, India"
4701,DED,Radisson Blu Airport (Dehradun Airport),11.9,3,9.6,416,12332,0,1,"Terminal Road, Near DED Airport, Dehradun, India"
4702,KBK,Taj City Centre (Kushinagar Airport),0.7,5,8.4,1317,7113,1,1,"Terminal Road, Near KBK Airport, Kushinagar, India"
4703,TEZU,Novotel Airport Hotel (Tezu Airport),6.7,4,9.1,2637,12145,1,1,"Terminal Road, Near TEZU Airport, Tezu, India"
4704,TEZ,OYO Townhouse Airport (Tezpur Airport),12.2,5,9.5,2855,11895,0,0,"Terminal Road, Near TEZ Airport, Tezpur, India"
4705,HYD,Novotel Airport Hotel (Hyderabad Airport),13.6,4,9.3,3223,8209,0,0,"Terminal Road, Near HYD Airport, Hyderabad, India"
4706,BTH,Ginger Airport Hotel (Bettiah Airport),9.7,3,8.1,2506,8746,0,1,"Terminal Road, Near BTH Airport, Bettiah, India"
4707,CKU,Radisson Blu Airport (Chakulia Airport),10.9,3,8.5,486,12216,0,0,"Terminal Road, Near CKU Airport, Chakulia, India"
4708,TRZ,Novotel Airport Hotel (Tiruchirappalli (Trichy) Airport),8.2,5,9.0,1600,5925,0,1,"Terminal Road, Near TRZ Airport, Tiruchirappalli (Trichy), India"
4709,DBR,ITC Grand Bharat (Darbhanga Airport),10.1,3,8.8,2531,7220,0,1,"Terminal Road, Near DBR Airport, Darbhanga, India"
4710,PNY,Pride Plaza Hotel (Puducherry Airport),13.3,3,9.4,1130,3120,0,1,"Terminal Road, Near PNY Airport, Puducherry, India"
4711,HBX,Pride Plaza Hotel (Hubballi / Dharwad Airport),13.0,5,8.7,606,10353,0,0,"Terminal Road, Near HBX Airport, Hubballi / Dharwad, India"
4712,VDY,Taj City Centre (Vidyanagar / Ballari Airport),10.4,5,8.7,3164,7832,0,1,"Terminal Road, Near VDY Airport, Vidyanagar / Ballari, India"
4713,TRZ,Taj City Centre (Tiruchirappalli (Trichy) Airport),4.1,5,8.3,1055,8501,1,0,"Terminal Road, Near TRZ Airport, Tiruchirappalli (Trichy), India"
4714,BLT,ITC Grand Bharat (Balurghat Airport),7.7,5,9.1,2948,2401,1,0,"Terminal Road, Near BLT Airport, Balurghat, India"
4715,CKU,Novotel Airport Hotel (Chakulia Airport),12.9,3,8.4,2108,7610,0,1,"Terminal Road, Near CKU Airport, Chakulia, India"
4716,SDW,FabHotel Airport Inn (Sindhudurg Airport),9.7,5,8.7,261,10362,0,1,"Terminal Road, Near SDW Airport, Sindhudurg, India"
4717,DMO,FabHotel Airport Inn (Damoh Airport),5.5,5,8.2,1528,10594,1,1,"Terminal Road, Near DMO Airport, Damoh, India"
4718,JDH,Trident Airport Hotel (Jodhpur Airport),5.3,4,8.7,2392,11404,1,0,"Terminal Road, Near JDH Airport, Jodhpur, India"
4719,NDC,Ginger Airport Hotel (Nanded Airport),4.7,5,8.3,2051,7493,1,0,"Terminal Road, Near NDC Airport, Nanded, India"
4720,TCR,OYO Townhouse Airport (Thoothukudi (Tuticorin) Airport),14.2,3,8.8,1407,6190,0,1,"Terminal Road, Near TCR Airport, Thoothukudi (Tuticorin), India"
4721,LGP,Novotel Airport Hotel (Rupsi / Dhubri Airport),7.5,5,9.8,1908,8564,1,0,"Terminal Road, Near LGP Airport, Rupsi / Dhubri, India"
4722,BGP,Taj City Centre (Bhagalpur Airport),8.0,3,8.3,2301,8769,0,0,"Terminal Road, Near BGP Airport, Bhagalpur, India"
4723,BLT,ITC Grand Bharat (Balurghat Airport),8.4,3,9.5,1222,3666,0,0,"Terminal Road, Near BLT Airport, Balurghat, India"
4724,YTL,Ginger Airport Hotel (Yavatmal Airport),8.6,4,8.7,2947,6698,0,1,"Terminal Road, Near YTL Airport, Yavatmal, India"
4725,SLN,Taj City Centre (Sultanpur Airport),2.7,3,9.2,2786,2744,1,0,"Terminal Road, Near SLN Airport, Sultanpur, India"
4726,RPR,Lemon Tree Premier (Raipur Airport),4.7,5,8.3,2716,5126,1,1,"Terminal Road, Near RPR Airport, Raipur, India"
4727,BGP,Radisson Blu Airport (Bhagalpur Airport),3.6,5,9.8,2743,8102,1,1,"Terminal Road, Near BGP Airport, Bhagalpur, India"
4728,IXS,Pride Plaza Hotel (Silchar Airport),9.0,4,8.8,2732,2277,0,0,"Terminal Road, Near IXS Airport, Silchar, India"
4729,TIR,Hyatt Regency Terminal (Tirupati Airport),10.3,3,9.3,1045,3626,0,0,"Terminal Road, Near TIR Airport, Tirupati, India"
4730,BLT,IBIS Airport Hotel (Balurghat Airport),1.2,3,9.7,3174,4348,1,0,"Terminal Road, Near BLT Airport, Balurghat, India"
4731,KOR,Radisson Blu Airport (Koraput Airport),3.4,3,8.9,742,8396,1,1,"Terminal Road, Near KOR Airport, Koraput, India"
4732,IXU,Novotel Airport Hotel (Chhatrapati Sambhaji Nagar (Aurangabad) Airport),5.6,5,9.6,1440,10250,1,1,"Terminal Road, Near IXU Airport, Chhatrapati Sambhaji Nagar (Aurangabad), India"
4733,KAP,ITC Grand Bharat (Kadapa Airport),1.6,4,9.1,1402,9097,1,1,"Terminal Road, Near KAP Airport, Kadapa, India"
4734,BOK,Radisson Blu Airport (Bokaro Airport),2.0,5,9.2,1972,3149,1,1,"Terminal Road, Near BOK Airport, Bokaro, India"
4735,IXU,Lemon Tree Premier (Chhatrapati Sambhaji Nagar (Aurangabad) Airport),2.7,3,9.3,1386,12230,1,0,"Terminal Road, Near IXU Airport, Chhatrapati Sambhaji Nagar (Aurangabad), India"
4736,CCJ,Lemon Tree Premier (Kozhikode (Calicut) Airport),9.6,4,8.6,1331,9931,0,0,"Terminal Road, Near CCJ Airport, Kozhikode (Calicut), India"
4737,YTL,Ginger Airport Hotel (Yavatmal Airport),12.7,5,9.4,1540,11829,0,1,"Terminal Road, Near YTL Airport, Yavatmal, India"
4738,AJL,Trident Airport Hotel (Aizawl Airport),13.7,3,8.8,641,6327,0,0,"Terminal Road, Near AJL Airport, Aizawl, India"
4739,BDQ,Lemon Tree Premier (Vadodara Airport),2.3,3,9.5,2939,5862,1,0,"Terminal Road, Near BDQ Airport, Vadodara, India"
4740,JDH,Pride Plaza Hotel (Jodhpur Airport),12.8,5,8.4,1024,4394,0,1,"Terminal Road, Near JDH Airport, Jodhpur, India"
4741,RJA,Ginger Airport Hotel (Rajahmundry Airport),5.9,4,8.5,2537,10340,1,0,"Terminal Road, Near RJA Airport, Rajahmundry, India"
4742,GAW,Taj City Centre (Guwahati Airport),3.1,3,8.3,1324,9732,1,0,"Terminal Road, Near GAW Airport, Guwahati, India"
4743,REW,ITC Grand Bharat (Rewa Airport),3.9,3,9.3,2865,6201,1,1,"Terminal Road, Near REW Airport, Rewa, India"
4744,SAH,Novotel Airport Hotel (Saharanpur Airport),9.0,5,8.3,1440,5339,0,1,"Terminal Road, Near SAH Airport, Saharanpur, India"
4745,SSE,IBIS Airport Hotel (Solapur Airport),13.0,5,8.4,2845,10596,0,0,"Terminal Road, Near SSE Airport, Solapur, India"
4746,TRV,Ginger Airport Hotel (Thiruvananthapuram Airport),2.0,4,8.4,3296,4038,1,0,"Terminal Road, Near TRV Airport, Thiruvananthapuram, India"
4747,MAA,OYO Townhouse Airport (Chennai Airport),1.7,5,9.1,2170,3589,1,1,"Terminal Road, Near MAA Airport, Chennai, India"
4748,BPI,Pride Plaza Hotel (Mayurbhanj Airport),7.7,4,8.2,2843,10457,1,1,"Terminal Road, Near BPI Airport, Mayurbhanj, India"
4749,MRA,Ginger Airport Hotel (Noida / Jewar Airport),7.0,5,9.2,416,9160,1,0,"Terminal Road, Near MRA Airport, Noida / Jewar, India"
4750,IXZ,ITC Grand Bharat (Port Blair (Andaman) Airport),9.2,5,8.2,3148,7122,0,0,"Terminal Road, Near IXZ Airport, Port Blair (Andaman), India"
4751,BTH,Trident Airport Hotel (Bettiah Airport),5.5,3,8.4,2528,10541,1,1,"Terminal Road, Near BTH Airport, Bettiah, India"
4752,VNS,FabHotel Airport Inn (Varanasi Airport),2.4,5,8.3,1947,8546,1,0,"Terminal Road, Near VNS Airport, Varanasi, India"
4753,CKU,Taj City Centre (Chakulia Airport),12.8,5,8.7,164,4863,0,1,"Terminal Road, Near CKU Airport, Chakulia, India"
4754,SIH,OYO Townhouse Airport (Sirohi Airport),3.2,5,8.7,3058,2855,1,0,"Terminal Road, Near SIH Airport, Sirohi, India"
4755,SLV,IBIS Airport Hotel (Shimla Airport),1.1,5,8.3,393,6514,1,1,"Terminal Road, Near SLV Airport, Shimla, India"
4756,VJZ,IBIS Airport Hotel (Bhogapuram / Vizianagaram Airport),14.5,3,8.3,3407,4389,0,1,"Terminal Road, Near VJZ Airport, Bhogapuram / Vizianagaram, India"
4757,PYG,FabHotel Airport Inn (Gangtok / Pakyong (Sikkim) Airport),5.8,3,8.6,1780,6119,1,0,"Terminal Road, Near PYG Airport, Gangtok / Pakyong (Sikkim), India"
4758,BID,Hyatt Regency Terminal (Bidar Airport),6.2,3,9.2,3452,11197,1,1,"Terminal Road, Near BID Airport, Bidar, India"
4759,NVM,Trident Airport Hotel (Navi Mumbai Airport),8.5,3,9.1,1413,8567,0,0,"Terminal Road, Near NVM Airport, Navi Mumbai, India"
4760,SWM,Pride Plaza Hotel (Ranthambore / Sawai Madhopur Airport),1.3,4,9.6,3038,9016,1,0,"Terminal Road, Near SWM Airport, Ranthambore / Sawai Madhopur, India"
4761,DUM,Hyatt Regency Terminal (Dumka Airport),12.8,5,9.2,3629,6050,0,0,"Terminal Road, Near DUM Airport, Dumka, India"
4762,ASL,Ginger Airport Hotel (Asansol Airport),8.5,3,9.2,1609,6729,0,1,"Terminal Road, Near ASL Airport, Asansol, India"
4763,KAM,Pride Plaza Hotel (Kamalpur Airport),6.4,4,9.0,189,5483,1,1,"Terminal Road, Near KAM Airport, Kamalpur, India"
4764,KOR,Lemon Tree Premier (Koraput Airport),2.5,3,9.1,1220,11914,1,1,"Terminal Road, Near KOR Airport, Koraput, India"
4765,KOR,Trident Airport Hotel (Koraput Airport),9.0,4,8.9,422,10017,0,1,"Terminal Road, Near KOR Airport, Koraput, India"
4766,VTZ,Lemon Tree Premier (Visakhapatnam Airport),1.6,3,9.6,3484,3573,1,1,"Terminal Road, Near VTZ Airport, Visakhapatnam, India"
4767,COK,Novotel Airport Hotel (Kochi Airport),4.8,3,9.8,644,4483,1,0,"Terminal Road, Near COK Airport, Kochi, India"
4768,DGR,Radisson Blu Airport (Deoghar Airport),6.8,5,8.1,1871,7723,1,1,"Terminal Road, Near DGR Airport, Deoghar, India"
4769,RJA,Hyatt Regency Terminal (Rajahmundry Airport),4.9,5,8.4,3128,5479,1,1,"Terminal Road, Near RJA Airport, Rajahmundry, India"
4770,DBR,ITC Grand Bharat (Darbhanga Airport),6.5,4,8.1,2146,2494,1,0,"Terminal Road, Near DBR Airport, Darbhanga, India"
4771,MAA,ITC Grand Bharat (Chennai Airport),5.3,4,8.2,2832,11435,1,1,"Terminal Road, Near MAA Airport, Chennai, India"
4772,ATQ,Novotel Airport Hotel (Amritsar Airport),0.9,3,9.3,267,9196,1,1,"Terminal Road, Near ATQ Airport, Amritsar, India"
4773,JLR,Pride Plaza Hotel (Jabalpur Airport),3.6,3,9.6,2752,4204,1,0,"Terminal Road, Near JLR Airport, Jabalpur, India"
4774,KOR,Novotel Airport Hotel (Koraput Airport),8.5,4,9.5,1277,4219,0,0,"Terminal Road, Near KOR Airport, Koraput, India"
4775,PNV,FabHotel Airport Inn (Porbandar Airport),8.0,5,8.8,754,11858,0,0,"Terminal Road, Near PNV Airport, Porbandar, India"
4776,NMN,ITC Grand Bharat (Neemrana / Alwar Airport),11.5,3,8.3,2305,5791,0,1,"Terminal Road, Near NMN Airport, Neemrana / Alwar, India"
4777,COB,FabHotel Airport Inn (Cooch Behar Airport),11.5,5,9.0,2237,6555,0,1,"Terminal Road, Near COB Airport, Cooch Behar, India"
4778,RAT,Hyatt Regency Terminal (Ratlam Airport),1.9,4,8.3,2029,10846,1,1,"Terminal Road, Near RAT Airport, Ratlam, India"
4779,HBX,Radisson Blu Airport (Hubballi / Dharwad Airport),2.1,4,9.7,1292,11553,1,0,"Terminal Road, Near HBX Airport, Hubballi / Dharwad, India"
4780,JLR,Hyatt Regency Terminal (Jabalpur Airport),9.8,3,8.2,3111,3682,0,0,"Terminal Road, Near JLR Airport, Jabalpur, India"
4781,HBX,Lemon Tree Premier (Hubballi / Dharwad Airport),8.0,4,8.5,528,6503,0,1,"Terminal Road, Near HBX Airport, Hubballi / Dharwad, India"
4782,VTZ,Novotel Airport Hotel (Visakhapatnam Airport),12.1,4,9.1,3292,9435,0,1,"Terminal Road, Near VTZ Airport, Visakhapatnam, India"
4783,SAH,Radisson Blu Airport (Saharanpur Airport),13.6,5,8.3,1984,8469,0,1,"Terminal Road, Near SAH Airport, Saharanpur, India"
4784,CCU,Hyatt Regency Terminal (Kolkata Airport),3.4,3,9.7,3417,7613,1,0,"Terminal Road, Near CCU Airport, Kolkata, India"
4785,DMO,Trident Airport Hotel (Damoh Airport),5.2,3,8.8,303,3077,1,1,"Terminal Road, Near DMO Airport, Damoh, India"
4786,RMD,Trident Airport Hotel (Ratnagiri Airport),2.2,3,8.2,1857,4597,1,1,"Terminal Road, Near RMD Airport, Ratnagiri, India"
4787,SIH,Lemon Tree Premier (Sirohi Airport),13.3,5,8.4,621,6969,0,0,"Terminal Road, Near SIH Airport, Sirohi, India"
4788,CHI,Radisson Blu Airport (Chhindwara Airport),11.8,4,9.3,801,8874,0,1,"Terminal Road, Near CHI Airport, Chhindwara, India"
4789,HIR,ITC Grand Bharat (Sambalpur Airport),7.6,3,9.1,1206,7540,1,1,"Terminal Road, Near HIR Airport, Sambalpur, India"
4790,BHJ,Hyatt Regency Terminal (Bhuj (Kutch) Airport),10.2,5,8.4,1965,8853,0,1,"Terminal Road, Near BHJ Airport, Bhuj (Kutch), India"
4791,GOI,ITC Grand Bharat (Goa (Dabolim) Airport),12.8,5,9.0,443,11816,0,1,"Terminal Road, Near GOI Airport, Goa (Dabolim), India"
4792,PYG,Radisson Blu Airport (Gangtok / Pakyong (Sikkim) Airport),8.5,3,8.2,1781,4731,0,1,"Terminal Road, Near PYG Airport, Gangtok / Pakyong (Sikkim), India"
4793,IXW,Lemon Tree Premier (Jamshedpur Airport),13.8,3,8.2,2896,4228,0,0,"Terminal Road, Near IXW Airport, Jamshedpur, India"
4794,NPL,Ginger Airport Hotel (Narnaul Airport),7.6,5,8.7,3377,8685,1,0,"Terminal Road, Near NPL Airport, Narnaul, India"
4795,SXR,Novotel Airport Hotel (Srinagar Airport),3.9,3,9.6,1853,3385,1,0,"Terminal Road, Near SXR Airport, Srinagar, India"
4796,AMD,IBIS Airport Hotel (Ahmedabad Airport),3.0,3,8.9,841,2362,1,0,"Terminal Road, Near AMD Airport, Ahmedabad, India"
4797, سات,ITC Grand Bharat (Satna Airport),4.2,4,8.1,942,9840,1,0,"Terminal Road, Near  سات Airport, Satna, India"
4798,HSR,FabHotel Airport Inn (Rajkot Airport),7.8,3,8.9,2473,11679,1,0,"Terminal Road, Near HSR Airport, Rajkot, India"
4799,NVM,Novotel Airport Hotel (Navi Mumbai Airport),4.5,3,8.2,3433,5904,1,1,"Terminal Road, Near NVM Airport, Navi Mumbai, India"
4800,JGA,Pride Plaza Hotel (Jamnagar Airport),7.6,5,9.7,3659,7468,1,1,"Terminal Road, Near JGA Airport, Jamnagar, India"
4801,BHU,IBIS Airport Hotel (Bathinda Airport),4.6,4,9.4,3161,3273,1,0,"Terminal Road, Near BHU Airport, Bathinda, India"
4802,COK,Pride Plaza Hotel (Kochi Airport),2.4,3,9.6,3695,5866,1,1,"Terminal Road, Near COK Airport, Kochi, India"
4803,BTH,Pride Plaza Hotel (Bettiah Airport),6.5,5,8.6,2885,7456,1,1,"Terminal Road, Near BTH Airport, Bettiah, India"
4804,GOI,FabHotel Airport Inn (Goa (Dabolim) Airport),6.7,4,9.0,1189,7925,1,1,"Terminal Road, Near GOI Airport, Goa (Dabolim), India"
4805,PAL,OYO Townhouse Airport (Pali Airport),9.2,5,9.1,2592,9747,0,1,"Terminal Road, Near PAL Airport, Pali, India"
4806,HBI,Ginger Airport Hotel (Itanagar Airport),4.8,4,9.1,2232,2113,1,1,"Terminal Road, Near HBI Airport, Itanagar, India"
4807,BPI,Taj City Centre (Mayurbhanj Airport),9.6,4,9.5,703,9375,0,0,"Terminal Road, Near BPI Airport, Mayurbhanj, India"
4808,PYB,Hyatt Regency Terminal (Jeypore Airport),1.5,4,9.2,1177,6001,1,1,"Terminal Road, Near PYB Airport, Jeypore, India"
4809,HYD,IBIS Airport Hotel (Hyderabad Airport),3.7,4,8.2,3477,11995,1,0,"Terminal Road, Near HYD Airport, Hyderabad, India"
4810,WGC,Ginger Airport Hotel (Warangal Airport),12.6,4,8.5,3512,6328,0,0,"Terminal Road, Near WGC Airport, Warangal, India"
4811,IMF,Hyatt Regency Terminal (Imphal Airport),2.7,4,9.0,1858,6983,1,1,"Terminal Road, Near IMF Airport, Imphal, India"
4812,PUI,Trident Airport Hotel (Purnea Airport),8.2,4,9.3,1012,5482,0,0,"Terminal Road, Near PUI Airport, Purnea, India"
4813,DON,Radisson Blu Airport (Bhadrak / Dhamra Airport),5.0,4,9.4,2801,3347,1,1,"Terminal Road, Near DON Airport, Bhadrak / Dhamra, India"
4814,MOR,Pride Plaza Hotel (Moradabad Airport),7.2,5,9.4,1775,7770,1,1,"Terminal Road, Near MOR Airport, Moradabad, India"
4815,KARN,OYO Townhouse Airport (Karnal Airport),10.5,4,8.2,884,9807,0,1,"Terminal Road, Near KARN Airport, Karnal, India"
4816,KAI,Novotel Airport Hotel (Kailashahar Airport),4.8,4,8.2,2257,6707,1,0,"Terminal Road, Near KAI Airport, Kailashahar, India"
4817,PAL,ITC Grand Bharat (Pali Airport),12.0,4,8.6,2070,2625,0,1,"Terminal Road, Near PAL Airport, Pali, India"
4818,RGD,Hyatt Regency Terminal (Raigarh Airport),8.2,3,8.2,1066,3445,0,0,"Terminal Road, Near RGD Airport, Raigarh, India"
4819,TEZ,ITC Grand Bharat (Tezpur Airport),7.8,4,8.4,3064,10742,1,0,"Terminal Road, Near TEZ Airport, Tezpur, India"
4820,IXJ,Radisson Blu Airport (Jammu Airport),8.1,3,9.5,2287,1957,0,0,"Terminal Road, Near IXJ Airport, Jammu, India"
4821,IXJ,ITC Grand Bharat (Jammu Airport),6.3,5,8.8,3041,7365,1,0,"Terminal Road, Near IXJ Airport, Jammu, India"
4822,VTZ,Taj City Centre (Visakhapatnam Airport),3.0,5,9.7,2041,3475,1,1,"Terminal Road, Near VTZ Airport, Visakhapatnam, India"
4823,GAY,Trident Airport Hotel (Gaya Airport),10.7,4,8.9,3715,7130,0,1,"Terminal Road, Near GAY Airport, Gaya, India"
4824,KBK,Radisson Blu Airport (Kushinagar Airport),1.2,5,8.4,3212,4705,1,0,"Terminal Road, Near KBK Airport, Kushinagar, India"
4825,CHI,Hyatt Regency Terminal (Chhindwara Airport),2.7,4,9.3,122,2201,1,1,"Terminal Road, Near CHI Airport, Chhindwara, India"
4826,CFH,Taj City Centre (Chitrakoot Airport),10.2,3,9.4,3739,9673,0,1,"Terminal Road, Near CFH Airport, Chitrakoot, India"
4827,PYB,Pride Plaza Hotel (Jeypore Airport),13.4,3,9.2,408,10851,0,1,"Terminal Road, Near PYB Airport, Jeypore, India"
4828,PUI,Trident Airport Hotel (Purnea Airport),11.7,3,9.7,2985,7765,0,1,"Terminal Road, Near PUI Airport, Purnea, India"
4829,JSA,IBIS Airport Hotel (Jaisalmer Airport),2.4,3,8.4,2703,8528,1,0,"Terminal Road, Near JSA Airport, Jaisalmer, India"
4830,BOM,FabHotel Airport Inn (Mumbai Airport),10.9,4,8.5,502,11716,0,1,"Terminal Road, Near BOM Airport, Mumbai, India"
4831,DIU,Taj City Centre (Diu Airport),4.3,3,9.6,2600,7804,1,1,"Terminal Road, Near DIU Airport, Diu, India"
4832,NVY,Trident Airport Hotel (Neyveli Airport),10.0,4,8.5,2738,4587,0,1,"Terminal Road, Near NVY Airport, Neyveli, India"
4833,BOK,OYO Townhouse Airport (Bokaro Airport),11.8,5,9.5,1183,9912,0,1,"Terminal Road, Near BOK Airport, Bokaro, India"
4834,AMD,Pride Plaza Hotel (Ahmedabad Airport),5.6,4,9.6,1164,3656,1,0,"Terminal Road, Near AMD Airport, Ahmedabad, India"
4835,MYQ,Pride Plaza Hotel (Mysuru Airport),5.7,4,8.3,2533,4163,1,1,"Terminal Road, Near MYQ Airport, Mysuru, India"
4836,JHW,OYO Townhouse Airport (Jhalawar Airport),14.4,4,8.2,455,3788,0,0,"Terminal Road, Near JHW Airport, Jhalawar, India"
4837,CKU,Pride Plaza Hotel (Chakulia Airport),6.6,3,9.3,1901,7416,1,1,"Terminal Road, Near CKU Airport, Chakulia, India"
4838,AGR,Pride Plaza Hotel (Agra Airport),6.2,5,9.4,2299,2496,1,1,"Terminal Road, Near AGR Airport, Agra, India"
4839,OSB,Hyatt Regency Terminal (Dharashiv Airport),13.6,4,8.5,1315,7574,0,0,"Terminal Road, Near OSB Airport, Dharashiv, India"
4840,RPR,Novotel Airport Hotel (Raipur Airport),1.5,3,9.0,1550,7340,1,0,"Terminal Road, Near RPR Airport, Raipur, India"
4841,PAL,Ginger Airport Hotel (Pali Airport),9.0,3,9.3,877,8321,0,0,"Terminal Road, Near PAL Airport, Pali, India"
4842,MEH,ITC Grand Bharat (Mehsana Airport),1.1,3,9.6,1204,5474,1,1,"Terminal Road, Near MEH Airport, Mehsana, India"
4843,RKG,IBIS Airport Hotel (Durgapur Airport),3.9,5,9.3,626,11858,1,0,"Terminal Road, Near RKG Airport, Durgapur, India"
4844,IXS,Taj City Centre (Silchar Airport),9.5,4,8.9,3683,3691,0,1,"Terminal Road, Near IXS Airport, Silchar, India"
4845,AMH,OYO Townhouse Airport (Azamgarh Airport),0.6,5,9.7,1921,6187,1,1,"Terminal Road, Near AMH Airport, Azamgarh, India"
4846, سات,Novotel Airport Hotel (Satna Airport),1.2,5,9.1,3567,10140,1,1,"Terminal Road, Near  سات Airport, Satna, India"
4847,SAG,Lemon Tree Premier (Shirdi Airport),0.7,5,9.5,2667,8604,1,1,"Terminal Road, Near SAG Airport, Shirdi, India"
4848,PUI,FabHotel Airport Inn (Purnea Airport),9.0,5,8.6,1825,10358,0,1,"Terminal Road, Near PUI Airport, Purnea, India"
4849,PINJ,ITC Grand Bharat (Panchkula / Pinjore Airport),7.0,3,9.6,815,11417,1,1,"Terminal Road, Near PINJ Airport, Panchkula / Pinjore, India"
4850,GBI,Novotel Airport Hotel (Kalaburagi (Gulbarga) Airport),2.6,4,8.1,1997,11595,1,1,"Terminal Road, Near GBI Airport, Kalaburagi (Gulbarga), India"
4851,GON,Radisson Blu Airport (Gondia Airport),7.4,3,9.3,812,11607,1,1,"Terminal Road, Near GON Airport, Gondia, India"
4852, سات,Hyatt Regency Terminal (Satna Airport),13.2,3,8.2,2626,6268,0,1,"Terminal Road, Near  سات Airport, Satna, India"
4853,HZD,IBIS Airport Hotel (Hazaribagh Airport),10.7,4,8.4,141,8950,0,0,"Terminal Road, Near HZD Airport, Hazaribagh, India"
4854,DON,Ginger Airport Hotel (Bhadrak / Dhamra Airport),11.0,4,9.4,2348,8525,0,0,"Terminal Road, Near DON Airport, Bhadrak / Dhamra, India"
4855,PINJ,Lemon Tree Premier (Panchkula / Pinjore Airport),5.9,4,9.4,587,6526,1,1,"Terminal Road, Near PINJ Airport, Panchkula / Pinjore, India"
4856,GOI,Trident Airport Hotel (Goa (Dabolim) Airport),1.8,5,9.7,3658,7600,1,1,"Terminal Road, Near GOI Airport, Goa (Dabolim), India"
4857,PBF,Ginger Airport Hotel (Bilaspur Airport),0.6,4,9.1,3363,8889,1,0,"Terminal Road, Near PBF Airport, Bilaspur, India"
4858,KOR,Trident Airport Hotel (Koraput Airport),7.5,5,9.4,1456,11226,1,1,"Terminal Road, Near KOR Airport, Koraput, India"
4859,IXR,Novotel Airport Hotel (Ranchi Airport),6.4,5,8.8,2194,8779,1,1,"Terminal Road, Near IXR Airport, Ranchi, India"
4860,NMN,Taj City Centre (Neemrana / Alwar Airport),3.2,3,9.0,2396,9679,1,1,"Terminal Road, Near NMN Airport, Neemrana / Alwar, India"
4861,KOK,Lemon Tree Premier (Kokrajhar Airport),5.8,3,9.2,2614,4276,1,0,"Terminal Road, Near KOK Airport, Kokrajhar, India"
4862,VZY,OYO Townhouse Airport (Vijayawada Airport),13.7,5,8.7,2383,3776,0,1,"Terminal Road, Near VZY Airport, Vijayawada, India"
4863,BHO,ITC Grand Bharat (Bhopal Airport),7.1,5,9.0,1487,4672,1,1,"Terminal Road, Near BHO Airport, Bhopal, India"
4864,UTL,OYO Townhouse Airport (Barmer Airport),4.6,4,8.2,3491,4952,1,0,"Terminal Road, Near UTL Airport, Barmer, India"
4865,BLT,Novotel Airport Hotel (Balurghat Airport),4.5,5,9.1,184,9286,1,0,"Terminal Road, Near BLT Airport, Balurghat, India"
4866,AMD,Taj City Centre (Ahmedabad Airport),4.3,3,9.2,1713,4363,1,0,"Terminal Road, Near AMD Airport, Ahmedabad, India"
4867,TRZ,Pride Plaza Hotel (Tiruchirappalli (Trichy) Airport),11.3,5,9.6,1469,1872,0,0,"Terminal Road, Near TRZ Airport, Tiruchirappalli (Trichy), India"
4868,ALD,Pride Plaza Hotel (Aligarh Airport),4.0,5,9.6,525,9985,1,1,"Terminal Road, Near ALD Airport, Aligarh, India"
4869,KNU,FabHotel Airport Inn (Kanpur Airport),8.1,4,8.4,2516,3541,0,1,"Terminal Road, Near KNU Airport, Kanpur, India"
4870,BOM,Hyatt Regency Terminal (Mumbai Airport),9.6,5,8.2,167,3793,0,0,"Terminal Road, Near BOM Airport, Mumbai, India"
4871,COK,FabHotel Airport Inn (Kochi Airport),11.8,3,9.1,911,2655,0,1,"Terminal Road, Near COK Airport, Kochi, India"
4872,IXB,Trident Airport Hotel (Siliguri / Bagdogra Airport),12.0,4,8.7,3400,3380,0,1,"Terminal Road, Near IXB Airport, Siliguri / Bagdogra, India"
4873,RXL,Hyatt Regency Terminal (Raxaul Airport),14.1,4,8.1,318,11994,0,0,"Terminal Road, Near RXL Airport, Raxaul, India"
4874,BBI,Ginger Airport Hotel (Bhubaneswar Airport),4.1,3,9.0,995,6354,1,0,"Terminal Road, Near BBI Airport, Bhubaneswar, India"
4875,PYG,Taj City Centre (Gangtok / Pakyong (Sikkim) Airport),1.7,3,8.8,3405,11622,1,1,"Terminal Road, Near PYG Airport, Gangtok / Pakyong (Sikkim), India"
4876,REW,FabHotel Airport Inn (Rewa Airport),10.1,3,9.0,2773,5898,0,0,"Terminal Road, Near REW Airport, Rewa, India"
4877,OSB,Trident Airport Hotel (Dharashiv Airport),10.2,5,9.2,2870,8830,0,1,"Terminal Road, Near OSB Airport, Dharashiv, India"
4878,HIR,Radisson Blu Airport (Sambalpur Airport),7.8,5,9.0,149,9415,1,1,"Terminal Road, Near HIR Airport, Sambalpur, India"
4879,KOK,Pride Plaza Hotel (Kokrajhar Airport),2.4,4,9.6,1741,10250,1,0,"Terminal Road, Near KOK Airport, Kokrajhar, India"
4880,KHO,Taj City Centre (Khowai Airport),6.8,3,9.2,1795,7857,1,0,"Terminal Road, Near KHO Airport, Khowai, India"
4881,AGR,Pride Plaza Hotel (Agra Airport),5.5,5,8.9,1551,7017,1,0,"Terminal Road, Near AGR Airport, Agra, India"
4882,VJZ,Hyatt Regency Terminal (Bhogapuram / Vizianagaram Airport),3.0,3,8.3,2715,8699,1,1,"Terminal Road, Near VJZ Airport, Bhogapuram / Vizianagaram, India"
4883,UTK,Radisson Blu Airport (Kalahandi / Utkela Airport),7.5,5,8.9,3532,9727,1,1,"Terminal Road, Near UTK Airport, Kalahandi / Utkela, India"
4884,AMH,Radisson Blu Airport (Azamgarh Airport),7.3,3,9.6,3232,4977,1,0,"Terminal Road, Near AMH Airport, Azamgarh, India"
4885,MZS,FabHotel Airport Inn (Sonbhadra Airport),9.3,3,9.6,2370,8256,0,0,"Terminal Road, Near MZS Airport, Sonbhadra, India"
4886,KHA,ITC Grand Bharat (Khandwa Airport),11.7,5,8.5,2946,5602,0,0,"Terminal Road, Near KHA Airport, Khandwa, India"
4887,SRA,Ginger Airport Hotel (Shravasti Airport),11.1,4,8.9,2393,8089,0,1,"Terminal Road, Near SRA Airport, Shravasti, India"
4888,BLT,Taj City Centre (Balurghat Airport),6.6,3,8.3,1531,6755,1,0,"Terminal Road, Near BLT Airport, Balurghat, India"
4889,KOP,Lemon Tree Premier (Kolhapur Airport),13.2,3,9.7,2379,7116,0,1,"Terminal Road, Near KOP Airport, Kolhapur, India"
4890,SWM,Trident Airport Hotel (Ranthambore / Sawai Madhopur Airport),7.9,3,9.2,3763,7742,1,0,"Terminal Road, Near SWM Airport, Ranthambore / Sawai Madhopur, India"
4891,IXE,OYO Townhouse Airport (Mangaluru Airport),3.9,3,8.3,1155,8476,1,0,"Terminal Road, Near IXE Airport, Mangaluru, India"
4892,MYQ,Hyatt Regency Terminal (Mysuru Airport),10.1,3,9.8,3612,3745,0,0,"Terminal Road, Near MYQ Airport, Mysuru, India"
4893,LUD,Pride Plaza Hotel (Ludhiana Airport),8.7,4,9.3,1093,8064,0,0,"Terminal Road, Near LUD Airport, Ludhiana, India"
4894,IXG,Novotel Airport Hotel (Belagavi Airport),1.9,3,9.8,1409,12051,1,0,"Terminal Road, Near IXG Airport, Belagavi, India"
4895,BHU,Hyatt Regency Terminal (Bathinda Airport),11.3,3,8.9,1168,10491,0,1,"Terminal Road, Near BHU Airport, Bathinda, India"
4896,JRG,Novotel Airport Hotel (Jharsuguda Airport),11.6,4,9.8,163,3558,0,1,"Terminal Road, Near JRG Airport, Jharsuguda, India"
4897,SWM,Lemon Tree Premier (Ranthambore / Sawai Madhopur Airport),3.8,3,9.4,2102,10927,1,1,"Terminal Road, Near SWM Airport, Ranthambore / Sawai Madhopur, India"
4898,BHU,Hyatt Regency Terminal (Bathinda Airport),11.5,4,8.3,593,10748,0,1,"Terminal Road, Near BHU Airport, Bathinda, India"
4899,RMD,Radisson Blu Airport (Ratnagiri Airport),9.6,5,8.5,3530,10404,0,0,"Terminal Road, Near RMD Airport, Ratnagiri, India"
4900,SHL,Trident Airport Hotel (Shillong Airport),4.7,4,8.1,3460,2307,1,1,"Terminal Road, Near SHL Airport, Shillong, India"
4901,RMD,FabHotel Airport Inn (Ratnagiri Airport),11.8,3,9.2,2069,8501,0,0,"Terminal Road, Near RMD Airport, Ratnagiri, India"
4902,SIH,FabHotel Airport Inn (Sirohi Airport),3.4,5,9.7,1620,2899,1,0,"Terminal Road, Near SIH Airport, Sirohi, India"
4903,DMU,Trident Airport Hotel (Dimapur Airport),14.5,3,9.1,1477,9845,0,0,"Terminal Road, Near DMU Airport, Dimapur, India"
4904,PUR,FabHotel Airport Inn (Purulia Airport),5.2,4,9.1,3240,5502,1,1,"Terminal Road, Near PUR Airport, Purulia, India"
4905,RXL,Radisson Blu Airport (Raxaul Airport),13.0,4,8.9,3200,8217,0,0,"Terminal Road, Near RXL Airport, Raxaul, India"
4906,AGR,Trident Airport Hotel (Agra Airport),6.7,5,9.1,2114,2487,1,1,"Terminal Road, Near AGR Airport, Agra, India"
4907,IXJ,Lemon Tree Premier (Jammu Airport),1.7,5,9.7,3432,10993,1,1,"Terminal Road, Near IXJ Airport, Jammu, India"
4908,KOP,Novotel Airport Hotel (Kolhapur Airport),4.6,4,9.5,511,5864,1,1,"Terminal Road, Near KOP Airport, Kolhapur, India"
4909,RMD,ITC Grand Bharat (Ratnagiri Airport),0.6,5,8.7,3517,5124,1,1,"Terminal Road, Near RMD Airport, Ratnagiri, India"
4910,NWP,Lemon Tree Premier (Pithoragarh Airport),3.6,4,9.6,488,7572,1,0,"Terminal Road, Near NWP Airport, Pithoragarh, India"
4911,TIR,Lemon Tree Premier (Tirupati Airport),7.9,3,8.3,2917,5733,1,1,"Terminal Road, Near TIR Airport, Tirupati, India"
4912,RMD,IBIS Airport Hotel (Ratnagiri Airport),6.5,4,8.9,457,3324,1,0,"Terminal Road, Near RMD Airport, Ratnagiri, India"
4913,ANK,Hyatt Regency Terminal (Ankleshwar Airport),8.9,5,8.7,1070,6433,0,1,"Terminal Road, Near ANK Airport, Ankleshwar, India"
4914,PNY,Radisson Blu Airport (Puducherry Airport),2.3,5,8.9,1768,4683,1,1,"Terminal Road, Near PNY Airport, Puducherry, India"
4915,JDH,Novotel Airport Hotel (Jodhpur Airport),12.1,4,8.9,818,6185,0,1,"Terminal Road, Near JDH Airport, Jodhpur, India"
4916,SXV,OYO Townhouse Airport (Shivamogga Airport),4.5,4,9.0,3680,11449,1,1,"Terminal Road, Near SXV Airport, Shivamogga, India"
4917,PBF,Ginger Airport Hotel (Bilaspur Airport),6.8,4,8.6,3094,10383,1,0,"Terminal Road, Near PBF Airport, Bilaspur, India"
4918,JLR,Pride Plaza Hotel (Jabalpur Airport),5.3,3,9.4,2406,12291,1,0,"Terminal Road, Near JLR Airport, Jabalpur, India"
4919,CJB,ITC Grand Bharat (Coimbatore Airport),4.6,4,9.6,3355,9008,1,1,"Terminal Road, Near CJB Airport, Coimbatore, India"
4920,NAG,Ginger Airport Hotel (Nagpur Airport),7.9,5,8.5,1765,10166,1,1,"Terminal Road, Near NAG Airport, Nagpur, India"
4921,ZER,Trident Airport Hotel (Ziro Airport),3.7,4,9.2,1653,4791,1,1,"Terminal Road, Near ZER Airport, Ziro, India"
4922,TRZ,Lemon Tree Premier (Tiruchirappalli (Trichy) Airport),6.1,5,9.1,2697,11897,1,1,"Terminal Road, Near TRZ Airport, Tiruchirappalli (Trichy), India"
4923,BVC,Pride Plaza Hotel (Bhavnagar Airport),5.9,5,9.2,1296,9132,1,1,"Terminal Road, Near BVC Airport, Bhavnagar, India"
4924,CJB,Novotel Airport Hotel (Coimbatore Airport),9.2,4,8.5,2312,10369,0,0,"Terminal Road, Near CJB Airport, Coimbatore, India"
4925, سات,FabHotel Airport Inn (Satna Airport),10.3,5,9.5,139,8834,0,0,"Terminal Road, Near  سات Airport, Satna, India"
4926,JAI,Ginger Airport Hotel (Jaipur Airport),9.2,5,9.3,134,11211,0,0,"Terminal Road, Near JAI Airport, Jaipur, India"
4927,IXJ,ITC Grand Bharat (Jammu Airport),9.7,4,9.3,3554,11680,0,0,"Terminal Road, Near IXJ Airport, Jammu, India"
4928,IXU,Trident Airport Hotel (Chhatrapati Sambhaji Nagar (Aurangabad) Airport),10.8,5,9.5,1187,3013,0,1,"Terminal Road, Near IXU Airport, Chhatrapati Sambhaji Nagar (Aurangabad), India"
4929,NMS,Radisson Blu Airport (Naliya Airport),3.2,5,9.1,2549,3672,1,1,"Terminal Road, Near NMS Airport, Naliya, India"
4930,UDR,Ginger Airport Hotel (Udaipur Airport),11.3,3,8.1,691,3059,0,1,"Terminal Road, Near UDR Airport, Udaipur, India"
4931,KAI,ITC Grand Bharat (Kailashahar Airport),13.3,5,9.4,2343,5253,0,0,"Terminal Road, Near KAI Airport, Kailashahar, India"
4932,TEZ,Hyatt Regency Terminal (Tezpur Airport),3.4,4,9.5,2634,6861,1,1,"Terminal Road, Near TEZ Airport, Tezpur, India"
4933,VDY,Taj City Centre (Vidyanagar / Ballari Airport),14.2,4,9.0,1529,11051,0,0,"Terminal Road, Near VDY Airport, Vidyanagar / Ballari, India"
4934,HZD,Pride Plaza Hotel (Hazaribagh Airport),5.5,4,9.5,3602,4474,1,1,"Terminal Road, Near HZD Airport, Hazaribagh, India"
4935,IXM,Hyatt Regency Terminal (Madurai Airport),8.5,3,8.3,459,2695,0,1,"Terminal Road, Near IXM Airport, Madurai, India"
4936,PBF,IBIS Airport Hotel (Bilaspur Airport),12.0,4,9.3,2025,4274,0,1,"Terminal Road, Near PBF Airport, Bilaspur, India"
4937,IXJ,Novotel Airport Hotel (Jammu Airport),13.6,5,9.3,1184,2985,0,0,"Terminal Road, Near IXJ Airport, Jammu, India"
4938,BAR,Lemon Tree Premier (Baramati Airport),7.4,5,8.7,1007,4575,1,0,"Terminal Road, Near BAR Airport, Baramati, India"
4939,IXU,Hyatt Regency Terminal (Chhatrapati Sambhaji Nagar (Aurangabad) Airport),5.7,3,8.2,2196,4242,1,0,"Terminal Road, Near IXU Airport, Chhatrapati Sambhaji Nagar (Aurangabad), India"
4940,RXL,Taj City Centre (Raxaul Airport),2.0,5,9.2,3074,9789,1,0,"Terminal Road, Near RXL Airport, Raxaul, India"
4941,KOP,IBIS Airport Hotel (Kolhapur Airport),9.9,3,8.5,2062,6632,0,0,"Terminal Road, Near KOP Airport, Kolhapur, India"
4942,WGC,Trident Airport Hotel (Warangal Airport),12.5,5,8.4,1349,12031,0,1,"Terminal Road, Near WGC Airport, Warangal, India"
4943,JRG,OYO Townhouse Airport (Jharsuguda Airport),2.5,5,8.7,714,3010,1,1,"Terminal Road, Near JRG Airport, Jharsuguda, India"
4944,DED,Pride Plaza Hotel (Dehradun Airport),1.1,5,8.2,1758,6596,1,1,"Terminal Road, Near DED Airport, Dehradun, India"
4945,DMU,Taj City Centre (Dimapur Airport),13.2,4,8.2,1272,7163,0,1,"Terminal Road, Near DMU Airport, Dimapur, India"
4946,RAT,Trident Airport Hotel (Ratlam Airport),10.8,3,9.3,1386,3503,0,0,"Terminal Road, Near RAT Airport, Ratlam, India"
4947,PBF,Hyatt Regency Terminal (Bilaspur Airport),14.0,3,8.9,635,9216,0,1,"Terminal Road, Near PBF Airport, Bilaspur, India"
4948,IXR,Hyatt Regency Terminal (Ranchi Airport),8.1,3,8.8,3140,10531,0,0,"Terminal Road, Near IXR Airport, Ranchi, India"
4949,KAM,Novotel Airport Hotel (Kamalpur Airport),4.4,5,8.5,679,5515,1,0,"Terminal Road, Near KAM Airport, Kamalpur, India"
4950,IXC,Taj City Centre (Chandigarh Airport),11.4,3,8.4,3642,8296,0,0,"Terminal Road, Near IXC Airport, Chandigarh, India"
4951,DMU,Lemon Tree Premier (Dimapur Airport),8.1,4,9.1,2367,8220,0,0,"Terminal Road, Near DMU Airport, Dimapur, India"
4952,LUD,ITC Grand Bharat (Ludhiana Airport),1.9,5,8.3,2907,7763,1,0,"Terminal Road, Near LUD Airport, Ludhiana, India"
4953,KOK,Lemon Tree Premier (Kokrajhar Airport),11.9,4,8.6,3295,7942,0,0,"Terminal Road, Near KOK Airport, Kokrajhar, India"
4954,PINJ,Taj City Centre (Panchkula / Pinjore Airport),4.3,5,9.3,3773,5807,1,1,"Terminal Road, Near PINJ Airport, Panchkula / Pinjore, India"
4955,PGH,Ginger Airport Hotel (Pantnagar / Nainital Airport),11.6,4,8.8,1257,7930,0,0,"Terminal Road, Near PGH Airport, Pantnagar / Nainital, India"
4956,JRH,IBIS Airport Hotel (Jorhat Airport),12.0,3,8.3,1929,11585,0,1,"Terminal Road, Near JRH Airport, Jorhat, India"
4957,BHJ,Trident Airport Hotel (Bhuj (Kutch) Airport),14.1,4,8.3,2322,9627,0,0,"Terminal Road, Near BHJ Airport, Bhuj (Kutch), India"
4958,TRZ,Lemon Tree Premier (Tiruchirappalli (Trichy) Airport),7.0,4,8.2,1413,2460,1,0,"Terminal Road, Near TRZ Airport, Tiruchirappalli (Trichy), India"
4959,DUM,Taj City Centre (Dumka Airport),5.3,3,9.6,3036,10939,1,1,"Terminal Road, Near DUM Airport, Dumka, India"
4960,BOK,Pride Plaza Hotel (Bokaro Airport),6.1,4,9.4,910,12223,1,0,"Terminal Road, Near BOK Airport, Bokaro, India"
4961,SLN,Lemon Tree Premier (Sultanpur Airport),8.6,4,9.6,1051,2376,0,0,"Terminal Road, Near SLN Airport, Sultanpur, India"
4962,IXJ,Ginger Airport Hotel (Jammu Airport),9.3,5,8.6,1363,3192,0,0,"Terminal Road, Near IXJ Airport, Jammu, India"
4963,SIH,FabHotel Airport Inn (Sirohi Airport),11.3,5,9.6,1159,9515,0,1,"Terminal Road, Near SIH Airport, Sirohi, India"
4964,SIH,ITC Grand Bharat (Sirohi Airport),13.9,5,8.6,3683,7713,0,0,"Terminal Road, Near SIH Airport, Sirohi, India"
4965,COK,Hyatt Regency Terminal (Kochi Airport),1.6,5,9.2,1000,8002,1,0,"Terminal Road, Near COK Airport, Kochi, India"
4966,TRZ,FabHotel Airport Inn (Tiruchirappalli (Trichy) Airport),13.6,5,8.8,3621,6694,0,1,"Terminal Road, Near TRZ Airport, Tiruchirappalli (Trichy), India"
4967,KAR,Lemon Tree Premier (Karad / Satara Airport),8.2,3,8.3,3287,7984,0,0,"Terminal Road, Near KAR Airport, Karad / Satara, India"
4968,PBF,FabHotel Airport Inn (Bilaspur Airport),2.6,5,8.6,1614,6850,1,1,"Terminal Road, Near PBF Airport, Bilaspur, India"
4969,JRH,Novotel Airport Hotel (Jorhat Airport),2.8,3,8.1,3708,3488,1,1,"Terminal Road, Near JRH Airport, Jorhat, India"
4970,TCR,ITC Grand Bharat (Thoothukudi (Tuticorin) Airport),5.1,3,9.7,2032,7201,1,1,"Terminal Road, Near TCR Airport, Thoothukudi (Tuticorin), India"
4971,SLV,FabHotel Airport Inn (Shimla Airport),5.6,4,8.5,349,7521,1,0,"Terminal Road, Near SLV Airport, Shimla, India"
4972,HSR,Radisson Blu Airport (Rajkot Airport),4.7,4,8.2,1676,10389,1,0,"Terminal Road, Near HSR Airport, Rajkot, India"
4973,CNN,Novotel Airport Hotel (Kannur Airport),13.2,4,9.7,1221,11776,0,0,"Terminal Road, Near CNN Airport, Kannur, India"
4974,GOX,Pride Plaza Hotel (Goa (Mopa) Airport),14.4,4,8.6,3326,8849,0,1,"Terminal Road, Near GOX Airport, Goa (Mopa), India"
4975,PUR,Lemon Tree Premier (Purulia Airport),5.6,3,8.2,1792,7021,1,0,"Terminal Road, Near PUR Airport, Purulia, India"
4976,LGP,Lemon Tree Premier (Rupsi / Dhubri Airport),8.0,5,8.5,2130,7301,0,0,"Terminal Road, Near LGP Airport, Rupsi / Dhubri, India"
4977,PBN,FabHotel Airport Inn (Parbhani Airport),2.0,5,9.4,454,12445,1,1,"Terminal Road, Near PBN Airport, Parbhani, India"
4978,RAT,Lemon Tree Premier (Ratlam Airport),13.3,5,8.8,2900,4640,0,0,"Terminal Road, Near RAT Airport, Ratlam, India"
4979,COK,Lemon Tree Premier (Kochi Airport),6.4,3,9.1,2620,2198,1,1,"Terminal Road, Near COK Airport, Kochi, India"
4980,LGP,Taj City Centre (Rupsi / Dhubri Airport),3.3,5,9.0,2934,5913,1,0,"Terminal Road, Near LGP Airport, Rupsi / Dhubri, India"
4981,JGD,Pride Plaza Hotel (Jagdalpur Airport),13.8,3,9.2,3421,9525,0,1,"Terminal Road, Near JGD Airport, Jagdalpur, India"
4982,DGR,Hyatt Regency Terminal (Deoghar Airport),5.1,4,9.8,244,7478,1,0,"Terminal Road, Near DGR Airport, Deoghar, India"
4983,JHW,IBIS Airport Hotel (Jhalawar Airport),3.2,5,8.5,3760,7363,1,0,"Terminal Road, Near JHW Airport, Jhalawar, India"
4984,SSE,Ginger Airport Hotel (Solapur Airport),9.0,5,8.4,826,4951,0,1,"Terminal Road, Near SSE Airport, Solapur, India"
4985,PBN,Novotel Airport Hotel (Parbhani Airport),14.3,3,8.6,3489,2796,0,1,"Terminal Road, Near PBN Airport, Parbhani, India"
4986,JGA,Hyatt Regency Terminal (Jamnagar Airport),1.9,5,9.8,3799,8126,1,1,"Terminal Road, Near JGA Airport, Jamnagar, India"
4987,LAT,ITC Grand Bharat (Latur Airport),13.0,4,8.5,2306,4465,0,1,"Terminal Road, Near LAT Airport, Latur, India"
4988,NEEM,OYO Townhouse Airport (Neemuch Airport),7.2,5,9.1,2688,10416,1,1,"Terminal Road, Near NEEM Airport, Neemuch, India"
4989,GOI,Hyatt Regency Terminal (Goa (Dabolim) Airport),5.0,4,9.0,3699,5525,1,1,"Terminal Road, Near GOI Airport, Goa (Dabolim), India"
4990,TRZ,Lemon Tree Premier (Tiruchirappalli (Trichy) Airport),7.5,3,8.2,3017,9857,1,0,"Terminal Road, Near TRZ Airport, Tiruchirappalli (Trichy), India"
4991,PINJ,IBIS Airport Hotel (Panchkula / Pinjore Airport),10.7,3,8.1,1002,8011,0,1,"Terminal Road, Near PINJ Airport, Panchkula / Pinjore, India"
4992,ISK,Lemon Tree Premier (Nashik Airport),4.8,4,9.7,633,8817,1,1,"Terminal Road, Near ISK Airport, Nashik, India"
4993,SRA,Taj City Centre (Shravasti Airport),3.6,3,8.8,1356,3252,1,1,"Terminal Road, Near SRA Airport, Shravasti, India"
4994,TEZ,Ginger Airport Hotel (Tezpur Airport),4.0,4,8.6,3600,2314,1,0,"Terminal Road, Near TEZ Airport, Tezpur, India"
4995,HZD,Novotel Airport Hotel (Hazaribagh Airport),3.5,3,9.6,1301,3408,1,0,"Terminal Road, Near HZD Airport, Hazaribagh, India"
4996,BHO,IBIS Airport Hotel (Bhopal Airport),12.5,5,9.7,479,2743,0,1,"Terminal Road, Near BHO Airport, Bhopal, India"
4997,DHR,Novotel Airport Hotel (Dibrugarh Airport),13.4,4,8.8,2742,3477,0,1,"Terminal Road, Near DHR Airport, Dibrugarh, India"
4998,PAL,Ginger Airport Hotel (Pali Airport),12.4,4,8.6,2790,11944,0,0,"Terminal Road, Near PAL Airport, Pali, India"
4999,GAY,Taj City Centre (Gaya Airport),6.2,4,9.8,3310,3820,1,1,"Terminal Road, Near GAY Airport, Gaya, India"
5000,VZY,IBIS Airport Hotel (Vijayawada Airport),3.4,3,8.5,3065,7793,1,1,"Terminal Road, Near VZY Airport, Vijayawada, India"
5001,IXP,Pride Plaza Hotel (Pathankot Airport),12.9,4,9.3,478,5667,0,1,"Terminal Road, Near IXP Airport, Pathankot, India"
5002,PUR,Ginger Airport Hotel (Purulia Airport),9.3,3,8.8,3761,1979,0,1,"Terminal Road, Near PUR Airport, Purulia, India"
5003,MUZ,ITC Grand Bharat (Muzaffarpur Airport),5.6,4,9.2,434,11644,1,1,"Terminal Road, Near MUZ Airport, Muzaffarpur, India"
5004,WGC,Pride Plaza Hotel (Warangal Airport),1.1,3,9.3,1659,2733,1,1,"Terminal Road, Near WGC Airport, Warangal, India"
5005,MRA,Pride Plaza Hotel (Noida / Jewar Airport),7.1,4,9.2,2482,4537,1,1,"Terminal Road, Near MRA Airport, Noida / Jewar, India"
5006,IXU,Hyatt Regency Terminal (Chhatrapati Sambhaji Nagar (Aurangabad) Airport),8.7,3,9.3,2133,3681,0,1,"Terminal Road, Near IXU Airport, Chhatrapati Sambhaji Nagar (Aurangabad), India"
5007,JGA,Ginger Airport Hotel (Jamnagar Airport),3.5,3,8.5,1955,8924,1,1,"Terminal Road, Near JGA Airport, Jamnagar, India"
5008,IMF,ITC Grand Bharat (Imphal Airport),3.7,5,9.7,2808,2546,1,0,"Terminal Road, Near IMF Airport, Imphal, India"
5009,IXR,IBIS Airport Hotel (Ranchi Airport),4.2,4,8.9,1059,11497,1,1,"Terminal Road, Near IXR Airport, Ranchi, India"
5010,JLG,Radisson Blu Airport (Jalgaon Airport),13.3,3,8.9,1470,6006,0,1,"Terminal Road, Near JLG Airport, Jalgaon, India"
5011,SAG,Trident Airport Hotel (Shirdi Airport),10.0,3,9.3,2352,10284,0,1,"Terminal Road, Near SAG Airport, Shirdi, India"
5012,JRH,Lemon Tree Premier (Jorhat Airport),4.5,3,9.0,1073,4216,1,0,"Terminal Road, Near JRH Airport, Jorhat, India"
5013,JAI,Trident Airport Hotel (Jaipur Airport),6.3,4,9.6,3579,7330,1,1,"Terminal Road, Near JAI Airport, Jaipur, India"
5014,JSA,FabHotel Airport Inn (Jaisalmer Airport),3.5,4,8.8,355,6921,1,1,"Terminal Road, Near JSA Airport, Jaisalmer, India"
5015,PUI,IBIS Airport Hotel (Purnea Airport),2.4,4,9.7,2349,7831,1,1,"Terminal Road, Near PUI Airport, Purnea, India"
5016,BOK,Trident Airport Hotel (Bokaro Airport),1.6,3,8.4,324,8153,1,1,"Terminal Road, Near BOK Airport, Bokaro, India"
5017,SXV,Ginger Airport Hotel (Shivamogga Airport),5.9,3,9.6,3503,6365,1,1,"Terminal Road, Near SXV Airport, Shivamogga, India"
5018,TRV,Novotel Airport Hotel (Thiruvananthapuram Airport),3.7,4,8.3,568,7731,1,0,"Terminal Road, Near TRV Airport, Thiruvananthapuram, India"
5019,DEL,Ginger Airport Hotel (New Delhi Airport),13.8,5,8.8,3682,11953,0,0,"Terminal Road, Near DEL Airport, New Delhi, India"
5020,SWM,Radisson Blu Airport (Ranthambore / Sawai Madhopur Airport),5.0,5,8.9,888,1916,1,1,"Terminal Road, Near SWM Airport, Ranthambore / Sawai Madhopur, India"
5021,DON,ITC Grand Bharat (Bhadrak / Dhamra Airport),3.1,3,9.8,2768,5269,1,0,"Terminal Road, Near DON Airport, Bhadrak / Dhamra, India"
5022,ASL,Trident Airport Hotel (Asansol Airport),4.0,3,9.3,1520,2964,1,0,"Terminal Road, Near ASL Airport, Asansol, India"
5023,RMD,Lemon Tree Premier (Ratnagiri Airport),1.4,5,8.8,657,10438,1,1,"Terminal Road, Near RMD Airport, Ratnagiri, India"
5024,HSS,Hyatt Regency Terminal (Hisar Airport),1.3,4,8.7,3714,10566,1,0,"Terminal Road, Near HSS Airport, Hisar, India"
5025,VDY,FabHotel Airport Inn (Vidyanagar / Ballari Airport),7.6,3,9.7,1929,11811,1,1,"Terminal Road, Near VDY Airport, Vidyanagar / Ballari, India"
5026,BHJ,IBIS Airport Hotel (Bhuj (Kutch) Airport),13.4,4,9.7,1116,3532,0,1,"Terminal Road, Near BHJ Airport, Bhuj (Kutch), India"
5027,ATQ,Hyatt Regency Terminal (Amritsar Airport),9.1,4,9.7,1583,9421,0,0,"Terminal Road, Near ATQ Airport, Amritsar, India"
5028,CCU,Taj City Centre (Kolkata Airport),6.3,3,8.3,891,2825,1,1,"Terminal Road, Near CCU Airport, Kolkata, India"
5029,AYJ,FabHotel Airport Inn (Ayodhya Airport),11.0,5,9.5,2794,1899,0,0,"Terminal Road, Near AYJ Airport, Ayodhya, India"
5030,PAT,Taj City Centre (Patna Airport),14.2,4,9.1,2283,8708,0,1,"Terminal Road, Near PAT Airport, Patna, India"
5031,BKN,OYO Townhouse Airport (Bikaner Airport),7.6,5,9.5,1556,3498,1,1,"Terminal Road, Near BKN Airport, Bikaner, India"
5032,BPI,Hyatt Regency Terminal (Mayurbhanj Airport),11.1,3,8.4,3664,3540,0,1,"Terminal Road, Near BPI Airport, Mayurbhanj, India"
5033,AGX,IBIS Airport Hotel (Agatti Island (Lakshadweep) Airport),9.0,4,9.4,910,9794,0,1,"Terminal Road, Near AGX Airport, Agatti Island (Lakshadweep), India"
5034,KHO,Pride Plaza Hotel (Khowai Airport),12.1,5,8.8,1574,10114,0,1,"Terminal Road, Near KHO Airport, Khowai, India"
5035,SXR,Taj City Centre (Srinagar Airport),7.0,4,8.4,960,3172,1,1,"Terminal Road, Near SXR Airport, Srinagar, India"
5036,GAY,IBIS Airport Hotel (Gaya Airport),10.2,5,9.5,2638,3620,0,1,"Terminal Road, Near GAY Airport, Gaya, India"
5037,PUI,Novotel Airport Hotel (Purnea Airport),1.5,4,9.2,1793,4093,1,1,"Terminal Road, Near PUI Airport, Purnea, India"
5038,PUI,Hyatt Regency Terminal (Purnea Airport),2.3,4,8.2,202,4051,1,1,"Terminal Road, Near PUI Airport, Purnea, India"
5039,NMS,Pride Plaza Hotel (Naliya Airport),4.3,4,8.4,2787,8455,1,1,"Terminal Road, Near NMS Airport, Naliya, India"
5040,BBI,Ginger Airport Hotel (Bhubaneswar Airport),14.1,5,9.7,2090,10025,0,1,"Terminal Road, Near BBI Airport, Bhubaneswar, India"
5041,GAW,IBIS Airport Hotel (Guwahati Airport),12.9,5,8.2,2877,11163,0,1,"Terminal Road, Near GAW Airport, Guwahati, India"
5042,GBI,FabHotel Airport Inn (Kalaburagi (Gulbarga) Airport),2.9,4,9.0,3496,2024,1,1,"Terminal Road, Near GBI Airport, Kalaburagi (Gulbarga), India"
5043,BID,IBIS Airport Hotel (Bidar Airport),8.8,5,9.1,1285,7532,0,1,"Terminal Road, Near BID Airport, Bidar, India"
5044,MZS,OYO Townhouse Airport (Sonbhadra Airport),11.2,4,9.3,2354,6216,0,0,"Terminal Road, Near MZS Airport, Sonbhadra, India"
5045,RPR,Novotel Airport Hotel (Raipur Airport),8.8,5,9.5,2316,11302,0,0,"Terminal Road, Near RPR Airport, Raipur, India"
5046,CCJ,ITC Grand Bharat (Kozhikode (Calicut) Airport),1.1,4,8.3,3083,8267,1,0,"Terminal Road, Near CCJ Airport, Kozhikode (Calicut), India"
5047,JAI,Lemon Tree Premier (Jaipur Airport),13.5,4,9.2,2515,6029,0,1,"Terminal Road, Near JAI Airport, Jaipur, India"
5048,TEZU,Lemon Tree Premier (Tezu Airport),5.0,5,9.6,3201,3678,1,1,"Terminal Road, Near TEZU Airport, Tezu, India"
5049,MOR,OYO Townhouse Airport (Moradabad Airport),5.7,4,9.3,2895,4432,1,1,"Terminal Road, Near MOR Airport, Moradabad, India"
5050,HBX,Ginger Airport Hotel (Hubballi / Dharwad Airport),6.9,3,8.8,2360,2139,1,1,"Terminal Road, Near HBX Airport, Hubballi / Dharwad, India"
5051,PUR,Taj City Centre (Purulia Airport),8.1,5,8.7,3687,12026,0,0,"Terminal Road, Near PUR Airport, Purulia, India"
5052,STV,FabHotel Airport Inn (Surat Airport),3.6,5,8.7,3468,9789,1,0,"Terminal Road, Near STV Airport, Surat, India"
5053,KAI,Pride Plaza Hotel (Kailashahar Airport),6.2,3,8.4,2305,11476,1,1,"Terminal Road, Near KAI Airport, Kailashahar, India"
5054,KAP,FabHotel Airport Inn (Kadapa Airport),0.6,5,8.2,3648,8262,1,0,"Terminal Road, Near KAP Airport, Kadapa, India"
5055,TRV,Radisson Blu Airport (Thiruvananthapuram Airport),11.8,4,8.4,3153,5768,0,1,"Terminal Road, Near TRV Airport, Thiruvananthapuram, India"
5056,TRZ,Ginger Airport Hotel (Tiruchirappalli (Trichy) Airport),11.6,5,9.2,933,4369,0,0,"Terminal Road, Near TRZ Airport, Tiruchirappalli (Trichy), India"
5057,IXP,Pride Plaza Hotel (Pathankot Airport),1.8,4,9.7,744,4623,1,1,"Terminal Road, Near IXP Airport, Pathankot, India"
5058,IXP,Pride Plaza Hotel (Pathankot Airport),8.6,4,8.3,1320,8951,0,0,"Terminal Road, Near IXP Airport, Pathankot, India"
5059,IXY,IBIS Airport Hotel (Kandla Airport),14.0,4,9.6,1413,2525,0,1,"Terminal Road, Near IXY Airport, Kandla, India"
5060,LKO,Taj City Centre (Lucknow Airport),5.2,4,9.3,2060,5540,1,0,"Terminal Road, Near LKO Airport, Lucknow, India"
5061,GAW,Lemon Tree Premier (Guwahati Airport),8.9,5,9.6,1631,6924,0,0,"Terminal Road, Near GAW Airport, Guwahati, India"
5062,DIU,Ginger Airport Hotel (Diu Airport),10.8,3,8.3,1763,5698,0,0,"Terminal Road, Near DIU Airport, Diu, India"
5063,NMN,Ginger Airport Hotel (Neemrana / Alwar Airport),5.3,4,9.4,2338,11605,1,0,"Terminal Road, Near NMN Airport, Neemrana / Alwar, India"
5064,DUM,Trident Airport Hotel (Dumka Airport),5.1,5,8.6,562,11094,1,1,"Terminal Road, Near DUM Airport, Dumka, India"
5065,IXJ,FabHotel Airport Inn (Jammu Airport),3.0,4,9.4,3754,11305,1,0,"Terminal Road, Near IXJ Airport, Jammu, India"
5066,HJR,Radisson Blu Airport (Khajuraho Airport),10.1,3,9.4,1402,4056,0,0,"Terminal Road, Near HJR Airport, Khajuraho, India"
5067,RGD,OYO Townhouse Airport (Raigarh Airport),10.4,5,8.2,685,10865,0,0,"Terminal Road, Near RGD Airport, Raigarh, India"
5068,BAR,Hyatt Regency Terminal (Baramati Airport),1.2,4,8.7,1726,8992,1,1,"Terminal Road, Near BAR Airport, Baramati, India"
5069,REW,Taj City Centre (Rewa Airport),3.8,5,8.5,2240,3723,1,1,"Terminal Road, Near REW Airport, Rewa, India"
5070,BLT,Lemon Tree Premier (Balurghat Airport),7.8,4,9.4,174,12286,1,0,"Terminal Road, Near BLT Airport, Balurghat, India"
5071,KAR,FabHotel Airport Inn (Karad / Satara Airport),1.8,3,8.3,1040,9752,1,1,"Terminal Road, Near KAR Airport, Karad / Satara, India"
5072,SLN,OYO Townhouse Airport (Sultanpur Airport),7.5,3,8.9,2488,7815,1,1,"Terminal Road, Near SLN Airport, Sultanpur, India"
5073,PAL,FabHotel Airport Inn (Pali Airport),2.3,3,8.9,497,6124,1,0,"Terminal Road, Near PAL Airport, Pali, India"
5074,BLT,Trident Airport Hotel (Balurghat Airport),13.4,5,8.4,254,4303,0,0,"Terminal Road, Near BLT Airport, Balurghat, India"
5075,ANK,Hyatt Regency Terminal (Ankleshwar Airport),5.8,5,9.4,705,5032,1,1,"Terminal Road, Near ANK Airport, Ankleshwar, India"
5076,HIR,Trident Airport Hotel (Sambalpur Airport),5.3,5,9.6,2776,11067,1,0,"Terminal Road, Near HIR Airport, Sambalpur, India"
5077,BHJ,IBIS Airport Hotel (Bhuj (Kutch) Airport),10.5,5,8.7,1326,9946,0,1,"Terminal Road, Near BHJ Airport, Bhuj (Kutch), India"
5078,PYG,Hyatt Regency Terminal (Gangtok / Pakyong (Sikkim) Airport),6.4,4,8.2,2805,11628,1,1,"Terminal Road, Near PYG Airport, Gangtok / Pakyong (Sikkim), India"
5079,HSR,Radisson Blu Airport (Rajkot Airport),1.1,5,8.2,749,4619,1,0,"Terminal Road, Near HSR Airport, Rajkot, India"
5080,GWL,Pride Plaza Hotel (Gwalior Airport),6.8,3,8.4,699,8120,1,1,"Terminal Road, Near GWL Airport, Gwalior, India"
5081,BPI,IBIS Airport Hotel (Mayurbhanj Airport),5.5,3,8.9,2655,11826,1,0,"Terminal Road, Near BPI Airport, Mayurbhanj, India"
5082, سات,Trident Airport Hotel (Satna Airport),5.2,3,9.4,1389,8916,1,1,"Terminal Road, Near  سات Airport, Satna, India"
5083,DED,Hyatt Regency Terminal (Dehradun Airport),13.8,4,9.3,3588,5839,0,0,"Terminal Road, Near DED Airport, Dehradun, India"
5084,IXA,ITC Grand Bharat (Agartala Airport),3.9,5,8.7,3267,7364,1,0,"Terminal Road, Near IXA Airport, Agartala, India"
5085,DIU,Ginger Airport Hotel (Diu Airport),8.2,4,9.3,3007,8426,0,1,"Terminal Road, Near DIU Airport, Diu, India"
5086,UTL,Radisson Blu Airport (Barmer Airport),8.5,3,9.2,1962,8209,0,1,"Terminal Road, Near UTL Airport, Barmer, India"
5087,RGD,Trident Airport Hotel (Raigarh Airport),8.1,3,8.7,2727,6132,0,1,"Terminal Road, Near RGD Airport, Raigarh, India"
5088,BTH,Taj City Centre (Bettiah Airport),3.0,4,8.9,918,10095,1,1,"Terminal Road, Near BTH Airport, Bettiah, India"
5089,MRA,Taj City Centre (Noida / Jewar Airport),12.7,5,8.5,2953,7224,0,0,"Terminal Road, Near MRA Airport, Noida / Jewar, India"
5090,GOX,FabHotel Airport Inn (Goa (Mopa) Airport),4.0,4,9.3,2299,5872,1,0,"Terminal Road, Near GOX Airport, Goa (Mopa), India"
5091,NVY,Ginger Airport Hotel (Neyveli Airport),2.6,5,8.4,1732,2981,1,0,"Terminal Road, Near NVY Airport, Neyveli, India"
5092,BGP,Hyatt Regency Terminal (Bhagalpur Airport),6.6,5,9.8,2603,4724,1,0,"Terminal Road, Near BGP Airport, Bhagalpur, India"
5093,DMU,FabHotel Airport Inn (Dimapur Airport),8.5,3,9.6,681,12265,0,0,"Terminal Road, Near DMU Airport, Dimapur, India"
5094,GOP,Lemon Tree Premier (Ganjam / Gopalpur Airport),12.4,5,8.5,1604,4682,0,1,"Terminal Road, Near GOP Airport, Ganjam / Gopalpur, India"
5095,IXM,FabHotel Airport Inn (Madurai Airport),3.5,4,9.3,574,12143,1,1,"Terminal Road, Near IXM Airport, Madurai, India"
5096,AMB,Trident Airport Hotel (Ambikapur Airport),3.4,5,8.3,3731,9323,1,1,"Terminal Road, Near AMB Airport, Ambikapur, India"
5097,NWP,Hyatt Regency Terminal (Pithoragarh Airport),7.3,5,9.7,695,11304,1,1,"Terminal Road, Near NWP Airport, Pithoragarh, India"
5098,SHL,Radisson Blu Airport (Shillong Airport),10.7,4,9.2,2757,10536,0,1,"Terminal Road, Near SHL Airport, Shillong, India"
5099,KBK,OYO Townhouse Airport (Kushinagar Airport),2.4,3,9.5,3079,9078,1,0,"Terminal Road, Near KBK Airport, Kushinagar, India"
5100,KOP,Novotel Airport Hotel (Kolhapur Airport),3.4,3,9.5,648,11890,1,0,"Terminal Road, Near KOP Airport, Kolhapur, India"
5101,BLT,FabHotel Airport Inn (Balurghat Airport),12.6,3,9.4,3667,9286,0,1,"Terminal Road, Near BLT Airport, Balurghat, India"
5102,KOP,IBIS Airport Hotel (Kolhapur Airport),12.7,5,9.0,3318,2214,0,1,"Terminal Road, Near KOP Airport, Kolhapur, India"
5103,AGR,Taj City Centre (Agra Airport),12.4,3,9.5,2044,11241,0,0,"Terminal Road, Near AGR Airport, Agra, India"
5104,JSA,Trident Airport Hotel (Jaisalmer Airport),5.9,3,8.7,3120,2064,1,0,"Terminal Road, Near JSA Airport, Jaisalmer, India"
5105,IXL,Hyatt Regency Terminal (Leh (Ladakh) Airport),2.9,4,8.7,2109,9281,1,1,"Terminal Road, Near IXL Airport, Leh (Ladakh), India"
5106,MYQ,Ginger Airport Hotel (Mysuru Airport),2.2,5,9.2,2411,5675,1,0,"Terminal Road, Near MYQ Airport, Mysuru, India"
5107,STV,Ginger Airport Hotel (Surat Airport),7.9,4,8.4,3780,5538,1,0,"Terminal Road, Near STV Airport, Surat, India"
5108,PBN,IBIS Airport Hotel (Parbhani Airport),1.0,3,9.8,2736,5723,1,0,"Terminal Road, Near PBN Airport, Parbhani, India"
5109,NDC,FabHotel Airport Inn (Nanded Airport),1.6,4,9.8,1127,5427,1,1,"Terminal Road, Near NDC Airport, Nanded, India"
5110,LGP,OYO Townhouse Airport (Rupsi / Dhubri Airport),6.1,4,9.6,2257,10342,1,0,"Terminal Road, Near LGP Airport, Rupsi / Dhubri, India"
5111,UTK,Hyatt Regency Terminal (Kalahandi / Utkela Airport),2.5,3,8.5,2340,9094,1,1,"Terminal Road, Near UTK Airport, Kalahandi / Utkela, India"
5112,RGD,Trident Airport Hotel (Raigarh Airport),10.8,5,9.7,1397,7708,0,0,"Terminal Road, Near RGD Airport, Raigarh, India"
5113,HBI,Hyatt Regency Terminal (Itanagar Airport),10.7,5,8.5,2188,8699,0,0,"Terminal Road, Near HBI Airport, Itanagar, India"
5114,DBR,IBIS Airport Hotel (Darbhanga Airport),8.4,3,9.1,352,8034,0,1,"Terminal Road, Near DBR Airport, Darbhanga, India"
5115,BTH,Lemon Tree Premier (Bettiah Airport),12.8,4,8.3,2550,8506,0,0,"Terminal Road, Near BTH Airport, Bettiah, India"
5116,PBF,FabHotel Airport Inn (Bilaspur Airport),5.9,3,9.7,2624,9824,1,0,"Terminal Road, Near PBF Airport, Bilaspur, India"
5117,BVC,Ginger Airport Hotel (Bhavnagar Airport),12.5,4,9.3,738,7646,0,1,"Terminal Road, Near BVC Airport, Bhavnagar, India"
5118,IXM,Radisson Blu Airport (Madurai Airport),10.6,4,8.8,1330,6817,0,0,"Terminal Road, Near IXM Airport, Madurai, India"
5119,TCR,Lemon Tree Premier (Thoothukudi (Tuticorin) Airport),3.4,5,8.6,3678,7945,1,1,"Terminal Road, Near TCR Airport, Thoothukudi (Tuticorin), India"
5120,IXD,FabHotel Airport Inn (Prayagraj (Allahabad) Airport),5.4,3,8.6,2440,3294,1,1,"Terminal Road, Near IXD Airport, Prayagraj (Allahabad), India"
5121,BBI,IBIS Airport Hotel (Bhubaneswar Airport),7.9,5,9.4,716,8685,1,1,"Terminal Road, Near BBI Airport, Bhubaneswar, India"
5122,JLR,Taj City Centre (Jabalpur Airport),4.5,3,8.3,535,6866,1,1,"Terminal Road, Near JLR Airport, Jabalpur, India"
5123,WGC,Ginger Airport Hotel (Warangal Airport),3.9,3,9.8,1860,5050,1,1,"Terminal Road, Near WGC Airport, Warangal, India"
5124,KBK,ITC Grand Bharat (Kushinagar Airport),2.1,4,8.2,2204,12244,1,0,"Terminal Road, Near KBK Airport, Kushinagar, India"
5125,PYG,Radisson Blu Airport (Gangtok / Pakyong (Sikkim) Airport),4.4,5,9.5,1901,7715,1,0,"Terminal Road, Near PYG Airport, Gangtok / Pakyong (Sikkim), India"
5126,TIR,Ginger Airport Hotel (Tirupati Airport),7.4,3,8.9,499,11498,1,1,"Terminal Road, Near TIR Airport, Tirupati, India"
5127,IXU,Ginger Airport Hotel (Chhatrapati Sambhaji Nagar (Aurangabad) Airport),8.5,4,9.0,706,3324,0,1,"Terminal Road, Near IXU Airport, Chhatrapati Sambhaji Nagar (Aurangabad), India"
5128,RKG,Lemon Tree Premier (Durgapur Airport),4.8,4,9.3,325,11086,1,0,"Terminal Road, Near RKG Airport, Durgapur, India"
5129,HYD,Radisson Blu Airport (Hyderabad Airport),10.9,3,8.9,392,7319,0,0,"Terminal Road, Near HYD Airport, Hyderabad, India"
5130,UDR,Ginger Airport Hotel (Udaipur Airport),10.1,4,8.5,1455,3937,0,0,"Terminal Road, Near UDR Airport, Udaipur, India"
5131,JLG,OYO Townhouse Airport (Jalgaon Airport),7.5,5,9.7,1018,4477,1,1,"Terminal Road, Near JLG Airport, Jalgaon, India"
5132,PINJ,Lemon Tree Premier (Panchkula / Pinjore Airport),1.1,4,9.8,495,9667,1,1,"Terminal Road, Near PINJ Airport, Panchkula / Pinjore, India"
5133,TEZ,IBIS Airport Hotel (Tezpur Airport),13.3,4,8.7,2824,3815,0,0,"Terminal Road, Near TEZ Airport, Tezpur, India"
5134,SSE,IBIS Airport Hotel (Solapur Airport),4.2,4,9.1,1839,2818,1,0,"Terminal Road, Near SSE Airport, Solapur, India"
5135,BBI,Radisson Blu Airport (Bhubaneswar Airport),2.9,5,9.4,1763,10949,1,1,"Terminal Road, Near BBI Airport, Bhubaneswar, India"
5136,NEEM,IBIS Airport Hotel (Neemuch Airport),10.5,5,8.4,1005,12367,0,0,"Terminal Road, Near NEEM Airport, Neemuch, India"
5137,DON,ITC Grand Bharat (Bhadrak / Dhamra Airport),5.3,3,8.8,2408,9923,1,0,"Terminal Road, Near DON Airport, Bhadrak / Dhamra, India"
5138,BTH,Lemon Tree Premier (Bettiah Airport),4.9,4,9.1,605,9798,1,1,"Terminal Road, Near BTH Airport, Bettiah, India"
5139,VJZ,Ginger Airport Hotel (Bhogapuram / Vizianagaram Airport),8.8,4,8.5,2070,9954,0,1,"Terminal Road, Near VJZ Airport, Bhogapuram / Vizianagaram, India"
5140,PNQ,Taj City Centre (Pune Airport),11.5,4,8.8,360,3655,0,0,"Terminal Road, Near PNQ Airport, Pune, India"
5141,BOM,Trident Airport Hotel (Mumbai Airport),6.6,4,9.2,3060,8919,1,0,"Terminal Road, Near BOM Airport, Mumbai, India"
5142,MZS,FabHotel Airport Inn (Sonbhadra Airport),2.7,5,8.1,362,7366,1,1,"Terminal Road, Near MZS Airport, Sonbhadra, India"
5143,MAA,Novotel Airport Hotel (Chennai Airport),12.7,5,9.5,2989,9400,0,0,"Terminal Road, Near MAA Airport, Chennai, India"
5144,LAT,IBIS Airport Hotel (Latur Airport),12.7,5,8.4,3384,4263,0,0,"Terminal Road, Near LAT Airport, Latur, India"
5145,NDC,FabHotel Airport Inn (Nanded Airport),4.1,3,8.8,3789,3675,1,1,"Terminal Road, Near NDC Airport, Nanded, India"
5146,AJL,Taj City Centre (Aizawl Airport),10.6,5,9.7,1232,8656,0,1,"Terminal Road, Near AJL Airport, Aizawl, India"
5147,MAL,ITC Grand Bharat (Malda Airport),0.8,3,9.3,2204,8951,1,1,"Terminal Road, Near MAL Airport, Malda, India"
5148,LUD,FabHotel Airport Inn (Ludhiana Airport),2.9,4,9.6,3510,7219,1,0,"Terminal Road, Near LUD Airport, Ludhiana, India"
5149,ROU,OYO Townhouse Airport (Rourkela Airport),10.1,4,8.3,1226,12260,0,0,"Terminal Road, Near ROU Airport, Rourkela, India"
5150,MAA,Trident Airport Hotel (Chennai Airport),7.3,5,8.6,3262,3772,1,1,"Terminal Road, Near MAA Airport, Chennai, India"
5151,RMD,Hyatt Regency Terminal (Ratnagiri Airport),14.3,4,9.7,2114,9654,0,0,"Terminal Road, Near RMD Airport, Ratnagiri, India"
5152,ALD,Pride Plaza Hotel (Aligarh Airport),7.2,5,9.6,3309,10690,1,1,"Terminal Road, Near ALD Airport, Aligarh, India"
5153,JRH,Lemon Tree Premier (Jorhat Airport),11.6,4,8.7,154,1918,0,1,"Terminal Road, Near JRH Airport, Jorhat, India"
5154,AMR,Trident Airport Hotel (Amravati Airport),5.9,5,8.4,3037,9803,1,1,"Terminal Road, Near AMR Airport, Amravati, India"
5155,BHO,Trident Airport Hotel (Bhopal Airport),5.7,3,8.9,1754,6715,1,0,"Terminal Road, Near BHO Airport, Bhopal, India"
5156,AMB,ITC Grand Bharat (Ambikapur Airport),1.8,3,8.8,1464,6586,1,0,"Terminal Road, Near AMB Airport, Ambikapur, India"
5157,RXL,Trident Airport Hotel (Raxaul Airport),13.2,5,9.4,2483,10918,0,1,"Terminal Road, Near RXL Airport, Raxaul, India"
5158,KHO,Novotel Airport Hotel (Khowai Airport),10.7,3,9.2,409,5267,0,0,"Terminal Road, Near KHO Airport, Khowai, India"
5159,MZS,ITC Grand Bharat (Sonbhadra Airport),9.1,3,8.3,872,3562,0,0,"Terminal Road, Near MZS Airport, Sonbhadra, India"
5160,JAI,OYO Townhouse Airport (Jaipur Airport),1.6,3,9.5,3421,11150,1,1,"Terminal Road, Near JAI Airport, Jaipur, India"
5161,PUR,Lemon Tree Premier (Purulia Airport),2.5,3,8.3,3177,2113,1,0,"Terminal Road, Near PUR Airport, Purulia, India"
5162,VZY,IBIS Airport Hotel (Vijayawada Airport),7.9,4,8.3,1121,2522,1,1,"Terminal Road, Near VZY Airport, Vijayawada, India"
5163,PYG,OYO Townhouse Airport (Gangtok / Pakyong (Sikkim) Airport),4.3,3,8.4,2654,3808,1,0,"Terminal Road, Near PYG Airport, Gangtok / Pakyong (Sikkim), India"
5164,TRV,IBIS Airport Hotel (Thiruvananthapuram Airport),4.1,3,9.7,3217,8507,1,0,"Terminal Road, Near TRV Airport, Thiruvananthapuram, India"
5165,DGR,Taj City Centre (Deoghar Airport),12.7,4,8.8,1803,4299,0,1,"Terminal Road, Near DGR Airport, Deoghar, India"
5166,ASL,OYO Townhouse Airport (Asansol Airport),4.5,5,8.9,1643,1944,1,1,"Terminal Road, Near ASL Airport, Asansol, India"
5167,MAA,Ginger Airport Hotel (Chennai Airport),4.2,4,8.2,1346,4080,1,1,"Terminal Road, Near MAA Airport, Chennai, India"
5168,IXP,Radisson Blu Airport (Pathankot Airport),12.3,4,9.6,1525,8355,0,0,"Terminal Road, Near IXP Airport, Pathankot, India"
5169,RPR,Ginger Airport Hotel (Raipur Airport),12.0,5,9.1,1753,5202,0,1,"Terminal Road, Near RPR Airport, Raipur, India"
5170,MOR,Pride Plaza Hotel (Moradabad Airport),7.7,3,8.8,1409,11874,1,0,"Terminal Road, Near MOR Airport, Moradabad, India"
5171,BAR,Lemon Tree Premier (Baramati Airport),1.6,5,8.6,1294,12246,1,0,"Terminal Road, Near BAR Airport, Baramati, India"
5172,GAY,ITC Grand Bharat (Gaya Airport),4.4,3,8.9,3296,5935,1,1,"Terminal Road, Near GAY Airport, Gaya, India"
5173,JRG,Ginger Airport Hotel (Jharsuguda Airport),1.7,3,9.6,2497,9309,1,1,"Terminal Road, Near JRG Airport, Jharsuguda, India"
5174,ATQ,Trident Airport Hotel (Amritsar Airport),9.7,5,8.4,3799,7159,0,0,"Terminal Road, Near ATQ Airport, Amritsar, India"
5175,KAR,OYO Townhouse Airport (Karad / Satara Airport),8.9,5,8.3,307,6784,0,1,"Terminal Road, Near KAR Airport, Karad / Satara, India"
5176,IXG,Radisson Blu Airport (Belagavi Airport),4.8,4,9.4,1499,3083,1,0,"Terminal Road, Near IXG Airport, Belagavi, India"
5177,VDY,Trident Airport Hotel (Vidyanagar / Ballari Airport),4.3,3,9.2,1729,11721,1,0,"Terminal Road, Near VDY Airport, Vidyanagar / Ballari, India"
5178,IXU,IBIS Airport Hotel (Chhatrapati Sambhaji Nagar (Aurangabad) Airport),10.3,3,8.8,3126,2524,0,1,"Terminal Road, Near IXU Airport, Chhatrapati Sambhaji Nagar (Aurangabad), India"
5179,GOI,Pride Plaza Hotel (Goa (Dabolim) Airport),5.4,4,9.6,833,7608,1,0,"Terminal Road, Near GOI Airport, Goa (Dabolim), India"
5180,HSS,Taj City Centre (Hisar Airport),3.8,4,8.6,521,9181,1,0,"Terminal Road, Near HSS Airport, Hisar, India"
5181, سات,IBIS Airport Hotel (Satna Airport),3.5,5,9.3,542,11770,1,0,"Terminal Road, Near  سات Airport, Satna, India"
5182,DUM,Lemon Tree Premier (Dumka Airport),9.6,4,8.3,2766,10282,0,1,"Terminal Road, Near DUM Airport, Dumka, India"
5183,STV,FabHotel Airport Inn (Surat Airport),4.6,3,8.5,1994,6436,1,0,"Terminal Road, Near STV Airport, Surat, India"
5184,CFH,Trident Airport Hotel (Chitrakoot Airport),1.9,5,9.1,2828,10260,1,0,"Terminal Road, Near CFH Airport, Chitrakoot, India"
5185,PINJ,Lemon Tree Premier (Panchkula / Pinjore Airport),0.5,5,8.3,3463,10829,1,0,"Terminal Road, Near PINJ Airport, Panchkula / Pinjore, India"
5186,HIR,Hyatt Regency Terminal (Sambalpur Airport),4.6,3,9.5,723,9524,1,0,"Terminal Road, Near HIR Airport, Sambalpur, India"
5187,BOM,Trident Airport Hotel (Mumbai Airport),5.1,3,8.7,1428,6953,1,1,"Terminal Road, Near BOM Airport, Mumbai, India"
5188,ISK,ITC Grand Bharat (Nashik Airport),5.0,5,9.5,2176,6486,1,1,"Terminal Road, Near ISK Airport, Nashik, India"
5189, سات,ITC Grand Bharat (Satna Airport),3.7,3,9.4,3589,7108,1,1,"Terminal Road, Near  سات Airport, Satna, India"
5190,PUI,Ginger Airport Hotel (Purnea Airport),13.8,4,8.8,2226,10908,0,0,"Terminal Road, Near PUI Airport, Purnea, India"
5191,LKO,Novotel Airport Hotel (Lucknow Airport),6.2,4,9.2,2837,6328,1,1,"Terminal Road, Near LKO Airport, Lucknow, India"
5192,PNY,Novotel Airport Hotel (Puducherry Airport),14.2,5,9.3,3356,10644,0,0,"Terminal Road, Near PNY Airport, Puducherry, India"
5193,AMD,ITC Grand Bharat (Ahmedabad Airport),9.4,3,8.6,3773,7744,0,1,"Terminal Road, Near AMD Airport, Ahmedabad, India"
5194,DMO,Lemon Tree Premier (Damoh Airport),7.7,4,8.8,1555,4389,1,0,"Terminal Road, Near DMO Airport, Damoh, India"
5195,WGC,Ginger Airport Hotel (Warangal Airport),12.3,5,9.6,2786,10357,0,0,"Terminal Road, Near WGC Airport, Warangal, India"
5196,AMB,ITC Grand Bharat (Ambikapur Airport),3.1,3,9.5,557,3991,1,1,"Terminal Road, Near AMB Airport, Ambikapur, India"
5197,BLT,ITC Grand Bharat (Balurghat Airport),13.2,5,9.8,2584,1831,0,1,"Terminal Road, Near BLT Airport, Balurghat, India"
5198,TRV,ITC Grand Bharat (Thiruvananthapuram Airport),9.2,3,9.4,3451,5997,0,0,"Terminal Road, Near TRV Airport, Thiruvananthapuram, India"
5199,SHL,ITC Grand Bharat (Shillong Airport),0.8,4,8.2,3245,11985,1,0,"Terminal Road, Near SHL Airport, Shillong, India"
5200,TEZU,Pride Plaza Hotel (Tezu Airport),7.9,5,9.6,1401,8883,1,1,"Terminal Road, Near TEZU Airport, Tezu, India"
