id,airport_code,city,driver_name,driver_rating,driver_trips,cab_type,vehicle_model,passenger_capacity,base_fare,price_per_km,estimated_wait_minutes,is_electric,is_shuttle
1,IXT,Pasighat,Deepak Joshi,4.46,444,SUV (Ertiga/Innova),Maruti Ertiga,6,650,20,14,0,0
2,JRG,Jharsuguda,Pankaj Das,4.43,2331,Executive Premium,Mercedes C-Class,4,1200,35,10,0,0
3,IXJ,Jammu,Suresh Patel,4.76,2232,Sedan (Dzire/Etios),Toyota Etios,4,350,14,10,0,0
4,CCJ,Kozhikode (Calicut),Amit Kumar,4.65,1470,Executive Premium,Toyota Camry Hybrid,4,1200,35,9,0,0
5,LAT,Latur,Amit Kumar,4.75,653,SUV (Ertiga/Innova),Toyota Innova Crysta,6,650,20,8,0,0
6,DGR,Deoghar,Vijay Reddy,4.94,789,Airport Express Shuttle,Force Traveller AC,12,180,8,3,0,1
7,LAT,Latur,Anil Deshmukh,4.97,686,Sedan (Dzire/Etios),Maruti Suzuki Dzire,4,350,14,7,0,0
8,RGD,Raigarh,Dinesh Pillai,4.86,2236,Electric EV (Nexon/Tigor),Tata Nexon EV,4,400,16,11,1,0
9,KNU,Kanpur,Deepak Joshi,4.91,1360,SUV (Ertiga/Innova),Maruti Ertiga,6,650,20,7,0,0
10,BHO,Bhopal,Vikram Singh,4.83,264,Electric EV (Nexon/Tigor),Tata Tigor EV,4,400,16,5,1,0
11,KBK,Kushinagar,Praveen Nair,4.47,2062,Sedan (Dzire/Etios),Maruti Suzuki Dzire,4,350,14,9,0,0
12,RGD,Raigarh,Deepak Joshi,4.66,1306,Airport Express Shuttle,Force Traveller AC,12,180,8,14,0,1
13,KUU,Kullu / Manali,Dinesh Pillai,4.54,1954,Sedan (Dzire/Etios),Maruti Suzuki Dzire,4,350,14,10,0,0
14,BDQ,Vadodara,Rajesh Sharma,4.8,2310,Sedan (Dzire/Etios),Maruti Suzuki Dzire,4,350,14,12,0,0
15,PUI,Purnea,Vikram Singh,4.88,513,Electric EV (Nexon/Tigor),Tata Tigor EV,4,400,16,11,1,0
16,BOK,Bokaro,Vikram Singh,4.7,2173,SUV (Ertiga/Innova),Maruti Ertiga,6,650,20,8,0,0
17,KHA,Khandwa,Santosh Kulkarni,4.45,2244,Sedan (Dzire/Etios),Hyundai Aura,4,350,14,12,0,0
18,CHI,Chhindwara,Mahesh Choudhary,4.65,1775,Electric EV (Nexon/Tigor),Tata Tigor EV,4,400,16,7,1,0
19,HSR,Rajkot,Santosh Kulkarni,4.61,809,Sedan (Dzire/Etios),Maruti Suzuki Dzire,4,350,14,3,0,0
20,ATQ,Amritsar,Santosh Kulkarni,4.43,1451,Airport Express Shuttle,Tata Winger Executive,12,180,8,9,0,1
21,COB,Cooch Behar,Deepak Joshi,4.83,385,SUV (Ertiga/Innova),Toyota Innova Crysta,6,650,20,4,0,0
22,TRZ,Tiruchirappalli (Trichy),Amit Kumar,4.71,2180,Sedan (Dzire/Etios),Hyundai Aura,4,350,14,14,0,0
23,KARN,Karnal,Rohan Mehta,4.74,1030,Electric EV (Nexon/Tigor),Tata Nexon EV,4,400,16,5,1,0
24,BLT,Balurghat,Rahul Banerjee,4.6,745,Airport Express Shuttle,Force Traveller AC,12,180,8,14,0,1
25, سات,Satna,Amit Kumar,4.41,828,Airport Express Shuttle,Tata Winger Executive,12,180,8,14,0,1
26,GAW,Guwahati,Mahesh Choudhary,4.77,2080,Hatchback (WagonR),Maruti Suzuki WagonR,4,250,12,12,0,0
27,UTK,Kalahandi / Utkela,Sunil Yadav,4.72,1621,SUV (Ertiga/Innova),Toyota Innova Crysta,6,650,20,14,0,0
28,ZER,Ziro,Rajesh Sharma,4.45,655,Sedan (Dzire/Etios),Toyota Etios,4,350,14,12,0,0
29,PAT,Patna,Anil Deshmukh,4.55,1842,Sedan (Dzire/Etios),Hyundai Aura,4,350,14,5,0,0
30,VNS,Varanasi,Harpreet Singh,4.44,1434,SUV (Ertiga/Innova),Mahindra XUV700,6,650,20,6,0,0
31,GAW,Guwahati,Sanjay Rao,4.55,653,Sedan (Dzire/Etios),Maruti Suzuki Dzire,4,350,14,10,0,0
32,TEZU,Tezu,Santosh Kulkarni,4.8,243,Sedan (Dzire/Etios),Maruti Suzuki Dzire,4,350,14,14,0,0
33,TRV,Thiruvananthapuram,Suresh Patel,4.67,969,SUV (Ertiga/Innova),Mahindra XUV700,6,650,20,12,0,0
34,BPI,Mayurbhanj,Santosh Kulkarni,4.73,1278,Sedan (Dzire/Etios),Hyundai Aura,4,350,14,14,0,0
35,IXE,Mangaluru,Amit Kumar,4.44,1909,Hatchback (WagonR),Maruti Suzuki WagonR,4,250,12,14,0,0
36,IXL,Leh (Ladakh),Sunil Yadav,4.52,1535,SUV (Ertiga/Innova),Maruti Ertiga,6,650,20,7,0,0
37,PAT,Patna,Amit Kumar,4.44,930,Airport Express Shuttle,Tata Winger Executive,12,180,8,4,0,1
38,SAH,Saharanpur,Santosh Kulkarni,4.45,2130,Hatchback (WagonR),Tata Tiago,4,250,12,5,0,0
39,JLR,Jabalpur,Harpreet Singh,4.75,293,Sedan (Dzire/Etios),Toyota Etios,4,350,14,13,0,0
40,IXE,Mangaluru,Mahesh Choudhary,4.93,557,Hatchback (WagonR),Maruti Suzuki WagonR,4,250,12,4,0,0
41,AYJ,Ayodhya,Harpreet Singh,4.86,833,Executive Premium,Toyota Camry Hybrid,4,1200,35,5,0,0
42,IXM,Madurai,Pankaj Das,4.8,2072,Airport Express Shuttle,Tata Winger Executive,12,180,8,5,0,1
43,JDH,Jodhpur,Manoj Gupta,4.68,1876,Sedan (Dzire/Etios),Hyundai Aura,4,350,14,13,0,0
44,NDC,Nanded,Santosh Kulkarni,4.83,339,Airport Express Shuttle,Tata Winger Executive,12,180,8,11,0,1
45,HYD,Hyderabad,Vijay Reddy,4.44,1052,Electric EV (Nexon/Tigor),Tata Tigor EV,4,400,16,14,1,0
46,GBI,Kalaburagi (Gulbarga),Sunil Yadav,4.69,1110,Sedan (Dzire/Etios),Maruti Suzuki Dzire,4,350,14,7,0,0
47,TCR,Thoothukudi (Tuticorin),Mahesh Choudhary,4.64,981,SUV (Ertiga/Innova),Toyota Innova Crysta,6,650,20,12,0,0
48,MZS,Sonbhadra,Rohan Mehta,4.66,800,Executive Premium,Skoda Superb,4,1200,35,11,0,0
49,JLR,Jabalpur,Deepak Joshi,4.95,1977,Airport Express Shuttle,Force Traveller AC,12,180,8,11,0,1
50,ANK,Ankleshwar,Anil Deshmukh,4.46,1332,Hatchback (WagonR),Tata Tiago,4,250,12,8,0,0
51,TCR,Thoothukudi (Tuticorin),Harpreet Singh,4.85,1712,Hatchback (WagonR),Hyundai i10,4,250,12,14,0,0
52,CFH,Chitrakoot,Anil Deshmukh,4.97,1383,SUV (Ertiga/Innova),Mahindra XUV700,6,650,20,6,0,0
53,HSS,Hisar,Rajesh Sharma,4.61,983,Hatchback (WagonR),Hyundai i10,4,250,12,6,0,0
54,LUD,Ludhiana,Manoj Gupta,4.45,2090,Executive Premium,Mercedes C-Class,4,1200,35,5,0,0
55,JLG,Jalgaon,Santosh Kulkarni,4.87,888,Executive Premium,Skoda Superb,4,1200,35,6,0,0
56,PNV,Porbandar,Rajesh Sharma,4.83,1096,Executive Premium,Mercedes C-Class,4,1200,35,12,0,0
57,GWL,Gwalior,Sanjay Rao,4.7,1468,SUV (Ertiga/Innova),Maruti Ertiga,6,650,20,13,0,0
58,AMB,Ambikapur,Anil Deshmukh,4.69,1735,Hatchback (WagonR),Tata Tiago,4,250,12,12,0,0
59,BKN,Bikaner,Pankaj Das,4.53,1435,Executive Premium,Mercedes C-Class,4,1200,35,9,0,0
60,CCU,Kolkata,Sanjay Rao,4.69,418,Hatchback (WagonR),Maruti Suzuki WagonR,4,250,12,8,0,0
61,IXL,Leh (Ladakh),Rahul Banerjee,4.44,529,SUV (Ertiga/Innova),Maruti Ertiga,6,650,20,11,0,0
62,JGD,Jagdalpur,Praveen Nair,4.95,1957,Executive Premium,Mercedes C-Class,4,1200,35,13,0,0
63,PGH,Pantnagar / Nainital,Harpreet Singh,4.43,2353,Executive Premium,Toyota Camry Hybrid,4,1200,35,14,0,0
64,HIR,Sambalpur,Rajesh Sharma,4.79,352,Executive Premium,Toyota Camry Hybrid,4,1200,35,9,0,0
65,JSA,Jaisalmer,Sanjay Rao,4.64,1616,Executive Premium,Skoda Superb,4,1200,35,13,0,0
66,DMU,Dimapur,Rajesh Sharma,4.42,1323,SUV (Ertiga/Innova),Mahindra XUV700,6,650,20,10,0,0
67,CFH,Chitrakoot,Amit Kumar,4.66,1727,Executive Premium,Toyota Camry Hybrid,4,1200,35,12,0,0
68,CKU,Chakulia,Dinesh Pillai,4.43,1555,Sedan (Dzire/Etios),Maruti Suzuki Dzire,4,350,14,11,0,0
69,IXT,Pasighat,Vijay Reddy,4.87,1194,Sedan (Dzire/Etios),Hyundai Aura,4,350,14,7,0,0
70,GWL,Gwalior,Harpreet Singh,4.6,2153,Hatchback (WagonR),Maruti Suzuki WagonR,4,250,12,4,0,0
71,KAM,Kamalpur,Praveen Nair,4.84,992,Executive Premium,Toyota Camry Hybrid,4,1200,35,10,0,0
72,WGC,Warangal,Sunil Yadav,4.49,1951,Electric EV (Nexon/Tigor),Tata Tigor EV,4,400,16,10,1,0
73,KARN,Karnal,Sanjay Rao,4.75,2252,Airport Express Shuttle,Force Traveller AC,12,180,8,5,0,1
74,IMF,Imphal,Vikram Singh,4.41,975,Airport Express Shuttle,Force Traveller AC,12,180,8,6,0,1
75,COK,Kochi,Sanjay Rao,4.71,1925,Executive Premium,Skoda Superb,4,1200,35,4,0,0
76,SDW,Sindhudurg,Rajesh Sharma,4.96,1315,Hatchback (WagonR),Hyundai i10,4,250,12,14,0,0
77,PUI,Purnea,Vijay Reddy,4.94,606,SUV (Ertiga/Innova),Toyota Innova Crysta,6,650,20,13,0,0
78,MUZ,Muzaffarpur,Gaurav Tiwari,4.87,1209,Sedan (Dzire/Etios),Hyundai Aura,4,350,14,10,0,0
79,IXS,Silchar,Rajesh Sharma,4.93,1649,Hatchback (WagonR),Tata Tiago,4,250,12,13,0,0
80,HJR,Khajuraho,Sanjay Rao,4.46,895,Sedan (Dzire/Etios),Maruti Suzuki Dzire,4,350,14,5,0,0
81,AMR,Amravati,Rajesh Sharma,4.78,1580,Executive Premium,Toyota Camry Hybrid,4,1200,35,11,0,0
82,ALD,Aligarh,Vikram Singh,4.93,1268,Airport Express Shuttle,Tata Winger Executive,12,180,8,9,0,1
83,BDQ,Vadodara,Harpreet Singh,4.44,1307,Electric EV (Nexon/Tigor),Tata Tigor EV,4,400,16,7,1,0
84,IXZ,Port Blair (Andaman),Praveen Nair,4.75,2255,Hatchback (WagonR),Maruti Suzuki WagonR,4,250,12,3,0,0
85,PNQ,Pune,Sunil Yadav,4.42,1981,Airport Express Shuttle,Tata Winger Executive,12,180,8,4,0,1
86,IXT,Pasighat,Suresh Patel,4.47,1494,Sedan (Dzire/Etios),Toyota Etios,4,350,14,13,0,0
87,BLR,Bengaluru,Santosh Kulkarni,4.75,1851,Electric EV (Nexon/Tigor),Tata Nexon EV,4,400,16,9,1,0
88,VJZ,Bhogapuram / Vizianagaram,Deepak Joshi,4.59,575,Airport Express Shuttle,Tata Winger Executive,12,180,8,4,0,1
89,ZER,Ziro,Pankaj Das,4.49,1420,Airport Express Shuttle,Force Traveller AC,12,180,8,3,0,1
90,HYD,Hyderabad,Sunil Yadav,4.52,552,Sedan (Dzire/Etios),Toyota Etios,4,350,14,5,0,0
91,BKN,Bikaner,Ramesh Verma,4.81,427,Hatchback (WagonR),Hyundai i10,4,250,12,11,0,0
92,DMO,Damoh,Mahesh Choudhary,4.61,1460,Airport Express Shuttle,Tata Winger Executive,12,180,8,4,0,1
93,SWM,Ranthambore / Sawai Madhopur,Vikram Singh,4.6,1477,Sedan (Dzire/Etios),Hyundai Aura,4,350,14,6,0,0
94,MAL,Malda,Gaurav Tiwari,4.96,2206,Airport Express Shuttle,Force Traveller AC,12,180,8,12,0,1
95,AMRE,Amreli,Suresh Patel,4.49,884,Electric EV (Nexon/Tigor),Tata Nexon EV,4,400,16,6,1,0
96,JLR,Jabalpur,Rohan Mehta,4.62,902,SUV (Ertiga/Innova),Mahindra XUV700,6,650,20,14,0,0
97,LKO,Lucknow,Praveen Nair,4.71,141,Airport Express Shuttle,Tata Winger Executive,12,180,8,10,0,1
98,SNE,Singrauli,Rohan Mehta,4.7,1258,SUV (Ertiga/Innova),Toyota Innova Crysta,6,650,20,12,0,0
99,PUR,Purulia,Rajesh Sharma,4.72,1388,Sedan (Dzire/Etios),Maruti Suzuki Dzire,4,350,14,4,0,0
100,PNY,Puducherry,Vijay Reddy,4.91,926,Electric EV (Nexon/Tigor),MG ZS EV,4,400,16,6,1,0
101,BAR,Baramati,Mahesh Choudhary,4.63,1140,Hatchback (WagonR),Tata Tiago,4,250,12,13,0,0
102,ANK,Ankleshwar,Rajesh Sharma,4.73,1463,Hatchback (WagonR),Tata Tiago,4,250,12,12,0,0
103,AMH,Azamgarh,Harpreet Singh,4.86,1827,Executive Premium,Mercedes C-Class,4,1200,35,5,0,0
104,PUI,Purnea,Dinesh Pillai,4.9,1597,Airport Express Shuttle,Tata Winger Executive,12,180,8,6,0,1
105,JGD,Jagdalpur,Anil Deshmukh,4.97,2380,SUV (Ertiga/Innova),Toyota Innova Crysta,6,650,20,9,0,0
106,AJL,Aizawl,Rajesh Sharma,4.61,194,Electric EV (Nexon/Tigor),MG ZS EV,4,400,16,11,1,0
107,SIV,Sivasagar,Pankaj Das,4.49,1514,Sedan (Dzire/Etios),Hyundai Aura,4,350,14,6,0,0
108,DMU,Dimapur,Rajesh Sharma,4.42,2295,SUV (Ertiga/Innova),Mahindra XUV700,6,650,20,9,0,0
109,CCJ,Kozhikode (Calicut),Harpreet Singh,4.9,1994,Executive Premium,Mercedes C-Class,4,1200,35,10,0,0
110,IXD,Prayagraj (Allahabad),Sunil Yadav,4.92,306,Electric EV (Nexon/Tigor),Tata Tigor EV,4,400,16,7,1,0
111,BTH,Bettiah,Vijay Reddy,4.96,574,Executive Premium,Mercedes C-Class,4,1200,35,3,0,0
112,CHI,Chhindwara,Vijay Reddy,4.79,1237,Executive Premium,Toyota Camry Hybrid,4,1200,35,7,0,0
113,KQH,Ajmer / Kishangarh,Vikram Singh,4.72,2161,Executive Premium,Toyota Camry Hybrid,4,1200,35,11,0,0
114,NMN,Neemrana / Alwar,Amit Kumar,4.82,1570,SUV (Ertiga/Innova),Maruti Ertiga,6,650,20,3,0,0
115,MAA,Chennai,Sunil Yadav,4.73,2200,Hatchback (WagonR),Hyundai i10,4,250,12,11,0,0
116,BAR,Baramati,Gaurav Tiwari,4.76,2210,Electric EV (Nexon/Tigor),MG ZS EV,4,400,16,11,1,0
117,MYQ,Mysuru,Rajesh Sharma,4.93,1899,Hatchback (WagonR),Tata Tiago,4,250,12,10,0,0
118,IXA,Agartala,Vijay Reddy,4.82,2103,Sedan (Dzire/Etios),Hyundai Aura,4,350,14,3,0,0
119,KQH,Ajmer / Kishangarh,Mahesh Choudhary,4.44,259,Hatchback (WagonR),Hyundai i10,4,250,12,11,0,0
120,IXD,Prayagraj (Allahabad),Praveen Nair,4.84,1456,Hatchback (WagonR),Hyundai i10,4,250,12,11,0,0
121,MEH,Mehsana,Deepak Joshi,4.94,2376,Electric EV (Nexon/Tigor),MG ZS EV,4,400,16,6,1,0
122,PGH,Pantnagar / Nainital,Harpreet Singh,4.85,1217,Electric EV (Nexon/Tigor),Tata Nexon EV,4,400,16,8,1,0
123,IDR,Indore,Harpreet Singh,4.65,580,Airport Express Shuttle,Force Traveller AC,12,180,8,7,0,1
124,SNE,Singrauli,Sanjay Rao,4.49,2025,SUV (Ertiga/Innova),Toyota Innova Crysta,6,650,20,10,0,0
125,TEZU,Tezu,Ramesh Verma,4.61,798,Sedan (Dzire/Etios),Maruti Suzuki Dzire,4,350,14,6,0,0
126,JRG,Jharsuguda,Deepak Joshi,4.88,2214,Sedan (Dzire/Etios),Toyota Etios,4,350,14,5,0,0
127,KAR,Karad / Satara,Mahesh Choudhary,4.94,1703,Sedan (Dzire/Etios),Maruti Suzuki Dzire,4,350,14,5,0,0
128,BTH,Bettiah,Ramesh Verma,4.49,317,SUV (Ertiga/Innova),Mahindra XUV700,6,650,20,10,0,0
129,PUI,Purnea,Ramesh Verma,4.9,1604,Executive Premium,Mercedes C-Class,4,1200,35,3,0,0
130,UTK,Kalahandi / Utkela,Pankaj Das,4.84,1593,Sedan (Dzire/Etios),Hyundai Aura,4,350,14,11,0,0
131,JGD,Jagdalpur,Manoj Gupta,4.6,1516,SUV (Ertiga/Innova),Maruti Ertiga,6,650,20,12,0,0
132,ISK,Nashik,Praveen Nair,4.73,370,Hatchback (WagonR),Hyundai i10,4,250,12,3,0,0
133,WGC,Warangal,Manoj Gupta,4.75,1708,Electric EV (Nexon/Tigor),MG ZS EV,4,400,16,4,1,0
134,JRG,Jharsuguda,Suresh Patel,4.94,1720,Hatchback (WagonR),Hyundai i10,4,250,12,14,0,0
135,PBN,Parbhani,Sunil Yadav,4.77,2203,SUV (Ertiga/Innova),Maruti Ertiga,6,650,20,9,0,0
136,DED,Dehradun,Anil Deshmukh,4.84,815,Hatchback (WagonR),Tata Tiago,4,250,12,3,0,0
137,JGD,Jagdalpur,Vikram Singh,4.64,1035,Sedan (Dzire/Etios),Hyundai Aura,4,350,14,8,0,0
138,SAG,Shirdi,Mahesh Choudhary,4.57,1022,Executive Premium,Mercedes C-Class,4,1200,35,12,0,0
139,KHO,Khowai,Harpreet Singh,4.71,1308,Hatchback (WagonR),Maruti Suzuki WagonR,4,250,12,11,0,0
140,IXS,Silchar,Rohan Mehta,4.46,89,Sedan (Dzire/Etios),Hyundai Aura,4,350,14,9,0,0
141,DHR,Dibrugarh,Amit Kumar,4.66,2234,Electric EV (Nexon/Tigor),MG ZS EV,4,400,16,10,1,0
142,PAT,Patna,Pankaj Das,4.59,1537,Hatchback (WagonR),Tata Tiago,4,250,12,11,0,0
143,AGX,Agatti Island (Lakshadweep),Deepak Joshi,4.5,1297,Electric EV (Nexon/Tigor),Tata Nexon EV,4,400,16,13,1,0
144,VZY,Vijayawada,Rohan Mehta,4.42,1413,Electric EV (Nexon/Tigor),MG ZS EV,4,400,16,9,1,0
145,DMU,Dimapur,Santosh Kulkarni,4.45,164,Hatchback (WagonR),Tata Tiago,4,250,12,3,0,0
146,ASL,Asansol,Rajesh Sharma,4.68,288,Hatchback (WagonR),Tata Tiago,4,250,12,4,0,0
147,UTL,Barmer,Deepak Joshi,4.68,204,Executive Premium,Mercedes C-Class,4,1200,35,3,0,0
148,VTZ,Visakhapatnam,Sunil Yadav,4.92,1286,Sedan (Dzire/Etios),Hyundai Aura,4,350,14,14,0,0
149,BAR,Baramati,Amit Kumar,4.58,1738,Electric EV (Nexon/Tigor),MG ZS EV,4,400,16,3,1,0
150,NWP,Pithoragarh,Mahesh Choudhary,4.77,1540,Executive Premium,Skoda Superb,4,1200,35,8,0,0
151,SXR,Srinagar,Pankaj Das,4.76,433,Sedan (Dzire/Etios),Maruti Suzuki Dzire,4,350,14,6,0,0
152,JHW,Jhalawar,Rajesh Sharma,4.68,1939,Sedan (Dzire/Etios),Toyota Etios,4,350,14,8,0,0
153,VJZ,Bhogapuram / Vizianagaram,Rohan Mehta,4.83,898,Hatchback (WagonR),Hyundai i10,4,250,12,3,0,0
154,RGD,Raigarh,Praveen Nair,4.86,2226,Airport Express Shuttle,Force Traveller AC,12,180,8,14,0,1
155,HSR,Rajkot,Vikram Singh,4.55,1645,Hatchback (WagonR),Hyundai i10,4,250,12,4,0,0
156,IXR,Ranchi,Anil Deshmukh,4.86,556,Airport Express Shuttle,Force Traveller AC,12,180,8,13,0,1
157,KUU,Kullu / Manali,Deepak Joshi,4.58,2330,Electric EV (Nexon/Tigor),Tata Nexon EV,4,400,16,7,1,0
158,IXB,Siliguri / Bagdogra,Vikram Singh,4.81,2055,Hatchback (WagonR),Tata Tiago,4,250,12,10,0,0
159,ASL,Asansol,Praveen Nair,4.56,1759,Executive Premium,Toyota Camry Hybrid,4,1200,35,8,0,0
160,PAL,Pali,Sanjay Rao,4.87,233,Executive Premium,Toyota Camry Hybrid,4,1200,35,7,0,0
161,MZS,Sonbhadra,Dinesh Pillai,4.61,1806,Hatchback (WagonR),Maruti Suzuki WagonR,4,250,12,5,0,0
162,AGX,Agatti Island (Lakshadweep),Rohan Mehta,4.52,965,Hatchback (WagonR),Maruti Suzuki WagonR,4,250,12,3,0,0
163,HYD,Hyderabad,Rahul Banerjee,4.98,1531,SUV (Ertiga/Innova),Mahindra XUV700,6,650,20,9,0,0
164,HIR,Sambalpur,Pankaj Das,4.78,994,SUV (Ertiga/Innova),Mahindra XUV700,6,650,20,8,0,0
165,NDC,Nanded,Harpreet Singh,4.59,2090,Airport Express Shuttle,Force Traveller AC,12,180,8,10,0,1
166,AGR,Agra,Sanjay Rao,4.64,2287,Airport Express Shuttle,Tata Winger Executive,12,180,8,14,0,1
167,JDH,Jodhpur,Amit Kumar,4.95,1846,Electric EV (Nexon/Tigor),Tata Nexon EV,4,400,16,13,1,0
168,HBX,Hubballi / Dharwad,Amit Kumar,4.86,889,Executive Premium,Skoda Superb,4,1200,35,10,0,0
169,CHI,Chhindwara,Vikram Singh,4.98,1830,Hatchback (WagonR),Tata Tiago,4,250,12,5,0,0
170,DHM,Dharamshala / Kangra,Vikram Singh,4.53,324,SUV (Ertiga/Innova),Toyota Innova Crysta,6,650,20,8,0,0
171,DMU,Dimapur,Manoj Gupta,4.82,91,Airport Express Shuttle,Tata Winger Executive,12,180,8,9,0,1
172,JLG,Jalgaon,Gaurav Tiwari,4.6,2247,SUV (Ertiga/Innova),Maruti Ertiga,6,650,20,13,0,0
173,AMD,Ahmedabad,Deepak Joshi,4.62,645,Hatchback (WagonR),Tata Tiago,4,250,12,11,0,0
174,GAY,Gaya,Praveen Nair,4.42,1084,Sedan (Dzire/Etios),Maruti Suzuki Dzire,4,350,14,10,0,0
175,ROU,Rourkela,Amit Kumar,4.46,1137,Airport Express Shuttle,Force Traveller AC,12,180,8,7,0,1
176,RMD,Ratnagiri,Vijay Reddy,4.78,812,Electric EV (Nexon/Tigor),Tata Nexon EV,4,400,16,3,1,0
177,KHO,Khowai,Manoj Gupta,4.93,1778,Electric EV (Nexon/Tigor),Tata Nexon EV,4,400,16,12,1,0
178,VTZ,Visakhapatnam,Manoj Gupta,4.47,264,Hatchback (WagonR),Hyundai i10,4,250,12,6,0,0
179,DMO,Damoh,Amit Kumar,4.77,180,Sedan (Dzire/Etios),Toyota Etios,4,350,14,13,0,0
180,SLN,Sultanpur,Gaurav Tiwari,4.64,2296,Hatchback (WagonR),Maruti Suzuki WagonR,4,250,12,11,0,0
181,PAL,Pali,Santosh Kulkarni,4.69,91,Sedan (Dzire/Etios),Toyota Etios,4,350,14,10,0,0
182,BHJ,Bhuj (Kutch),Suresh Patel,4.86,103,Airport Express Shuttle,Force Traveller AC,12,180,8,10,0,1
183,CCJ,Kozhikode (Calicut),Gaurav Tiwari,4.76,773,Electric EV (Nexon/Tigor),Tata Nexon EV,4,400,16,5,1,0
184,NWP,Pithoragarh,Sunil Yadav,4.49,1683,Airport Express Shuttle,Tata Winger Executive,12,180,8,12,0,1
185,SLV,Shimla,Manoj Gupta,4.5,1721,SUV (Ertiga/Innova),Mahindra XUV700,6,650,20,13,0,0
186,BHO,Bhopal,Dinesh Pillai,4.97,425,Hatchback (WagonR),Tata Tiago,4,250,12,3,0,0
187,SIV,Sivasagar,Harpreet Singh,4.88,2037,Sedan (Dzire/Etios),Toyota Etios,4,350,14,4,0,0
188,BLT,Balurghat,Vijay Reddy,4.98,911,Hatchback (WagonR),Tata Tiago,4,250,12,13,0,0
189,UTK,Kalahandi / Utkela,Manoj Gupta,4.68,1588,Airport Express Shuttle,Tata Winger Executive,12,180,8,7,0,1
190,RKG,Durgapur,Sunil Yadav,4.88,423,Hatchback (WagonR),Hyundai i10,4,250,12,12,0,0
191,MAL,Malda,Deepak Joshi,4.83,1687,Executive Premium,Toyota Camry Hybrid,4,1200,35,12,0,0
192,IXA,Agartala,Mahesh Choudhary,4.64,1860,Hatchback (WagonR),Maruti Suzuki WagonR,4,250,12,10,0,0
193,JRG,Jharsuguda,Rajesh Sharma,4.69,1077,SUV (Ertiga/Innova),Toyota Innova Crysta,6,650,20,5,0,0
194,PAT,Patna,Pankaj Das,4.83,1681,SUV (Ertiga/Innova),Maruti Ertiga,6,650,20,3,0,0
195,NVY,Neyveli,Pankaj Das,4.7,1730,Airport Express Shuttle,Force Traveller AC,12,180,8,7,0,1
196,KARN,Karnal,Manoj Gupta,4.88,788,Airport Express Shuttle,Tata Winger Executive,12,180,8,5,0,1
197,ATQ,Amritsar,Deepak Joshi,4.82,1607,Sedan (Dzire/Etios),Hyundai Aura,4,350,14,5,0,0
198,JRG,Jharsuguda,Harpreet Singh,4.81,1693,Electric EV (Nexon/Tigor),Tata Nexon EV,4,400,16,6,1,0
199,MRA,Noida / Jewar,Santosh Kulkarni,4.62,909,Electric EV (Nexon/Tigor),Tata Nexon EV,4,400,16,12,1,0
200,PNY,Puducherry,Vijay Reddy,4.87,108,Executive Premium,Toyota Camry Hybrid,4,1200,35,10,0,0
201,GON,Gondia,Amit Kumar,4.86,1705,Hatchback (WagonR),Tata Tiago,4,250,12,7,0,0
202,MRA,Noida / Jewar,Gaurav Tiwari,4.84,1643,SUV (Ertiga/Innova),Toyota Innova Crysta,6,650,20,8,0,0
203,HJR,Khajuraho,Rohan Mehta,4.56,1944,Hatchback (WagonR),Tata Tiago,4,250,12,6,0,0
204,ALD,Aligarh,Harpreet Singh,4.8,1804,Sedan (Dzire/Etios),Hyundai Aura,4,350,14,13,0,0
205,IXG,Belagavi,Amit Kumar,4.49,94,SUV (Ertiga/Innova),Toyota Innova Crysta,6,650,20,12,0,0
206,DBR,Darbhanga,Ramesh Verma,4.53,1745,Sedan (Dzire/Etios),Hyundai Aura,4,350,14,6,0,0
207,TRV,Thiruvananthapuram,Mahesh Choudhary,4.93,906,Electric EV (Nexon/Tigor),Tata Tigor EV,4,400,16,14,1,0
208,AGR,Agra,Gaurav Tiwari,4.73,221,SUV (Ertiga/Innova),Maruti Ertiga,6,650,20,12,0,0
209,AJL,Aizawl,Vijay Reddy,4.66,161,Hatchback (WagonR),Maruti Suzuki WagonR,4,250,12,6,0,0
210,NMS,Naliya,Gaurav Tiwari,4.68,1116,Executive Premium,Mercedes C-Class,4,1200,35,7,0,0
211,CKU,Chakulia,Amit Kumar,4.74,391,Sedan (Dzire/Etios),Hyundai Aura,4,350,14,5,0,0
212,PAL,Pali,Praveen Nair,4.98,427,Executive Premium,Mercedes C-Class,4,1200,35,11,0,0
213,PYB,Jeypore,Ramesh Verma,4.49,1201,Electric EV (Nexon/Tigor),MG ZS EV,4,400,16,8,1,0
214,HBI,Itanagar,Harpreet Singh,4.76,2124,SUV (Ertiga/Innova),Mahindra XUV700,6,650,20,10,0,0
215,DGR,Deoghar,Anil Deshmukh,4.66,1655,Electric EV (Nexon/Tigor),MG ZS EV,4,400,16,13,1,0
216,NVM,Navi Mumbai,Amit Kumar,4.62,386,Airport Express Shuttle,Tata Winger Executive,12,180,8,12,0,1
217,RMD,Ratnagiri,Mahesh Choudhary,4.89,294,Hatchback (WagonR),Maruti Suzuki WagonR,4,250,12,14,0,0
218,NMS,Naliya,Amit Kumar,4.72,1094,SUV (Ertiga/Innova),Maruti Ertiga,6,650,20,14,0,0
219,KHO,Khowai,Pankaj Das,4.44,642,Executive Premium,Skoda Superb,4,1200,35,4,0,0
220,BGP,Bhagalpur,Praveen Nair,4.76,548,Electric EV (Nexon/Tigor),Tata Nexon EV,4,400,16,13,1,0
221,HBX,Hubballi / Dharwad,Harpreet Singh,4.56,2335,Executive Premium,Mercedes C-Class,4,1200,35,7,0,0
222,NDC,Nanded,Santosh Kulkarni,4.61,1660,Executive Premium,Mercedes C-Class,4,1200,35,4,0,0
223,TRV,Thiruvananthapuram,Praveen Nair,4.82,1647,Sedan (Dzire/Etios),Toyota Etios,4,350,14,5,0,0
224,PBF,Bilaspur,Harpreet Singh,4.41,413,Electric EV (Nexon/Tigor),MG ZS EV,4,400,16,4,1,0
225,PNQ,Pune,Rahul Banerjee,4.55,1461,Hatchback (WagonR),Tata Tiago,4,250,12,4,0,0
226,ZER,Ziro,Sanjay Rao,4.63,1503,Airport Express Shuttle,Force Traveller AC,12,180,8,8,0,1
227,IXB,Siliguri / Bagdogra,Pankaj Das,4.47,2318,SUV (Ertiga/Innova),Toyota Innova Crysta,6,650,20,5,0,0
228,PAL,Pali,Suresh Patel,4.91,2216,Sedan (Dzire/Etios),Toyota Etios,4,350,14,8,0,0
229,JRG,Jharsuguda,Rohan Mehta,4.9,1340,Hatchback (WagonR),Tata Tiago,4,250,12,5,0,0
230,PGH,Pantnagar / Nainital,Praveen Nair,4.75,1966,Executive Premium,Mercedes C-Class,4,1200,35,7,0,0
231,VTZ,Visakhapatnam,Vikram Singh,4.53,486,Executive Premium,Toyota Camry Hybrid,4,1200,35,3,0,0
232,IXP,Pathankot,Sanjay Rao,4.59,1365,Electric EV (Nexon/Tigor),Tata Nexon EV,4,400,16,7,1,0
233,SRA,Shravasti,Manoj Gupta,4.93,632,Airport Express Shuttle,Force Traveller AC,12,180,8,8,0,1
234,SLV,Shimla,Anil Deshmukh,4.66,1255,Sedan (Dzire/Etios),Maruti Suzuki Dzire,4,350,14,5,0,0
235,IXG,Belagavi,Pankaj Das,4.47,688,SUV (Ertiga/Innova),Toyota Innova Crysta,6,650,20,14,0,0
236,IXD,Prayagraj (Allahabad),Dinesh Pillai,4.51,944,Electric EV (Nexon/Tigor),MG ZS EV,4,400,16,11,1,0
237,LAT,Latur,Vijay Reddy,4.4,1417,SUV (Ertiga/Innova),Mahindra XUV700,6,650,20,11,0,0
238,DMO,Damoh,Sunil Yadav,4.95,1486,Executive Premium,Mercedes C-Class,4,1200,35,12,0,0
239,BLR,Bengaluru,Sunil Yadav,4.9,1023,SUV (Ertiga/Innova),Toyota Innova Crysta,6,650,20,4,0,0
240,GON,Gondia,Anil Deshmukh,4.44,2000,Hatchback (WagonR),Tata Tiago,4,250,12,4,0,0
241,IXA,Agartala,Harpreet Singh,4.75,1436,Sedan (Dzire/Etios),Maruti Suzuki Dzire,4,350,14,7,0,0
242,IXD,Prayagraj (Allahabad),Vijay Reddy,4.75,875,Hatchback (WagonR),Tata Tiago,4,250,12,12,0,0
243,NWP,Pithoragarh,Rahul Banerjee,4.52,1400,Airport Express Shuttle,Tata Winger Executive,12,180,8,3,0,1
244,KAI,Kailashahar,Mahesh Choudhary,4.92,1946,Electric EV (Nexon/Tigor),MG ZS EV,4,400,16,12,1,0
245,BAR,Baramati,Ramesh Verma,4.53,802,Airport Express Shuttle,Tata Winger Executive,12,180,8,4,0,1
246,BKN,Bikaner,Sanjay Rao,4.54,546,Electric EV (Nexon/Tigor),MG ZS EV,4,400,16,9,1,0
247,KOK,Kokrajhar,Rajesh Sharma,4.55,183,Hatchback (WagonR),Hyundai i10,4,250,12,7,0,0
248,LAT,Latur,Manoj Gupta,4.58,575,SUV (Ertiga/Innova),Toyota Innova Crysta,6,650,20,4,0,0
249,NEEM,Neemuch,Harpreet Singh,4.67,526,Electric EV (Nexon/Tigor),Tata Nexon EV,4,400,16,10,1,0
250,YTL,Yavatmal,Rohan Mehta,4.78,2140,Electric EV (Nexon/Tigor),Tata Nexon EV,4,400,16,14,1,0
251,NMN,Neemrana / Alwar,Suresh Patel,4.6,262,Sedan (Dzire/Etios),Hyundai Aura,4,350,14,12,0,0
252,JGD,Jagdalpur,Anil Deshmukh,4.87,693,Sedan (Dzire/Etios),Toyota Etios,4,350,14,13,0,0
253,BHJ,Bhuj (Kutch),Vikram Singh,4.7,1928,Electric EV (Nexon/Tigor),Tata Nexon EV,4,400,16,6,1,0
254,HZD,Hazaribagh,Rahul Banerjee,4.61,200,Executive Premium,Toyota Camry Hybrid,4,1200,35,12,0,0
255,NWP,Pithoragarh,Harpreet Singh,4.67,2295,Sedan (Dzire/Etios),Toyota Etios,4,350,14,12,0,0
256,AKL,Akola,Sanjay Rao,4.77,168,Airport Express Shuttle,Force Traveller AC,12,180,8,14,0,1
257,IXB,Siliguri / Bagdogra,Suresh Patel,4.94,2069,SUV (Ertiga/Innova),Maruti Ertiga,6,650,20,4,0,0
258,NVM,Navi Mumbai,Gaurav Tiwari,4.41,1770,Airport Express Shuttle,Tata Winger Executive,12,180,8,14,0,1
259,KQH,Ajmer / Kishangarh,Praveen Nair,4.66,1337,Airport Express Shuttle,Tata Winger Executive,12,180,8,9,0,1
260,VDY,Vidyanagar / Ballari,Pankaj Das,4.71,492,Electric EV (Nexon/Tigor),Tata Tigor EV,4,400,16,9,1,0
261,RXL,Raxaul,Gaurav Tiwari,4.7,405,Airport Express Shuttle,Force Traveller AC,12,180,8,13,0,1
262,BLT,Balurghat,Sunil Yadav,4.85,1329,Executive Premium,Skoda Superb,4,1200,35,7,0,0
263,ATQ,Amritsar,Rajesh Sharma,4.83,1874,Hatchback (WagonR),Maruti Suzuki WagonR,4,250,12,8,0,0
264,PBF,Bilaspur,Harpreet Singh,4.77,384,Hatchback (WagonR),Hyundai i10,4,250,12,13,0,0
265,KARN,Karnal,Deepak Joshi,4.68,2090,Electric EV (Nexon/Tigor),MG ZS EV,4,400,16,11,1,0
266,PAL,Pali,Sunil Yadav,4.88,2352,Electric EV (Nexon/Tigor),MG ZS EV,4,400,16,9,1,0
267,GAW,Guwahati,Vikram Singh,4.75,1648,SUV (Ertiga/Innova),Mahindra XUV700,6,650,20,10,0,0
268,KAI,Kailashahar,Vijay Reddy,4.56,553,Sedan (Dzire/Etios),Maruti Suzuki Dzire,4,350,14,7,0,0
269,AGR,Agra,Pankaj Das,4.49,2217,Electric EV (Nexon/Tigor),MG ZS EV,4,400,16,13,1,0
270,KOR,Koraput,Sanjay Rao,4.98,592,Electric EV (Nexon/Tigor),Tata Tigor EV,4,400,16,12,1,0
271,ATQ,Amritsar,Suresh Patel,4.69,1444,SUV (Ertiga/Innova),Maruti Ertiga,6,650,20,10,0,0
272,DEL,New Delhi,Suresh Patel,4.96,2233,SUV (Ertiga/Innova),Maruti Ertiga,6,650,20,5,0,0
273,PNY,Puducherry,Ramesh Verma,4.7,2207,Sedan (Dzire/Etios),Maruti Suzuki Dzire,4,350,14,12,0,0
274,CCJ,Kozhikode (Calicut),Vijay Reddy,4.65,2211,Executive Premium,Toyota Camry Hybrid,4,1200,35,13,0,0
275,DUM,Dumka,Ramesh Verma,4.92,1267,SUV (Ertiga/Innova),Maruti Ertiga,6,650,20,9,0,0
276,HBX,Hubballi / Dharwad,Anil Deshmukh,4.83,363,Sedan (Dzire/Etios),Toyota Etios,4,350,14,5,0,0
277,DUM,Dumka,Rohan Mehta,4.41,1854,Electric EV (Nexon/Tigor),Tata Nexon EV,4,400,16,4,1,0
278,CJB,Coimbatore,Vikram Singh,4.61,312,Executive Premium,Skoda Superb,4,1200,35,3,0,0
279,IXJ,Jammu,Rahul Banerjee,4.89,291,SUV (Ertiga/Innova),Toyota Innova Crysta,6,650,20,13,0,0
280,LUD,Ludhiana,Harpreet Singh,4.75,1756,SUV (Ertiga/Innova),Toyota Innova Crysta,6,650,20,3,0,0
281,IXC,Chandigarh,Amit Kumar,4.52,1027,Airport Express Shuttle,Force Traveller AC,12,180,8,6,0,1
282,PBN,Parbhani,Santosh Kulkarni,4.95,1943,SUV (Ertiga/Innova),Maruti Ertiga,6,650,20,10,0,0
283,HBX,Hubballi / Dharwad,Deepak Joshi,4.46,1707,Executive Premium,Mercedes C-Class,4,1200,35,14,0,0
284,DMO,Damoh,Dinesh Pillai,4.44,151,Sedan (Dzire/Etios),Toyota Etios,4,350,14,10,0,0
285,GAW,Guwahati,Rajesh Sharma,4.58,813,SUV (Ertiga/Innova),Maruti Ertiga,6,650,20,14,0,0
286,GAW,Guwahati,Dinesh Pillai,4.68,1019,Executive Premium,Toyota Camry Hybrid,4,1200,35,14,0,0
287,JGA,Jamnagar,Gaurav Tiwari,4.9,1131,Electric EV (Nexon/Tigor),Tata Nexon EV,4,400,16,5,1,0
288,PGH,Pantnagar / Nainital,Anil Deshmukh,4.8,1696,Hatchback (WagonR),Maruti Suzuki WagonR,4,250,12,5,0,0
289,SLV,Shimla,Rohan Mehta,4.96,1422,Airport Express Shuttle,Tata Winger Executive,12,180,8,5,0,1
290,GOI,Goa (Dabolim),Harpreet Singh,4.92,494,Airport Express Shuttle,Force Traveller AC,12,180,8,4,0,1
291,UTL,Barmer,Manoj Gupta,4.64,2034,Hatchback (WagonR),Maruti Suzuki WagonR,4,250,12,5,0,0
292,CFH,Chitrakoot,Vijay Reddy,4.95,852,Electric EV (Nexon/Tigor),Tata Tigor EV,4,400,16,13,1,0
293,SXR,Srinagar,Ramesh Verma,4.62,514,Electric EV (Nexon/Tigor),Tata Tigor EV,4,400,16,12,1,0
294,TRZ,Tiruchirappalli (Trichy),Suresh Patel,4.61,1748,SUV (Ertiga/Innova),Toyota Innova Crysta,6,650,20,7,0,0
295,BHO,Bhopal,Harpreet Singh,4.81,2005,SUV (Ertiga/Innova),Toyota Innova Crysta,6,650,20,3,0,0
296,GBI,Kalaburagi (Gulbarga),Deepak Joshi,4.52,772,Hatchback (WagonR),Tata Tiago,4,250,12,8,0,0
297,DEL,New Delhi,Deepak Joshi,4.55,332,SUV (Ertiga/Innova),Mahindra XUV700,6,650,20,4,0,0
298,UTK,Kalahandi / Utkela,Rahul Banerjee,4.67,1081,Sedan (Dzire/Etios),Hyundai Aura,4,350,14,5,0,0
299,KAR,Karad / Satara,Ramesh Verma,4.62,1206,Electric EV (Nexon/Tigor),MG ZS EV,4,400,16,12,1,0
300,HJR,Khajuraho,Praveen Nair,4.74,1584,Executive Premium,Skoda Superb,4,1200,35,3,0,0
301,KAM,Kamalpur,Harpreet Singh,4.59,146,Executive Premium,Mercedes C-Class,4,1200,35,11,0,0
302,CJB,Coimbatore,Rajesh Sharma,4.94,1345,SUV (Ertiga/Innova),Mahindra XUV700,6,650,20,3,0,0
303,SSE,Solapur,Rohan Mehta,4.44,424,Airport Express Shuttle,Tata Winger Executive,12,180,8,7,0,1
304,KBK,Kushinagar,Santosh Kulkarni,4.43,644,SUV (Ertiga/Innova),Maruti Ertiga,6,650,20,4,0,0
305,JHW,Jhalawar,Vikram Singh,4.6,1006,Executive Premium,Toyota Camry Hybrid,4,1200,35,7,0,0
306,NDC,Nanded,Sunil Yadav,4.57,1705,Hatchback (WagonR),Hyundai i10,4,250,12,7,0,0
307,MYQ,Mysuru,Rahul Banerjee,4.53,1868,Electric EV (Nexon/Tigor),Tata Tigor EV,4,400,16,10,1,0
308,HSR,Rajkot,Anil Deshmukh,4.92,1443,SUV (Ertiga/Innova),Maruti Ertiga,6,650,20,6,0,0
309,VJZ,Bhogapuram / Vizianagaram,Mahesh Choudhary,4.6,912,Sedan (Dzire/Etios),Toyota Etios,4,350,14,5,0,0
310,AJL,Aizawl,Sanjay Rao,4.7,2317,Sedan (Dzire/Etios),Hyundai Aura,4,350,14,3,0,0
311,DGR,Deoghar,Harpreet Singh,4.81,1003,SUV (Ertiga/Innova),Mahindra XUV700,6,650,20,10,0,0
312,DON,Bhadrak / Dhamra,Pankaj Das,4.45,424,Sedan (Dzire/Etios),Maruti Suzuki Dzire,4,350,14,11,0,0
313,LKO,Lucknow,Sunil Yadav,4.88,1192,Sedan (Dzire/Etios),Hyundai Aura,4,350,14,6,0,0
314,JRG,Jharsuguda,Praveen Nair,4.82,1921,Hatchback (WagonR),Hyundai i10,4,250,12,3,0,0
315,HSR,Rajkot,Rajesh Sharma,4.44,1862,Airport Express Shuttle,Tata Winger Executive,12,180,8,6,0,1
316,MAA,Chennai,Harpreet Singh,4.54,482,SUV (Ertiga/Innova),Maruti Ertiga,6,650,20,5,0,0
317,IXC,Chandigarh,Anil Deshmukh,4.67,324,Electric EV (Nexon/Tigor),Tata Nexon EV,4,400,16,7,1,0
318,JHW,Jhalawar,Rahul Banerjee,4.42,2034,Electric EV (Nexon/Tigor),Tata Tigor EV,4,400,16,5,1,0
319,NVM,Navi Mumbai,Sunil Yadav,4.73,1647,Electric EV (Nexon/Tigor),MG ZS EV,4,400,16,6,1,0
320,SLV,Shimla,Sanjay Rao,4.48,2340,Sedan (Dzire/Etios),Maruti Suzuki Dzire,4,350,14,7,0,0
321,KOK,Kokrajhar,Ramesh Verma,4.46,2362,Sedan (Dzire/Etios),Maruti Suzuki Dzire,4,350,14,4,0,0
322,IXL,Leh (Ladakh),Dinesh Pillai,4.67,976,Electric EV (Nexon/Tigor),Tata Nexon EV,4,400,16,14,1,0
323,WGC,Warangal,Praveen Nair,4.75,1912,Sedan (Dzire/Etios),Maruti Suzuki Dzire,4,350,14,8,0,0
324,CHI,Chhindwara,Manoj Gupta,4.59,1031,Sedan (Dzire/Etios),Toyota Etios,4,350,14,5,0,0
325,BTH,Bettiah,Suresh Patel,4.87,881,Hatchback (WagonR),Maruti Suzuki WagonR,4,250,12,14,0,0
326,NEEM,Neemuch,Rohan Mehta,4.92,274,SUV (Ertiga/Innova),Mahindra XUV700,6,650,20,6,0,0
327,ROU,Rourkela,Praveen Nair,4.57,2198,SUV (Ertiga/Innova),Maruti Ertiga,6,650,20,14,0,0
328,DIU,Diu,Dinesh Pillai,4.94,269,Hatchback (WagonR),Hyundai i10,4,250,12,8,0,0
329,NMN,Neemrana / Alwar,Suresh Patel,4.78,1748,Hatchback (WagonR),Tata Tiago,4,250,12,8,0,0
330,ALD,Aligarh,Amit Kumar,4.59,1915,Sedan (Dzire/Etios),Hyundai Aura,4,350,14,6,0,0
331,IXT,Pasighat,Pankaj Das,4.77,480,Airport Express Shuttle,Force Traveller AC,12,180,8,4,0,1
332,BPI,Mayurbhanj,Dinesh Pillai,4.61,930,SUV (Ertiga/Innova),Mahindra XUV700,6,650,20,8,0,0
333,PGH,Pantnagar / Nainital,Ramesh Verma,4.7,948,Hatchback (WagonR),Tata Tiago,4,250,12,10,0,0
334,BAR,Baramati,Anil Deshmukh,4.92,1944,Sedan (Dzire/Etios),Toyota Etios,4,350,14,7,0,0
335,DHM,Dharamshala / Kangra,Harpreet Singh,4.9,1113,Hatchback (WagonR),Maruti Suzuki WagonR,4,250,12,10,0,0
336,CHI,Chhindwara,Santosh Kulkarni,4.84,1324,SUV (Ertiga/Innova),Mahindra XUV700,6,650,20,11,0,0
337,CKU,Chakulia,Anil Deshmukh,4.83,1336,Airport Express Shuttle,Force Traveller AC,12,180,8,10,0,1
338,AMB,Ambikapur,Suresh Patel,4.4,356,Electric EV (Nexon/Tigor),Tata Nexon EV,4,400,16,12,1,0
339,CJB,Coimbatore,Praveen Nair,4.66,1780,Electric EV (Nexon/Tigor),Tata Tigor EV,4,400,16,13,1,0
340,GOI,Goa (Dabolim),Rajesh Sharma,4.57,243,Hatchback (WagonR),Hyundai i10,4,250,12,5,0,0
341,YTL,Yavatmal,Santosh Kulkarni,4.68,815,Executive Premium,Skoda Superb,4,1200,35,4,0,0
342,PAL,Pali,Ramesh Verma,4.82,1662,Hatchback (WagonR),Hyundai i10,4,250,12,9,0,0
343,RPR,Raipur,Deepak Joshi,4.7,210,Airport Express Shuttle,Tata Winger Executive,12,180,8,6,0,1
344,VJZ,Bhogapuram / Vizianagaram,Suresh Patel,4.9,1053,SUV (Ertiga/Innova),Maruti Ertiga,6,650,20,10,0,0
345,JHW,Jhalawar,Mahesh Choudhary,4.97,1366,Hatchback (WagonR),Maruti Suzuki WagonR,4,250,12,12,0,0
346,KHA,Khandwa,Sunil Yadav,4.55,1795,Airport Express Shuttle,Tata Winger Executive,12,180,8,8,0,1
347,PUR,Purulia,Santosh Kulkarni,4.54,2378,Sedan (Dzire/Etios),Maruti Suzuki Dzire,4,350,14,10,0,0
348,SDW,Sindhudurg,Vijay Reddy,4.69,2276,Airport Express Shuttle,Force Traveller AC,12,180,8,7,0,1
349,BOM,Mumbai,Praveen Nair,4.43,2076,Hatchback (WagonR),Tata Tiago,4,250,12,4,0,0
350,WGC,Warangal,Rajesh Sharma,4.61,2149,Executive Premium,Mercedes C-Class,4,1200,35,12,0,0
351,IXT,Pasighat,Rahul Banerjee,4.68,596,Sedan (Dzire/Etios),Toyota Etios,4,350,14,5,0,0
352,KHO,Khowai,Anil Deshmukh,4.45,433,Sedan (Dzire/Etios),Hyundai Aura,4,350,14,3,0,0
353,PUI,Purnea,Praveen Nair,4.85,1042,SUV (Ertiga/Innova),Toyota Innova Crysta,6,650,20,13,0,0
354,PYG,Gangtok / Pakyong (Sikkim),Manoj Gupta,4.54,1833,Airport Express Shuttle,Tata Winger Executive,12,180,8,10,0,1
355,KNU,Kanpur,Ramesh Verma,4.59,1604,Airport Express Shuttle,Tata Winger Executive,12,180,8,6,0,1
356,SIV,Sivasagar,Deepak Joshi,4.61,2344,Hatchback (WagonR),Tata Tiago,4,250,12,10,0,0
357,HSR,Rajkot,Gaurav Tiwari,4.82,1972,Hatchback (WagonR),Hyundai i10,4,250,12,11,0,0
358,LGP,Rupsi / Dhubri,Suresh Patel,4.68,438,Hatchback (WagonR),Tata Tiago,4,250,12,9,0,0
359,PUI,Purnea,Santosh Kulkarni,4.51,1451,Electric EV (Nexon/Tigor),Tata Tigor EV,4,400,16,3,1,0
360,BBI,Bhubaneswar,Harpreet Singh,4.92,1684,Airport Express Shuttle,Tata Winger Executive,12,180,8,12,0,1
361,KAR,Karad / Satara,Vijay Reddy,4.46,2017,Hatchback (WagonR),Tata Tiago,4,250,12,13,0,0
362,KOK,Kokrajhar,Amit Kumar,4.52,1019,Sedan (Dzire/Etios),Maruti Suzuki Dzire,4,350,14,12,0,0
363,MOR,Moradabad,Dinesh Pillai,4.54,1228,Executive Premium,Skoda Superb,4,1200,35,8,0,0
364,ANK,Ankleshwar,Sanjay Rao,4.73,1719,Sedan (Dzire/Etios),Maruti Suzuki Dzire,4,350,14,13,0,0
365,PAT,Patna,Anil Deshmukh,4.66,1935,SUV (Ertiga/Innova),Mahindra XUV700,6,650,20,6,0,0
366,STV,Surat,Gaurav Tiwari,4.91,838,SUV (Ertiga/Innova),Mahindra XUV700,6,650,20,5,0,0
367,TRZ,Tiruchirappalli (Trichy),Mahesh Choudhary,4.84,1128,SUV (Ertiga/Innova),Mahindra XUV700,6,650,20,11,0,0
368,JLR,Jabalpur,Praveen Nair,4.73,303,Sedan (Dzire/Etios),Hyundai Aura,4,350,14,13,0,0
369,SAG,Shirdi,Deepak Joshi,4.78,2178,Executive Premium,Skoda Superb,4,1200,35,13,0,0
370,NVM,Navi Mumbai,Rohan Mehta,4.79,2291,Electric EV (Nexon/Tigor),Tata Nexon EV,4,400,16,13,1,0
371,MUZ,Muzaffarpur,Harpreet Singh,4.88,1722,Electric EV (Nexon/Tigor),Tata Nexon EV,4,400,16,4,1,0
372,KAR,Karad / Satara,Ramesh Verma,4.94,1044,Sedan (Dzire/Etios),Toyota Etios,4,350,14,9,0,0
373,PAT,Patna,Pankaj Das,4.64,857,Hatchback (WagonR),Maruti Suzuki WagonR,4,250,12,7,0,0
374,SRA,Shravasti,Suresh Patel,4.47,2305,Electric EV (Nexon/Tigor),MG ZS EV,4,400,16,7,1,0
375,NDC,Nanded,Amit Kumar,4.95,2220,Electric EV (Nexon/Tigor),Tata Tigor EV,4,400,16,14,1,0
376,JRH,Jorhat,Dinesh Pillai,4.62,945,SUV (Ertiga/Innova),Toyota Innova Crysta,6,650,20,7,0,0
377,RAT,Ratlam,Rahul Banerjee,4.53,1206,Hatchback (WagonR),Maruti Suzuki WagonR,4,250,12,8,0,0
378,ATQ,Amritsar,Rohan Mehta,4.59,2181,SUV (Ertiga/Innova),Maruti Ertiga,6,650,20,8,0,0
379,CNN,Kannur,Dinesh Pillai,4.66,813,Sedan (Dzire/Etios),Toyota Etios,4,350,14,8,0,0
380,IXP,Pathankot,Vikram Singh,4.69,483,SUV (Ertiga/Innova),Toyota Innova Crysta,6,650,20,7,0,0
381,GON,Gondia,Amit Kumar,4.49,184,Sedan (Dzire/Etios),Toyota Etios,4,350,14,11,0,0
382,AMRE,Amreli,Santosh Kulkarni,4.96,2158,Electric EV (Nexon/Tigor),Tata Tigor EV,4,400,16,12,1,0
383,KAI,Kailashahar,Pankaj Das,4.83,1541,SUV (Ertiga/Innova),Mahindra XUV700,6,650,20,9,0,0
384,ANK,Ankleshwar,Rajesh Sharma,4.52,322,Airport Express Shuttle,Force Traveller AC,12,180,8,9,0,1
385,IXS,Silchar,Amit Kumar,4.47,2071,Electric EV (Nexon/Tigor),MG ZS EV,4,400,16,5,1,0
386,BLR,Bengaluru,Ramesh Verma,4.51,200,Airport Express Shuttle,Force Traveller AC,12,180,8,13,0,1
387,IMF,Imphal,Harpreet Singh,4.88,269,Electric EV (Nexon/Tigor),Tata Nexon EV,4,400,16,5,1,0
388,PAT,Patna,Santosh Kulkarni,4.5,1019,Sedan (Dzire/Etios),Maruti Suzuki Dzire,4,350,14,6,0,0
389,TCR,Thoothukudi (Tuticorin),Vijay Reddy,4.43,1673,Electric EV (Nexon/Tigor),Tata Tigor EV,4,400,16,10,1,0
390,KOK,Kokrajhar,Amit Kumar,4.69,356,SUV (Ertiga/Innova),Toyota Innova Crysta,6,650,20,12,0,0
391,KAI,Kailashahar,Harpreet Singh,4.63,768,SUV (Ertiga/Innova),Maruti Ertiga,6,650,20,14,0,0
392,MAL,Malda,Sanjay Rao,4.69,961,Electric EV (Nexon/Tigor),Tata Tigor EV,4,400,16,10,1,0
393,PUR,Purulia,Deepak Joshi,4.8,2323,Hatchback (WagonR),Maruti Suzuki WagonR,4,250,12,12,0,0
394,IXE,Mangaluru,Pankaj Das,4.86,434,Sedan (Dzire/Etios),Toyota Etios,4,350,14,10,0,0
395,BHO,Bhopal,Anil Deshmukh,4.85,700,Airport Express Shuttle,Tata Winger Executive,12,180,8,3,0,1
396,BTH,Bettiah,Harpreet Singh,4.62,1915,Executive Premium,Toyota Camry Hybrid,4,1200,35,10,0,0
397,COK,Kochi,Vikram Singh,4.42,1605,Electric EV (Nexon/Tigor),Tata Nexon EV,4,400,16,13,1,0
398,GOP,Ganjam / Gopalpur,Vikram Singh,4.51,534,Hatchback (WagonR),Hyundai i10,4,250,12,12,0,0
399,MAA,Chennai,Santosh Kulkarni,4.76,628,Electric EV (Nexon/Tigor),Tata Nexon EV,4,400,16,12,1,0
400,IXU,Chhatrapati Sambhaji Nagar (Aurangabad),Pankaj Das,4.62,1052,Electric EV (Nexon/Tigor),Tata Tigor EV,4,400,16,6,1,0
401,JRH,Jorhat,Vikram Singh,4.83,2207,Hatchback (WagonR),Tata Tiago,4,250,12,9,0,0
402,TCR,Thoothukudi (Tuticorin),Praveen Nair,4.56,1906,Sedan (Dzire/Etios),Toyota Etios,4,350,14,14,0,0
403,RGD,Raigarh,Dinesh Pillai,4.75,1846,Airport Express Shuttle,Force Traveller AC,12,180,8,13,0,1
404,DON,Bhadrak / Dhamra,Suresh Patel,4.73,110,Electric EV (Nexon/Tigor),Tata Tigor EV,4,400,16,13,1,0
405,KARN,Karnal,Vijay Reddy,4.82,1848,Sedan (Dzire/Etios),Toyota Etios,4,350,14,11,0,0
406,CCU,Kolkata,Sanjay Rao,4.59,1694,Airport Express Shuttle,Tata Winger Executive,12,180,8,4,0,1
407,AKL,Akola,Vikram Singh,4.64,1384,SUV (Ertiga/Innova),Toyota Innova Crysta,6,650,20,9,0,0
408,RPR,Raipur,Dinesh Pillai,4.65,226,Airport Express Shuttle,Tata Winger Executive,12,180,8,4,0,1
409,IXR,Ranchi,Dinesh Pillai,4.85,1855,Executive Premium,Toyota Camry Hybrid,4,1200,35,12,0,0
410,MAL,Malda,Mahesh Choudhary,4.47,1326,Electric EV (Nexon/Tigor),Tata Nexon EV,4,400,16,14,1,0
411,IXM,Madurai,Anil Deshmukh,4.9,2324,Electric EV (Nexon/Tigor),Tata Tigor EV,4,400,16,8,1,0
412,OSB,Dharashiv,Sunil Yadav,4.85,1742,Hatchback (WagonR),Hyundai i10,4,250,12,9,0,0
413,RPR,Raipur,Manoj Gupta,4.95,876,Airport Express Shuttle,Force Traveller AC,12,180,8,14,0,1
414,TRZ,Tiruchirappalli (Trichy),Amit Kumar,4.44,737,Airport Express Shuttle,Force Traveller AC,12,180,8,3,0,1
415,IXY,Kandla,Santosh Kulkarni,4.7,2063,Electric EV (Nexon/Tigor),MG ZS EV,4,400,16,6,1,0
416, سات,Satna,Sanjay Rao,4.94,1403,Airport Express Shuttle,Force Traveller AC,12,180,8,14,0,1
417,LUD,Ludhiana,Rohan Mehta,4.54,2252,Electric EV (Nexon/Tigor),Tata Tigor EV,4,400,16,8,1,0
418,DON,Bhadrak / Dhamra,Manoj Gupta,4.76,1957,Hatchback (WagonR),Maruti Suzuki WagonR,4,250,12,13,0,0
419,BLT,Balurghat,Rahul Banerjee,4.89,1950,Airport Express Shuttle,Tata Winger Executive,12,180,8,14,0,1
420,GOX,Goa (Mopa),Sanjay Rao,4.5,1214,Electric EV (Nexon/Tigor),Tata Nexon EV,4,400,16,8,1,0
421,IXP,Pathankot,Praveen Nair,4.65,191,Hatchback (WagonR),Tata Tiago,4,250,12,7,0,0
422,JGA,Jamnagar,Manoj Gupta,4.97,146,SUV (Ertiga/Innova),Toyota Innova Crysta,6,650,20,6,0,0
423,SLV,Shimla,Dinesh Pillai,4.51,1986,Airport Express Shuttle,Force Traveller AC,12,180,8,6,0,1
424,GOI,Goa (Dabolim),Manoj Gupta,4.81,1055,Executive Premium,Skoda Superb,4,1200,35,9,0,0
425,RAT,Ratlam,Rohan Mehta,4.56,644,Airport Express Shuttle,Force Traveller AC,12,180,8,6,0,1
426,GBI,Kalaburagi (Gulbarga),Anil Deshmukh,4.48,1529,Hatchback (WagonR),Tata Tiago,4,250,12,9,0,0
427,PYG,Gangtok / Pakyong (Sikkim),Vijay Reddy,4.56,288,Executive Premium,Skoda Superb,4,1200,35,3,0,0
428,PNV,Porbandar,Vikram Singh,4.76,502,Executive Premium,Toyota Camry Hybrid,4,1200,35,4,0,0
429,BAR,Baramati,Pankaj Das,4.92,779,SUV (Ertiga/Innova),Mahindra XUV700,6,650,20,14,0,0
430,UTK,Kalahandi / Utkela,Suresh Patel,4.43,1417,Sedan (Dzire/Etios),Hyundai Aura,4,350,14,7,0,0
431,AMD,Ahmedabad,Deepak Joshi,4.55,1247,Airport Express Shuttle,Tata Winger Executive,12,180,8,10,0,1
432,SDW,Sindhudurg,Amit Kumar,4.56,2048,Executive Premium,Mercedes C-Class,4,1200,35,8,0,0
433,MZS,Sonbhadra,Dinesh Pillai,4.7,2054,Electric EV (Nexon/Tigor),MG ZS EV,4,400,16,13,1,0
434,RJA,Rajahmundry,Harpreet Singh,4.83,382,Electric EV (Nexon/Tigor),Tata Tigor EV,4,400,16,4,1,0
435,ASL,Asansol,Rohan Mehta,4.93,808,Electric EV (Nexon/Tigor),Tata Nexon EV,4,400,16,6,1,0
436,BOM,Mumbai,Dinesh Pillai,4.65,1282,SUV (Ertiga/Innova),Mahindra XUV700,6,650,20,11,0,0
437,TIR,Tirupati,Gaurav Tiwari,4.8,1962,SUV (Ertiga/Innova),Mahindra XUV700,6,650,20,12,0,0
438,SXV,Shivamogga,Praveen Nair,4.7,861,Electric EV (Nexon/Tigor),MG ZS EV,4,400,16,14,1,0
439,COK,Kochi,Anil Deshmukh,4.93,397,Hatchback (WagonR),Hyundai i10,4,250,12,4,0,0
440,IDR,Indore,Vijay Reddy,4.65,953,Executive Premium,Mercedes C-Class,4,1200,35,9,0,0
441,IXA,Agartala,Rajesh Sharma,4.79,1045,Sedan (Dzire/Etios),Hyundai Aura,4,350,14,12,0,0
442,PYB,Jeypore,Rahul Banerjee,4.96,2064,Hatchback (WagonR),Tata Tiago,4,250,12,11,0,0
443,BVC,Bhavnagar,Mahesh Choudhary,4.81,1713,Electric EV (Nexon/Tigor),MG ZS EV,4,400,16,11,1,0
444,CFH,Chitrakoot,Amit Kumar,4.54,1195,Hatchback (WagonR),Tata Tiago,4,250,12,5,0,0
445,RAT,Ratlam,Suresh Patel,4.85,348,Executive Premium,Toyota Camry Hybrid,4,1200,35,12,0,0
446,IXU,Chhatrapati Sambhaji Nagar (Aurangabad),Sunil Yadav,4.4,1374,Hatchback (WagonR),Tata Tiago,4,250,12,11,0,0
447,DMU,Dimapur,Anil Deshmukh,4.53,2054,Electric EV (Nexon/Tigor),MG ZS EV,4,400,16,7,1,0
448,BVC,Bhavnagar,Vikram Singh,4.79,2399,Sedan (Dzire/Etios),Hyundai Aura,4,350,14,11,0,0
449,JGD,Jagdalpur,Dinesh Pillai,4.74,521,Sedan (Dzire/Etios),Maruti Suzuki Dzire,4,350,14,3,0,0
450,IXM,Madurai,Rahul Banerjee,4.75,553,Electric EV (Nexon/Tigor),Tata Tigor EV,4,400,16,13,1,0
451,LKO,Lucknow,Vikram Singh,4.85,878,SUV (Ertiga/Innova),Mahindra XUV700,6,650,20,10,0,0
452,MZS,Sonbhadra,Santosh Kulkarni,4.52,1109,SUV (Ertiga/Innova),Toyota Innova Crysta,6,650,20,4,0,0
453,JSA,Jaisalmer,Amit Kumar,4.77,2318,Airport Express Shuttle,Force Traveller AC,12,180,8,10,0,1
454,BHU,Bathinda,Gaurav Tiwari,4.45,607,Electric EV (Nexon/Tigor),MG ZS EV,4,400,16,5,1,0
455,AYJ,Ayodhya,Manoj Gupta,4.67,1363,Electric EV (Nexon/Tigor),MG ZS EV,4,400,16,3,1,0
456,ANK,Ankleshwar,Pankaj Das,4.52,973,Airport Express Shuttle,Tata Winger Executive,12,180,8,9,0,1
457,PUR,Purulia,Amit Kumar,4.9,1439,Executive Premium,Mercedes C-Class,4,1200,35,14,0,0
458,MAL,Malda,Rahul Banerjee,4.91,625,Sedan (Dzire/Etios),Maruti Suzuki Dzire,4,350,14,13,0,0
459, سات,Satna,Deepak Joshi,4.64,143,Hatchback (WagonR),Tata Tiago,4,250,12,8,0,0
460,STV,Surat,Sanjay Rao,4.88,1608,Electric EV (Nexon/Tigor),Tata Tigor EV,4,400,16,11,1,0
461,KJB,Kurnool (Orvakal),Anil Deshmukh,4.49,982,Hatchback (WagonR),Hyundai i10,4,250,12,13,0,0
462,ATQ,Amritsar,Vijay Reddy,4.87,1123,SUV (Ertiga/Innova),Toyota Innova Crysta,6,650,20,3,0,0
463,ROU,Rourkela,Sunil Yadav,4.54,2277,Executive Premium,Toyota Camry Hybrid,4,1200,35,7,0,0
464,HSS,Hisar,Vijay Reddy,4.65,2224,Electric EV (Nexon/Tigor),Tata Tigor EV,4,400,16,4,1,0
465,REW,Rewa,Ramesh Verma,4.72,1807,Sedan (Dzire/Etios),Maruti Suzuki Dzire,4,350,14,6,0,0
466,SNE,Singrauli,Anil Deshmukh,4.42,741,Executive Premium,Toyota Camry Hybrid,4,1200,35,14,0,0
467,IXC,Chandigarh,Sunil Yadav,4.73,1143,Executive Premium,Skoda Superb,4,1200,35,6,0,0
468,GOP,Ganjam / Gopalpur,Rahul Banerjee,4.45,1515,Hatchback (WagonR),Tata Tiago,4,250,12,13,0,0
469,DBR,Darbhanga,Mahesh Choudhary,4.69,320,Executive Premium,Toyota Camry Hybrid,4,1200,35,14,0,0
470,AMR,Amravati,Sanjay Rao,4.42,1768,Electric EV (Nexon/Tigor),Tata Tigor EV,4,400,16,9,1,0
471,KAP,Kadapa,Manoj Gupta,4.45,1548,Electric EV (Nexon/Tigor),MG ZS EV,4,400,16,13,1,0
472,BVC,Bhavnagar,Sanjay Rao,4.47,1450,Hatchback (WagonR),Hyundai i10,4,250,12,3,0,0
473,IDR,Indore,Pankaj Das,4.66,1795,SUV (Ertiga/Innova),Toyota Innova Crysta,6,650,20,3,0,0
474,JHW,Jhalawar,Pankaj Das,4.94,1916,Electric EV (Nexon/Tigor),MG ZS EV,4,400,16,10,1,0
475,CCU,Kolkata,Mahesh Choudhary,4.75,324,SUV (Ertiga/Innova),Maruti Ertiga,6,650,20,10,0,0
476,IXZ,Port Blair (Andaman),Vikram Singh,4.81,1448,Hatchback (WagonR),Tata Tiago,4,250,12,3,0,0
477,JGA,Jamnagar,Rahul Banerjee,4.5,102,Electric EV (Nexon/Tigor),MG ZS EV,4,400,16,14,1,0
478,BHO,Bhopal,Santosh Kulkarni,4.51,2097,Electric EV (Nexon/Tigor),Tata Tigor EV,4,400,16,7,1,0
479,IXG,Belagavi,Gaurav Tiwari,4.58,949,Executive Premium,Mercedes C-Class,4,1200,35,6,0,0
480,DBR,Darbhanga,Suresh Patel,4.79,923,Airport Express Shuttle,Tata Winger Executive,12,180,8,4,0,1
481,PNV,Porbandar,Rajesh Sharma,4.54,2361,Executive Premium,Skoda Superb,4,1200,35,3,0,0
482,ISK,Nashik,Pankaj Das,4.42,1492,Electric EV (Nexon/Tigor),Tata Nexon EV,4,400,16,4,1,0
483,LKO,Lucknow,Vijay Reddy,4.6,1018,Hatchback (WagonR),Maruti Suzuki WagonR,4,250,12,11,0,0
484,WGC,Warangal,Deepak Joshi,4.66,2248,Electric EV (Nexon/Tigor),MG ZS EV,4,400,16,11,1,0
485,BAR,Baramati,Rahul Banerjee,4.56,2067,SUV (Ertiga/Innova),Mahindra XUV700,6,650,20,13,0,0
486,AMR,Amravati,Vijay Reddy,4.42,2046,Executive Premium,Mercedes C-Class,4,1200,35,9,0,0
487,HBX,Hubballi / Dharwad,Santosh Kulkarni,4.93,1156,Hatchback (WagonR),Hyundai i10,4,250,12,9,0,0
488,KJB,Kurnool (Orvakal),Sunil Yadav,4.76,2074,SUV (Ertiga/Innova),Maruti Ertiga,6,650,20,12,0,0
489,MOR,Moradabad,Santosh Kulkarni,4.91,1141,Executive Premium,Skoda Superb,4,1200,35,6,0,0
490,PINJ,Panchkula / Pinjore,Mahesh Choudhary,4.79,1690,SUV (Ertiga/Innova),Maruti Ertiga,6,650,20,7,0,0
491,PYB,Jeypore,Harpreet Singh,4.59,2357,Sedan (Dzire/Etios),Toyota Etios,4,350,14,6,0,0
492, سات,Satna,Sunil Yadav,4.91,721,Electric EV (Nexon/Tigor),Tata Nexon EV,4,400,16,9,1,0
493,BGP,Bhagalpur,Rohan Mehta,4.81,849,Executive Premium,Toyota Camry Hybrid,4,1200,35,8,0,0
494,PUR,Purulia,Suresh Patel,4.69,2368,Executive Premium,Toyota Camry Hybrid,4,1200,35,4,0,0
495,SHL,Shillong,Suresh Patel,4.4,459,SUV (Ertiga/Innova),Mahindra XUV700,6,650,20,12,0,0
496,BHO,Bhopal,Praveen Nair,4.51,1072,Sedan (Dzire/Etios),Toyota Etios,4,350,14,10,0,0
497,ALD,Aligarh,Rohan Mehta,4.69,1792,Executive Premium,Toyota Camry Hybrid,4,1200,35,4,0,0
498,MAL,Malda,Ramesh Verma,4.71,1898,SUV (Ertiga/Innova),Maruti Ertiga,6,650,20,11,0,0
499,STV,Surat,Vijay Reddy,4.76,2147,Electric EV (Nexon/Tigor),Tata Tigor EV,4,400,16,9,1,0
500,KARN,Karnal,Harpreet Singh,4.98,1357,Hatchback (WagonR),Hyundai i10,4,250,12,3,0,0
501,KBK,Kushinagar,Vikram Singh,4.9,2246,Executive Premium,Skoda Superb,4,1200,35,12,0,0
502,IXS,Silchar,Rajesh Sharma,4.43,1719,SUV (Ertiga/Innova),Toyota Innova Crysta,6,650,20,6,0,0
503,PBN,Parbhani,Anil Deshmukh,4.82,1407,Sedan (Dzire/Etios),Hyundai Aura,4,350,14,13,0,0
504,NVY,Neyveli,Ramesh Verma,4.5,1167,Electric EV (Nexon/Tigor),MG ZS EV,4,400,16,7,1,0
505,SSE,Solapur,Praveen Nair,4.42,838,Electric EV (Nexon/Tigor),Tata Nexon EV,4,400,16,14,1,0
506,TRV,Thiruvananthapuram,Rahul Banerjee,4.87,1894,Sedan (Dzire/Etios),Hyundai Aura,4,350,14,9,0,0
507,TEZU,Tezu,Pankaj Das,4.7,233,Airport Express Shuttle,Tata Winger Executive,12,180,8,11,0,1
508,BOK,Bokaro,Santosh Kulkarni,4.46,2211,Sedan (Dzire/Etios),Maruti Suzuki Dzire,4,350,14,7,0,0
509,SWM,Ranthambore / Sawai Madhopur,Harpreet Singh,4.76,404,Sedan (Dzire/Etios),Maruti Suzuki Dzire,4,350,14,8,0,0
510,JSA,Jaisalmer,Amit Kumar,4.75,958,Electric EV (Nexon/Tigor),Tata Nexon EV,4,400,16,6,1,0
511,TRZ,Tiruchirappalli (Trichy),Manoj Gupta,4.47,266,Airport Express Shuttle,Tata Winger Executive,12,180,8,6,0,1
512,IXW,Jamshedpur,Mahesh Choudhary,4.74,382,Executive Premium,Mercedes C-Class,4,1200,35,11,0,0
513,GOX,Goa (Mopa),Amit Kumar,4.61,800,Executive Premium,Mercedes C-Class,4,1200,35,13,0,0
514,JRH,Jorhat,Suresh Patel,4.66,2157,Electric EV (Nexon/Tigor),Tata Nexon EV,4,400,16,4,1,0
515,BLR,Bengaluru,Vijay Reddy,4.69,1332,Executive Premium,Skoda Superb,4,1200,35,6,0,0
516,SIV,Sivasagar,Dinesh Pillai,4.86,2099,Sedan (Dzire/Etios),Hyundai Aura,4,350,14,10,0,0
517,BPI,Mayurbhanj,Rohan Mehta,4.64,941,Hatchback (WagonR),Tata Tiago,4,250,12,6,0,0
518,RKG,Durgapur,Santosh Kulkarni,4.53,2139,Airport Express Shuttle,Tata Winger Executive,12,180,8,4,0,1
519,GON,Gondia,Vikram Singh,4.92,365,SUV (Ertiga/Innova),Mahindra XUV700,6,650,20,4,0,0
520,DON,Bhadrak / Dhamra,Ramesh Verma,4.85,2176,Airport Express Shuttle,Force Traveller AC,12,180,8,13,0,1
521, سات,Satna,Deepak Joshi,4.92,805,Airport Express Shuttle,Tata Winger Executive,12,180,8,6,0,1
522,VDY,Vidyanagar / Ballari,Vijay Reddy,4.57,1728,Hatchback (WagonR),Maruti Suzuki WagonR,4,250,12,12,0,0
523,CHI,Chhindwara,Santosh Kulkarni,4.46,1813,Electric EV (Nexon/Tigor),Tata Nexon EV,4,400,16,3,1,0
524,IXR,Ranchi,Rahul Banerjee,4.65,678,Airport Express Shuttle,Force Traveller AC,12,180,8,6,0,1
525,JSA,Jaisalmer,Pankaj Das,4.42,784,Sedan (Dzire/Etios),Maruti Suzuki Dzire,4,350,14,7,0,0
526,CKU,Chakulia,Rajesh Sharma,4.84,2126,SUV (Ertiga/Innova),Maruti Ertiga,6,650,20,13,0,0
527,SXR,Srinagar,Harpreet Singh,4.45,1223,Airport Express Shuttle,Force Traveller AC,12,180,8,4,0,1
528,AMB,Ambikapur,Suresh Patel,4.45,917,Executive Premium,Mercedes C-Class,4,1200,35,14,0,0
529,MAA,Chennai,Harpreet Singh,4.57,258,Executive Premium,Toyota Camry Hybrid,4,1200,35,5,0,0
530,ROU,Rourkela,Amit Kumar,4.59,1062,SUV (Ertiga/Innova),Maruti Ertiga,6,650,20,4,0,0
531,CCU,Kolkata,Manoj Gupta,4.85,1315,SUV (Ertiga/Innova),Toyota Innova Crysta,6,650,20,5,0,0
532,NMN,Neemrana / Alwar,Sunil Yadav,4.64,853,Sedan (Dzire/Etios),Hyundai Aura,4,350,14,12,0,0
533,KARN,Karnal,Deepak Joshi,4.42,1483,Airport Express Shuttle,Force Traveller AC,12,180,8,3,0,1
534,PBF,Bilaspur,Vikram Singh,4.44,406,Executive Premium,Mercedes C-Class,4,1200,35,5,0,0
535,GOX,Goa (Mopa),Rohan Mehta,4.91,438,Airport Express Shuttle,Force Traveller AC,12,180,8,14,0,1
536,BLR,Bengaluru,Rahul Banerjee,4.52,1724,Electric EV (Nexon/Tigor),Tata Tigor EV,4,400,16,9,1,0
537,IXZ,Port Blair (Andaman),Sanjay Rao,4.5,1206,Electric EV (Nexon/Tigor),Tata Nexon EV,4,400,16,12,1,0
538,GAW,Guwahati,Sunil Yadav,4.61,878,SUV (Ertiga/Innova),Maruti Ertiga,6,650,20,4,0,0
539,COB,Cooch Behar,Mahesh Choudhary,4.46,752,Electric EV (Nexon/Tigor),Tata Tigor EV,4,400,16,4,1,0
540,OSB,Dharashiv,Rahul Banerjee,4.84,213,SUV (Ertiga/Innova),Mahindra XUV700,6,650,20,14,0,0
541,TRZ,Tiruchirappalli (Trichy),Amit Kumar,4.68,246,Airport Express Shuttle,Force Traveller AC,12,180,8,5,0,1
542,BPI,Mayurbhanj,Rajesh Sharma,4.64,1881,Airport Express Shuttle,Tata Winger Executive,12,180,8,5,0,1
543,PBF,Bilaspur,Sanjay Rao,4.82,2234,Airport Express Shuttle,Force Traveller AC,12,180,8,7,0,1
544,JHW,Jhalawar,Vikram Singh,4.55,350,Electric EV (Nexon/Tigor),MG ZS EV,4,400,16,6,1,0
545,ROU,Rourkela,Dinesh Pillai,4.61,1383,Sedan (Dzire/Etios),Toyota Etios,4,350,14,14,0,0
546,IXM,Madurai,Sanjay Rao,4.69,449,Sedan (Dzire/Etios),Toyota Etios,4,350,14,5,0,0
547,SLV,Shimla,Praveen Nair,4.72,1124,Sedan (Dzire/Etios),Hyundai Aura,4,350,14,13,0,0
548,BOK,Bokaro,Gaurav Tiwari,4.66,891,Sedan (Dzire/Etios),Toyota Etios,4,350,14,3,0,0
549,YTL,Yavatmal,Rahul Banerjee,4.91,1248,Hatchback (WagonR),Maruti Suzuki WagonR,4,250,12,7,0,0
550,JDH,Jodhpur,Rohan Mehta,4.57,317,Sedan (Dzire/Etios),Hyundai Aura,4,350,14,14,0,0
551,IXS,Silchar,Rajesh Sharma,4.63,1852,Electric EV (Nexon/Tigor),Tata Tigor EV,4,400,16,6,1,0
552,JRH,Jorhat,Ramesh Verma,4.52,1475,Sedan (Dzire/Etios),Hyundai Aura,4,350,14,12,0,0
553,TEZ,Tezpur,Vijay Reddy,4.79,433,Sedan (Dzire/Etios),Hyundai Aura,4,350,14,6,0,0
554,JGA,Jamnagar,Pankaj Das,4.65,804,Airport Express Shuttle,Tata Winger Executive,12,180,8,4,0,1
555,SAH,Saharanpur,Rohan Mehta,4.45,1997,Electric EV (Nexon/Tigor),Tata Nexon EV,4,400,16,7,1,0
556,KJB,Kurnool (Orvakal),Rahul Banerjee,4.81,1148,Hatchback (WagonR),Tata Tiago,4,250,12,6,0,0
557,RGD,Raigarh,Rahul Banerjee,4.82,1454,Executive Premium,Skoda Superb,4,1200,35,7,0,0
558,IXA,Agartala,Vijay Reddy,4.7,1350,Airport Express Shuttle,Force Traveller AC,12,180,8,8,0,1
559,KJB,Kurnool (Orvakal),Praveen Nair,4.76,368,Electric EV (Nexon/Tigor),Tata Nexon EV,4,400,16,9,1,0
560,HJR,Khajuraho,Dinesh Pillai,4.43,1556,Electric EV (Nexon/Tigor),Tata Tigor EV,4,400,16,6,1,0
561,AMH,Azamgarh,Vijay Reddy,4.43,259,Electric EV (Nexon/Tigor),MG ZS EV,4,400,16,8,1,0
562,BVC,Bhavnagar,Manoj Gupta,4.44,1455,Executive Premium,Skoda Superb,4,1200,35,14,0,0
563,SRA,Shravasti,Rajesh Sharma,4.88,2063,Executive Premium,Skoda Superb,4,1200,35,8,0,0
564,DGR,Deoghar,Rahul Banerjee,4.6,644,Sedan (Dzire/Etios),Maruti Suzuki Dzire,4,350,14,5,0,0
565,COK,Kochi,Suresh Patel,4.73,2060,SUV (Ertiga/Innova),Maruti Ertiga,6,650,20,13,0,0
566,AMR,Amravati,Dinesh Pillai,4.84,854,Electric EV (Nexon/Tigor),MG ZS EV,4,400,16,8,1,0
567,KAP,Kadapa,Anil Deshmukh,4.46,535,Executive Premium,Mercedes C-Class,4,1200,35,3,0,0
568,MOR,Moradabad,Sunil Yadav,4.42,2182,Airport Express Shuttle,Tata Winger Executive,12,180,8,10,0,1
569,BLT,Balurghat,Suresh Patel,4.88,262,Electric EV (Nexon/Tigor),Tata Nexon EV,4,400,16,8,1,0
570,JSA,Jaisalmer,Pankaj Das,4.88,1637,Executive Premium,Mercedes C-Class,4,1200,35,9,0,0
571,BID,Bidar,Santosh Kulkarni,4.55,1270,Sedan (Dzire/Etios),Maruti Suzuki Dzire,4,350,14,12,0,0
572,BHO,Bhopal,Rajesh Sharma,4.93,1477,SUV (Ertiga/Innova),Toyota Innova Crysta,6,650,20,8,0,0
573,GOX,Goa (Mopa),Praveen Nair,4.63,2101,Airport Express Shuttle,Force Traveller AC,12,180,8,5,0,1
574,SDW,Sindhudurg,Pankaj Das,4.89,1548,Electric EV (Nexon/Tigor),Tata Nexon EV,4,400,16,9,1,0
575,SIH,Sirohi,Rohan Mehta,4.86,951,Airport Express Shuttle,Tata Winger Executive,12,180,8,6,0,1
576,RPR,Raipur,Santosh Kulkarni,4.97,335,Executive Premium,Toyota Camry Hybrid,4,1200,35,9,0,0
577,KHA,Khandwa,Amit Kumar,4.5,936,Hatchback (WagonR),Maruti Suzuki WagonR,4,250,12,12,0,0
578,RMD,Ratnagiri,Sanjay Rao,4.45,351,SUV (Ertiga/Innova),Maruti Ertiga,6,650,20,5,0,0
579,KAP,Kadapa,Sanjay Rao,4.8,590,Executive Premium,Mercedes C-Class,4,1200,35,6,0,0
580,AYJ,Ayodhya,Santosh Kulkarni,4.93,766,Executive Premium,Mercedes C-Class,4,1200,35,3,0,0
581,CFH,Chitrakoot,Pankaj Das,4.88,611,Executive Premium,Mercedes C-Class,4,1200,35,13,0,0
582,VJZ,Bhogapuram / Vizianagaram,Deepak Joshi,4.79,1064,Sedan (Dzire/Etios),Hyundai Aura,4,350,14,7,0,0
583,IXL,Leh (Ladakh),Gaurav Tiwari,4.89,2345,Executive Premium,Toyota Camry Hybrid,4,1200,35,9,0,0
584,DIU,Diu,Praveen Nair,4.72,2340,Electric EV (Nexon/Tigor),Tata Nexon EV,4,400,16,10,1,0
585,HIR,Sambalpur,Santosh Kulkarni,4.52,1372,Hatchback (WagonR),Maruti Suzuki WagonR,4,250,12,5,0,0
586,OSB,Dharashiv,Dinesh Pillai,4.97,1670,Electric EV (Nexon/Tigor),Tata Nexon EV,4,400,16,9,1,0
587,IDR,Indore,Manoj Gupta,4.44,781,Executive Premium,Mercedes C-Class,4,1200,35,11,0,0
588,TEZU,Tezu,Dinesh Pillai,4.95,2141,Hatchback (WagonR),Tata Tiago,4,250,12,8,0,0
589,KAP,Kadapa,Vikram Singh,4.43,1222,Sedan (Dzire/Etios),Toyota Etios,4,350,14,5,0,0
590,VTZ,Visakhapatnam,Mahesh Choudhary,4.56,2275,Hatchback (WagonR),Maruti Suzuki WagonR,4,250,12,13,0,0
591,GWL,Gwalior,Praveen Nair,4.93,222,Airport Express Shuttle,Tata Winger Executive,12,180,8,12,0,1
592,JRG,Jharsuguda,Rohan Mehta,4.78,2164,Electric EV (Nexon/Tigor),Tata Nexon EV,4,400,16,12,1,0
593,VTZ,Visakhapatnam,Amit Kumar,4.96,251,Executive Premium,Mercedes C-Class,4,1200,35,9,0,0
594,KBK,Kushinagar,Pankaj Das,4.47,1774,SUV (Ertiga/Innova),Maruti Ertiga,6,650,20,11,0,0
595,DEL,New Delhi,Vijay Reddy,4.49,1042,Electric EV (Nexon/Tigor),Tata Tigor EV,4,400,16,5,1,0
596,SLV,Shimla,Vikram Singh,4.97,2010,Hatchback (WagonR),Maruti Suzuki WagonR,4,250,12,5,0,0
597,TRZ,Tiruchirappalli (Trichy),Rajesh Sharma,4.75,2000,Sedan (Dzire/Etios),Hyundai Aura,4,350,14,14,0,0
598,GAY,Gaya,Amit Kumar,4.56,480,Sedan (Dzire/Etios),Toyota Etios,4,350,14,9,0,0
599,DEL,New Delhi,Vikram Singh,4.77,1819,Executive Premium,Toyota Camry Hybrid,4,1200,35,14,0,0
600,KAI,Kailashahar,Mahesh Choudhary,4.64,1160,Electric EV (Nexon/Tigor),Tata Tigor EV,4,400,16,5,1,0
601,RJA,Rajahmundry,Deepak Joshi,4.61,1409,SUV (Ertiga/Innova),Maruti Ertiga,6,650,20,5,0,0
602,DON,Bhadrak / Dhamra,Harpreet Singh,4.81,1392,Electric EV (Nexon/Tigor),MG ZS EV,4,400,16,3,1,0
603,CCJ,Kozhikode (Calicut),Santosh Kulkarni,4.72,194,Sedan (Dzire/Etios),Hyundai Aura,4,350,14,13,0,0
604,KNU,Kanpur,Suresh Patel,4.57,1538,Sedan (Dzire/Etios),Maruti Suzuki Dzire,4,350,14,4,0,0
605,IXL,Leh (Ladakh),Rohan Mehta,4.8,634,Airport Express Shuttle,Force Traveller AC,12,180,8,13,0,1
606,NWP,Pithoragarh,Rahul Banerjee,4.46,727,Sedan (Dzire/Etios),Hyundai Aura,4,350,14,12,0,0
607,IXB,Siliguri / Bagdogra,Vijay Reddy,4.47,754,Executive Premium,Mercedes C-Class,4,1200,35,9,0,0
608,MRA,Noida / Jewar,Pankaj Das,4.46,1013,Hatchback (WagonR),Tata Tiago,4,250,12,7,0,0
609,IXR,Ranchi,Harpreet Singh,4.79,282,Executive Premium,Mercedes C-Class,4,1200,35,14,0,0
610,CHI,Chhindwara,Santosh Kulkarni,4.78,251,Airport Express Shuttle,Force Traveller AC,12,180,8,7,0,1
611,VDY,Vidyanagar / Ballari,Sunil Yadav,4.77,2369,Electric EV (Nexon/Tigor),Tata Tigor EV,4,400,16,14,1,0
612,KHA,Khandwa,Rohan Mehta,4.46,186,SUV (Ertiga/Innova),Mahindra XUV700,6,650,20,4,0,0
613, سات,Satna,Mahesh Choudhary,4.92,1308,SUV (Ertiga/Innova),Maruti Ertiga,6,650,20,11,0,0
614,GOI,Goa (Dabolim),Ramesh Verma,4.42,1173,SUV (Ertiga/Innova),Mahindra XUV700,6,650,20,8,0,0
615,RKG,Durgapur,Sunil Yadav,4.55,2308,Airport Express Shuttle,Tata Winger Executive,12,180,8,6,0,1
616,IXA,Agartala,Amit Kumar,4.51,95,Airport Express Shuttle,Force Traveller AC,12,180,8,4,0,1
617,AGX,Agatti Island (Lakshadweep),Harpreet Singh,4.71,165,Hatchback (WagonR),Hyundai i10,4,250,12,4,0,0
618,AKL,Akola,Harpreet Singh,4.65,938,Electric EV (Nexon/Tigor),Tata Tigor EV,4,400,16,11,1,0
619,SAH,Saharanpur,Mahesh Choudhary,4.95,199,Sedan (Dzire/Etios),Maruti Suzuki Dzire,4,350,14,5,0,0
620,IXB,Siliguri / Bagdogra,Sanjay Rao,4.59,625,Electric EV (Nexon/Tigor),Tata Nexon EV,4,400,16,3,1,0
621,MAL,Malda,Manoj Gupta,4.46,399,Sedan (Dzire/Etios),Maruti Suzuki Dzire,4,350,14,6,0,0
622,GAW,Guwahati,Harpreet Singh,4.66,1987,Sedan (Dzire/Etios),Hyundai Aura,4,350,14,13,0,0
623,BKN,Bikaner,Rohan Mehta,4.65,1454,Hatchback (WagonR),Tata Tiago,4,250,12,8,0,0
624,NVM,Navi Mumbai,Santosh Kulkarni,4.91,1088,Sedan (Dzire/Etios),Hyundai Aura,4,350,14,5,0,0
625,HSR,Rajkot,Vikram Singh,4.95,1731,Sedan (Dzire/Etios),Maruti Suzuki Dzire,4,350,14,11,0,0
626,LGP,Rupsi / Dhubri,Deepak Joshi,4.89,903,Electric EV (Nexon/Tigor),Tata Tigor EV,4,400,16,11,1,0
627,KHO,Khowai,Sanjay Rao,4.72,1874,SUV (Ertiga/Innova),Maruti Ertiga,6,650,20,9,0,0
628,LGP,Rupsi / Dhubri,Harpreet Singh,4.79,488,Electric EV (Nexon/Tigor),Tata Nexon EV,4,400,16,5,1,0
629,VJZ,Bhogapuram / Vizianagaram,Rahul Banerjee,4.43,1812,Sedan (Dzire/Etios),Maruti Suzuki Dzire,4,350,14,11,0,0
630,KHO,Khowai,Mahesh Choudhary,4.68,220,Hatchback (WagonR),Tata Tiago,4,250,12,11,0,0
631,COB,Cooch Behar,Amit Kumar,4.89,421,Sedan (Dzire/Etios),Toyota Etios,4,350,14,11,0,0
632,MOR,Moradabad,Rohan Mehta,4.47,633,Electric EV (Nexon/Tigor),Tata Nexon EV,4,400,16,12,1,0
633,DMU,Dimapur,Santosh Kulkarni,4.77,598,Airport Express Shuttle,Force Traveller AC,12,180,8,12,0,1
634,SXV,Shivamogga,Rohan Mehta,4.76,802,Airport Express Shuttle,Force Traveller AC,12,180,8,9,0,1
635,BPI,Mayurbhanj,Pankaj Das,4.94,2394,Hatchback (WagonR),Maruti Suzuki WagonR,4,250,12,10,0,0
636,DBR,Darbhanga,Amit Kumar,4.69,1587,Executive Premium,Mercedes C-Class,4,1200,35,9,0,0
637,CKU,Chakulia,Sanjay Rao,4.47,1899,Airport Express Shuttle,Force Traveller AC,12,180,8,14,0,1
638,HSS,Hisar,Rahul Banerjee,4.63,755,Sedan (Dzire/Etios),Maruti Suzuki Dzire,4,350,14,8,0,0
639,RKG,Durgapur,Mahesh Choudhary,4.79,667,Hatchback (WagonR),Tata Tiago,4,250,12,14,0,0
640,KAI,Kailashahar,Sanjay Rao,4.48,2353,SUV (Ertiga/Innova),Maruti Ertiga,6,650,20,7,0,0
641,LKO,Lucknow,Sunil Yadav,4.82,121,Hatchback (WagonR),Hyundai i10,4,250,12,11,0,0
642,IXC,Chandigarh,Pankaj Das,4.97,2195,SUV (Ertiga/Innova),Maruti Ertiga,6,650,20,10,0,0
643,RMD,Ratnagiri,Sunil Yadav,4.85,773,Hatchback (WagonR),Maruti Suzuki WagonR,4,250,12,13,0,0
644,BKN,Bikaner,Suresh Patel,4.59,446,Electric EV (Nexon/Tigor),MG ZS EV,4,400,16,14,1,0
645,TIR,Tirupati,Santosh Kulkarni,4.62,2012,SUV (Ertiga/Innova),Maruti Ertiga,6,650,20,3,0,0
646,NMN,Neemrana / Alwar,Vijay Reddy,4.48,131,Executive Premium,Toyota Camry Hybrid,4,1200,35,10,0,0
647,VTZ,Visakhapatnam,Rajesh Sharma,4.87,166,Electric EV (Nexon/Tigor),Tata Nexon EV,4,400,16,12,1,0
648,SIV,Sivasagar,Vijay Reddy,4.75,1800,Hatchback (WagonR),Hyundai i10,4,250,12,6,0,0
649,NEEM,Neemuch,Gaurav Tiwari,4.74,2099,Airport Express Shuttle,Tata Winger Executive,12,180,8,10,0,1
650,JRH,Jorhat,Sunil Yadav,4.89,2125,SUV (Ertiga/Innova),Mahindra XUV700,6,650,20,10,0,0
651,BOM,Mumbai,Dinesh Pillai,4.51,1432,SUV (Ertiga/Innova),Toyota Innova Crysta,6,650,20,7,0,0
652,SAG,Shirdi,Manoj Gupta,4.42,2313,Executive Premium,Skoda Superb,4,1200,35,11,0,0
653,DED,Dehradun,Ramesh Verma,4.72,2144,Sedan (Dzire/Etios),Toyota Etios,4,350,14,14,0,0
654,BKN,Bikaner,Suresh Patel,4.45,1678,Airport Express Shuttle,Tata Winger Executive,12,180,8,11,0,1
655,AGX,Agatti Island (Lakshadweep),Mahesh Choudhary,4.66,1502,Airport Express Shuttle,Tata Winger Executive,12,180,8,6,0,1
656,DGR,Deoghar,Manoj Gupta,4.54,1499,Hatchback (WagonR),Hyundai i10,4,250,12,14,0,0
657,KAP,Kadapa,Manoj Gupta,4.6,987,Airport Express Shuttle,Force Traveller AC,12,180,8,3,0,1
658,AMB,Ambikapur,Deepak Joshi,4.53,1656,Electric EV (Nexon/Tigor),MG ZS EV,4,400,16,6,1,0
659,IXD,Prayagraj (Allahabad),Deepak Joshi,4.42,232,Airport Express Shuttle,Force Traveller AC,12,180,8,5,0,1
660,PNY,Puducherry,Pankaj Das,4.46,1244,Sedan (Dzire/Etios),Maruti Suzuki Dzire,4,350,14,9,0,0
661,IXB,Siliguri / Bagdogra,Mahesh Choudhary,4.81,1115,Hatchback (WagonR),Maruti Suzuki WagonR,4,250,12,9,0,0
662,JDH,Jodhpur,Vijay Reddy,4.52,2350,Executive Premium,Skoda Superb,4,1200,35,7,0,0
663,MUZ,Muzaffarpur,Amit Kumar,4.67,678,Sedan (Dzire/Etios),Toyota Etios,4,350,14,14,0,0
664,JDH,Jodhpur,Amit Kumar,4.44,2391,Hatchback (WagonR),Hyundai i10,4,250,12,7,0,0
665,IXS,Silchar,Pankaj Das,4.79,881,Electric EV (Nexon/Tigor),Tata Nexon EV,4,400,16,4,1,0
666,CNN,Kannur,Deepak Joshi,4.41,1134,SUV (Ertiga/Innova),Maruti Ertiga,6,650,20,9,0,0
667,IXU,Chhatrapati Sambhaji Nagar (Aurangabad),Gaurav Tiwari,4.55,1461,Executive Premium,Mercedes C-Class,4,1200,35,9,0,0
668,GAY,Gaya,Sanjay Rao,4.74,2036,SUV (Ertiga/Innova),Toyota Innova Crysta,6,650,20,10,0,0
669,PBN,Parbhani,Vijay Reddy,4.47,769,Airport Express Shuttle,Tata Winger Executive,12,180,8,10,0,1
670,ZER,Ziro,Rahul Banerjee,4.62,1645,Executive Premium,Skoda Superb,4,1200,35,14,0,0
671,VJZ,Bhogapuram / Vizianagaram,Praveen Nair,4.59,1805,Executive Premium,Skoda Superb,4,1200,35,8,0,0
672,KQH,Ajmer / Kishangarh,Dinesh Pillai,4.46,2389,Executive Premium,Mercedes C-Class,4,1200,35,9,0,0
673,GOP,Ganjam / Gopalpur,Harpreet Singh,4.93,664,Hatchback (WagonR),Maruti Suzuki WagonR,4,250,12,6,0,0
674,IXU,Chhatrapati Sambhaji Nagar (Aurangabad),Amit Kumar,4.57,586,Sedan (Dzire/Etios),Toyota Etios,4,350,14,10,0,0
675,BHJ,Bhuj (Kutch),Harpreet Singh,4.57,91,Airport Express Shuttle,Force Traveller AC,12,180,8,6,0,1
676,MUZ,Muzaffarpur,Amit Kumar,4.8,1168,Hatchback (WagonR),Tata Tiago,4,250,12,4,0,0
677,PNQ,Pune,Deepak Joshi,4.55,2347,Airport Express Shuttle,Force Traveller AC,12,180,8,9,0,1
678,PAT,Patna,Praveen Nair,4.63,1576,Airport Express Shuttle,Force Traveller AC,12,180,8,6,0,1
679,IMF,Imphal,Ramesh Verma,4.82,912,Sedan (Dzire/Etios),Hyundai Aura,4,350,14,5,0,0
680,PNY,Puducherry,Vijay Reddy,4.68,2165,Electric EV (Nexon/Tigor),Tata Nexon EV,4,400,16,5,1,0
681,HBI,Itanagar,Suresh Patel,4.76,762,Executive Premium,Mercedes C-Class,4,1200,35,13,0,0
682,AMH,Azamgarh,Santosh Kulkarni,4.54,2274,SUV (Ertiga/Innova),Maruti Ertiga,6,650,20,6,0,0
683,ALD,Aligarh,Rahul Banerjee,4.69,784,Executive Premium,Mercedes C-Class,4,1200,35,6,0,0
684,GAY,Gaya,Vikram Singh,4.48,426,SUV (Ertiga/Innova),Toyota Innova Crysta,6,650,20,3,0,0
685, سات,Satna,Rahul Banerjee,4.54,548,Hatchback (WagonR),Hyundai i10,4,250,12,14,0,0
686,IXS,Silchar,Gaurav Tiwari,4.58,2327,Hatchback (WagonR),Tata Tiago,4,250,12,12,0,0
687,MYQ,Mysuru,Praveen Nair,4.49,1767,Electric EV (Nexon/Tigor),MG ZS EV,4,400,16,11,1,0
688,ZER,Ziro,Ramesh Verma,4.9,547,SUV (Ertiga/Innova),Toyota Innova Crysta,6,650,20,4,0,0
689,BPI,Mayurbhanj,Sanjay Rao,4.61,964,Hatchback (WagonR),Maruti Suzuki WagonR,4,250,12,5,0,0
690,NMN,Neemrana / Alwar,Suresh Patel,4.72,190,SUV (Ertiga/Innova),Mahindra XUV700,6,650,20,7,0,0
691,PNY,Puducherry,Rohan Mehta,4.47,677,Sedan (Dzire/Etios),Hyundai Aura,4,350,14,3,0,0
692,DGR,Deoghar,Rahul Banerjee,4.96,2184,Hatchback (WagonR),Tata Tiago,4,250,12,9,0,0
693,NMN,Neemrana / Alwar,Mahesh Choudhary,4.82,1535,Airport Express Shuttle,Force Traveller AC,12,180,8,4,0,1
694,BKN,Bikaner,Amit Kumar,4.58,796,Sedan (Dzire/Etios),Maruti Suzuki Dzire,4,350,14,5,0,0
695,PNQ,Pune,Ramesh Verma,4.86,1141,SUV (Ertiga/Innova),Maruti Ertiga,6,650,20,8,0,0
696,BDQ,Vadodara,Dinesh Pillai,4.69,1558,Hatchback (WagonR),Hyundai i10,4,250,12,3,0,0
697,SSE,Solapur,Gaurav Tiwari,4.69,85,SUV (Ertiga/Innova),Toyota Innova Crysta,6,650,20,10,0,0
698,GOP,Ganjam / Gopalpur,Sunil Yadav,4.75,604,Hatchback (WagonR),Maruti Suzuki WagonR,4,250,12,8,0,0
699,PUI,Purnea,Dinesh Pillai,4.61,203,Airport Express Shuttle,Force Traveller AC,12,180,8,11,0,1
700,IXG,Belagavi,Harpreet Singh,4.64,1962,Sedan (Dzire/Etios),Toyota Etios,4,350,14,11,0,0
701,SLV,Shimla,Harpreet Singh,4.64,1143,Airport Express Shuttle,Tata Winger Executive,12,180,8,3,0,1
702,IXY,Kandla,Rohan Mehta,4.59,435,Airport Express Shuttle,Force Traveller AC,12,180,8,7,0,1
703,AMB,Ambikapur,Rohan Mehta,4.96,1377,Sedan (Dzire/Etios),Toyota Etios,4,350,14,14,0,0
704,IXR,Ranchi,Amit Kumar,4.69,2343,Sedan (Dzire/Etios),Maruti Suzuki Dzire,4,350,14,14,0,0
705,BTH,Bettiah,Santosh Kulkarni,4.43,2123,Hatchback (WagonR),Maruti Suzuki WagonR,4,250,12,7,0,0
706,CHI,Chhindwara,Rohan Mehta,4.79,863,Sedan (Dzire/Etios),Maruti Suzuki Dzire,4,350,14,9,0,0
707,AGR,Agra,Rohan Mehta,4.93,1496,Executive Premium,Mercedes C-Class,4,1200,35,13,0,0
708,NPL,Narnaul,Rahul Banerjee,4.54,1018,SUV (Ertiga/Innova),Toyota Innova Crysta,6,650,20,14,0,0
709,HBI,Itanagar,Suresh Patel,4.81,2297,Airport Express Shuttle,Force Traveller AC,12,180,8,5,0,1
710,AGR,Agra,Amit Kumar,4.45,1545,Executive Premium,Mercedes C-Class,4,1200,35,4,0,0
711,KAP,Kadapa,Pankaj Das,4.66,1184,Electric EV (Nexon/Tigor),MG ZS EV,4,400,16,14,1,0
712,KUU,Kullu / Manali,Amit Kumar,4.83,846,Hatchback (WagonR),Maruti Suzuki WagonR,4,250,12,9,0,0
713,KHA,Khandwa,Rajesh Sharma,4.48,1084,Airport Express Shuttle,Force Traveller AC,12,180,8,4,0,1
714,VZY,Vijayawada,Suresh Patel,4.83,1661,Hatchback (WagonR),Maruti Suzuki WagonR,4,250,12,4,0,0
715,BHO,Bhopal,Rahul Banerjee,4.52,1737,Sedan (Dzire/Etios),Maruti Suzuki Dzire,4,350,14,4,0,0
716,SDW,Sindhudurg,Manoj Gupta,4.88,1532,Airport Express Shuttle,Force Traveller AC,12,180,8,13,0,1
717,ANK,Ankleshwar,Gaurav Tiwari,4.62,1324,Airport Express Shuttle,Force Traveller AC,12,180,8,8,0,1
718,PUI,Purnea,Vijay Reddy,4.78,997,Executive Premium,Mercedes C-Class,4,1200,35,13,0,0
719,RKG,Durgapur,Anil Deshmukh,4.82,866,Hatchback (WagonR),Tata Tiago,4,250,12,12,0,0
720,IXD,Prayagraj (Allahabad),Sunil Yadav,4.67,1957,SUV (Ertiga/Innova),Maruti Ertiga,6,650,20,8,0,0
721,LAT,Latur,Manoj Gupta,4.52,281,Sedan (Dzire/Etios),Maruti Suzuki Dzire,4,350,14,3,0,0
722,PBF,Bilaspur,Anil Deshmukh,4.55,165,Executive Premium,Mercedes C-Class,4,1200,35,11,0,0
723,JGD,Jagdalpur,Gaurav Tiwari,4.92,2339,SUV (Ertiga/Innova),Toyota Innova Crysta,6,650,20,6,0,0
724,IXJ,Jammu,Vijay Reddy,4.65,375,SUV (Ertiga/Innova),Maruti Ertiga,6,650,20,5,0,0
725,HSR,Rajkot,Pankaj Das,4.78,2139,Sedan (Dzire/Etios),Hyundai Aura,4,350,14,9,0,0
726,JSA,Jaisalmer,Harpreet Singh,4.76,1503,SUV (Ertiga/Innova),Mahindra XUV700,6,650,20,6,0,0
727,KUU,Kullu / Manali,Rajesh Sharma,4.55,2261,Executive Premium,Toyota Camry Hybrid,4,1200,35,8,0,0
728,PYB,Jeypore,Sanjay Rao,4.98,1962,Executive Premium,Skoda Superb,4,1200,35,7,0,0
729,BLR,Bengaluru,Rahul Banerjee,4.46,1359,Hatchback (WagonR),Hyundai i10,4,250,12,7,0,0
730,DHM,Dharamshala / Kangra,Harpreet Singh,4.54,1323,Sedan (Dzire/Etios),Toyota Etios,4,350,14,7,0,0
731,HYD,Hyderabad,Ramesh Verma,4.53,2021,Airport Express Shuttle,Force Traveller AC,12,180,8,10,0,1
732,JLG,Jalgaon,Rohan Mehta,4.43,434,Electric EV (Nexon/Tigor),Tata Nexon EV,4,400,16,7,1,0
733,BVC,Bhavnagar,Dinesh Pillai,4.42,1587,Airport Express Shuttle,Force Traveller AC,12,180,8,4,0,1
734,JLR,Jabalpur,Praveen Nair,4.6,382,Executive Premium,Skoda Superb,4,1200,35,6,0,0
735,HSR,Rajkot,Manoj Gupta,4.49,909,Hatchback (WagonR),Maruti Suzuki WagonR,4,250,12,12,0,0
736,REW,Rewa,Praveen Nair,4.65,159,Sedan (Dzire/Etios),Toyota Etios,4,350,14,10,0,0
737,HSR,Rajkot,Vikram Singh,4.93,710,Hatchback (WagonR),Maruti Suzuki WagonR,4,250,12,12,0,0
738,KUU,Kullu / Manali,Sunil Yadav,4.81,2321,Executive Premium,Mercedes C-Class,4,1200,35,8,0,0
739,BHO,Bhopal,Deepak Joshi,4.74,821,Electric EV (Nexon/Tigor),Tata Tigor EV,4,400,16,5,1,0
740,RGD,Raigarh,Gaurav Tiwari,4.85,737,Executive Premium,Toyota Camry Hybrid,4,1200,35,3,0,0
741,NWP,Pithoragarh,Anil Deshmukh,4.67,1785,Airport Express Shuttle,Tata Winger Executive,12,180,8,13,0,1
742,RKG,Durgapur,Anil Deshmukh,4.74,1430,Sedan (Dzire/Etios),Toyota Etios,4,350,14,10,0,0
743,SSE,Solapur,Rohan Mehta,4.48,362,Sedan (Dzire/Etios),Hyundai Aura,4,350,14,12,0,0
744,NWP,Pithoragarh,Harpreet Singh,4.63,574,Executive Premium,Mercedes C-Class,4,1200,35,8,0,0
745,RGD,Raigarh,Gaurav Tiwari,4.41,283,Hatchback (WagonR),Maruti Suzuki WagonR,4,250,12,12,0,0
746,IDR,Indore,Praveen Nair,4.85,1569,Airport Express Shuttle,Tata Winger Executive,12,180,8,8,0,1
747,AMD,Ahmedabad,Santosh Kulkarni,4.59,556,SUV (Ertiga/Innova),Mahindra XUV700,6,650,20,8,0,0
748,CJB,Coimbatore,Manoj Gupta,4.96,1016,Airport Express Shuttle,Tata Winger Executive,12,180,8,9,0,1
749,MOR,Moradabad,Sanjay Rao,4.47,2231,SUV (Ertiga/Innova),Toyota Innova Crysta,6,650,20,12,0,0
750,IXR,Ranchi,Praveen Nair,4.45,2241,Electric EV (Nexon/Tigor),Tata Tigor EV,4,400,16,12,1,0
751,WGC,Warangal,Pankaj Das,4.47,305,Electric EV (Nexon/Tigor),Tata Tigor EV,4,400,16,12,1,0
752,JRG,Jharsuguda,Gaurav Tiwari,4.42,905,Executive Premium,Toyota Camry Hybrid,4,1200,35,14,0,0
753,PAL,Pali,Mahesh Choudhary,4.93,1951,Sedan (Dzire/Etios),Toyota Etios,4,350,14,5,0,0
754,NVY,Neyveli,Harpreet Singh,4.71,1727,Electric EV (Nexon/Tigor),Tata Tigor EV,4,400,16,7,1,0
755,PBF,Bilaspur,Vikram Singh,4.96,2102,Executive Premium,Toyota Camry Hybrid,4,1200,35,6,0,0
756,BDQ,Vadodara,Ramesh Verma,4.68,2067,Executive Premium,Skoda Superb,4,1200,35,9,0,0
757,AMRE,Amreli,Vikram Singh,4.57,287,SUV (Ertiga/Innova),Maruti Ertiga,6,650,20,12,0,0
758,COB,Cooch Behar,Sanjay Rao,4.79,542,Electric EV (Nexon/Tigor),Tata Tigor EV,4,400,16,12,1,0
759,CKU,Chakulia,Rahul Banerjee,4.77,2392,SUV (Ertiga/Innova),Mahindra XUV700,6,650,20,10,0,0
760,SIH,Sirohi,Deepak Joshi,4.72,923,Sedan (Dzire/Etios),Hyundai Aura,4,350,14,7,0,0
761,AJL,Aizawl,Pankaj Das,4.67,1873,Electric EV (Nexon/Tigor),MG ZS EV,4,400,16,6,1,0
762,SIH,Sirohi,Harpreet Singh,4.77,521,Airport Express Shuttle,Tata Winger Executive,12,180,8,14,0,1
763,HIR,Sambalpur,Sanjay Rao,4.65,2208,SUV (Ertiga/Innova),Mahindra XUV700,6,650,20,10,0,0
764,LGP,Rupsi / Dhubri,Rahul Banerjee,4.74,2007,Hatchback (WagonR),Maruti Suzuki WagonR,4,250,12,12,0,0
765,JRG,Jharsuguda,Vikram Singh,4.45,451,Sedan (Dzire/Etios),Maruti Suzuki Dzire,4,350,14,8,0,0
766,IXS,Silchar,Suresh Patel,4.55,811,SUV (Ertiga/Innova),Maruti Ertiga,6,650,20,3,0,0
767,RAT,Ratlam,Sanjay Rao,4.96,1558,Hatchback (WagonR),Maruti Suzuki WagonR,4,250,12,9,0,0
768,LUD,Ludhiana,Amit Kumar,4.47,542,Hatchback (WagonR),Maruti Suzuki WagonR,4,250,12,7,0,0
769,NAG,Nagpur,Anil Deshmukh,4.7,1478,Electric EV (Nexon/Tigor),Tata Nexon EV,4,400,16,6,1,0
770,KBK,Kushinagar,Santosh Kulkarni,4.81,1986,Sedan (Dzire/Etios),Hyundai Aura,4,350,14,9,0,0
771,VZY,Vijayawada,Pankaj Das,4.69,1130,Electric EV (Nexon/Tigor),Tata Nexon EV,4,400,16,6,1,0
772,IXY,Kandla,Sanjay Rao,4.89,83,SUV (Ertiga/Innova),Mahindra XUV700,6,650,20,13,0,0
773,PUR,Purulia,Anil Deshmukh,4.55,1573,Sedan (Dzire/Etios),Toyota Etios,4,350,14,3,0,0
774,TCR,Thoothukudi (Tuticorin),Anil Deshmukh,4.48,2202,Sedan (Dzire/Etios),Maruti Suzuki Dzire,4,350,14,7,0,0
775,ATQ,Amritsar,Manoj Gupta,4.87,1515,Airport Express Shuttle,Tata Winger Executive,12,180,8,9,0,1
776,LAT,Latur,Praveen Nair,4.58,1750,SUV (Ertiga/Innova),Mahindra XUV700,6,650,20,8,0,0
777,ROU,Rourkela,Sunil Yadav,4.85,1210,Executive Premium,Toyota Camry Hybrid,4,1200,35,8,0,0
778,TEZU,Tezu,Suresh Patel,4.53,402,Airport Express Shuttle,Force Traveller AC,12,180,8,14,0,1
779,COK,Kochi,Praveen Nair,4.54,173,Hatchback (WagonR),Maruti Suzuki WagonR,4,250,12,13,0,0
780,NPL,Narnaul,Pankaj Das,4.43,699,Executive Premium,Toyota Camry Hybrid,4,1200,35,6,0,0
781,VTZ,Visakhapatnam,Anil Deshmukh,4.86,946,Executive Premium,Skoda Superb,4,1200,35,9,0,0
782,RMD,Ratnagiri,Rohan Mehta,4.67,1129,Airport Express Shuttle,Force Traveller AC,12,180,8,14,0,1
783,IXR,Ranchi,Santosh Kulkarni,4.94,694,Executive Premium,Skoda Superb,4,1200,35,5,0,0
784,AKL,Akola,Praveen Nair,4.43,395,SUV (Ertiga/Innova),Mahindra XUV700,6,650,20,10,0,0
785,KAR,Karad / Satara,Deepak Joshi,4.43,397,Sedan (Dzire/Etios),Maruti Suzuki Dzire,4,350,14,12,0,0
786,KAM,Kamalpur,Mahesh Choudhary,4.82,1901,Executive Premium,Mercedes C-Class,4,1200,35,5,0,0
787,SAG,Shirdi,Rajesh Sharma,4.66,1324,Electric EV (Nexon/Tigor),Tata Tigor EV,4,400,16,11,1,0
788,GOI,Goa (Dabolim),Sunil Yadav,4.68,1098,Airport Express Shuttle,Tata Winger Executive,12,180,8,5,0,1
789,CKU,Chakulia,Harpreet Singh,4.87,273,Hatchback (WagonR),Maruti Suzuki WagonR,4,250,12,12,0,0
790,VDY,Vidyanagar / Ballari,Deepak Joshi,4.81,1014,Electric EV (Nexon/Tigor),Tata Nexon EV,4,400,16,8,1,0
791,IXB,Siliguri / Bagdogra,Anil Deshmukh,4.82,1473,Sedan (Dzire/Etios),Toyota Etios,4,350,14,10,0,0
792,SLV,Shimla,Anil Deshmukh,4.58,1554,Executive Premium,Skoda Superb,4,1200,35,6,0,0
793,KAM,Kamalpur,Manoj Gupta,4.86,1495,SUV (Ertiga/Innova),Mahindra XUV700,6,650,20,7,0,0
794,COB,Cooch Behar,Rohan Mehta,4.77,154,Airport Express Shuttle,Force Traveller AC,12,180,8,14,0,1
795,RGD,Raigarh,Gaurav Tiwari,4.51,1043,Hatchback (WagonR),Tata Tiago,4,250,12,4,0,0
796,VDY,Vidyanagar / Ballari,Santosh Kulkarni,4.81,166,Airport Express Shuttle,Tata Winger Executive,12,180,8,6,0,1
797,KUU,Kullu / Manali,Amit Kumar,4.55,731,Executive Premium,Skoda Superb,4,1200,35,12,0,0
798,CNN,Kannur,Deepak Joshi,4.97,1427,Sedan (Dzire/Etios),Maruti Suzuki Dzire,4,350,14,14,0,0
799,DHM,Dharamshala / Kangra,Harpreet Singh,4.45,1492,Airport Express Shuttle,Force Traveller AC,12,180,8,13,0,1
800,AMB,Ambikapur,Anil Deshmukh,4.47,1878,Executive Premium,Toyota Camry Hybrid,4,1200,35,13,0,0
801,HBI,Itanagar,Gaurav Tiwari,4.92,1367,Executive Premium,Skoda Superb,4,1200,35,3,0,0
802,KAP,Kadapa,Vikram Singh,4.46,1244,SUV (Ertiga/Innova),Toyota Innova Crysta,6,650,20,9,0,0
803,KARN,Karnal,Sunil Yadav,4.54,708,Executive Premium,Mercedes C-Class,4,1200,35,9,0,0
804,JDH,Jodhpur,Santosh Kulkarni,4.83,1034,Sedan (Dzire/Etios),Hyundai Aura,4,350,14,4,0,0
805,TEZU,Tezu,Rahul Banerjee,4.89,2231,Sedan (Dzire/Etios),Hyundai Aura,4,350,14,11,0,0
806,MOR,Moradabad,Rohan Mehta,4.78,1715,Electric EV (Nexon/Tigor),Tata Nexon EV,4,400,16,11,1,0
807,PNQ,Pune,Dinesh Pillai,4.59,1245,Electric EV (Nexon/Tigor),Tata Tigor EV,4,400,16,9,1,0
808,CHI,Chhindwara,Rohan Mehta,4.73,1883,Executive Premium,Skoda Superb,4,1200,35,4,0,0
809,HYD,Hyderabad,Harpreet Singh,4.45,1180,Electric EV (Nexon/Tigor),MG ZS EV,4,400,16,3,1,0
810,NDC,Nanded,Santosh Kulkarni,4.87,376,Sedan (Dzire/Etios),Maruti Suzuki Dzire,4,350,14,9,0,0
811,IXG,Belagavi,Deepak Joshi,4.59,1544,SUV (Ertiga/Innova),Mahindra XUV700,6,650,20,8,0,0
812,IMF,Imphal,Santosh Kulkarni,4.87,591,Airport Express Shuttle,Force Traveller AC,12,180,8,10,0,1
813,SAG,Shirdi,Ramesh Verma,4.6,306,Sedan (Dzire/Etios),Hyundai Aura,4,350,14,10,0,0
814, سات,Satna,Dinesh Pillai,4.53,1811,Hatchback (WagonR),Hyundai i10,4,250,12,5,0,0
815,GON,Gondia,Suresh Patel,4.72,827,Airport Express Shuttle,Tata Winger Executive,12,180,8,11,0,1
816,NMN,Neemrana / Alwar,Rajesh Sharma,4.78,389,Sedan (Dzire/Etios),Hyundai Aura,4,350,14,12,0,0
817,IXW,Jamshedpur,Rohan Mehta,4.63,423,Executive Premium,Toyota Camry Hybrid,4,1200,35,14,0,0
818,JAI,Jaipur,Dinesh Pillai,4.59,1050,Airport Express Shuttle,Force Traveller AC,12,180,8,8,0,1
819,NDC,Nanded,Vijay Reddy,4.87,747,SUV (Ertiga/Innova),Toyota Innova Crysta,6,650,20,4,0,0
820,IXT,Pasighat,Gaurav Tiwari,4.91,1299,Airport Express Shuttle,Tata Winger Executive,12,180,8,3,0,1
821,RGD,Raigarh,Santosh Kulkarni,4.65,437,Sedan (Dzire/Etios),Hyundai Aura,4,350,14,10,0,0
822,SXR,Srinagar,Sunil Yadav,4.87,603,Executive Premium,Skoda Superb,4,1200,35,5,0,0
823,GOI,Goa (Dabolim),Pankaj Das,4.82,1334,Electric EV (Nexon/Tigor),MG ZS EV,4,400,16,4,1,0
824,LGP,Rupsi / Dhubri,Amit Kumar,4.61,1000,Airport Express Shuttle,Tata Winger Executive,12,180,8,13,0,1
825,VTZ,Visakhapatnam,Amit Kumar,4.58,1561,Airport Express Shuttle,Force Traveller AC,12,180,8,3,0,1
826,JRH,Jorhat,Mahesh Choudhary,4.85,310,Hatchback (WagonR),Tata Tiago,4,250,12,13,0,0
827,DHM,Dharamshala / Kangra,Harpreet Singh,4.66,2372,Hatchback (WagonR),Hyundai i10,4,250,12,3,0,0
828,LGP,Rupsi / Dhubri,Ramesh Verma,4.51,358,SUV (Ertiga/Innova),Mahindra XUV700,6,650,20,3,0,0
829,HBX,Hubballi / Dharwad,Rajesh Sharma,4.67,976,Executive Premium,Toyota Camry Hybrid,4,1200,35,8,0,0
830,IXJ,Jammu,Suresh Patel,4.68,724,Sedan (Dzire/Etios),Hyundai Aura,4,350,14,3,0,0
831,PBN,Parbhani,Gaurav Tiwari,4.61,394,Electric EV (Nexon/Tigor),Tata Nexon EV,4,400,16,8,1,0
832,BAR,Baramati,Rahul Banerjee,4.83,1869,Electric EV (Nexon/Tigor),Tata Tigor EV,4,400,16,12,1,0
833,UTL,Barmer,Mahesh Choudhary,4.5,2115,Electric EV (Nexon/Tigor),Tata Nexon EV,4,400,16,13,1,0
834,AMH,Azamgarh,Suresh Patel,4.72,878,SUV (Ertiga/Innova),Mahindra XUV700,6,650,20,8,0,0
835,IXJ,Jammu,Rajesh Sharma,4.79,396,SUV (Ertiga/Innova),Maruti Ertiga,6,650,20,10,0,0
836,HYD,Hyderabad,Santosh Kulkarni,4.81,1106,Airport Express Shuttle,Force Traveller AC,12,180,8,12,0,1
837,SWM,Ranthambore / Sawai Madhopur,Vijay Reddy,4.97,958,Executive Premium,Mercedes C-Class,4,1200,35,14,0,0
838,MZS,Sonbhadra,Manoj Gupta,4.74,1344,Sedan (Dzire/Etios),Maruti Suzuki Dzire,4,350,14,10,0,0
839,SNE,Singrauli,Sanjay Rao,4.48,2391,SUV (Ertiga/Innova),Toyota Innova Crysta,6,650,20,11,0,0
840,BDQ,Vadodara,Rahul Banerjee,4.48,2333,Electric EV (Nexon/Tigor),Tata Tigor EV,4,400,16,4,1,0
841,GON,Gondia,Vikram Singh,4.83,1101,Sedan (Dzire/Etios),Toyota Etios,4,350,14,14,0,0
842,KHA,Khandwa,Anil Deshmukh,4.93,345,Hatchback (WagonR),Tata Tiago,4,250,12,12,0,0
843,RPR,Raipur,Amit Kumar,4.76,1564,Airport Express Shuttle,Force Traveller AC,12,180,8,14,0,1
844,MEH,Mehsana,Vikram Singh,4.81,770,Hatchback (WagonR),Hyundai i10,4,250,12,9,0,0
845,KHO,Khowai,Manoj Gupta,4.93,596,Hatchback (WagonR),Tata Tiago,4,250,12,11,0,0
846,SDW,Sindhudurg,Amit Kumar,4.9,2132,Electric EV (Nexon/Tigor),Tata Tigor EV,4,400,16,13,1,0
847,SAG,Shirdi,Anil Deshmukh,4.74,215,Airport Express Shuttle,Force Traveller AC,12,180,8,8,0,1
848,AYJ,Ayodhya,Vikram Singh,4.88,2284,SUV (Ertiga/Innova),Toyota Innova Crysta,6,650,20,13,0,0
849,RGD,Raigarh,Deepak Joshi,4.88,2157,Hatchback (WagonR),Tata Tiago,4,250,12,9,0,0
850,NVM,Navi Mumbai,Sunil Yadav,4.8,1512,Hatchback (WagonR),Tata Tiago,4,250,12,7,0,0
851,BLR,Bengaluru,Suresh Patel,4.74,2259,Sedan (Dzire/Etios),Hyundai Aura,4,350,14,12,0,0
852,PINJ,Panchkula / Pinjore,Sunil Yadav,4.64,1291,Executive Premium,Skoda Superb,4,1200,35,14,0,0
853,GOP,Ganjam / Gopalpur,Sanjay Rao,4.47,590,Executive Premium,Toyota Camry Hybrid,4,1200,35,4,0,0
854,HYD,Hyderabad,Sunil Yadav,4.69,2139,Airport Express Shuttle,Tata Winger Executive,12,180,8,6,0,1
855,CHI,Chhindwara,Rahul Banerjee,4.85,2160,SUV (Ertiga/Innova),Maruti Ertiga,6,650,20,14,0,0
856,DED,Dehradun,Manoj Gupta,4.98,1516,Electric EV (Nexon/Tigor),Tata Tigor EV,4,400,16,4,1,0
857,BHO,Bhopal,Mahesh Choudhary,4.57,1831,Executive Premium,Toyota Camry Hybrid,4,1200,35,11,0,0
858,REW,Rewa,Sanjay Rao,4.48,1393,Electric EV (Nexon/Tigor),MG ZS EV,4,400,16,7,1,0
859,JDH,Jodhpur,Dinesh Pillai,4.41,814,Executive Premium,Mercedes C-Class,4,1200,35,8,0,0
860,IDR,Indore,Manoj Gupta,4.77,1727,Sedan (Dzire/Etios),Toyota Etios,4,350,14,5,0,0
861,UTK,Kalahandi / Utkela,Rohan Mehta,4.96,252,Electric EV (Nexon/Tigor),Tata Tigor EV,4,400,16,13,1,0
862,MYQ,Mysuru,Suresh Patel,4.84,259,Airport Express Shuttle,Force Traveller AC,12,180,8,4,0,1
863,CKU,Chakulia,Manoj Gupta,4.78,339,Electric EV (Nexon/Tigor),MG ZS EV,4,400,16,9,1,0
864,LKO,Lucknow,Gaurav Tiwari,4.8,1753,Executive Premium,Skoda Superb,4,1200,35,4,0,0
865,BOM,Mumbai,Vijay Reddy,4.49,2149,Hatchback (WagonR),Tata Tiago,4,250,12,11,0,0
866,KAP,Kadapa,Anil Deshmukh,4.53,1436,Executive Premium,Skoda Superb,4,1200,35,3,0,0
867,ISK,Nashik,Anil Deshmukh,4.64,1326,Sedan (Dzire/Etios),Hyundai Aura,4,350,14,14,0,0
868,GWL,Gwalior,Santosh Kulkarni,4.59,1481,Executive Premium,Skoda Superb,4,1200,35,14,0,0
869,BAR,Baramati,Amit Kumar,4.96,329,Electric EV (Nexon/Tigor),Tata Tigor EV,4,400,16,14,1,0
870,BHO,Bhopal,Pankaj Das,4.72,324,Airport Express Shuttle,Force Traveller AC,12,180,8,14,0,1
871,KBK,Kushinagar,Mahesh Choudhary,4.89,1964,Sedan (Dzire/Etios),Toyota Etios,4,350,14,5,0,0
872,ALD,Aligarh,Anil Deshmukh,4.62,2130,Sedan (Dzire/Etios),Hyundai Aura,4,350,14,14,0,0
873,CNN,Kannur,Suresh Patel,4.8,1251,SUV (Ertiga/Innova),Toyota Innova Crysta,6,650,20,3,0,0
874,AGR,Agra,Rajesh Sharma,4.62,670,Airport Express Shuttle,Tata Winger Executive,12,180,8,5,0,1
875,KOR,Koraput,Sanjay Rao,4.46,2043,Electric EV (Nexon/Tigor),Tata Nexon EV,4,400,16,7,1,0
876,VZY,Vijayawada,Suresh Patel,4.77,2376,Electric EV (Nexon/Tigor),Tata Nexon EV,4,400,16,12,1,0
877,PAL,Pali,Mahesh Choudhary,4.66,1690,Airport Express Shuttle,Force Traveller AC,12,180,8,12,0,1
878,AJL,Aizawl,Suresh Patel,4.86,381,SUV (Ertiga/Innova),Maruti Ertiga,6,650,20,8,0,0
879,AYJ,Ayodhya,Suresh Patel,4.79,1261,Airport Express Shuttle,Tata Winger Executive,12,180,8,6,0,1
880,GOP,Ganjam / Gopalpur,Vijay Reddy,4.48,1187,Airport Express Shuttle,Force Traveller AC,12,180,8,8,0,1
881,DHM,Dharamshala / Kangra,Santosh Kulkarni,4.78,223,Sedan (Dzire/Etios),Toyota Etios,4,350,14,9,0,0
882,BLR,Bengaluru,Rajesh Sharma,4.79,1885,SUV (Ertiga/Innova),Toyota Innova Crysta,6,650,20,3,0,0
883,SNE,Singrauli,Vikram Singh,4.58,1641,Electric EV (Nexon/Tigor),MG ZS EV,4,400,16,8,1,0
884,PUI,Purnea,Amit Kumar,4.96,1659,Executive Premium,Toyota Camry Hybrid,4,1200,35,14,0,0
885,JLG,Jalgaon,Rohan Mehta,4.81,1295,Airport Express Shuttle,Force Traveller AC,12,180,8,12,0,1
886,KUU,Kullu / Manali,Santosh Kulkarni,4.95,2151,Executive Premium,Skoda Superb,4,1200,35,6,0,0
887,KQH,Ajmer / Kishangarh,Vijay Reddy,4.95,1809,SUV (Ertiga/Innova),Maruti Ertiga,6,650,20,14,0,0
888,JGA,Jamnagar,Anil Deshmukh,4.53,1387,Airport Express Shuttle,Force Traveller AC,12,180,8,3,0,1
889,KUU,Kullu / Manali,Suresh Patel,4.57,2282,Hatchback (WagonR),Tata Tiago,4,250,12,13,0,0
890,NPL,Narnaul,Sanjay Rao,4.74,1947,Airport Express Shuttle,Force Traveller AC,12,180,8,13,0,1
891,VTZ,Visakhapatnam,Sunil Yadav,4.53,80,Sedan (Dzire/Etios),Maruti Suzuki Dzire,4,350,14,11,0,0
892,UDR,Udaipur,Anil Deshmukh,4.69,2125,Executive Premium,Toyota Camry Hybrid,4,1200,35,5,0,0
893,BKN,Bikaner,Rahul Banerjee,4.57,1427,Hatchback (WagonR),Tata Tiago,4,250,12,3,0,0
894,HJR,Khajuraho,Sunil Yadav,4.55,305,SUV (Ertiga/Innova),Maruti Ertiga,6,650,20,14,0,0
895,GON,Gondia,Ramesh Verma,4.67,782,Electric EV (Nexon/Tigor),Tata Nexon EV,4,400,16,5,1,0
896,SXV,Shivamogga,Vikram Singh,4.87,1077,Sedan (Dzire/Etios),Maruti Suzuki Dzire,4,350,14,11,0,0
897,NVM,Navi Mumbai,Rajesh Sharma,4.68,1466,Sedan (Dzire/Etios),Toyota Etios,4,350,14,10,0,0
898,TEZU,Tezu,Sunil Yadav,4.54,1303,Hatchback (WagonR),Hyundai i10,4,250,12,10,0,0
899,SIV,Sivasagar,Sanjay Rao,4.8,2292,Electric EV (Nexon/Tigor),MG ZS EV,4,400,16,3,1,0
900,HBI,Itanagar,Amit Kumar,4.95,144,Airport Express Shuttle,Force Traveller AC,12,180,8,13,0,1
901,CCJ,Kozhikode (Calicut),Gaurav Tiwari,4.52,1510,Electric EV (Nexon/Tigor),Tata Nexon EV,4,400,16,10,1,0
902,ROU,Rourkela,Sunil Yadav,4.91,1124,Hatchback (WagonR),Hyundai i10,4,250,12,5,0,0
903,JLR,Jabalpur,Harpreet Singh,4.43,127,Executive Premium,Skoda Superb,4,1200,35,3,0,0
904,AKL,Akola,Amit Kumar,4.4,1272,SUV (Ertiga/Innova),Mahindra XUV700,6,650,20,4,0,0
905,PBN,Parbhani,Rohan Mehta,4.61,1626,Hatchback (WagonR),Tata Tiago,4,250,12,6,0,0
906,BHJ,Bhuj (Kutch),Anil Deshmukh,4.84,2327,Airport Express Shuttle,Tata Winger Executive,12,180,8,8,0,1
907,PBN,Parbhani,Mahesh Choudhary,4.96,1281,Electric EV (Nexon/Tigor),MG ZS EV,4,400,16,10,1,0
908,ANK,Ankleshwar,Rajesh Sharma,4.98,239,Hatchback (WagonR),Tata Tiago,4,250,12,13,0,0
909,HBI,Itanagar,Amit Kumar,4.47,2294,Hatchback (WagonR),Hyundai i10,4,250,12,9,0,0
910,DEL,New Delhi,Pankaj Das,4.77,1629,Sedan (Dzire/Etios),Hyundai Aura,4,350,14,10,0,0
911,IXP,Pathankot,Anil Deshmukh,4.62,553,Airport Express Shuttle,Force Traveller AC,12,180,8,5,0,1
912,SHL,Shillong,Sunil Yadav,4.74,261,Electric EV (Nexon/Tigor),Tata Nexon EV,4,400,16,13,1,0
913,NPL,Narnaul,Sanjay Rao,4.61,509,Sedan (Dzire/Etios),Toyota Etios,4,350,14,3,0,0
914,KNU,Kanpur,Sunil Yadav,4.83,311,SUV (Ertiga/Innova),Toyota Innova Crysta,6,650,20,8,0,0
915,VDY,Vidyanagar / Ballari,Suresh Patel,4.65,1789,Sedan (Dzire/Etios),Toyota Etios,4,350,14,11,0,0
916,PBN,Parbhani,Mahesh Choudhary,4.71,792,Sedan (Dzire/Etios),Maruti Suzuki Dzire,4,350,14,11,0,0
917,HSR,Rajkot,Vijay Reddy,4.96,154,SUV (Ertiga/Innova),Mahindra XUV700,6,650,20,12,0,0
918,HZD,Hazaribagh,Harpreet Singh,4.41,365,Executive Premium,Skoda Superb,4,1200,35,13,0,0
919,HBX,Hubballi / Dharwad,Suresh Patel,4.45,474,Airport Express Shuttle,Force Traveller AC,12,180,8,14,0,1
920,IXA,Agartala,Sunil Yadav,4.97,1604,Hatchback (WagonR),Hyundai i10,4,250,12,14,0,0
921,IMF,Imphal,Santosh Kulkarni,4.89,578,Hatchback (WagonR),Hyundai i10,4,250,12,3,0,0
922,NMN,Neemrana / Alwar,Harpreet Singh,4.65,2311,Airport Express Shuttle,Force Traveller AC,12,180,8,14,0,1
923,DBR,Darbhanga,Dinesh Pillai,4.7,315,Airport Express Shuttle,Tata Winger Executive,12,180,8,11,0,1
924,BID,Bidar,Harpreet Singh,4.72,1919,Executive Premium,Skoda Superb,4,1200,35,8,0,0
925,MEH,Mehsana,Praveen Nair,4.98,800,Executive Premium,Toyota Camry Hybrid,4,1200,35,10,0,0
926,BLT,Balurghat,Dinesh Pillai,4.85,1265,SUV (Ertiga/Innova),Toyota Innova Crysta,6,650,20,6,0,0
927,JAI,Jaipur,Sunil Yadav,4.93,2197,Executive Premium,Toyota Camry Hybrid,4,1200,35,3,0,0
928,MRA,Noida / Jewar,Rahul Banerjee,4.61,711,Sedan (Dzire/Etios),Hyundai Aura,4,350,14,14,0,0
929,UTK,Kalahandi / Utkela,Sanjay Rao,4.51,2282,Electric EV (Nexon/Tigor),Tata Nexon EV,4,400,16,14,1,0
930,BBI,Bhubaneswar,Harpreet Singh,4.76,244,Electric EV (Nexon/Tigor),Tata Tigor EV,4,400,16,7,1,0
931,TCR,Thoothukudi (Tuticorin),Vijay Reddy,4.76,519,Electric EV (Nexon/Tigor),Tata Nexon EV,4,400,16,8,1,0
932,IXE,Mangaluru,Rajesh Sharma,4.47,945,SUV (Ertiga/Innova),Maruti Ertiga,6,650,20,6,0,0
933,NMN,Neemrana / Alwar,Suresh Patel,4.42,973,Electric EV (Nexon/Tigor),Tata Nexon EV,4,400,16,14,1,0
934,ATQ,Amritsar,Amit Kumar,4.51,579,SUV (Ertiga/Innova),Mahindra XUV700,6,650,20,9,0,0
935,STV,Surat,Gaurav Tiwari,4.91,2305,Electric EV (Nexon/Tigor),Tata Nexon EV,4,400,16,4,1,0
936,HZD,Hazaribagh,Dinesh Pillai,4.48,326,Sedan (Dzire/Etios),Maruti Suzuki Dzire,4,350,14,6,0,0
937,ZER,Ziro,Suresh Patel,4.66,1334,SUV (Ertiga/Innova),Maruti Ertiga,6,650,20,7,0,0
938,BKN,Bikaner,Harpreet Singh,4.75,1585,Sedan (Dzire/Etios),Maruti Suzuki Dzire,4,350,14,9,0,0
939,KNU,Kanpur,Vikram Singh,4.49,2112,SUV (Ertiga/Innova),Mahindra XUV700,6,650,20,5,0,0
940,KNU,Kanpur,Pankaj Das,4.74,496,Executive Premium,Mercedes C-Class,4,1200,35,9,0,0
941,TIR,Tirupati,Vikram Singh,4.55,807,Executive Premium,Skoda Superb,4,1200,35,10,0,0
942,CCJ,Kozhikode (Calicut),Manoj Gupta,4.65,1883,Executive Premium,Skoda Superb,4,1200,35,11,0,0
943,BID,Bidar,Harpreet Singh,4.61,1581,Electric EV (Nexon/Tigor),MG ZS EV,4,400,16,6,1,0
944,SXR,Srinagar,Vijay Reddy,4.68,89,Executive Premium,Skoda Superb,4,1200,35,14,0,0
945,AGX,Agatti Island (Lakshadweep),Harpreet Singh,4.82,293,Executive Premium,Skoda Superb,4,1200,35,3,0,0
946,DIU,Diu,Deepak Joshi,4.93,381,Electric EV (Nexon/Tigor),Tata Nexon EV,4,400,16,4,1,0
947,DON,Bhadrak / Dhamra,Praveen Nair,4.75,1306,Electric EV (Nexon/Tigor),MG ZS EV,4,400,16,13,1,0
948,JHW,Jhalawar,Gaurav Tiwari,4.64,1288,Airport Express Shuttle,Force Traveller AC,12,180,8,3,0,1
949,MRA,Noida / Jewar,Sunil Yadav,4.76,353,Executive Premium,Mercedes C-Class,4,1200,35,11,0,0
950,JSA,Jaisalmer,Suresh Patel,4.52,679,Airport Express Shuttle,Force Traveller AC,12,180,8,8,0,1
951,BAR,Baramati,Amit Kumar,4.64,1705,Executive Premium,Toyota Camry Hybrid,4,1200,35,4,0,0
952,ALD,Aligarh,Suresh Patel,4.95,688,Executive Premium,Skoda Superb,4,1200,35,7,0,0
953,JRH,Jorhat,Gaurav Tiwari,4.73,2310,Hatchback (WagonR),Hyundai i10,4,250,12,11,0,0
954,BID,Bidar,Vijay Reddy,4.67,1454,Sedan (Dzire/Etios),Maruti Suzuki Dzire,4,350,14,4,0,0
955,ROU,Rourkela,Santosh Kulkarni,4.87,313,Sedan (Dzire/Etios),Maruti Suzuki Dzire,4,350,14,13,0,0
956,AGX,Agatti Island (Lakshadweep),Pankaj Das,4.51,2035,SUV (Ertiga/Innova),Toyota Innova Crysta,6,650,20,3,0,0
957,AMR,Amravati,Harpreet Singh,4.44,282,Electric EV (Nexon/Tigor),Tata Nexon EV,4,400,16,3,1,0
958, سات,Satna,Anil Deshmukh,4.56,1952,SUV (Ertiga/Innova),Mahindra XUV700,6,650,20,5,0,0
959,DBR,Darbhanga,Vijay Reddy,4.44,1535,Hatchback (WagonR),Maruti Suzuki WagonR,4,250,12,13,0,0
960,SSE,Solapur,Dinesh Pillai,4.53,1511,Hatchback (WagonR),Tata Tiago,4,250,12,14,0,0
961,CNN,Kannur,Pankaj Das,4.9,873,SUV (Ertiga/Innova),Toyota Innova Crysta,6,650,20,9,0,0
962,PNQ,Pune,Rahul Banerjee,4.92,564,Sedan (Dzire/Etios),Maruti Suzuki Dzire,4,350,14,13,0,0
963,SWM,Ranthambore / Sawai Madhopur,Suresh Patel,4.97,1709,Electric EV (Nexon/Tigor),Tata Nexon EV,4,400,16,8,1,0
964,BHO,Bhopal,Suresh Patel,4.95,1665,Hatchback (WagonR),Hyundai i10,4,250,12,9,0,0
965,NWP,Pithoragarh,Ramesh Verma,4.48,1761,Hatchback (WagonR),Maruti Suzuki WagonR,4,250,12,7,0,0
966,COK,Kochi,Mahesh Choudhary,4.46,117,Hatchback (WagonR),Tata Tiago,4,250,12,10,0,0
967,BLT,Balurghat,Pankaj Das,4.56,2196,Hatchback (WagonR),Tata Tiago,4,250,12,5,0,0
968,HZD,Hazaribagh,Santosh Kulkarni,4.7,2351,Hatchback (WagonR),Hyundai i10,4,250,12,11,0,0
969,VTZ,Visakhapatnam,Anil Deshmukh,4.81,1552,SUV (Ertiga/Innova),Maruti Ertiga,6,650,20,10,0,0
970,ATQ,Amritsar,Vikram Singh,4.9,2356,Hatchback (WagonR),Hyundai i10,4,250,12,13,0,0
971,GOX,Goa (Mopa),Praveen Nair,4.64,864,Airport Express Shuttle,Tata Winger Executive,12,180,8,10,0,1
972,NPL,Narnaul,Dinesh Pillai,4.75,2015,Executive Premium,Mercedes C-Class,4,1200,35,7,0,0
973,YTL,Yavatmal,Deepak Joshi,4.81,1356,Electric EV (Nexon/Tigor),Tata Tigor EV,4,400,16,12,1,0
974,LAT,Latur,Ramesh Verma,4.9,1577,Executive Premium,Skoda Superb,4,1200,35,12,0,0
975,HJR,Khajuraho,Rahul Banerjee,4.55,444,Airport Express Shuttle,Force Traveller AC,12,180,8,8,0,1
976,AYJ,Ayodhya,Rajesh Sharma,4.51,1306,Hatchback (WagonR),Maruti Suzuki WagonR,4,250,12,10,0,0
977,BAR,Baramati,Pankaj Das,4.86,493,Airport Express Shuttle,Tata Winger Executive,12,180,8,13,0,1
978,GOI,Goa (Dabolim),Sanjay Rao,4.43,1824,Executive Premium,Toyota Camry Hybrid,4,1200,35,7,0,0
979,AKL,Akola,Amit Kumar,4.88,1278,Hatchback (WagonR),Tata Tiago,4,250,12,6,0,0
980,IXM,Madurai,Harpreet Singh,4.53,779,SUV (Ertiga/Innova),Mahindra XUV700,6,650,20,4,0,0
981,ATQ,Amritsar,Ramesh Verma,4.49,1245,SUV (Ertiga/Innova),Mahindra XUV700,6,650,20,13,0,0
982,AMB,Ambikapur,Manoj Gupta,4.55,2312,Hatchback (WagonR),Hyundai i10,4,250,12,3,0,0
983,MAA,Chennai,Rahul Banerjee,4.82,1054,Executive Premium,Mercedes C-Class,4,1200,35,3,0,0
984,IDR,Indore,Vijay Reddy,4.88,1218,Hatchback (WagonR),Tata Tiago,4,250,12,5,0,0
985,ZER,Ziro,Praveen Nair,4.53,1830,Electric EV (Nexon/Tigor),Tata Tigor EV,4,400,16,3,1,0
986,KAP,Kadapa,Sunil Yadav,4.93,1626,Executive Premium,Mercedes C-Class,4,1200,35,13,0,0
987,CKU,Chakulia,Mahesh Choudhary,4.72,1749,Electric EV (Nexon/Tigor),Tata Nexon EV,4,400,16,10,1,0
988,JRH,Jorhat,Deepak Joshi,4.59,1636,Electric EV (Nexon/Tigor),MG ZS EV,4,400,16,4,1,0
989,JHW,Jhalawar,Suresh Patel,4.85,937,SUV (Ertiga/Innova),Mahindra XUV700,6,650,20,5,0,0
990,JGA,Jamnagar,Sanjay Rao,4.97,1224,Hatchback (WagonR),Maruti Suzuki WagonR,4,250,12,8,0,0
991,JRH,Jorhat,Dinesh Pillai,4.93,429,SUV (Ertiga/Innova),Mahindra XUV700,6,650,20,14,0,0
992,ISK,Nashik,Harpreet Singh,4.65,1230,Sedan (Dzire/Etios),Toyota Etios,4,350,14,13,0,0
993,OSB,Dharashiv,Pankaj Das,4.94,1558,Electric EV (Nexon/Tigor),Tata Tigor EV,4,400,16,6,1,0
994,DEL,New Delhi,Sanjay Rao,4.61,1907,Electric EV (Nexon/Tigor),Tata Nexon EV,4,400,16,11,1,0
995,ASL,Asansol,Suresh Patel,4.55,1274,Sedan (Dzire/Etios),Maruti Suzuki Dzire,4,350,14,4,0,0
996,MAA,Chennai,Rajesh Sharma,4.94,790,Airport Express Shuttle,Tata Winger Executive,12,180,8,8,0,1
997,GOP,Ganjam / Gopalpur,Rohan Mehta,4.66,1197,Executive Premium,Toyota Camry Hybrid,4,1200,35,13,0,0
998,ALD,Aligarh,Ramesh Verma,4.65,1300,Executive Premium,Mercedes C-Class,4,1200,35,12,0,0
999,JGA,Jamnagar,Ramesh Verma,4.41,2176,Hatchback (WagonR),Maruti Suzuki WagonR,4,250,12,8,0,0
1000,IXP,Pathankot,Santosh Kulkarni,4.86,1092,Executive Premium,Mercedes C-Class,4,1200,35,4,0,0
1001,BID,Bidar,Suresh Patel,4.55,1613,Electric EV (Nexon/Tigor),MG ZS EV,4,400,16,3,1,0
1002,REW,Rewa,Vikram Singh,4.62,199,SUV (Ertiga/Innova),Maruti Ertiga,6,650,20,11,0,0
1003,MRA,Noida / Jewar,Manoj Gupta,4.57,1869,Electric EV (Nexon/Tigor),Tata Nexon EV,4,400,16,8,1,0
1004,ZER,Ziro,Rahul Banerjee,4.55,1053,Airport Express Shuttle,Tata Winger Executive,12,180,8,6,0,1
1005,YTL,Yavatmal,Harpreet Singh,4.56,923,Electric EV (Nexon/Tigor),MG ZS EV,4,400,16,6,1,0
1006,CHI,Chhindwara,Ramesh Verma,4.47,1253,Sedan (Dzire/Etios),Hyundai Aura,4,350,14,13,0,0
1007,HIR,Sambalpur,Manoj Gupta,4.68,2100,Airport Express Shuttle,Force Traveller AC,12,180,8,10,0,1
1008,GOX,Goa (Mopa),Rajesh Sharma,4.87,2186,Sedan (Dzire/Etios),Toyota Etios,4,350,14,10,0,0
1009,BOM,Mumbai,Gaurav Tiwari,4.68,415,Sedan (Dzire/Etios),Maruti Suzuki Dzire,4,350,14,6,0,0
1010,SWM,Ranthambore / Sawai Madhopur,Harpreet Singh,4.77,876,Hatchback (WagonR),Hyundai i10,4,250,12,12,0,0
1011,JLR,Jabalpur,Mahesh Choudhary,4.72,1027,SUV (Ertiga/Innova),Toyota Innova Crysta,6,650,20,4,0,0
1012,DEL,New Delhi,Amit Kumar,4.93,816,Sedan (Dzire/Etios),Maruti Suzuki Dzire,4,350,14,4,0,0
1013,KAR,Karad / Satara,Praveen Nair,4.82,2304,Airport Express Shuttle,Force Traveller AC,12,180,8,10,0,1
1014,AMB,Ambikapur,Vikram Singh,4.55,893,Airport Express Shuttle,Force Traveller AC,12,180,8,4,0,1
1015,IXL,Leh (Ladakh),Suresh Patel,4.91,1102,Executive Premium,Skoda Superb,4,1200,35,9,0,0
1016,TEZU,Tezu,Sunil Yadav,4.87,1557,Sedan (Dzire/Etios),Hyundai Aura,4,350,14,4,0,0
1017,JLG,Jalgaon,Ramesh Verma,4.94,1522,Sedan (Dzire/Etios),Maruti Suzuki Dzire,4,350,14,14,0,0
1018,DBR,Darbhanga,Sunil Yadav,4.69,2165,Airport Express Shuttle,Tata Winger Executive,12,180,8,11,0,1
1019, سات,Satna,Amit Kumar,4.84,598,Sedan (Dzire/Etios),Hyundai Aura,4,350,14,14,0,0
1020,PYG,Gangtok / Pakyong (Sikkim),Rajesh Sharma,4.5,802,SUV (Ertiga/Innova),Maruti Ertiga,6,650,20,6,0,0
1021,GAW,Guwahati,Harpreet Singh,4.73,2388,Electric EV (Nexon/Tigor),MG ZS EV,4,400,16,14,1,0
1022,IXY,Kandla,Pankaj Das,4.84,1876,Electric EV (Nexon/Tigor),Tata Tigor EV,4,400,16,9,1,0
1023,SLV,Shimla,Sunil Yadav,4.46,2240,Airport Express Shuttle,Tata Winger Executive,12,180,8,6,0,1
1024,CCU,Kolkata,Harpreet Singh,4.68,869,Electric EV (Nexon/Tigor),Tata Tigor EV,4,400,16,7,1,0
1025,IXG,Belagavi,Dinesh Pillai,4.64,2316,Electric EV (Nexon/Tigor),MG ZS EV,4,400,16,6,1,0
1026,KBK,Kushinagar,Manoj Gupta,4.64,2234,SUV (Ertiga/Innova),Toyota Innova Crysta,6,650,20,3,0,0
1027,DIU,Diu,Amit Kumar,4.85,88,Electric EV (Nexon/Tigor),Tata Tigor EV,4,400,16,3,1,0
1028,IMF,Imphal,Vijay Reddy,4.47,492,Electric EV (Nexon/Tigor),MG ZS EV,4,400,16,9,1,0
1029,DIU,Diu,Praveen Nair,4.45,2136,Sedan (Dzire/Etios),Toyota Etios,4,350,14,13,0,0
1030,KOR,Koraput,Sanjay Rao,4.95,533,Hatchback (WagonR),Tata Tiago,4,250,12,13,0,0
1031,CCU,Kolkata,Rajesh Sharma,4.62,608,Sedan (Dzire/Etios),Hyundai Aura,4,350,14,8,0,0
1032,RPR,Raipur,Praveen Nair,4.7,2310,Sedan (Dzire/Etios),Toyota Etios,4,350,14,12,0,0
1033,RMD,Ratnagiri,Rohan Mehta,4.74,2321,Executive Premium,Mercedes C-Class,4,1200,35,12,0,0
1034,SAH,Saharanpur,Sunil Yadav,4.55,744,Executive Premium,Toyota Camry Hybrid,4,1200,35,14,0,0
1035,KNU,Kanpur,Mahesh Choudhary,4.84,2321,Executive Premium,Skoda Superb,4,1200,35,3,0,0
1036,IXZ,Port Blair (Andaman),Vijay Reddy,4.74,1579,SUV (Ertiga/Innova),Maruti Ertiga,6,650,20,12,0,0
1037,BHU,Bathinda,Sanjay Rao,4.9,548,Hatchback (WagonR),Hyundai i10,4,250,12,3,0,0
1038,KAR,Karad / Satara,Gaurav Tiwari,4.42,1060,Sedan (Dzire/Etios),Hyundai Aura,4,350,14,6,0,0
1039,LUD,Ludhiana,Anil Deshmukh,4.76,1171,Hatchback (WagonR),Hyundai i10,4,250,12,7,0,0
1040,BHU,Bathinda,Praveen Nair,4.91,264,Executive Premium,Skoda Superb,4,1200,35,7,0,0
1041,RXL,Raxaul,Gaurav Tiwari,4.49,685,Hatchback (WagonR),Hyundai i10,4,250,12,3,0,0
1042,ISK,Nashik,Ramesh Verma,4.77,1025,Sedan (Dzire/Etios),Toyota Etios,4,350,14,6,0,0
1043,HYD,Hyderabad,Rahul Banerjee,4.88,508,Airport Express Shuttle,Tata Winger Executive,12,180,8,4,0,1
1044,TEZ,Tezpur,Rajesh Sharma,4.47,715,SUV (Ertiga/Innova),Mahindra XUV700,6,650,20,13,0,0
1045,MOR,Moradabad,Mahesh Choudhary,4.44,1571,Hatchback (WagonR),Tata Tiago,4,250,12,12,0,0
1046,DMO,Damoh,Gaurav Tiwari,4.6,2302,Airport Express Shuttle,Force Traveller AC,12,180,8,12,0,1
1047,PNQ,Pune,Deepak Joshi,4.64,2394,SUV (Ertiga/Innova),Toyota Innova Crysta,6,650,20,14,0,0
1048,ANK,Ankleshwar,Rajesh Sharma,4.62,882,Airport Express Shuttle,Force Traveller AC,12,180,8,5,0,1
1049,BTH,Bettiah,Santosh Kulkarni,4.5,694,Electric EV (Nexon/Tigor),Tata Tigor EV,4,400,16,12,1,0
1050,KUU,Kullu / Manali,Dinesh Pillai,4.58,1091,Sedan (Dzire/Etios),Hyundai Aura,4,350,14,14,0,0
1051,KAR,Karad / Satara,Sanjay Rao,4.61,896,Sedan (Dzire/Etios),Hyundai Aura,4,350,14,6,0,0
1052,DON,Bhadrak / Dhamra,Deepak Joshi,4.83,480,Airport Express Shuttle,Tata Winger Executive,12,180,8,3,0,1
1053,KHA,Khandwa,Anil Deshmukh,4.49,1115,Airport Express Shuttle,Tata Winger Executive,12,180,8,5,0,1
1054,JDH,Jodhpur,Dinesh Pillai,4.73,2105,Sedan (Dzire/Etios),Maruti Suzuki Dzire,4,350,14,4,0,0
1055,BAR,Baramati,Vikram Singh,4.49,2004,Sedan (Dzire/Etios),Hyundai Aura,4,350,14,4,0,0
1056,PYB,Jeypore,Rohan Mehta,4.93,2355,Electric EV (Nexon/Tigor),Tata Tigor EV,4,400,16,10,1,0
1057,SWM,Ranthambore / Sawai Madhopur,Dinesh Pillai,4.97,1896,Hatchback (WagonR),Maruti Suzuki WagonR,4,250,12,8,0,0
1058,IMF,Imphal,Pankaj Das,4.58,1951,Airport Express Shuttle,Force Traveller AC,12,180,8,8,0,1
1059,BHO,Bhopal,Praveen Nair,4.47,1517,Sedan (Dzire/Etios),Hyundai Aura,4,350,14,9,0,0
1060,ASL,Asansol,Praveen Nair,4.57,438,Executive Premium,Skoda Superb,4,1200,35,8,0,0
1061,RMD,Ratnagiri,Rahul Banerjee,4.52,1134,Executive Premium,Skoda Superb,4,1200,35,4,0,0
1062,SWM,Ranthambore / Sawai Madhopur,Rahul Banerjee,4.76,260,Sedan (Dzire/Etios),Hyundai Aura,4,350,14,10,0,0
1063,NDC,Nanded,Rohan Mehta,4.63,663,Sedan (Dzire/Etios),Hyundai Aura,4,350,14,10,0,0
1064,KARN,Karnal,Amit Kumar,4.49,688,Executive Premium,Skoda Superb,4,1200,35,4,0,0
1065,JGA,Jamnagar,Manoj Gupta,4.97,844,Sedan (Dzire/Etios),Toyota Etios,4,350,14,13,0,0
1066,BLR,Bengaluru,Amit Kumar,4.74,541,Airport Express Shuttle,Tata Winger Executive,12,180,8,10,0,1
1067,JRG,Jharsuguda,Anil Deshmukh,4.72,663,Electric EV (Nexon/Tigor),MG ZS EV,4,400,16,13,1,0
1068,IXD,Prayagraj (Allahabad),Manoj Gupta,4.65,1064,Sedan (Dzire/Etios),Toyota Etios,4,350,14,13,0,0
1069,IXA,Agartala,Suresh Patel,4.83,1505,Airport Express Shuttle,Force Traveller AC,12,180,8,7,0,1
1070,KOK,Kokrajhar,Praveen Nair,4.96,985,Sedan (Dzire/Etios),Toyota Etios,4,350,14,12,0,0
1071,PBN,Parbhani,Pankaj Das,4.9,1749,Sedan (Dzire/Etios),Maruti Suzuki Dzire,4,350,14,6,0,0
1072,JSA,Jaisalmer,Sunil Yadav,4.85,1330,Hatchback (WagonR),Maruti Suzuki WagonR,4,250,12,7,0,0
1073,IXL,Leh (Ladakh),Anil Deshmukh,4.71,684,Hatchback (WagonR),Maruti Suzuki WagonR,4,250,12,5,0,0
1074,COB,Cooch Behar,Pankaj Das,4.7,1325,Executive Premium,Toyota Camry Hybrid,4,1200,35,13,0,0
1075,IXY,Kandla,Anil Deshmukh,4.93,235,Sedan (Dzire/Etios),Toyota Etios,4,350,14,12,0,0
1076,GWL,Gwalior,Deepak Joshi,4.91,1750,Executive Premium,Skoda Superb,4,1200,35,9,0,0
1077,IXW,Jamshedpur,Rohan Mehta,4.6,1795,Electric EV (Nexon/Tigor),MG ZS EV,4,400,16,8,1,0
1078,NVY,Neyveli,Harpreet Singh,4.51,892,Hatchback (WagonR),Tata Tiago,4,250,12,11,0,0
1079,IXB,Siliguri / Bagdogra,Ramesh Verma,4.83,388,Sedan (Dzire/Etios),Hyundai Aura,4,350,14,9,0,0
1080,KOR,Koraput,Pankaj Das,4.96,400,Hatchback (WagonR),Tata Tiago,4,250,12,6,0,0
1081,TEZ,Tezpur,Vikram Singh,4.68,158,SUV (Ertiga/Innova),Maruti Ertiga,6,650,20,6,0,0
1082,BHJ,Bhuj (Kutch),Deepak Joshi,4.87,2090,Airport Express Shuttle,Force Traveller AC,12,180,8,5,0,1
1083,TEZ,Tezpur,Suresh Patel,4.57,508,Executive Premium,Skoda Superb,4,1200,35,10,0,0
1084,CKU,Chakulia,Suresh Patel,4.93,1594,Airport Express Shuttle,Tata Winger Executive,12,180,8,13,0,1
1085,RAT,Ratlam,Praveen Nair,4.78,1030,Electric EV (Nexon/Tigor),MG ZS EV,4,400,16,9,1,0
1086,GAY,Gaya,Gaurav Tiwari,4.51,1877,Electric EV (Nexon/Tigor),Tata Tigor EV,4,400,16,4,1,0
1087,SXR,Srinagar,Rohan Mehta,4.84,446,Executive Premium,Toyota Camry Hybrid,4,1200,35,4,0,0
1088,DMO,Damoh,Deepak Joshi,4.56,1355,Electric EV (Nexon/Tigor),Tata Tigor EV,4,400,16,10,1,0
1089,KJB,Kurnool (Orvakal),Suresh Patel,4.71,649,Electric EV (Nexon/Tigor),Tata Nexon EV,4,400,16,9,1,0
1090,KNU,Kanpur,Suresh Patel,4.89,385,Executive Premium,Toyota Camry Hybrid,4,1200,35,13,0,0
1091,JLR,Jabalpur,Praveen Nair,4.42,1281,SUV (Ertiga/Innova),Maruti Ertiga,6,650,20,5,0,0
1092,IXZ,Port Blair (Andaman),Harpreet Singh,4.7,116,SUV (Ertiga/Innova),Maruti Ertiga,6,650,20,9,0,0
1093,AMD,Ahmedabad,Dinesh Pillai,4.7,2388,Executive Premium,Mercedes C-Class,4,1200,35,7,0,0
1094,DHM,Dharamshala / Kangra,Rahul Banerjee,4.49,575,SUV (Ertiga/Innova),Maruti Ertiga,6,650,20,4,0,0
1095,JGD,Jagdalpur,Mahesh Choudhary,4.51,1072,Electric EV (Nexon/Tigor),Tata Nexon EV,4,400,16,12,1,0
1096,VZY,Vijayawada,Manoj Gupta,4.75,2305,SUV (Ertiga/Innova),Mahindra XUV700,6,650,20,14,0,0
1097,KOR,Koraput,Vijay Reddy,4.74,1037,Executive Premium,Mercedes C-Class,4,1200,35,5,0,0
1098,BHJ,Bhuj (Kutch),Sunil Yadav,4.79,1292,Sedan (Dzire/Etios),Maruti Suzuki Dzire,4,350,14,3,0,0
1099,TEZU,Tezu,Suresh Patel,4.57,1929,Hatchback (WagonR),Tata Tiago,4,250,12,13,0,0
1100,IXS,Silchar,Amit Kumar,4.42,775,SUV (Ertiga/Innova),Maruti Ertiga,6,650,20,6,0,0
1101,MUZ,Muzaffarpur,Harpreet Singh,4.52,979,Sedan (Dzire/Etios),Hyundai Aura,4,350,14,4,0,0
1102,AMD,Ahmedabad,Manoj Gupta,4.76,241,Executive Premium,Skoda Superb,4,1200,35,5,0,0
1103,BKN,Bikaner,Deepak Joshi,4.84,142,Electric EV (Nexon/Tigor),Tata Nexon EV,4,400,16,5,1,0
1104,NPL,Narnaul,Rajesh Sharma,4.56,771,Airport Express Shuttle,Tata Winger Executive,12,180,8,5,0,1
1105,DEL,New Delhi,Rohan Mehta,4.76,261,Airport Express Shuttle,Force Traveller AC,12,180,8,8,0,1
1106,KUU,Kullu / Manali,Sanjay Rao,4.9,1299,Electric EV (Nexon/Tigor),Tata Nexon EV,4,400,16,6,1,0
1107,UDR,Udaipur,Ramesh Verma,4.67,2205,SUV (Ertiga/Innova),Toyota Innova Crysta,6,650,20,13,0,0
1108,BPI,Mayurbhanj,Mahesh Choudhary,4.69,1429,SUV (Ertiga/Innova),Mahindra XUV700,6,650,20,9,0,0
1109,DED,Dehradun,Manoj Gupta,4.62,2173,Sedan (Dzire/Etios),Toyota Etios,4,350,14,10,0,0
1110,ZER,Ziro,Mahesh Choudhary,4.54,1383,SUV (Ertiga/Innova),Mahindra XUV700,6,650,20,11,0,0
1111,DMU,Dimapur,Vijay Reddy,4.51,1533,Electric EV (Nexon/Tigor),Tata Tigor EV,4,400,16,5,1,0
1112,MEH,Mehsana,Suresh Patel,4.69,368,SUV (Ertiga/Innova),Mahindra XUV700,6,650,20,5,0,0
1113,TIR,Tirupati,Vijay Reddy,4.44,567,Executive Premium,Skoda Superb,4,1200,35,13,0,0
1114,SDW,Sindhudurg,Manoj Gupta,4.59,1766,Sedan (Dzire/Etios),Maruti Suzuki Dzire,4,350,14,11,0,0
1115,MOR,Moradabad,Sunil Yadav,4.51,2234,Executive Premium,Mercedes C-Class,4,1200,35,7,0,0
1116,ISK,Nashik,Anil Deshmukh,4.87,1564,Airport Express Shuttle,Tata Winger Executive,12,180,8,14,0,1
1117,DMO,Damoh,Ramesh Verma,4.77,783,Airport Express Shuttle,Tata Winger Executive,12,180,8,13,0,1
1118,CKU,Chakulia,Vijay Reddy,4.54,194,Executive Premium,Toyota Camry Hybrid,4,1200,35,5,0,0
1119,GAW,Guwahati,Ramesh Verma,4.56,353,Hatchback (WagonR),Hyundai i10,4,250,12,14,0,0
1120,IXM,Madurai,Praveen Nair,4.85,765,Airport Express Shuttle,Force Traveller AC,12,180,8,10,0,1
1121,DMU,Dimapur,Amit Kumar,4.75,140,Airport Express Shuttle,Tata Winger Executive,12,180,8,6,0,1
1122,SDW,Sindhudurg,Harpreet Singh,4.75,1853,Electric EV (Nexon/Tigor),Tata Nexon EV,4,400,16,8,1,0
1123,UDR,Udaipur,Dinesh Pillai,4.93,2237,SUV (Ertiga/Innova),Maruti Ertiga,6,650,20,8,0,0
1124,IXT,Pasighat,Rahul Banerjee,4.95,2223,Sedan (Dzire/Etios),Maruti Suzuki Dzire,4,350,14,5,0,0
1125,KAR,Karad / Satara,Santosh Kulkarni,4.54,475,SUV (Ertiga/Innova),Mahindra XUV700,6,650,20,12,0,0
1126,KARN,Karnal,Pankaj Das,4.71,1476,Executive Premium,Skoda Superb,4,1200,35,14,0,0
1127,MAA,Chennai,Pankaj Das,4.65,2183,Sedan (Dzire/Etios),Maruti Suzuki Dzire,4,350,14,5,0,0
1128,PAT,Patna,Pankaj Das,4.68,999,Electric EV (Nexon/Tigor),MG ZS EV,4,400,16,10,1,0
1129,TEZU,Tezu,Deepak Joshi,4.45,2376,SUV (Ertiga/Innova),Toyota Innova Crysta,6,650,20,9,0,0
1130,MYQ,Mysuru,Harpreet Singh,4.52,1509,Electric EV (Nexon/Tigor),Tata Nexon EV,4,400,16,8,1,0
1131,HYD,Hyderabad,Vikram Singh,4.53,1276,Electric EV (Nexon/Tigor),Tata Tigor EV,4,400,16,4,1,0
1132,KHA,Khandwa,Vikram Singh,4.93,1573,SUV (Ertiga/Innova),Toyota Innova Crysta,6,650,20,14,0,0
1133,ALD,Aligarh,Anil Deshmukh,4.49,1965,SUV (Ertiga/Innova),Toyota Innova Crysta,6,650,20,9,0,0
1134,LAT,Latur,Rahul Banerjee,4.81,247,Executive Premium,Mercedes C-Class,4,1200,35,14,0,0
1135,TCR,Thoothukudi (Tuticorin),Deepak Joshi,4.81,185,Electric EV (Nexon/Tigor),MG ZS EV,4,400,16,11,1,0
1136,JAI,Jaipur,Harpreet Singh,4.53,1472,Executive Premium,Skoda Superb,4,1200,35,13,0,0
1137,VNS,Varanasi,Sunil Yadav,4.46,257,Sedan (Dzire/Etios),Hyundai Aura,4,350,14,8,0,0
1138,BDQ,Vadodara,Manoj Gupta,4.94,281,SUV (Ertiga/Innova),Mahindra XUV700,6,650,20,3,0,0
1139,SLV,Shimla,Rahul Banerjee,4.41,898,Sedan (Dzire/Etios),Maruti Suzuki Dzire,4,350,14,10,0,0
1140,NEEM,Neemuch,Harpreet Singh,4.45,845,Electric EV (Nexon/Tigor),Tata Tigor EV,4,400,16,7,1,0
1141,SAH,Saharanpur,Manoj Gupta,4.5,1953,Electric EV (Nexon/Tigor),Tata Tigor EV,4,400,16,6,1,0
1142,BHU,Bathinda,Pankaj Das,4.81,1903,SUV (Ertiga/Innova),Mahindra XUV700,6,650,20,14,0,0
1143,MRA,Noida / Jewar,Pankaj Das,4.8,794,SUV (Ertiga/Innova),Maruti Ertiga,6,650,20,13,0,0
1144,IXL,Leh (Ladakh),Deepak Joshi,4.68,1202,Executive Premium,Skoda Superb,4,1200,35,5,0,0
1145,KHA,Khandwa,Vikram Singh,4.75,1070,SUV (Ertiga/Innova),Maruti Ertiga,6,650,20,4,0,0
1146,TRV,Thiruvananthapuram,Mahesh Choudhary,4.93,969,Sedan (Dzire/Etios),Hyundai Aura,4,350,14,12,0,0
1147,IXL,Leh (Ladakh),Sunil Yadav,4.42,2202,Airport Express Shuttle,Tata Winger Executive,12,180,8,5,0,1
1148,BLR,Bengaluru,Mahesh Choudhary,4.89,1306,Executive Premium,Toyota Camry Hybrid,4,1200,35,12,0,0
1149,NPL,Narnaul,Ramesh Verma,4.9,1591,Hatchback (WagonR),Hyundai i10,4,250,12,14,0,0
1150,SRA,Shravasti,Vijay Reddy,4.69,2256,Executive Premium,Mercedes C-Class,4,1200,35,5,0,0
1151,GBI,Kalaburagi (Gulbarga),Pankaj Das,4.61,966,Sedan (Dzire/Etios),Maruti Suzuki Dzire,4,350,14,12,0,0
1152,RPR,Raipur,Rohan Mehta,4.46,1332,Sedan (Dzire/Etios),Toyota Etios,4,350,14,10,0,0
1153,SXV,Shivamogga,Gaurav Tiwari,4.55,693,Airport Express Shuttle,Tata Winger Executive,12,180,8,6,0,1
1154,SDW,Sindhudurg,Ramesh Verma,4.79,1713,Airport Express Shuttle,Force Traveller AC,12,180,8,9,0,1
1155,NVY,Neyveli,Sanjay Rao,4.93,84,Sedan (Dzire/Etios),Toyota Etios,4,350,14,6,0,0
1156,MUZ,Muzaffarpur,Rohan Mehta,4.46,2105,Sedan (Dzire/Etios),Hyundai Aura,4,350,14,9,0,0
1157,JRH,Jorhat,Rajesh Sharma,4.95,1188,SUV (Ertiga/Innova),Toyota Innova Crysta,6,650,20,11,0,0
1158,MAA,Chennai,Manoj Gupta,4.56,586,Executive Premium,Toyota Camry Hybrid,4,1200,35,5,0,0
1159,PAT,Patna,Anil Deshmukh,4.91,408,SUV (Ertiga/Innova),Toyota Innova Crysta,6,650,20,7,0,0
1160,AGX,Agatti Island (Lakshadweep),Manoj Gupta,4.64,1263,Hatchback (WagonR),Maruti Suzuki WagonR,4,250,12,3,0,0
1161,SAH,Saharanpur,Harpreet Singh,4.42,461,Sedan (Dzire/Etios),Maruti Suzuki Dzire,4,350,14,11,0,0
1162,CCJ,Kozhikode (Calicut),Praveen Nair,4.73,463,SUV (Ertiga/Innova),Toyota Innova Crysta,6,650,20,13,0,0
1163,GBI,Kalaburagi (Gulbarga),Mahesh Choudhary,4.5,737,Hatchback (WagonR),Maruti Suzuki WagonR,4,250,12,8,0,0
1164,IXE,Mangaluru,Vikram Singh,4.52,1636,SUV (Ertiga/Innova),Toyota Innova Crysta,6,650,20,3,0,0
1165,IXG,Belagavi,Mahesh Choudhary,4.92,2279,Sedan (Dzire/Etios),Hyundai Aura,4,350,14,8,0,0
1166,DMO,Damoh,Sunil Yadav,4.71,1453,SUV (Ertiga/Innova),Maruti Ertiga,6,650,20,12,0,0
1167,VZY,Vijayawada,Anil Deshmukh,4.7,1009,Airport Express Shuttle,Force Traveller AC,12,180,8,4,0,1
1168,VDY,Vidyanagar / Ballari,Manoj Gupta,4.97,503,Electric EV (Nexon/Tigor),MG ZS EV,4,400,16,11,1,0
1169,AGX,Agatti Island (Lakshadweep),Mahesh Choudhary,4.96,1619,Hatchback (WagonR),Hyundai i10,4,250,12,14,0,0
1170,CJB,Coimbatore,Vijay Reddy,4.52,455,Airport Express Shuttle,Tata Winger Executive,12,180,8,12,0,1
1171,DIU,Diu,Rajesh Sharma,4.53,335,Electric EV (Nexon/Tigor),Tata Nexon EV,4,400,16,3,1,0
1172,KUU,Kullu / Manali,Mahesh Choudhary,4.85,2071,Electric EV (Nexon/Tigor),Tata Nexon EV,4,400,16,12,1,0
1173,JGD,Jagdalpur,Santosh Kulkarni,4.53,1467,Electric EV (Nexon/Tigor),MG ZS EV,4,400,16,12,1,0
1174,HIR,Sambalpur,Deepak Joshi,4.5,1191,Executive Premium,Toyota Camry Hybrid,4,1200,35,11,0,0
1175,ISK,Nashik,Rohan Mehta,4.91,563,Executive Premium,Mercedes C-Class,4,1200,35,3,0,0
1176,BLT,Balurghat,Rajesh Sharma,4.81,738,Executive Premium,Skoda Superb,4,1200,35,11,0,0
1177,PGH,Pantnagar / Nainital,Rohan Mehta,4.45,1255,Electric EV (Nexon/Tigor),MG ZS EV,4,400,16,8,1,0
1178,BOK,Bokaro,Dinesh Pillai,4.83,1548,Hatchback (WagonR),Hyundai i10,4,250,12,9,0,0
1179,HBX,Hubballi / Dharwad,Dinesh Pillai,4.9,1653,Electric EV (Nexon/Tigor),MG ZS EV,4,400,16,9,1,0
1180,ATQ,Amritsar,Pankaj Das,4.47,1065,Airport Express Shuttle,Force Traveller AC,12,180,8,11,0,1
1181,IXP,Pathankot,Rahul Banerjee,4.92,2036,Sedan (Dzire/Etios),Toyota Etios,4,350,14,14,0,0
1182,VTZ,Visakhapatnam,Deepak Joshi,4.51,1570,SUV (Ertiga/Innova),Maruti Ertiga,6,650,20,13,0,0
1183,AMH,Azamgarh,Anil Deshmukh,4.77,422,Sedan (Dzire/Etios),Maruti Suzuki Dzire,4,350,14,13,0,0
1184,BHO,Bhopal,Santosh Kulkarni,4.5,1204,Executive Premium,Toyota Camry Hybrid,4,1200,35,10,0,0
1185,BGP,Bhagalpur,Rahul Banerjee,4.54,2342,Sedan (Dzire/Etios),Hyundai Aura,4,350,14,9,0,0
1186,IXS,Silchar,Harpreet Singh,4.94,1212,Executive Premium,Toyota Camry Hybrid,4,1200,35,5,0,0
1187,IXU,Chhatrapati Sambhaji Nagar (Aurangabad),Gaurav Tiwari,4.8,1887,Electric EV (Nexon/Tigor),Tata Nexon EV,4,400,16,12,1,0
1188,BID,Bidar,Vijay Reddy,4.45,1976,Electric EV (Nexon/Tigor),Tata Tigor EV,4,400,16,4,1,0
1189,IMF,Imphal,Vikram Singh,4.61,602,Electric EV (Nexon/Tigor),MG ZS EV,4,400,16,7,1,0
1190,NEEM,Neemuch,Rohan Mehta,4.49,1622,Hatchback (WagonR),Tata Tiago,4,250,12,3,0,0
1191,IXE,Mangaluru,Manoj Gupta,4.72,870,Electric EV (Nexon/Tigor),Tata Nexon EV,4,400,16,6,1,0
1192,NPL,Narnaul,Dinesh Pillai,4.55,2399,SUV (Ertiga/Innova),Toyota Innova Crysta,6,650,20,8,0,0
1193,GOX,Goa (Mopa),Rohan Mehta,4.9,245,Airport Express Shuttle,Force Traveller AC,12,180,8,7,0,1
1194,BOK,Bokaro,Praveen Nair,4.62,266,Sedan (Dzire/Etios),Toyota Etios,4,350,14,14,0,0
1195,RMD,Ratnagiri,Rajesh Sharma,4.48,875,SUV (Ertiga/Innova),Toyota Innova Crysta,6,650,20,10,0,0
1196,RPR,Raipur,Amit Kumar,4.69,623,Sedan (Dzire/Etios),Hyundai Aura,4,350,14,6,0,0
1197,VNS,Varanasi,Pankaj Das,4.48,427,Hatchback (WagonR),Tata Tiago,4,250,12,5,0,0
1198,KHO,Khowai,Sanjay Rao,4.47,1740,SUV (Ertiga/Innova),Mahindra XUV700,6,650,20,12,0,0
1199,IXS,Silchar,Suresh Patel,4.47,865,Sedan (Dzire/Etios),Hyundai Aura,4,350,14,3,0,0
1200,LUD,Ludhiana,Praveen Nair,4.87,2086,Electric EV (Nexon/Tigor),Tata Nexon EV,4,400,16,13,1,0
1201,NMS,Naliya,Manoj Gupta,4.8,665,SUV (Ertiga/Innova),Maruti Ertiga,6,650,20,14,0,0
1202,PBF,Bilaspur,Dinesh Pillai,4.96,270,Airport Express Shuttle,Force Traveller AC,12,180,8,14,0,1
1203,UTK,Kalahandi / Utkela,Gaurav Tiwari,4.97,1456,Executive Premium,Skoda Superb,4,1200,35,5,0,0
1204,UDR,Udaipur,Vikram Singh,4.68,1864,Electric EV (Nexon/Tigor),MG ZS EV,4,400,16,9,1,0
1205, سات,Satna,Rohan Mehta,4.55,340,Sedan (Dzire/Etios),Maruti Suzuki Dzire,4,350,14,8,0,0
1206,CCU,Kolkata,Dinesh Pillai,4.82,1291,SUV (Ertiga/Innova),Toyota Innova Crysta,6,650,20,7,0,0
1207,KARN,Karnal,Gaurav Tiwari,4.65,2170,Hatchback (WagonR),Maruti Suzuki WagonR,4,250,12,7,0,0
1208,MUZ,Muzaffarpur,Rohan Mehta,4.71,737,Electric EV (Nexon/Tigor),MG ZS EV,4,400,16,13,1,0
1209,GOP,Ganjam / Gopalpur,Praveen Nair,4.95,126,Executive Premium,Mercedes C-Class,4,1200,35,6,0,0
1210,KJB,Kurnool (Orvakal),Gaurav Tiwari,4.93,1981,Executive Premium,Toyota Camry Hybrid,4,1200,35,10,0,0
1211,IXY,Kandla,Rajesh Sharma,4.57,2077,Hatchback (WagonR),Hyundai i10,4,250,12,11,0,0
1212,SLV,Shimla,Praveen Nair,4.62,1392,Sedan (Dzire/Etios),Toyota Etios,4,350,14,5,0,0
1213,RMD,Ratnagiri,Praveen Nair,4.8,1439,Electric EV (Nexon/Tigor),MG ZS EV,4,400,16,4,1,0
1214,SAH,Saharanpur,Santosh Kulkarni,4.85,245,Hatchback (WagonR),Hyundai i10,4,250,12,5,0,0
1215,IXT,Pasighat,Harpreet Singh,4.63,2378,Hatchback (WagonR),Maruti Suzuki WagonR,4,250,12,6,0,0
1216,DUM,Dumka,Rahul Banerjee,4.55,648,Electric EV (Nexon/Tigor),Tata Tigor EV,4,400,16,12,1,0
1217,PYB,Jeypore,Rohan Mehta,4.64,1068,Executive Premium,Toyota Camry Hybrid,4,1200,35,8,0,0
1218,HYD,Hyderabad,Rohan Mehta,4.61,494,Hatchback (WagonR),Tata Tiago,4,250,12,3,0,0
1219,JLR,Jabalpur,Sunil Yadav,4.43,1233,Airport Express Shuttle,Tata Winger Executive,12,180,8,4,0,1
1220,GOX,Goa (Mopa),Rajesh Sharma,4.91,697,Hatchback (WagonR),Tata Tiago,4,250,12,5,0,0
1221,CNN,Kannur,Amit Kumar,4.43,2068,Airport Express Shuttle,Tata Winger Executive,12,180,8,11,0,1
1222,CHI,Chhindwara,Sunil Yadav,4.98,344,Hatchback (WagonR),Tata Tiago,4,250,12,13,0,0
1223,HZD,Hazaribagh,Harpreet Singh,4.86,1136,SUV (Ertiga/Innova),Toyota Innova Crysta,6,650,20,7,0,0
1224, سات,Satna,Pankaj Das,4.7,647,SUV (Ertiga/Innova),Maruti Ertiga,6,650,20,10,0,0
1225,KJB,Kurnool (Orvakal),Mahesh Choudhary,4.98,1470,Hatchback (WagonR),Hyundai i10,4,250,12,11,0,0
1226, سات,Satna,Sanjay Rao,4.48,200,Executive Premium,Mercedes C-Class,4,1200,35,10,0,0
1227,CKU,Chakulia,Deepak Joshi,4.48,2063,SUV (Ertiga/Innova),Toyota Innova Crysta,6,650,20,3,0,0
1228,SIV,Sivasagar,Gaurav Tiwari,4.58,1265,Electric EV (Nexon/Tigor),Tata Tigor EV,4,400,16,11,1,0
1229,KNU,Kanpur,Manoj Gupta,4.6,1794,SUV (Ertiga/Innova),Toyota Innova Crysta,6,650,20,12,0,0
1230,HBX,Hubballi / Dharwad,Gaurav Tiwari,4.87,798,Airport Express Shuttle,Tata Winger Executive,12,180,8,7,0,1
1231,AMB,Ambikapur,Anil Deshmukh,4.9,2231,Sedan (Dzire/Etios),Toyota Etios,4,350,14,7,0,0
1232,IXR,Ranchi,Suresh Patel,4.48,1566,Airport Express Shuttle,Tata Winger Executive,12,180,8,12,0,1
1233,PAT,Patna,Mahesh Choudhary,4.6,1794,Electric EV (Nexon/Tigor),Tata Nexon EV,4,400,16,7,1,0
1234,IXY,Kandla,Santosh Kulkarni,4.87,722,Airport Express Shuttle,Tata Winger Executive,12,180,8,11,0,1
1235,MAA,Chennai,Dinesh Pillai,4.89,976,Sedan (Dzire/Etios),Hyundai Aura,4,350,14,11,0,0
1236,TRZ,Tiruchirappalli (Trichy),Vikram Singh,4.86,2066,Sedan (Dzire/Etios),Hyundai Aura,4,350,14,4,0,0
1237,MRA,Noida / Jewar,Amit Kumar,4.44,1686,Electric EV (Nexon/Tigor),MG ZS EV,4,400,16,14,1,0
1238,IXZ,Port Blair (Andaman),Rohan Mehta,4.84,1067,Electric EV (Nexon/Tigor),Tata Tigor EV,4,400,16,3,1,0
1239,VZY,Vijayawada,Gaurav Tiwari,4.86,1437,Hatchback (WagonR),Maruti Suzuki WagonR,4,250,12,5,0,0
1240,IXY,Kandla,Pankaj Das,4.41,1673,SUV (Ertiga/Innova),Maruti Ertiga,6,650,20,4,0,0
1241,SXR,Srinagar,Amit Kumar,4.58,1611,Hatchback (WagonR),Hyundai i10,4,250,12,4,0,0
1242,LGP,Rupsi / Dhubri,Mahesh Choudhary,4.57,269,Executive Premium,Skoda Superb,4,1200,35,12,0,0
1243,AMRE,Amreli,Dinesh Pillai,4.53,1469,Executive Premium,Skoda Superb,4,1200,35,13,0,0
1244,DBR,Darbhanga,Amit Kumar,4.44,974,Sedan (Dzire/Etios),Hyundai Aura,4,350,14,12,0,0
1245,BKN,Bikaner,Mahesh Choudhary,4.51,239,SUV (Ertiga/Innova),Maruti Ertiga,6,650,20,13,0,0
1246,SIV,Sivasagar,Amit Kumar,4.97,1821,Airport Express Shuttle,Tata Winger Executive,12,180,8,7,0,1
1247,BVC,Bhavnagar,Vikram Singh,4.55,1764,Executive Premium,Mercedes C-Class,4,1200,35,6,0,0
1248,SIV,Sivasagar,Rohan Mehta,4.75,591,SUV (Ertiga/Innova),Maruti Ertiga,6,650,20,8,0,0
1249,ATQ,Amritsar,Manoj Gupta,4.48,2134,Hatchback (WagonR),Hyundai i10,4,250,12,7,0,0
1250,AMB,Ambikapur,Rajesh Sharma,4.83,2270,Sedan (Dzire/Etios),Toyota Etios,4,350,14,10,0,0
1251,IXS,Silchar,Gaurav Tiwari,4.67,1632,SUV (Ertiga/Innova),Toyota Innova Crysta,6,650,20,3,0,0
1252,BOK,Bokaro,Amit Kumar,4.94,412,Sedan (Dzire/Etios),Hyundai Aura,4,350,14,5,0,0
1253,JAI,Jaipur,Harpreet Singh,4.71,1693,Hatchback (WagonR),Hyundai i10,4,250,12,4,0,0
1254,MYQ,Mysuru,Vikram Singh,4.9,1457,Hatchback (WagonR),Maruti Suzuki WagonR,4,250,12,9,0,0
1255,PBF,Bilaspur,Amit Kumar,4.77,1610,Electric EV (Nexon/Tigor),MG ZS EV,4,400,16,6,1,0
1256,PBF,Bilaspur,Praveen Nair,4.61,650,Hatchback (WagonR),Maruti Suzuki WagonR,4,250,12,5,0,0
1257,JGD,Jagdalpur,Vikram Singh,4.58,755,Airport Express Shuttle,Force Traveller AC,12,180,8,7,0,1
1258,RAT,Ratlam,Gaurav Tiwari,4.64,2149,Hatchback (WagonR),Hyundai i10,4,250,12,9,0,0
1259,JGD,Jagdalpur,Rajesh Sharma,4.94,1781,SUV (Ertiga/Innova),Toyota Innova Crysta,6,650,20,13,0,0
1260,RKG,Durgapur,Suresh Patel,4.72,1030,Sedan (Dzire/Etios),Hyundai Aura,4,350,14,8,0,0
1261,BID,Bidar,Manoj Gupta,4.75,1982,Electric EV (Nexon/Tigor),Tata Nexon EV,4,400,16,7,1,0
1262,IXZ,Port Blair (Andaman),Harpreet Singh,4.6,1531,Executive Premium,Toyota Camry Hybrid,4,1200,35,14,0,0
1263,HBI,Itanagar,Harpreet Singh,4.88,358,Electric EV (Nexon/Tigor),Tata Nexon EV,4,400,16,5,1,0
1264,KHA,Khandwa,Vijay Reddy,4.41,2277,Electric EV (Nexon/Tigor),Tata Tigor EV,4,400,16,8,1,0
1265,HBX,Hubballi / Dharwad,Mahesh Choudhary,4.72,2395,Airport Express Shuttle,Tata Winger Executive,12,180,8,7,0,1
1266,CCU,Kolkata,Vikram Singh,4.88,1478,Executive Premium,Toyota Camry Hybrid,4,1200,35,10,0,0
1267,BBI,Bhubaneswar,Harpreet Singh,4.92,1848,Hatchback (WagonR),Hyundai i10,4,250,12,9,0,0
1268,GAW,Guwahati,Ramesh Verma,4.74,1448,Electric EV (Nexon/Tigor),Tata Tigor EV,4,400,16,8,1,0
1269,KBK,Kushinagar,Rajesh Sharma,4.9,1196,Airport Express Shuttle,Force Traveller AC,12,180,8,10,0,1
1270,GAW,Guwahati,Manoj Gupta,4.59,1934,Hatchback (WagonR),Maruti Suzuki WagonR,4,250,12,11,0,0
1271,PINJ,Panchkula / Pinjore,Anil Deshmukh,4.44,2177,Executive Premium,Toyota Camry Hybrid,4,1200,35,12,0,0
1272,AMD,Ahmedabad,Harpreet Singh,4.73,1906,Sedan (Dzire/Etios),Hyundai Aura,4,350,14,10,0,0
1273,JAI,Jaipur,Rohan Mehta,4.62,1560,Sedan (Dzire/Etios),Maruti Suzuki Dzire,4,350,14,13,0,0
1274,NVM,Navi Mumbai,Sunil Yadav,4.43,183,Sedan (Dzire/Etios),Maruti Suzuki Dzire,4,350,14,14,0,0
1275,AMRE,Amreli,Harpreet Singh,4.77,733,Executive Premium,Toyota Camry Hybrid,4,1200,35,12,0,0
1276,IXL,Leh (Ladakh),Sanjay Rao,4.94,1582,Executive Premium,Mercedes C-Class,4,1200,35,11,0,0
1277,ZER,Ziro,Amit Kumar,4.63,1183,Executive Premium,Toyota Camry Hybrid,4,1200,35,7,0,0
1278,BDQ,Vadodara,Anil Deshmukh,4.49,2222,Hatchback (WagonR),Tata Tiago,4,250,12,9,0,0
1279,SIV,Sivasagar,Rajesh Sharma,4.42,786,SUV (Ertiga/Innova),Mahindra XUV700,6,650,20,3,0,0
1280,IXA,Agartala,Rohan Mehta,4.48,1654,Sedan (Dzire/Etios),Maruti Suzuki Dzire,4,350,14,7,0,0
1281,SLV,Shimla,Santosh Kulkarni,4.96,2196,Airport Express Shuttle,Force Traveller AC,12,180,8,8,0,1
1282,BHJ,Bhuj (Kutch),Manoj Gupta,4.91,1911,Electric EV (Nexon/Tigor),Tata Nexon EV,4,400,16,9,1,0
1283,ANK,Ankleshwar,Suresh Patel,4.47,1563,SUV (Ertiga/Innova),Mahindra XUV700,6,650,20,7,0,0
1284,DHM,Dharamshala / Kangra,Gaurav Tiwari,4.63,1099,Executive Premium,Skoda Superb,4,1200,35,9,0,0
1285,KAM,Kamalpur,Sanjay Rao,4.6,1692,Executive Premium,Toyota Camry Hybrid,4,1200,35,12,0,0
1286,JLR,Jabalpur,Harpreet Singh,4.49,854,Hatchback (WagonR),Maruti Suzuki WagonR,4,250,12,8,0,0
1287,TRZ,Tiruchirappalli (Trichy),Ramesh Verma,4.7,314,Executive Premium,Skoda Superb,4,1200,35,6,0,0
1288,AMD,Ahmedabad,Rajesh Sharma,4.95,2370,Sedan (Dzire/Etios),Maruti Suzuki Dzire,4,350,14,11,0,0
1289,COK,Kochi,Rajesh Sharma,4.73,271,Electric EV (Nexon/Tigor),MG ZS EV,4,400,16,5,1,0
1290,PNV,Porbandar,Dinesh Pillai,4.89,2202,SUV (Ertiga/Innova),Mahindra XUV700,6,650,20,13,0,0
1291,BPI,Mayurbhanj,Santosh Kulkarni,4.66,192,Airport Express Shuttle,Tata Winger Executive,12,180,8,9,0,1
1292,PUR,Purulia,Rahul Banerjee,4.54,974,Electric EV (Nexon/Tigor),MG ZS EV,4,400,16,5,1,0
1293,DMO,Damoh,Anil Deshmukh,4.87,1117,SUV (Ertiga/Innova),Mahindra XUV700,6,650,20,7,0,0
1294,HSR,Rajkot,Anil Deshmukh,4.93,519,Electric EV (Nexon/Tigor),Tata Nexon EV,4,400,16,3,1,0
1295,PYB,Jeypore,Vijay Reddy,4.59,1815,Electric EV (Nexon/Tigor),MG ZS EV,4,400,16,4,1,0
1296,BTH,Bettiah,Deepak Joshi,4.95,1367,Electric EV (Nexon/Tigor),MG ZS EV,4,400,16,6,1,0
1297,NDC,Nanded,Santosh Kulkarni,4.77,1090,Hatchback (WagonR),Tata Tiago,4,250,12,13,0,0
1298,NMN,Neemrana / Alwar,Praveen Nair,4.85,895,Electric EV (Nexon/Tigor),Tata Nexon EV,4,400,16,3,1,0
1299,DHR,Dibrugarh,Suresh Patel,4.8,2371,Hatchback (WagonR),Maruti Suzuki WagonR,4,250,12,10,0,0
1300,BGP,Bhagalpur,Mahesh Choudhary,4.73,1929,Electric EV (Nexon/Tigor),Tata Nexon EV,4,400,16,14,1,0
1301,SSE,Solapur,Mahesh Choudhary,4.91,1916,Sedan (Dzire/Etios),Hyundai Aura,4,350,14,9,0,0
1302,RXL,Raxaul,Ramesh Verma,4.45,2052,Sedan (Dzire/Etios),Toyota Etios,4,350,14,8,0,0
1303,PNV,Porbandar,Rajesh Sharma,4.75,2354,SUV (Ertiga/Innova),Mahindra XUV700,6,650,20,5,0,0
1304,SXR,Srinagar,Vikram Singh,4.44,1825,SUV (Ertiga/Innova),Toyota Innova Crysta,6,650,20,8,0,0
1305,GON,Gondia,Harpreet Singh,4.44,487,Sedan (Dzire/Etios),Toyota Etios,4,350,14,4,0,0
1306,HSR,Rajkot,Harpreet Singh,4.69,2217,Executive Premium,Mercedes C-Class,4,1200,35,4,0,0
1307,SIH,Sirohi,Anil Deshmukh,4.91,1288,Executive Premium,Skoda Superb,4,1200,35,9,0,0
1308,RAT,Ratlam,Deepak Joshi,4.68,759,Sedan (Dzire/Etios),Maruti Suzuki Dzire,4,350,14,11,0,0
1309,IXW,Jamshedpur,Ramesh Verma,4.58,1576,Sedan (Dzire/Etios),Maruti Suzuki Dzire,4,350,14,9,0,0
1310,MAA,Chennai,Rahul Banerjee,4.55,2325,Executive Premium,Mercedes C-Class,4,1200,35,11,0,0
1311,BHO,Bhopal,Pankaj Das,4.78,304,Executive Premium,Toyota Camry Hybrid,4,1200,35,12,0,0
1312,SWM,Ranthambore / Sawai Madhopur,Deepak Joshi,4.44,189,SUV (Ertiga/Innova),Mahindra XUV700,6,650,20,10,0,0
1313,IMF,Imphal,Rohan Mehta,4.57,1022,Airport Express Shuttle,Tata Winger Executive,12,180,8,10,0,1
1314,REW,Rewa,Sanjay Rao,4.45,214,Hatchback (WagonR),Hyundai i10,4,250,12,11,0,0
1315,CCJ,Kozhikode (Calicut),Ramesh Verma,4.72,917,Sedan (Dzire/Etios),Hyundai Aura,4,350,14,12,0,0
1316,BLT,Balurghat,Rahul Banerjee,4.59,838,SUV (Ertiga/Innova),Maruti Ertiga,6,650,20,9,0,0
1317,AMR,Amravati,Deepak Joshi,4.81,704,Executive Premium,Toyota Camry Hybrid,4,1200,35,4,0,0
1318,KJB,Kurnool (Orvakal),Dinesh Pillai,4.9,585,Hatchback (WagonR),Hyundai i10,4,250,12,8,0,0
1319,KHO,Khowai,Sanjay Rao,4.69,1533,Executive Premium,Skoda Superb,4,1200,35,13,0,0
1320,AMB,Ambikapur,Santosh Kulkarni,4.41,1777,Sedan (Dzire/Etios),Toyota Etios,4,350,14,14,0,0
1321,CFH,Chitrakoot,Sanjay Rao,4.81,1483,Electric EV (Nexon/Tigor),MG ZS EV,4,400,16,8,1,0
1322,JRH,Jorhat,Sanjay Rao,4.94,2018,Sedan (Dzire/Etios),Maruti Suzuki Dzire,4,350,14,11,0,0
1323,IXJ,Jammu,Dinesh Pillai,4.7,1625,Hatchback (WagonR),Tata Tiago,4,250,12,8,0,0
1324,BOM,Mumbai,Santosh Kulkarni,4.41,207,Electric EV (Nexon/Tigor),Tata Tigor EV,4,400,16,9,1,0
1325,AMRE,Amreli,Mahesh Choudhary,4.68,2141,Sedan (Dzire/Etios),Hyundai Aura,4,350,14,9,0,0
1326,AMH,Azamgarh,Amit Kumar,4.62,911,Electric EV (Nexon/Tigor),Tata Tigor EV,4,400,16,6,1,0
1327,BHU,Bathinda,Pankaj Das,4.74,575,Hatchback (WagonR),Tata Tiago,4,250,12,9,0,0
1328,IDR,Indore,Vijay Reddy,4.8,1000,SUV (Ertiga/Innova),Maruti Ertiga,6,650,20,14,0,0
1329,ASL,Asansol,Harpreet Singh,4.91,1900,Executive Premium,Toyota Camry Hybrid,4,1200,35,4,0,0
1330,SSE,Solapur,Pankaj Das,4.94,422,SUV (Ertiga/Innova),Mahindra XUV700,6,650,20,4,0,0
1331,NMS,Naliya,Amit Kumar,4.62,1241,Hatchback (WagonR),Tata Tiago,4,250,12,4,0,0
1332,GAW,Guwahati,Rahul Banerjee,4.42,1685,Airport Express Shuttle,Force Traveller AC,12,180,8,6,0,1
1333,KHA,Khandwa,Praveen Nair,4.92,981,Airport Express Shuttle,Tata Winger Executive,12,180,8,10,0,1
1334,HBX,Hubballi / Dharwad,Sanjay Rao,4.87,1009,Airport Express Shuttle,Tata Winger Executive,12,180,8,4,0,1
1335,SRA,Shravasti,Vikram Singh,4.42,1134,Executive Premium,Mercedes C-Class,4,1200,35,7,0,0
1336,OSB,Dharashiv,Vikram Singh,4.71,193,Executive Premium,Mercedes C-Class,4,1200,35,13,0,0
1337,RXL,Raxaul,Sunil Yadav,4.57,2158,SUV (Ertiga/Innova),Maruti Ertiga,6,650,20,4,0,0
1338,HSS,Hisar,Pankaj Das,4.54,1628,Sedan (Dzire/Etios),Hyundai Aura,4,350,14,7,0,0
1339,KHA,Khandwa,Rohan Mehta,4.74,1313,Electric EV (Nexon/Tigor),Tata Nexon EV,4,400,16,13,1,0
1340,DON,Bhadrak / Dhamra,Suresh Patel,4.41,1911,SUV (Ertiga/Innova),Mahindra XUV700,6,650,20,11,0,0
1341,PUR,Purulia,Deepak Joshi,4.95,1311,Hatchback (WagonR),Hyundai i10,4,250,12,10,0,0
1342,SDW,Sindhudurg,Mahesh Choudhary,4.56,294,Sedan (Dzire/Etios),Hyundai Aura,4,350,14,14,0,0
1343,NPL,Narnaul,Rohan Mehta,4.42,377,Hatchback (WagonR),Tata Tiago,4,250,12,6,0,0
1344,DMO,Damoh,Gaurav Tiwari,4.63,2374,Sedan (Dzire/Etios),Maruti Suzuki Dzire,4,350,14,9,0,0
1345,COB,Cooch Behar,Rahul Banerjee,4.49,1853,Hatchback (WagonR),Tata Tiago,4,250,12,6,0,0
1346,KUU,Kullu / Manali,Vikram Singh,4.63,1611,SUV (Ertiga/Innova),Mahindra XUV700,6,650,20,8,0,0
1347,NVM,Navi Mumbai,Deepak Joshi,4.95,667,Sedan (Dzire/Etios),Maruti Suzuki Dzire,4,350,14,9,0,0
1348,GOX,Goa (Mopa),Gaurav Tiwari,4.7,318,Executive Premium,Mercedes C-Class,4,1200,35,10,0,0
1349,UTL,Barmer,Rahul Banerjee,4.91,128,SUV (Ertiga/Innova),Mahindra XUV700,6,650,20,3,0,0
1350,KAM,Kamalpur,Deepak Joshi,4.92,1021,Airport Express Shuttle,Force Traveller AC,12,180,8,11,0,1
1351,HSS,Hisar,Sanjay Rao,4.83,2083,Executive Premium,Mercedes C-Class,4,1200,35,4,0,0
1352,DHR,Dibrugarh,Suresh Patel,4.87,1513,SUV (Ertiga/Innova),Toyota Innova Crysta,6,650,20,10,0,0
1353,RGD,Raigarh,Harpreet Singh,4.6,2175,Executive Premium,Toyota Camry Hybrid,4,1200,35,11,0,0
1354,IXE,Mangaluru,Vijay Reddy,4.51,481,Airport Express Shuttle,Force Traveller AC,12,180,8,11,0,1
1355,GAW,Guwahati,Sunil Yadav,4.77,1082,Sedan (Dzire/Etios),Maruti Suzuki Dzire,4,350,14,11,0,0
1356,JLG,Jalgaon,Rahul Banerjee,4.88,2069,Executive Premium,Skoda Superb,4,1200,35,3,0,0
1357,NPL,Narnaul,Sunil Yadav,4.67,1791,Sedan (Dzire/Etios),Hyundai Aura,4,350,14,6,0,0
1358,NDC,Nanded,Sanjay Rao,4.58,373,Hatchback (WagonR),Maruti Suzuki WagonR,4,250,12,9,0,0
1359,MAA,Chennai,Ramesh Verma,4.66,104,Hatchback (WagonR),Tata Tiago,4,250,12,4,0,0
1360,SSE,Solapur,Gaurav Tiwari,4.74,687,Hatchback (WagonR),Tata Tiago,4,250,12,4,0,0
1361,NAG,Nagpur,Deepak Joshi,4.79,139,Electric EV (Nexon/Tigor),MG ZS EV,4,400,16,3,1,0
1362,BGP,Bhagalpur,Praveen Nair,4.9,1593,Airport Express Shuttle,Tata Winger Executive,12,180,8,13,0,1
1363,UDR,Udaipur,Vijay Reddy,4.54,1752,Electric EV (Nexon/Tigor),MG ZS EV,4,400,16,8,1,0
1364,AJL,Aizawl,Sanjay Rao,4.66,715,Airport Express Shuttle,Tata Winger Executive,12,180,8,9,0,1
1365,RMD,Ratnagiri,Ramesh Verma,4.67,170,Executive Premium,Mercedes C-Class,4,1200,35,5,0,0
1366,LUD,Ludhiana,Harpreet Singh,4.84,1400,Airport Express Shuttle,Force Traveller AC,12,180,8,7,0,1
1367,OSB,Dharashiv,Ramesh Verma,4.77,1539,Executive Premium,Toyota Camry Hybrid,4,1200,35,14,0,0
1368,AKL,Akola,Vikram Singh,4.42,1480,Executive Premium,Mercedes C-Class,4,1200,35,9,0,0
1369,DBR,Darbhanga,Harpreet Singh,4.88,2209,Electric EV (Nexon/Tigor),Tata Nexon EV,4,400,16,5,1,0
1370,HSS,Hisar,Gaurav Tiwari,4.79,1443,Sedan (Dzire/Etios),Maruti Suzuki Dzire,4,350,14,9,0,0
1371,RMD,Ratnagiri,Rahul Banerjee,4.61,1342,Sedan (Dzire/Etios),Maruti Suzuki Dzire,4,350,14,12,0,0
1372,TIR,Tirupati,Amit Kumar,4.6,1823,Electric EV (Nexon/Tigor),Tata Nexon EV,4,400,16,13,1,0
1373,BGP,Bhagalpur,Rohan Mehta,4.48,1613,Electric EV (Nexon/Tigor),MG ZS EV,4,400,16,4,1,0
1374,NEEM,Neemuch,Sanjay Rao,4.86,2200,Electric EV (Nexon/Tigor),Tata Nexon EV,4,400,16,12,1,0
1375,MUZ,Muzaffarpur,Manoj Gupta,4.83,720,Airport Express Shuttle,Tata Winger Executive,12,180,8,13,0,1
1376,AMD,Ahmedabad,Mahesh Choudhary,4.88,120,Executive Premium,Skoda Superb,4,1200,35,12,0,0
1377,BPI,Mayurbhanj,Ramesh Verma,4.47,2372,Executive Premium,Toyota Camry Hybrid,4,1200,35,12,0,0
1378,ALD,Aligarh,Anil Deshmukh,4.95,1047,Electric EV (Nexon/Tigor),MG ZS EV,4,400,16,10,1,0
1379,VNS,Varanasi,Sunil Yadav,4.86,1736,Executive Premium,Mercedes C-Class,4,1200,35,6,0,0
1380,ISK,Nashik,Amit Kumar,4.69,2065,SUV (Ertiga/Innova),Maruti Ertiga,6,650,20,4,0,0
1381,BLR,Bengaluru,Vijay Reddy,4.44,188,Airport Express Shuttle,Tata Winger Executive,12,180,8,3,0,1
1382,PYG,Gangtok / Pakyong (Sikkim),Dinesh Pillai,4.52,878,SUV (Ertiga/Innova),Maruti Ertiga,6,650,20,11,0,0
1383,NEEM,Neemuch,Vijay Reddy,4.81,201,Electric EV (Nexon/Tigor),MG ZS EV,4,400,16,9,1,0
1384,IXT,Pasighat,Pankaj Das,4.94,673,Airport Express Shuttle,Force Traveller AC,12,180,8,8,0,1
1385,RKG,Durgapur,Sunil Yadav,4.65,2100,Airport Express Shuttle,Force Traveller AC,12,180,8,9,0,1
1386,NWP,Pithoragarh,Ramesh Verma,4.48,1689,Sedan (Dzire/Etios),Toyota Etios,4,350,14,10,0,0
1387,GWL,Gwalior,Santosh Kulkarni,4.86,2270,Sedan (Dzire/Etios),Toyota Etios,4,350,14,13,0,0
1388,CJB,Coimbatore,Gaurav Tiwari,4.89,2004,Hatchback (WagonR),Tata Tiago,4,250,12,7,0,0
1389,DIU,Diu,Rajesh Sharma,4.68,2281,SUV (Ertiga/Innova),Maruti Ertiga,6,650,20,10,0,0
1390,IXB,Siliguri / Bagdogra,Suresh Patel,4.87,2178,Hatchback (WagonR),Hyundai i10,4,250,12,5,0,0
1391,IDR,Indore,Praveen Nair,4.43,2277,Electric EV (Nexon/Tigor),MG ZS EV,4,400,16,7,1,0
1392,SLN,Sultanpur,Praveen Nair,4.72,256,Electric EV (Nexon/Tigor),Tata Tigor EV,4,400,16,5,1,0
1393,KHA,Khandwa,Sanjay Rao,4.86,2111,Executive Premium,Toyota Camry Hybrid,4,1200,35,7,0,0
1394,RAT,Ratlam,Mahesh Choudhary,4.43,131,Executive Premium,Mercedes C-Class,4,1200,35,11,0,0
1395,SIH,Sirohi,Harpreet Singh,4.46,431,Executive Premium,Skoda Superb,4,1200,35,8,0,0
1396,AMR,Amravati,Harpreet Singh,4.67,1255,SUV (Ertiga/Innova),Mahindra XUV700,6,650,20,5,0,0
1397,BLT,Balurghat,Sunil Yadav,4.75,2082,Electric EV (Nexon/Tigor),Tata Nexon EV,4,400,16,6,1,0
1398,KBK,Kushinagar,Mahesh Choudhary,4.87,2207,Electric EV (Nexon/Tigor),Tata Tigor EV,4,400,16,10,1,0
1399,PAL,Pali,Praveen Nair,4.48,2221,SUV (Ertiga/Innova),Toyota Innova Crysta,6,650,20,4,0,0
1400,DGR,Deoghar,Sanjay Rao,4.59,1301,Electric EV (Nexon/Tigor),Tata Tigor EV,4,400,16,13,1,0
1401,IXT,Pasighat,Anil Deshmukh,4.45,566,Airport Express Shuttle,Force Traveller AC,12,180,8,4,0,1
1402,STV,Surat,Rajesh Sharma,4.41,1052,Sedan (Dzire/Etios),Hyundai Aura,4,350,14,4,0,0
1403,RJA,Rajahmundry,Harpreet Singh,4.9,2335,Electric EV (Nexon/Tigor),Tata Nexon EV,4,400,16,9,1,0
1404,COK,Kochi,Ramesh Verma,4.88,976,Hatchback (WagonR),Hyundai i10,4,250,12,7,0,0
1405,RAT,Ratlam,Gaurav Tiwari,4.59,935,Electric EV (Nexon/Tigor),Tata Tigor EV,4,400,16,3,1,0
1406,AMH,Azamgarh,Manoj Gupta,4.77,2196,Airport Express Shuttle,Force Traveller AC,12,180,8,14,0,1
1407,JSA,Jaisalmer,Amit Kumar,4.85,188,Sedan (Dzire/Etios),Hyundai Aura,4,350,14,6,0,0
1408,NDC,Nanded,Manoj Gupta,4.68,944,Electric EV (Nexon/Tigor),Tata Tigor EV,4,400,16,9,1,0
1409,BDQ,Vadodara,Praveen Nair,4.73,819,SUV (Ertiga/Innova),Toyota Innova Crysta,6,650,20,5,0,0
1410,JLG,Jalgaon,Ramesh Verma,4.4,560,SUV (Ertiga/Innova),Mahindra XUV700,6,650,20,11,0,0
1411,RMD,Ratnagiri,Rahul Banerjee,4.95,1303,SUV (Ertiga/Innova),Maruti Ertiga,6,650,20,14,0,0
1412,IXT,Pasighat,Pankaj Das,4.93,139,Airport Express Shuttle,Tata Winger Executive,12,180,8,11,0,1
1413,MZS,Sonbhadra,Pankaj Das,4.93,1284,Sedan (Dzire/Etios),Hyundai Aura,4,350,14,7,0,0
1414,NWP,Pithoragarh,Gaurav Tiwari,4.71,699,Electric EV (Nexon/Tigor),Tata Nexon EV,4,400,16,12,1,0
1415,JGD,Jagdalpur,Vijay Reddy,4.89,1264,Hatchback (WagonR),Hyundai i10,4,250,12,4,0,0
1416,SSE,Solapur,Deepak Joshi,4.54,702,Electric EV (Nexon/Tigor),Tata Tigor EV,4,400,16,8,1,0
1417,JGA,Jamnagar,Sunil Yadav,4.95,1224,SUV (Ertiga/Innova),Toyota Innova Crysta,6,650,20,7,0,0
1418,SSE,Solapur,Santosh Kulkarni,4.61,1722,Airport Express Shuttle,Tata Winger Executive,12,180,8,14,0,1
1419,CNN,Kannur,Gaurav Tiwari,4.45,99,Sedan (Dzire/Etios),Toyota Etios,4,350,14,3,0,0
1420,STV,Surat,Ramesh Verma,4.85,2376,Electric EV (Nexon/Tigor),Tata Nexon EV,4,400,16,12,1,0
1421,DIU,Diu,Pankaj Das,4.65,1037,Hatchback (WagonR),Hyundai i10,4,250,12,14,0,0
1422,UTL,Barmer,Praveen Nair,4.75,1012,Airport Express Shuttle,Tata Winger Executive,12,180,8,10,0,1
1423,PYG,Gangtok / Pakyong (Sikkim),Sunil Yadav,4.72,127,Executive Premium,Mercedes C-Class,4,1200,35,13,0,0
1424,NMN,Neemrana / Alwar,Harpreet Singh,4.56,836,SUV (Ertiga/Innova),Maruti Ertiga,6,650,20,14,0,0
1425,PGH,Pantnagar / Nainital,Santosh Kulkarni,4.92,2122,SUV (Ertiga/Innova),Mahindra XUV700,6,650,20,5,0,0
1426,DMU,Dimapur,Amit Kumar,4.7,1876,Electric EV (Nexon/Tigor),Tata Tigor EV,4,400,16,9,1,0
1427,ISK,Nashik,Amit Kumar,4.55,884,SUV (Ertiga/Innova),Mahindra XUV700,6,650,20,4,0,0
1428,RJA,Rajahmundry,Rajesh Sharma,4.59,1081,SUV (Ertiga/Innova),Toyota Innova Crysta,6,650,20,11,0,0
1429,KHA,Khandwa,Rahul Banerjee,4.74,1035,Hatchback (WagonR),Hyundai i10,4,250,12,6,0,0
1430,LUD,Ludhiana,Rajesh Sharma,4.68,664,Hatchback (WagonR),Hyundai i10,4,250,12,3,0,0
1431,UTL,Barmer,Sunil Yadav,4.62,495,Sedan (Dzire/Etios),Toyota Etios,4,350,14,6,0,0
1432,VTZ,Visakhapatnam,Mahesh Choudhary,4.58,287,Airport Express Shuttle,Force Traveller AC,12,180,8,9,0,1
1433,DON,Bhadrak / Dhamra,Praveen Nair,4.61,1776,Executive Premium,Skoda Superb,4,1200,35,4,0,0
1434,NMS,Naliya,Harpreet Singh,4.65,1532,Sedan (Dzire/Etios),Toyota Etios,4,350,14,8,0,0
1435,JGA,Jamnagar,Mahesh Choudhary,4.79,276,Executive Premium,Mercedes C-Class,4,1200,35,3,0,0
1436,PNV,Porbandar,Rohan Mehta,4.51,394,Electric EV (Nexon/Tigor),MG ZS EV,4,400,16,6,1,0
1437,CCU,Kolkata,Ramesh Verma,4.95,755,Executive Premium,Mercedes C-Class,4,1200,35,8,0,0
1438,DHR,Dibrugarh,Ramesh Verma,4.73,1685,Electric EV (Nexon/Tigor),MG ZS EV,4,400,16,5,1,0
1439,BAR,Baramati,Vijay Reddy,4.42,1125,SUV (Ertiga/Innova),Toyota Innova Crysta,6,650,20,3,0,0
1440,PNV,Porbandar,Anil Deshmukh,4.91,1161,SUV (Ertiga/Innova),Mahindra XUV700,6,650,20,6,0,0
1441,COB,Cooch Behar,Praveen Nair,4.45,1937,Hatchback (WagonR),Tata Tiago,4,250,12,12,0,0
1442,NVM,Navi Mumbai,Amit Kumar,4.73,433,Electric EV (Nexon/Tigor),Tata Nexon EV,4,400,16,9,1,0
1443,BTH,Bettiah,Rahul Banerjee,4.4,2273,Airport Express Shuttle,Force Traveller AC,12,180,8,4,0,1
1444,PAL,Pali,Santosh Kulkarni,4.46,1222,Electric EV (Nexon/Tigor),Tata Tigor EV,4,400,16,6,1,0
1445,DIU,Diu,Rahul Banerjee,4.49,1946,SUV (Ertiga/Innova),Toyota Innova Crysta,6,650,20,11,0,0
1446,YTL,Yavatmal,Sanjay Rao,4.85,1059,Sedan (Dzire/Etios),Hyundai Aura,4,350,14,6,0,0
1447,PUR,Purulia,Dinesh Pillai,4.45,1339,Airport Express Shuttle,Tata Winger Executive,12,180,8,9,0,1
1448,KAP,Kadapa,Santosh Kulkarni,4.74,407,Executive Premium,Skoda Superb,4,1200,35,3,0,0
1449,BLR,Bengaluru,Vijay Reddy,4.48,841,Hatchback (WagonR),Hyundai i10,4,250,12,3,0,0
1450,AMD,Ahmedabad,Sunil Yadav,4.62,1143,Executive Premium,Toyota Camry Hybrid,4,1200,35,5,0,0
1451,KJB,Kurnool (Orvakal),Santosh Kulkarni,4.48,605,Hatchback (WagonR),Maruti Suzuki WagonR,4,250,12,13,0,0
1452,TRV,Thiruvananthapuram,Rohan Mehta,4.51,931,SUV (Ertiga/Innova),Mahindra XUV700,6,650,20,10,0,0
1453,PUR,Purulia,Rohan Mehta,4.49,742,Hatchback (WagonR),Hyundai i10,4,250,12,14,0,0
1454,HIR,Sambalpur,Rohan Mehta,4.41,1569,SUV (Ertiga/Innova),Toyota Innova Crysta,6,650,20,7,0,0
1455,JGA,Jamnagar,Rohan Mehta,4.57,1305,Airport Express Shuttle,Force Traveller AC,12,180,8,14,0,1
1456,JLG,Jalgaon,Dinesh Pillai,4.42,704,Airport Express Shuttle,Force Traveller AC,12,180,8,10,0,1
1457,IMF,Imphal,Vikram Singh,4.61,2262,Airport Express Shuttle,Force Traveller AC,12,180,8,4,0,1
1458,IXE,Mangaluru,Suresh Patel,4.79,1938,Electric EV (Nexon/Tigor),MG ZS EV,4,400,16,10,1,0
1459,IXE,Mangaluru,Rohan Mehta,4.69,1619,Electric EV (Nexon/Tigor),Tata Tigor EV,4,400,16,14,1,0
1460,MAA,Chennai,Harpreet Singh,4.98,742,SUV (Ertiga/Innova),Maruti Ertiga,6,650,20,3,0,0
1461,JLR,Jabalpur,Dinesh Pillai,4.81,1758,Sedan (Dzire/Etios),Hyundai Aura,4,350,14,11,0,0
1462,WGC,Warangal,Mahesh Choudhary,4.53,1740,Sedan (Dzire/Etios),Toyota Etios,4,350,14,9,0,0
1463,AMR,Amravati,Praveen Nair,4.92,1049,Hatchback (WagonR),Tata Tiago,4,250,12,9,0,0
1464,CCU,Kolkata,Harpreet Singh,4.96,503,Sedan (Dzire/Etios),Maruti Suzuki Dzire,4,350,14,6,0,0
1465,RJA,Rajahmundry,Amit Kumar,4.66,1230,SUV (Ertiga/Innova),Mahindra XUV700,6,650,20,6,0,0
1466,BLR,Bengaluru,Ramesh Verma,4.84,1526,Airport Express Shuttle,Tata Winger Executive,12,180,8,3,0,1
1467,IDR,Indore,Praveen Nair,4.59,605,Airport Express Shuttle,Tata Winger Executive,12,180,8,8,0,1
1468,PYB,Jeypore,Suresh Patel,4.64,1046,Hatchback (WagonR),Hyundai i10,4,250,12,5,0,0
1469,RKG,Durgapur,Mahesh Choudhary,4.49,1470,Hatchback (WagonR),Tata Tiago,4,250,12,5,0,0
1470,IDR,Indore,Vijay Reddy,4.49,1484,Hatchback (WagonR),Maruti Suzuki WagonR,4,250,12,8,0,0
1471,JGD,Jagdalpur,Sunil Yadav,4.66,859,Sedan (Dzire/Etios),Maruti Suzuki Dzire,4,350,14,13,0,0
1472,SDW,Sindhudurg,Rohan Mehta,4.43,2253,Electric EV (Nexon/Tigor),Tata Nexon EV,4,400,16,10,1,0
1473,IXS,Silchar,Anil Deshmukh,4.42,153,Airport Express Shuttle,Force Traveller AC,12,180,8,10,0,1
1474,BHJ,Bhuj (Kutch),Rajesh Sharma,4.91,1788,Sedan (Dzire/Etios),Toyota Etios,4,350,14,6,0,0
1475,KAI,Kailashahar,Amit Kumar,4.71,1100,Electric EV (Nexon/Tigor),Tata Tigor EV,4,400,16,10,1,0
1476,IXU,Chhatrapati Sambhaji Nagar (Aurangabad),Rahul Banerjee,4.92,1695,Sedan (Dzire/Etios),Hyundai Aura,4,350,14,9,0,0
1477,BKN,Bikaner,Amit Kumar,4.97,583,Hatchback (WagonR),Hyundai i10,4,250,12,11,0,0
1478,CHI,Chhindwara,Mahesh Choudhary,4.69,691,Executive Premium,Skoda Superb,4,1200,35,14,0,0
1479,DIU,Diu,Suresh Patel,4.91,907,Sedan (Dzire/Etios),Hyundai Aura,4,350,14,9,0,0
1480,PAL,Pali,Praveen Nair,4.67,781,Electric EV (Nexon/Tigor),Tata Tigor EV,4,400,16,7,1,0
1481,HIR,Sambalpur,Mahesh Choudhary,4.48,1299,Hatchback (WagonR),Maruti Suzuki WagonR,4,250,12,4,0,0
1482,SXR,Srinagar,Vikram Singh,4.42,1521,Executive Premium,Mercedes C-Class,4,1200,35,10,0,0
1483,PUI,Purnea,Dinesh Pillai,4.4,303,Airport Express Shuttle,Force Traveller AC,12,180,8,3,0,1
1484,IXS,Silchar,Deepak Joshi,4.47,1110,SUV (Ertiga/Innova),Maruti Ertiga,6,650,20,9,0,0
1485,HBI,Itanagar,Sanjay Rao,4.84,1213,Airport Express Shuttle,Tata Winger Executive,12,180,8,4,0,1
1486,IMF,Imphal,Suresh Patel,4.65,152,SUV (Ertiga/Innova),Mahindra XUV700,6,650,20,6,0,0
1487,ALD,Aligarh,Sanjay Rao,4.81,1559,Executive Premium,Mercedes C-Class,4,1200,35,7,0,0
1488,ZER,Ziro,Vikram Singh,4.72,197,SUV (Ertiga/Innova),Toyota Innova Crysta,6,650,20,10,0,0
1489,NVY,Neyveli,Harpreet Singh,4.57,2060,Executive Premium,Toyota Camry Hybrid,4,1200,35,12,0,0
1490,BVC,Bhavnagar,Manoj Gupta,4.41,1489,Executive Premium,Toyota Camry Hybrid,4,1200,35,11,0,0
1491,ATQ,Amritsar,Gaurav Tiwari,4.75,2387,Electric EV (Nexon/Tigor),Tata Nexon EV,4,400,16,5,1,0
1492,BPI,Mayurbhanj,Gaurav Tiwari,4.55,179,Electric EV (Nexon/Tigor),Tata Nexon EV,4,400,16,9,1,0
1493,BOK,Bokaro,Sunil Yadav,4.59,1688,Executive Premium,Skoda Superb,4,1200,35,9,0,0
1494,KOK,Kokrajhar,Harpreet Singh,4.51,2214,Airport Express Shuttle,Force Traveller AC,12,180,8,13,0,1
1495,JRG,Jharsuguda,Sunil Yadav,4.5,1976,Executive Premium,Skoda Superb,4,1200,35,5,0,0
1496,NVM,Navi Mumbai,Rajesh Sharma,4.62,1186,Electric EV (Nexon/Tigor),Tata Tigor EV,4,400,16,8,1,0
1497,WGC,Warangal,Rohan Mehta,4.94,278,Sedan (Dzire/Etios),Hyundai Aura,4,350,14,12,0,0
1498,BHJ,Bhuj (Kutch),Harpreet Singh,4.42,1086,SUV (Ertiga/Innova),Mahindra XUV700,6,650,20,13,0,0
1499,JAI,Jaipur,Gaurav Tiwari,4.91,1007,Sedan (Dzire/Etios),Maruti Suzuki Dzire,4,350,14,10,0,0
1500,RAT,Ratlam,Mahesh Choudhary,4.61,2193,Electric EV (Nexon/Tigor),Tata Tigor EV,4,400,16,11,1,0
1501,BVC,Bhavnagar,Deepak Joshi,4.86,964,Electric EV (Nexon/Tigor),Tata Nexon EV,4,400,16,8,1,0
1502,BBI,Bhubaneswar,Manoj Gupta,4.6,255,Airport Express Shuttle,Force Traveller AC,12,180,8,8,0,1
1503,IXT,Pasighat,Sunil Yadav,4.78,534,Airport Express Shuttle,Force Traveller AC,12,180,8,9,0,1
1504,KAM,Kamalpur,Mahesh Choudhary,4.42,463,Hatchback (WagonR),Tata Tiago,4,250,12,3,0,0
1505,KQH,Ajmer / Kishangarh,Harpreet Singh,4.94,2108,Executive Premium,Mercedes C-Class,4,1200,35,14,0,0
1506,KHO,Khowai,Rajesh Sharma,4.69,1096,Executive Premium,Mercedes C-Class,4,1200,35,11,0,0
1507,KAM,Kamalpur,Suresh Patel,4.67,179,Hatchback (WagonR),Maruti Suzuki WagonR,4,250,12,12,0,0
1508,JDH,Jodhpur,Praveen Nair,4.68,1042,Airport Express Shuttle,Tata Winger Executive,12,180,8,3,0,1
1509,AMB,Ambikapur,Praveen Nair,4.4,1346,Sedan (Dzire/Etios),Maruti Suzuki Dzire,4,350,14,13,0,0
1510,PYG,Gangtok / Pakyong (Sikkim),Vijay Reddy,4.65,1960,Hatchback (WagonR),Hyundai i10,4,250,12,9,0,0
1511,MAA,Chennai,Harpreet Singh,4.5,1046,SUV (Ertiga/Innova),Toyota Innova Crysta,6,650,20,10,0,0
1512,NAG,Nagpur,Praveen Nair,4.56,619,Executive Premium,Toyota Camry Hybrid,4,1200,35,5,0,0
1513,WGC,Warangal,Dinesh Pillai,4.58,1782,Executive Premium,Skoda Superb,4,1200,35,12,0,0
1514,MEH,Mehsana,Santosh Kulkarni,4.49,1965,Hatchback (WagonR),Tata Tiago,4,250,12,11,0,0
1515,JRG,Jharsuguda,Manoj Gupta,4.85,1924,Airport Express Shuttle,Tata Winger Executive,12,180,8,4,0,1
1516,NWP,Pithoragarh,Pankaj Das,4.93,1686,Hatchback (WagonR),Maruti Suzuki WagonR,4,250,12,9,0,0
1517,AMRE,Amreli,Sanjay Rao,4.71,2289,Executive Premium,Toyota Camry Hybrid,4,1200,35,14,0,0
1518,NVM,Navi Mumbai,Praveen Nair,4.75,906,Hatchback (WagonR),Hyundai i10,4,250,12,9,0,0
1519,AGR,Agra,Deepak Joshi,4.65,1712,SUV (Ertiga/Innova),Toyota Innova Crysta,6,650,20,6,0,0
1520,CNN,Kannur,Amit Kumar,4.83,2127,Executive Premium,Skoda Superb,4,1200,35,12,0,0
1521,WGC,Warangal,Rajesh Sharma,4.87,1052,Electric EV (Nexon/Tigor),MG ZS EV,4,400,16,10,1,0
1522,CFH,Chitrakoot,Amit Kumar,4.65,1129,Airport Express Shuttle,Tata Winger Executive,12,180,8,12,0,1
1523,BDQ,Vadodara,Praveen Nair,4.89,577,Electric EV (Nexon/Tigor),MG ZS EV,4,400,16,9,1,0
1524,AMB,Ambikapur,Sunil Yadav,4.7,964,Executive Premium,Toyota Camry Hybrid,4,1200,35,4,0,0
1525,KNU,Kanpur,Santosh Kulkarni,4.43,1718,Airport Express Shuttle,Force Traveller AC,12,180,8,10,0,1
1526,MEH,Mehsana,Dinesh Pillai,4.66,292,Sedan (Dzire/Etios),Toyota Etios,4,350,14,13,0,0
1527,NAG,Nagpur,Suresh Patel,4.79,1206,SUV (Ertiga/Innova),Maruti Ertiga,6,650,20,10,0,0
1528,BGP,Bhagalpur,Praveen Nair,4.76,776,Sedan (Dzire/Etios),Toyota Etios,4,350,14,11,0,0
1529,JRH,Jorhat,Pankaj Das,4.71,193,SUV (Ertiga/Innova),Toyota Innova Crysta,6,650,20,8,0,0
1530,HSS,Hisar,Dinesh Pillai,4.87,1501,Airport Express Shuttle,Tata Winger Executive,12,180,8,12,0,1
1531,MRA,Noida / Jewar,Rajesh Sharma,4.59,915,Electric EV (Nexon/Tigor),MG ZS EV,4,400,16,11,1,0
1532,HZD,Hazaribagh,Sunil Yadav,4.91,1581,Sedan (Dzire/Etios),Maruti Suzuki Dzire,4,350,14,7,0,0
1533,IXR,Ranchi,Mahesh Choudhary,4.84,2128,Hatchback (WagonR),Tata Tiago,4,250,12,3,0,0
1534,KAM,Kamalpur,Rajesh Sharma,4.88,553,Airport Express Shuttle,Force Traveller AC,12,180,8,7,0,1
1535,DIU,Diu,Rajesh Sharma,4.8,459,Hatchback (WagonR),Hyundai i10,4,250,12,8,0,0
1536,STV,Surat,Rajesh Sharma,4.44,713,Executive Premium,Skoda Superb,4,1200,35,12,0,0
1537,IXZ,Port Blair (Andaman),Rahul Banerjee,4.48,2203,Hatchback (WagonR),Tata Tiago,4,250,12,11,0,0
1538,SAG,Shirdi,Vikram Singh,4.63,900,SUV (Ertiga/Innova),Maruti Ertiga,6,650,20,5,0,0
1539,IXC,Chandigarh,Rajesh Sharma,4.69,1616,Hatchback (WagonR),Hyundai i10,4,250,12,5,0,0
1540,DBR,Darbhanga,Vikram Singh,4.83,456,Airport Express Shuttle,Tata Winger Executive,12,180,8,10,0,1
1541,JGA,Jamnagar,Ramesh Verma,4.85,903,Electric EV (Nexon/Tigor),Tata Nexon EV,4,400,16,11,1,0
1542,DMU,Dimapur,Praveen Nair,4.68,101,Electric EV (Nexon/Tigor),Tata Tigor EV,4,400,16,12,1,0
1543,MZS,Sonbhadra,Sunil Yadav,4.47,1464,Sedan (Dzire/Etios),Maruti Suzuki Dzire,4,350,14,7,0,0
1544,GWL,Gwalior,Deepak Joshi,4.45,1092,Executive Premium,Toyota Camry Hybrid,4,1200,35,12,0,0
1545,MUZ,Muzaffarpur,Sunil Yadav,4.75,205,Airport Express Shuttle,Tata Winger Executive,12,180,8,10,0,1
1546,GON,Gondia,Manoj Gupta,4.63,1181,SUV (Ertiga/Innova),Maruti Ertiga,6,650,20,4,0,0
1547,KAR,Karad / Satara,Rohan Mehta,4.44,2062,Airport Express Shuttle,Force Traveller AC,12,180,8,12,0,1
1548,BDQ,Vadodara,Rahul Banerjee,4.95,1248,Airport Express Shuttle,Force Traveller AC,12,180,8,8,0,1
1549,DON,Bhadrak / Dhamra,Sanjay Rao,4.81,2207,Hatchback (WagonR),Hyundai i10,4,250,12,7,0,0
1550,MYQ,Mysuru,Pankaj Das,4.63,2363,Executive Premium,Skoda Superb,4,1200,35,10,0,0
1551,KHO,Khowai,Anil Deshmukh,4.82,176,Electric EV (Nexon/Tigor),Tata Tigor EV,4,400,16,5,1,0
1552,NDC,Nanded,Deepak Joshi,4.41,1597,Electric EV (Nexon/Tigor),MG ZS EV,4,400,16,8,1,0
1553,IXB,Siliguri / Bagdogra,Deepak Joshi,4.43,1048,Executive Premium,Mercedes C-Class,4,1200,35,8,0,0
1554,BLR,Bengaluru,Rahul Banerjee,4.96,1034,Airport Express Shuttle,Force Traveller AC,12,180,8,6,0,1
1555,GWL,Gwalior,Pankaj Das,4.76,1475,Executive Premium,Toyota Camry Hybrid,4,1200,35,3,0,0
1556,AMB,Ambikapur,Sunil Yadav,4.75,2389,SUV (Ertiga/Innova),Maruti Ertiga,6,650,20,14,0,0
1557,CNN,Kannur,Anil Deshmukh,4.4,510,Hatchback (WagonR),Tata Tiago,4,250,12,14,0,0
1558,BLR,Bengaluru,Anil Deshmukh,4.66,2366,Executive Premium,Mercedes C-Class,4,1200,35,9,0,0
1559,JSA,Jaisalmer,Pankaj Das,4.91,523,Sedan (Dzire/Etios),Hyundai Aura,4,350,14,5,0,0
1560,CFH,Chitrakoot,Sanjay Rao,4.54,315,Airport Express Shuttle,Force Traveller AC,12,180,8,6,0,1
1561,AMH,Azamgarh,Vikram Singh,4.88,377,SUV (Ertiga/Innova),Toyota Innova Crysta,6,650,20,12,0,0
1562,BHO,Bhopal,Deepak Joshi,4.51,1688,Airport Express Shuttle,Force Traveller AC,12,180,8,10,0,1
1563,AGX,Agatti Island (Lakshadweep),Rahul Banerjee,4.54,1265,Hatchback (WagonR),Hyundai i10,4,250,12,12,0,0
1564,IXW,Jamshedpur,Rahul Banerjee,4.55,921,Airport Express Shuttle,Tata Winger Executive,12,180,8,11,0,1
1565,SAG,Shirdi,Sunil Yadav,4.4,286,Electric EV (Nexon/Tigor),MG ZS EV,4,400,16,12,1,0
1566,ROU,Rourkela,Rohan Mehta,4.6,910,Sedan (Dzire/Etios),Hyundai Aura,4,350,14,14,0,0
1567,NDC,Nanded,Manoj Gupta,4.96,1079,SUV (Ertiga/Innova),Mahindra XUV700,6,650,20,3,0,0
1568,RPR,Raipur,Deepak Joshi,4.61,773,Airport Express Shuttle,Force Traveller AC,12,180,8,7,0,1
1569,PNQ,Pune,Sunil Yadav,4.42,2310,Hatchback (WagonR),Hyundai i10,4,250,12,12,0,0
1570,LUD,Ludhiana,Rohan Mehta,4.81,632,Hatchback (WagonR),Maruti Suzuki WagonR,4,250,12,9,0,0
1571,AGX,Agatti Island (Lakshadweep),Sunil Yadav,4.88,501,Hatchback (WagonR),Tata Tiago,4,250,12,6,0,0
1572,STV,Surat,Ramesh Verma,4.89,2266,Electric EV (Nexon/Tigor),MG ZS EV,4,400,16,4,1,0
1573,ATQ,Amritsar,Anil Deshmukh,4.51,1146,Executive Premium,Skoda Superb,4,1200,35,10,0,0
1574,UTK,Kalahandi / Utkela,Sunil Yadav,4.58,1666,Sedan (Dzire/Etios),Toyota Etios,4,350,14,10,0,0
1575,PBN,Parbhani,Sanjay Rao,4.74,1289,Hatchback (WagonR),Maruti Suzuki WagonR,4,250,12,11,0,0
1576,RKG,Durgapur,Dinesh Pillai,4.65,1654,SUV (Ertiga/Innova),Toyota Innova Crysta,6,650,20,13,0,0
1577,UTL,Barmer,Manoj Gupta,4.91,1285,Sedan (Dzire/Etios),Hyundai Aura,4,350,14,3,0,0
1578,GAW,Guwahati,Mahesh Choudhary,4.88,95,Airport Express Shuttle,Force Traveller AC,12,180,8,9,0,1
1579,IXY,Kandla,Praveen Nair,4.86,236,Electric EV (Nexon/Tigor),Tata Tigor EV,4,400,16,7,1,0
1580,ALD,Aligarh,Rohan Mehta,4.77,1247,Sedan (Dzire/Etios),Toyota Etios,4,350,14,14,0,0
1581,ASL,Asansol,Deepak Joshi,4.54,898,Hatchback (WagonR),Tata Tiago,4,250,12,9,0,0
1582,VJZ,Bhogapuram / Vizianagaram,Anil Deshmukh,4.84,2119,Airport Express Shuttle,Tata Winger Executive,12,180,8,10,0,1
1583,ANK,Ankleshwar,Praveen Nair,4.72,1510,Sedan (Dzire/Etios),Hyundai Aura,4,350,14,10,0,0
1584,GOP,Ganjam / Gopalpur,Rajesh Sharma,4.74,1116,Executive Premium,Mercedes C-Class,4,1200,35,12,0,0
1585,AMRE,Amreli,Rohan Mehta,4.61,1029,Sedan (Dzire/Etios),Toyota Etios,4,350,14,6,0,0
1586,PNY,Puducherry,Suresh Patel,4.59,1304,Electric EV (Nexon/Tigor),MG ZS EV,4,400,16,5,1,0
1587,KAR,Karad / Satara,Deepak Joshi,4.42,519,Electric EV (Nexon/Tigor),MG ZS EV,4,400,16,7,1,0
1588,ASL,Asansol,Anil Deshmukh,4.78,1312,SUV (Ertiga/Innova),Maruti Ertiga,6,650,20,8,0,0
1589,RJA,Rajahmundry,Vikram Singh,4.62,1344,Executive Premium,Toyota Camry Hybrid,4,1200,35,5,0,0
1590,IXG,Belagavi,Vijay Reddy,4.95,2078,Executive Premium,Mercedes C-Class,4,1200,35,6,0,0
1591,PAL,Pali,Pankaj Das,4.78,606,Hatchback (WagonR),Hyundai i10,4,250,12,14,0,0
1592,KHO,Khowai,Suresh Patel,4.83,882,SUV (Ertiga/Innova),Mahindra XUV700,6,650,20,12,0,0
1593,JGD,Jagdalpur,Rajesh Sharma,4.56,1697,SUV (Ertiga/Innova),Mahindra XUV700,6,650,20,11,0,0
1594,COK,Kochi,Vijay Reddy,4.69,536,Airport Express Shuttle,Tata Winger Executive,12,180,8,11,0,1
1595,MEH,Mehsana,Sanjay Rao,4.65,1355,Electric EV (Nexon/Tigor),Tata Nexon EV,4,400,16,3,1,0
1596,BGP,Bhagalpur,Ramesh Verma,4.87,1673,Executive Premium,Toyota Camry Hybrid,4,1200,35,11,0,0
1597,SLN,Sultanpur,Sanjay Rao,4.57,1379,Hatchback (WagonR),Maruti Suzuki WagonR,4,250,12,11,0,0
1598,LKO,Lucknow,Gaurav Tiwari,4.96,275,Executive Premium,Mercedes C-Class,4,1200,35,13,0,0
1599,KARN,Karnal,Gaurav Tiwari,4.69,2262,Sedan (Dzire/Etios),Toyota Etios,4,350,14,3,0,0
1600,MEH,Mehsana,Ramesh Verma,4.78,2194,Sedan (Dzire/Etios),Maruti Suzuki Dzire,4,350,14,5,0,0
1601,KHA,Khandwa,Sanjay Rao,4.41,164,Electric EV (Nexon/Tigor),MG ZS EV,4,400,16,8,1,0
1602,KHA,Khandwa,Vijay Reddy,4.44,2260,Airport Express Shuttle,Tata Winger Executive,12,180,8,11,0,1
1603,BGP,Bhagalpur,Vikram Singh,4.91,2388,Sedan (Dzire/Etios),Maruti Suzuki Dzire,4,350,14,4,0,0
1604,NVM,Navi Mumbai,Praveen Nair,4.43,436,SUV (Ertiga/Innova),Toyota Innova Crysta,6,650,20,7,0,0
1605,AMH,Azamgarh,Sunil Yadav,4.56,1765,Sedan (Dzire/Etios),Hyundai Aura,4,350,14,8,0,0
1606,PUR,Purulia,Rajesh Sharma,4.59,1183,Executive Premium,Mercedes C-Class,4,1200,35,11,0,0
1607,BHJ,Bhuj (Kutch),Vijay Reddy,4.61,475,Executive Premium,Toyota Camry Hybrid,4,1200,35,7,0,0
1608,SAG,Shirdi,Amit Kumar,4.52,817,Executive Premium,Skoda Superb,4,1200,35,14,0,0
1609,NAG,Nagpur,Santosh Kulkarni,4.8,329,Hatchback (WagonR),Maruti Suzuki WagonR,4,250,12,7,0,0
1610,YTL,Yavatmal,Praveen Nair,4.47,1954,SUV (Ertiga/Innova),Mahindra XUV700,6,650,20,3,0,0
1611,KBK,Kushinagar,Vikram Singh,4.91,94,Electric EV (Nexon/Tigor),Tata Nexon EV,4,400,16,4,1,0
1612,STV,Surat,Harpreet Singh,4.93,1693,Sedan (Dzire/Etios),Hyundai Aura,4,350,14,10,0,0
1613,SIV,Sivasagar,Ramesh Verma,4.74,2129,SUV (Ertiga/Innova),Mahindra XUV700,6,650,20,13,0,0
1614,ANK,Ankleshwar,Mahesh Choudhary,4.86,137,Airport Express Shuttle,Force Traveller AC,12,180,8,12,0,1
1615,IXS,Silchar,Suresh Patel,4.5,1004,Executive Premium,Mercedes C-Class,4,1200,35,7,0,0
1616,ASL,Asansol,Harpreet Singh,4.82,1797,Electric EV (Nexon/Tigor),MG ZS EV,4,400,16,3,1,0
1617,IXE,Mangaluru,Sanjay Rao,4.98,1480,Sedan (Dzire/Etios),Maruti Suzuki Dzire,4,350,14,10,0,0
1618,RGD,Raigarh,Harpreet Singh,4.43,610,Executive Premium,Skoda Superb,4,1200,35,3,0,0
1619,BHJ,Bhuj (Kutch),Ramesh Verma,4.51,2335,Sedan (Dzire/Etios),Maruti Suzuki Dzire,4,350,14,13,0,0
1620,IXR,Ranchi,Anil Deshmukh,4.54,1361,SUV (Ertiga/Innova),Maruti Ertiga,6,650,20,11,0,0
1621,PNV,Porbandar,Gaurav Tiwari,4.95,518,SUV (Ertiga/Innova),Maruti Ertiga,6,650,20,5,0,0
1622,KOR,Koraput,Rahul Banerjee,4.53,797,Sedan (Dzire/Etios),Hyundai Aura,4,350,14,9,0,0
1623,BDQ,Vadodara,Pankaj Das,4.83,504,Sedan (Dzire/Etios),Maruti Suzuki Dzire,4,350,14,7,0,0
1624,PNV,Porbandar,Manoj Gupta,4.63,813,Sedan (Dzire/Etios),Hyundai Aura,4,350,14,4,0,0
1625,IXR,Ranchi,Sanjay Rao,4.8,729,Airport Express Shuttle,Tata Winger Executive,12,180,8,10,0,1
1626,BHJ,Bhuj (Kutch),Rajesh Sharma,4.89,1437,SUV (Ertiga/Innova),Toyota Innova Crysta,6,650,20,4,0,0
1627,KAI,Kailashahar,Gaurav Tiwari,4.51,1367,Airport Express Shuttle,Force Traveller AC,12,180,8,6,0,1
1628,HIR,Sambalpur,Dinesh Pillai,4.5,807,Hatchback (WagonR),Tata Tiago,4,250,12,10,0,0
1629,JSA,Jaisalmer,Santosh Kulkarni,4.49,935,Sedan (Dzire/Etios),Maruti Suzuki Dzire,4,350,14,13,0,0
1630,SAH,Saharanpur,Mahesh Choudhary,4.62,1972,Electric EV (Nexon/Tigor),Tata Tigor EV,4,400,16,9,1,0
1631,MYQ,Mysuru,Rohan Mehta,4.77,1870,Hatchback (WagonR),Tata Tiago,4,250,12,10,0,0
1632,COB,Cooch Behar,Santosh Kulkarni,4.61,664,Airport Express Shuttle,Force Traveller AC,12,180,8,4,0,1
1633,JRH,Jorhat,Dinesh Pillai,4.65,2327,Executive Premium,Mercedes C-Class,4,1200,35,14,0,0
1634,NEEM,Neemuch,Santosh Kulkarni,4.86,2362,Executive Premium,Skoda Superb,4,1200,35,5,0,0
1635,VTZ,Visakhapatnam,Harpreet Singh,4.97,2240,Executive Premium,Skoda Superb,4,1200,35,9,0,0
1636,JRG,Jharsuguda,Rohan Mehta,4.68,2094,Executive Premium,Mercedes C-Class,4,1200,35,14,0,0
1637,JDH,Jodhpur,Mahesh Choudhary,4.66,1719,SUV (Ertiga/Innova),Mahindra XUV700,6,650,20,9,0,0
1638,ISK,Nashik,Ramesh Verma,4.67,761,Executive Premium,Skoda Superb,4,1200,35,3,0,0
1639,HSR,Rajkot,Deepak Joshi,4.89,287,Electric EV (Nexon/Tigor),Tata Nexon EV,4,400,16,10,1,0
1640,IDR,Indore,Rajesh Sharma,4.49,1557,Sedan (Dzire/Etios),Toyota Etios,4,350,14,5,0,0
1641,IXU,Chhatrapati Sambhaji Nagar (Aurangabad),Rahul Banerjee,4.98,1686,Sedan (Dzire/Etios),Hyundai Aura,4,350,14,7,0,0
1642,IDR,Indore,Rohan Mehta,4.8,2365,Electric EV (Nexon/Tigor),Tata Nexon EV,4,400,16,10,1,0
1643,IXR,Ranchi,Rahul Banerjee,4.84,1737,Hatchback (WagonR),Maruti Suzuki WagonR,4,250,12,11,0,0
1644,RGD,Raigarh,Pankaj Das,4.57,1547,Hatchback (WagonR),Hyundai i10,4,250,12,11,0,0
1645,KOR,Koraput,Rajesh Sharma,4.67,1786,SUV (Ertiga/Innova),Toyota Innova Crysta,6,650,20,7,0,0
1646,RMD,Ratnagiri,Pankaj Das,4.76,896,Executive Premium,Mercedes C-Class,4,1200,35,14,0,0
1647,TEZ,Tezpur,Vikram Singh,4.71,901,Hatchback (WagonR),Hyundai i10,4,250,12,4,0,0
1648,BOM,Mumbai,Ramesh Verma,4.85,138,Airport Express Shuttle,Tata Winger Executive,12,180,8,7,0,1
1649,ASL,Asansol,Vikram Singh,4.78,1315,Hatchback (WagonR),Maruti Suzuki WagonR,4,250,12,13,0,0
1650,BHU,Bathinda,Manoj Gupta,4.6,1944,Airport Express Shuttle,Tata Winger Executive,12,180,8,13,0,1
1651,BLT,Balurghat,Harpreet Singh,4.77,1841,Airport Express Shuttle,Force Traveller AC,12,180,8,9,0,1
1652,HJR,Khajuraho,Harpreet Singh,4.93,946,Hatchback (WagonR),Hyundai i10,4,250,12,13,0,0
1653,KAR,Karad / Satara,Anil Deshmukh,4.78,671,Executive Premium,Mercedes C-Class,4,1200,35,14,0,0
1654,BPI,Mayurbhanj,Deepak Joshi,4.65,1418,Executive Premium,Mercedes C-Class,4,1200,35,12,0,0
1655,KHO,Khowai,Vikram Singh,4.54,2218,Electric EV (Nexon/Tigor),Tata Nexon EV,4,400,16,8,1,0
1656,RAT,Ratlam,Manoj Gupta,4.69,1632,SUV (Ertiga/Innova),Toyota Innova Crysta,6,650,20,4,0,0
1657,PYG,Gangtok / Pakyong (Sikkim),Pankaj Das,4.64,2161,Hatchback (WagonR),Maruti Suzuki WagonR,4,250,12,10,0,0
1658,PINJ,Panchkula / Pinjore,Suresh Patel,4.84,894,Electric EV (Nexon/Tigor),Tata Tigor EV,4,400,16,12,1,0
1659,KOP,Kolhapur,Anil Deshmukh,4.87,1783,SUV (Ertiga/Innova),Toyota Innova Crysta,6,650,20,3,0,0
1660,IXM,Madurai,Pankaj Das,4.73,1903,SUV (Ertiga/Innova),Toyota Innova Crysta,6,650,20,12,0,0
1661,KAP,Kadapa,Manoj Gupta,4.72,1535,SUV (Ertiga/Innova),Mahindra XUV700,6,650,20,10,0,0
1662,MAL,Malda,Rahul Banerjee,4.91,1334,Executive Premium,Mercedes C-Class,4,1200,35,9,0,0
1663,GWL,Gwalior,Gaurav Tiwari,4.58,720,Executive Premium,Skoda Superb,4,1200,35,3,0,0
1664,JLG,Jalgaon,Dinesh Pillai,4.52,1318,Executive Premium,Toyota Camry Hybrid,4,1200,35,6,0,0
1665,HSS,Hisar,Manoj Gupta,4.44,957,Hatchback (WagonR),Hyundai i10,4,250,12,6,0,0
1666,IXR,Ranchi,Mahesh Choudhary,4.47,1631,Hatchback (WagonR),Maruti Suzuki WagonR,4,250,12,12,0,0
1667,SIH,Sirohi,Sanjay Rao,4.74,2302,Airport Express Shuttle,Force Traveller AC,12,180,8,4,0,1
1668,JSA,Jaisalmer,Deepak Joshi,4.45,1594,Airport Express Shuttle,Tata Winger Executive,12,180,8,6,0,1
1669,SRA,Shravasti,Pankaj Das,4.91,1595,Executive Premium,Mercedes C-Class,4,1200,35,3,0,0
1670,JRH,Jorhat,Deepak Joshi,4.46,751,Airport Express Shuttle,Force Traveller AC,12,180,8,10,0,1
1671,JSA,Jaisalmer,Rajesh Sharma,4.96,2298,Sedan (Dzire/Etios),Hyundai Aura,4,350,14,10,0,0
1672,RPR,Raipur,Sunil Yadav,4.91,236,Hatchback (WagonR),Tata Tiago,4,250,12,13,0,0
1673,MAA,Chennai,Harpreet Singh,4.81,1226,Airport Express Shuttle,Tata Winger Executive,12,180,8,13,0,1
1674,RMD,Ratnagiri,Dinesh Pillai,4.93,657,Executive Premium,Mercedes C-Class,4,1200,35,14,0,0
1675,AMR,Amravati,Vikram Singh,4.82,435,Sedan (Dzire/Etios),Maruti Suzuki Dzire,4,350,14,13,0,0
1676,HBI,Itanagar,Ramesh Verma,4.45,1050,SUV (Ertiga/Innova),Maruti Ertiga,6,650,20,5,0,0
1677,PNV,Porbandar,Dinesh Pillai,4.52,2037,Electric EV (Nexon/Tigor),Tata Tigor EV,4,400,16,5,1,0
1678,VTZ,Visakhapatnam,Mahesh Choudhary,4.47,1207,Executive Premium,Toyota Camry Hybrid,4,1200,35,11,0,0
1679,SSE,Solapur,Rajesh Sharma,4.8,1020,Hatchback (WagonR),Hyundai i10,4,250,12,12,0,0
1680,RXL,Raxaul,Vikram Singh,4.89,1375,Electric EV (Nexon/Tigor),MG ZS EV,4,400,16,6,1,0
1681,IXY,Kandla,Amit Kumar,4.44,2169,Electric EV (Nexon/Tigor),MG ZS EV,4,400,16,7,1,0
1682,RGD,Raigarh,Sunil Yadav,4.76,88,SUV (Ertiga/Innova),Maruti Ertiga,6,650,20,11,0,0
1683,GON,Gondia,Vijay Reddy,4.51,284,Executive Premium,Mercedes C-Class,4,1200,35,9,0,0
1684,ROU,Rourkela,Rohan Mehta,4.45,755,Hatchback (WagonR),Tata Tiago,4,250,12,6,0,0
1685, سات,Satna,Rohan Mehta,4.94,1784,Sedan (Dzire/Etios),Hyundai Aura,4,350,14,14,0,0
1686,SSE,Solapur,Mahesh Choudhary,4.42,2116,Airport Express Shuttle,Force Traveller AC,12,180,8,14,0,1
1687,ROU,Rourkela,Mahesh Choudhary,4.76,1207,Electric EV (Nexon/Tigor),Tata Nexon EV,4,400,16,14,1,0
1688,JAI,Jaipur,Manoj Gupta,4.66,1420,Executive Premium,Mercedes C-Class,4,1200,35,12,0,0
1689,VDY,Vidyanagar / Ballari,Rohan Mehta,4.57,428,Hatchback (WagonR),Hyundai i10,4,250,12,12,0,0
1690,KOP,Kolhapur,Harpreet Singh,4.77,533,Executive Premium,Toyota Camry Hybrid,4,1200,35,9,0,0
1691,PBN,Parbhani,Amit Kumar,4.84,2297,SUV (Ertiga/Innova),Toyota Innova Crysta,6,650,20,7,0,0
1692, سات,Satna,Vikram Singh,4.49,1717,Sedan (Dzire/Etios),Hyundai Aura,4,350,14,10,0,0
1693,MOR,Moradabad,Manoj Gupta,4.68,115,Executive Premium,Skoda Superb,4,1200,35,8,0,0
1694,HYD,Hyderabad,Praveen Nair,4.58,2040,Executive Premium,Mercedes C-Class,4,1200,35,6,0,0
1695,JRG,Jharsuguda,Vikram Singh,4.81,2336,Hatchback (WagonR),Hyundai i10,4,250,12,8,0,0
1696,UTK,Kalahandi / Utkela,Vijay Reddy,4.89,1550,Hatchback (WagonR),Maruti Suzuki WagonR,4,250,12,5,0,0
1697,WGC,Warangal,Santosh Kulkarni,4.66,1214,Electric EV (Nexon/Tigor),Tata Nexon EV,4,400,16,13,1,0
1698,BHJ,Bhuj (Kutch),Gaurav Tiwari,4.88,80,Executive Premium,Mercedes C-Class,4,1200,35,14,0,0
1699,BOM,Mumbai,Praveen Nair,4.77,346,Sedan (Dzire/Etios),Toyota Etios,4,350,14,11,0,0
1700,SXR,Srinagar,Amit Kumar,4.87,817,Hatchback (WagonR),Hyundai i10,4,250,12,9,0,0
1701,DHR,Dibrugarh,Rohan Mehta,4.81,374,Airport Express Shuttle,Tata Winger Executive,12,180,8,12,0,1
1702,MOR,Moradabad,Harpreet Singh,4.72,961,Airport Express Shuttle,Force Traveller AC,12,180,8,6,0,1
1703,KOK,Kokrajhar,Praveen Nair,4.82,1950,Executive Premium,Mercedes C-Class,4,1200,35,13,0,0
1704,NVY,Neyveli,Ramesh Verma,4.96,304,SUV (Ertiga/Innova),Mahindra XUV700,6,650,20,6,0,0
1705,WGC,Warangal,Manoj Gupta,4.72,118,SUV (Ertiga/Innova),Maruti Ertiga,6,650,20,6,0,0
1706,AYJ,Ayodhya,Ramesh Verma,4.7,1471,SUV (Ertiga/Innova),Toyota Innova Crysta,6,650,20,7,0,0
1707,GOI,Goa (Dabolim),Amit Kumar,4.96,1744,Electric EV (Nexon/Tigor),Tata Tigor EV,4,400,16,3,1,0
1708,KJB,Kurnool (Orvakal),Santosh Kulkarni,4.45,1298,Airport Express Shuttle,Tata Winger Executive,12,180,8,4,0,1
1709,ASL,Asansol,Ramesh Verma,4.86,627,Sedan (Dzire/Etios),Maruti Suzuki Dzire,4,350,14,14,0,0
1710,BHJ,Bhuj (Kutch),Vikram Singh,4.65,1457,SUV (Ertiga/Innova),Toyota Innova Crysta,6,650,20,5,0,0
1711,DHR,Dibrugarh,Dinesh Pillai,4.72,791,Sedan (Dzire/Etios),Maruti Suzuki Dzire,4,350,14,4,0,0
1712,DHM,Dharamshala / Kangra,Rahul Banerjee,4.88,1218,Hatchback (WagonR),Tata Tiago,4,250,12,12,0,0
1713,DBR,Darbhanga,Ramesh Verma,4.41,593,SUV (Ertiga/Innova),Toyota Innova Crysta,6,650,20,9,0,0
1714,GAY,Gaya,Praveen Nair,4.6,200,Executive Premium,Toyota Camry Hybrid,4,1200,35,4,0,0
1715,PUR,Purulia,Pankaj Das,4.46,1009,SUV (Ertiga/Innova),Mahindra XUV700,6,650,20,13,0,0
1716,UDR,Udaipur,Mahesh Choudhary,4.73,1244,Airport Express Shuttle,Force Traveller AC,12,180,8,11,0,1
1717,GOX,Goa (Mopa),Mahesh Choudhary,4.76,1241,Executive Premium,Skoda Superb,4,1200,35,11,0,0
1718,TIR,Tirupati,Sanjay Rao,4.88,207,SUV (Ertiga/Innova),Mahindra XUV700,6,650,20,7,0,0
1719,KAM,Kamalpur,Ramesh Verma,4.95,668,Electric EV (Nexon/Tigor),MG ZS EV,4,400,16,12,1,0
1720,BID,Bidar,Ramesh Verma,4.75,1605,Airport Express Shuttle,Force Traveller AC,12,180,8,5,0,1
1721,BOK,Bokaro,Harpreet Singh,4.47,1469,SUV (Ertiga/Innova),Toyota Innova Crysta,6,650,20,3,0,0
1722,GAY,Gaya,Vijay Reddy,4.59,1428,Executive Premium,Toyota Camry Hybrid,4,1200,35,3,0,0
1723,DED,Dehradun,Praveen Nair,4.6,1533,Hatchback (WagonR),Tata Tiago,4,250,12,8,0,0
1724,KBK,Kushinagar,Santosh Kulkarni,4.69,231,Executive Premium,Mercedes C-Class,4,1200,35,13,0,0
1725,GOI,Goa (Dabolim),Sunil Yadav,4.44,1644,Sedan (Dzire/Etios),Hyundai Aura,4,350,14,8,0,0
1726,IXP,Pathankot,Sunil Yadav,4.96,2208,SUV (Ertiga/Innova),Maruti Ertiga,6,650,20,12,0,0
1727,HSS,Hisar,Vijay Reddy,4.53,2157,Electric EV (Nexon/Tigor),Tata Nexon EV,4,400,16,12,1,0
1728,COB,Cooch Behar,Mahesh Choudhary,4.61,123,SUV (Ertiga/Innova),Maruti Ertiga,6,650,20,11,0,0
1729,DEL,New Delhi,Mahesh Choudhary,4.51,1432,Executive Premium,Toyota Camry Hybrid,4,1200,35,6,0,0
1730,ZER,Ziro,Suresh Patel,4.65,1433,Executive Premium,Skoda Superb,4,1200,35,7,0,0
1731,VZY,Vijayawada,Santosh Kulkarni,4.78,803,Executive Premium,Skoda Superb,4,1200,35,8,0,0
1732,JRH,Jorhat,Rajesh Sharma,4.81,1706,Sedan (Dzire/Etios),Maruti Suzuki Dzire,4,350,14,7,0,0
1733,COB,Cooch Behar,Manoj Gupta,4.56,1507,Airport Express Shuttle,Tata Winger Executive,12,180,8,12,0,1
1734,HJR,Khajuraho,Sunil Yadav,4.57,1193,Executive Premium,Mercedes C-Class,4,1200,35,7,0,0
1735,BOM,Mumbai,Mahesh Choudhary,4.48,2025,Airport Express Shuttle,Force Traveller AC,12,180,8,12,0,1
1736,DEL,New Delhi,Vijay Reddy,4.92,1590,Hatchback (WagonR),Hyundai i10,4,250,12,4,0,0
1737,ANK,Ankleshwar,Mahesh Choudhary,4.52,2308,Executive Premium,Skoda Superb,4,1200,35,12,0,0
1738,PAL,Pali,Pankaj Das,4.98,2063,Sedan (Dzire/Etios),Toyota Etios,4,350,14,12,0,0
1739,OSB,Dharashiv,Praveen Nair,4.81,1726,SUV (Ertiga/Innova),Mahindra XUV700,6,650,20,13,0,0
1740,JAI,Jaipur,Pankaj Das,4.42,279,Airport Express Shuttle,Tata Winger Executive,12,180,8,4,0,1
1741,HYD,Hyderabad,Vijay Reddy,4.83,819,Hatchback (WagonR),Hyundai i10,4,250,12,7,0,0
1742,JRG,Jharsuguda,Sunil Yadav,4.48,276,Hatchback (WagonR),Tata Tiago,4,250,12,8,0,0
1743,SHL,Shillong,Mahesh Choudhary,4.93,2049,Hatchback (WagonR),Maruti Suzuki WagonR,4,250,12,7,0,0
1744,BLR,Bengaluru,Pankaj Das,4.61,1346,Executive Premium,Toyota Camry Hybrid,4,1200,35,11,0,0
1745,IXS,Silchar,Pankaj Das,4.73,2089,Electric EV (Nexon/Tigor),Tata Tigor EV,4,400,16,5,1,0
1746,UTK,Kalahandi / Utkela,Pankaj Das,4.95,1516,Hatchback (WagonR),Maruti Suzuki WagonR,4,250,12,6,0,0
1747,KAP,Kadapa,Amit Kumar,4.64,1515,Executive Premium,Mercedes C-Class,4,1200,35,8,0,0
1748,PYG,Gangtok / Pakyong (Sikkim),Vikram Singh,4.67,1021,Executive Premium,Mercedes C-Class,4,1200,35,6,0,0
1749,PYG,Gangtok / Pakyong (Sikkim),Dinesh Pillai,4.89,704,SUV (Ertiga/Innova),Toyota Innova Crysta,6,650,20,14,0,0
1750,SHL,Shillong,Sunil Yadav,4.64,836,Executive Premium,Skoda Superb,4,1200,35,11,0,0
1751,BAR,Baramati,Santosh Kulkarni,4.64,1767,Electric EV (Nexon/Tigor),Tata Nexon EV,4,400,16,8,1,0
1752,MOR,Moradabad,Pankaj Das,4.55,1435,Sedan (Dzire/Etios),Hyundai Aura,4,350,14,13,0,0
1753,SXR,Srinagar,Amit Kumar,4.57,2234,Sedan (Dzire/Etios),Toyota Etios,4,350,14,13,0,0
1754,JGA,Jamnagar,Harpreet Singh,4.94,1768,Executive Premium,Mercedes C-Class,4,1200,35,8,0,0
1755,PNV,Porbandar,Vijay Reddy,4.5,2115,Executive Premium,Toyota Camry Hybrid,4,1200,35,14,0,0
1756,BHJ,Bhuj (Kutch),Harpreet Singh,4.78,423,Executive Premium,Toyota Camry Hybrid,4,1200,35,6,0,0
1757,AMH,Azamgarh,Rajesh Sharma,4.65,238,Executive Premium,Skoda Superb,4,1200,35,14,0,0
1758,KQH,Ajmer / Kishangarh,Rajesh Sharma,4.78,746,Executive Premium,Mercedes C-Class,4,1200,35,5,0,0
1759,BID,Bidar,Ramesh Verma,4.43,601,SUV (Ertiga/Innova),Maruti Ertiga,6,650,20,11,0,0
1760,AMRE,Amreli,Vijay Reddy,4.53,1164,Sedan (Dzire/Etios),Toyota Etios,4,350,14,8,0,0
1761,MAA,Chennai,Praveen Nair,4.81,1967,Sedan (Dzire/Etios),Maruti Suzuki Dzire,4,350,14,9,0,0
1762,BGP,Bhagalpur,Santosh Kulkarni,4.65,1465,Airport Express Shuttle,Force Traveller AC,12,180,8,12,0,1
1763,MAL,Malda,Sanjay Rao,4.84,999,SUV (Ertiga/Innova),Maruti Ertiga,6,650,20,10,0,0
1764,JLG,Jalgaon,Rahul Banerjee,4.91,333,Sedan (Dzire/Etios),Toyota Etios,4,350,14,10,0,0
1765,JGD,Jagdalpur,Rohan Mehta,4.6,1419,Airport Express Shuttle,Tata Winger Executive,12,180,8,3,0,1
1766,AYJ,Ayodhya,Mahesh Choudhary,4.81,610,Sedan (Dzire/Etios),Maruti Suzuki Dzire,4,350,14,3,0,0
1767,AMH,Azamgarh,Sanjay Rao,4.59,373,SUV (Ertiga/Innova),Toyota Innova Crysta,6,650,20,4,0,0
1768,KOP,Kolhapur,Anil Deshmukh,4.52,751,Airport Express Shuttle,Force Traveller AC,12,180,8,13,0,1
1769,SXV,Shivamogga,Deepak Joshi,4.51,1555,Airport Express Shuttle,Tata Winger Executive,12,180,8,3,0,1
1770,PUR,Purulia,Rahul Banerjee,4.52,789,Airport Express Shuttle,Force Traveller AC,12,180,8,14,0,1
1771,KUU,Kullu / Manali,Dinesh Pillai,4.78,107,Electric EV (Nexon/Tigor),Tata Nexon EV,4,400,16,7,1,0
1772,VNS,Varanasi,Pankaj Das,4.81,1882,Hatchback (WagonR),Tata Tiago,4,250,12,12,0,0
1773,PUR,Purulia,Mahesh Choudhary,4.78,2223,Hatchback (WagonR),Maruti Suzuki WagonR,4,250,12,3,0,0
1774,CKU,Chakulia,Rohan Mehta,4.86,232,Hatchback (WagonR),Maruti Suzuki WagonR,4,250,12,4,0,0
1775,JGA,Jamnagar,Suresh Patel,4.67,2302,Sedan (Dzire/Etios),Hyundai Aura,4,350,14,7,0,0
1776,RKG,Durgapur,Harpreet Singh,4.77,1166,Hatchback (WagonR),Maruti Suzuki WagonR,4,250,12,5,0,0
1777,IXG,Belagavi,Sanjay Rao,4.93,1009,Sedan (Dzire/Etios),Toyota Etios,4,350,14,8,0,0
1778,AKL,Akola,Vikram Singh,4.92,772,Executive Premium,Mercedes C-Class,4,1200,35,12,0,0
1779,KAM,Kamalpur,Sanjay Rao,4.48,1050,Airport Express Shuttle,Tata Winger Executive,12,180,8,14,0,1
1780,AMD,Ahmedabad,Santosh Kulkarni,4.52,218,Airport Express Shuttle,Tata Winger Executive,12,180,8,10,0,1
1781,NDC,Nanded,Harpreet Singh,4.48,2342,Airport Express Shuttle,Force Traveller AC,12,180,8,12,0,1
1782,GBI,Kalaburagi (Gulbarga),Pankaj Das,4.46,951,Hatchback (WagonR),Maruti Suzuki WagonR,4,250,12,7,0,0
1783,GOX,Goa (Mopa),Rajesh Sharma,4.9,578,Airport Express Shuttle,Force Traveller AC,12,180,8,10,0,1
1784,TRZ,Tiruchirappalli (Trichy),Santosh Kulkarni,4.65,1468,Executive Premium,Mercedes C-Class,4,1200,35,5,0,0
1785,NAG,Nagpur,Sanjay Rao,4.6,156,Hatchback (WagonR),Tata Tiago,4,250,12,4,0,0
1786,CFH,Chitrakoot,Ramesh Verma,4.53,1815,Sedan (Dzire/Etios),Maruti Suzuki Dzire,4,350,14,13,0,0
1787,RKG,Durgapur,Sanjay Rao,4.92,280,Airport Express Shuttle,Tata Winger Executive,12,180,8,3,0,1
1788,SNE,Singrauli,Vijay Reddy,4.93,1109,Electric EV (Nexon/Tigor),Tata Nexon EV,4,400,16,4,1,0
1789,IXA,Agartala,Dinesh Pillai,4.58,2233,Hatchback (WagonR),Tata Tiago,4,250,12,11,0,0
1790,MAA,Chennai,Sunil Yadav,4.44,282,Airport Express Shuttle,Force Traveller AC,12,180,8,3,0,1
1791,DHR,Dibrugarh,Harpreet Singh,4.51,1141,Executive Premium,Skoda Superb,4,1200,35,3,0,0
1792, سات,Satna,Rajesh Sharma,4.9,1753,Hatchback (WagonR),Hyundai i10,4,250,12,6,0,0
1793,IXJ,Jammu,Rahul Banerjee,4.64,641,Sedan (Dzire/Etios),Toyota Etios,4,350,14,3,0,0
1794,PUI,Purnea,Mahesh Choudhary,4.89,421,Executive Premium,Skoda Superb,4,1200,35,11,0,0
1795,KBK,Kushinagar,Praveen Nair,4.82,863,SUV (Ertiga/Innova),Mahindra XUV700,6,650,20,4,0,0
1796,PUI,Purnea,Ramesh Verma,4.44,1476,Sedan (Dzire/Etios),Maruti Suzuki Dzire,4,350,14,4,0,0
1797,SAG,Shirdi,Mahesh Choudhary,4.65,1439,Sedan (Dzire/Etios),Hyundai Aura,4,350,14,12,0,0
1798,JRH,Jorhat,Anil Deshmukh,4.57,270,Electric EV (Nexon/Tigor),Tata Tigor EV,4,400,16,8,1,0
1799,PYG,Gangtok / Pakyong (Sikkim),Sanjay Rao,4.51,1775,Airport Express Shuttle,Tata Winger Executive,12,180,8,14,0,1
1800,GOP,Ganjam / Gopalpur,Santosh Kulkarni,4.5,1065,SUV (Ertiga/Innova),Maruti Ertiga,6,650,20,11,0,0
1801,SXR,Srinagar,Amit Kumar,4.44,1857,Hatchback (WagonR),Hyundai i10,4,250,12,12,0,0
1802,DEL,New Delhi,Ramesh Verma,4.55,1468,Sedan (Dzire/Etios),Maruti Suzuki Dzire,4,350,14,10,0,0
1803,AGX,Agatti Island (Lakshadweep),Mahesh Choudhary,4.44,1716,Sedan (Dzire/Etios),Maruti Suzuki Dzire,4,350,14,10,0,0
1804,OSB,Dharashiv,Rohan Mehta,4.96,157,Sedan (Dzire/Etios),Hyundai Aura,4,350,14,8,0,0
1805,AGR,Agra,Dinesh Pillai,4.58,2372,Executive Premium,Mercedes C-Class,4,1200,35,12,0,0
1806,LAT,Latur,Amit Kumar,4.87,478,Executive Premium,Mercedes C-Class,4,1200,35,11,0,0
1807,DBR,Darbhanga,Manoj Gupta,4.79,2282,Executive Premium,Mercedes C-Class,4,1200,35,10,0,0
1808,KAM,Kamalpur,Gaurav Tiwari,4.93,1036,Hatchback (WagonR),Maruti Suzuki WagonR,4,250,12,14,0,0
1809,HZD,Hazaribagh,Gaurav Tiwari,4.41,1145,Hatchback (WagonR),Hyundai i10,4,250,12,10,0,0
1810,COB,Cooch Behar,Pankaj Das,4.45,373,Electric EV (Nexon/Tigor),Tata Nexon EV,4,400,16,3,1,0
1811,SAG,Shirdi,Santosh Kulkarni,4.8,2041,Hatchback (WagonR),Hyundai i10,4,250,12,4,0,0
1812,IXW,Jamshedpur,Vijay Reddy,4.42,2130,SUV (Ertiga/Innova),Mahindra XUV700,6,650,20,14,0,0
1813,RJA,Rajahmundry,Dinesh Pillai,4.45,1769,Hatchback (WagonR),Maruti Suzuki WagonR,4,250,12,7,0,0
1814,UTL,Barmer,Rohan Mehta,4.63,2227,Airport Express Shuttle,Force Traveller AC,12,180,8,8,0,1
1815,SSE,Solapur,Manoj Gupta,4.92,233,Sedan (Dzire/Etios),Hyundai Aura,4,350,14,14,0,0
1816,BDQ,Vadodara,Anil Deshmukh,4.66,1849,Executive Premium,Toyota Camry Hybrid,4,1200,35,3,0,0
1817,GON,Gondia,Vikram Singh,4.62,2106,Hatchback (WagonR),Tata Tiago,4,250,12,3,0,0
1818,GAY,Gaya,Praveen Nair,4.6,2332,SUV (Ertiga/Innova),Mahindra XUV700,6,650,20,14,0,0
1819,HBX,Hubballi / Dharwad,Deepak Joshi,4.55,149,Sedan (Dzire/Etios),Toyota Etios,4,350,14,8,0,0
1820,TRZ,Tiruchirappalli (Trichy),Ramesh Verma,4.76,1654,Airport Express Shuttle,Tata Winger Executive,12,180,8,10,0,1
1821,IXW,Jamshedpur,Praveen Nair,4.86,1524,Executive Premium,Skoda Superb,4,1200,35,7,0,0
1822,SRA,Shravasti,Suresh Patel,4.9,1444,Sedan (Dzire/Etios),Maruti Suzuki Dzire,4,350,14,12,0,0
1823,SLN,Sultanpur,Rohan Mehta,4.57,804,Electric EV (Nexon/Tigor),Tata Nexon EV,4,400,16,8,1,0
1824,PNV,Porbandar,Sanjay Rao,4.4,1353,Hatchback (WagonR),Hyundai i10,4,250,12,13,0,0
1825,ATQ,Amritsar,Ramesh Verma,4.79,2344,Sedan (Dzire/Etios),Toyota Etios,4,350,14,3,0,0
1826,IXW,Jamshedpur,Pankaj Das,4.95,1536,Electric EV (Nexon/Tigor),Tata Tigor EV,4,400,16,12,1,0
1827,JLR,Jabalpur,Mahesh Choudhary,4.56,1359,SUV (Ertiga/Innova),Maruti Ertiga,6,650,20,3,0,0
1828,AMRE,Amreli,Sunil Yadav,4.75,1048,Hatchback (WagonR),Maruti Suzuki WagonR,4,250,12,7,0,0
1829,NVM,Navi Mumbai,Harpreet Singh,4.63,382,Sedan (Dzire/Etios),Maruti Suzuki Dzire,4,350,14,14,0,0
1830,JRH,Jorhat,Praveen Nair,4.48,282,Airport Express Shuttle,Force Traveller AC,12,180,8,6,0,1
1831,LAT,Latur,Vikram Singh,4.79,703,Airport Express Shuttle,Force Traveller AC,12,180,8,11,0,1
1832,PBN,Parbhani,Vijay Reddy,4.55,1111,Executive Premium,Toyota Camry Hybrid,4,1200,35,11,0,0
1833,TRV,Thiruvananthapuram,Deepak Joshi,4.71,1349,Electric EV (Nexon/Tigor),Tata Tigor EV,4,400,16,14,1,0
1834,RMD,Ratnagiri,Vikram Singh,4.55,661,Hatchback (WagonR),Hyundai i10,4,250,12,13,0,0
1835,DEL,New Delhi,Mahesh Choudhary,4.56,2081,SUV (Ertiga/Innova),Toyota Innova Crysta,6,650,20,10,0,0
1836,SDW,Sindhudurg,Pankaj Das,4.59,1286,SUV (Ertiga/Innova),Toyota Innova Crysta,6,650,20,4,0,0
1837,PBF,Bilaspur,Ramesh Verma,4.61,610,Executive Premium,Mercedes C-Class,4,1200,35,6,0,0
1838,TEZ,Tezpur,Praveen Nair,4.47,897,Executive Premium,Toyota Camry Hybrid,4,1200,35,14,0,0
1839,IXM,Madurai,Manoj Gupta,4.55,2075,Hatchback (WagonR),Maruti Suzuki WagonR,4,250,12,7,0,0
1840,PBF,Bilaspur,Rohan Mehta,4.76,695,Airport Express Shuttle,Force Traveller AC,12,180,8,8,0,1
1841,AGX,Agatti Island (Lakshadweep),Suresh Patel,4.85,1165,SUV (Ertiga/Innova),Mahindra XUV700,6,650,20,12,0,0
1842,KAI,Kailashahar,Pankaj Das,4.76,490,Airport Express Shuttle,Force Traveller AC,12,180,8,11,0,1
1843,PAL,Pali,Manoj Gupta,4.64,121,Sedan (Dzire/Etios),Toyota Etios,4,350,14,13,0,0
1844,REW,Rewa,Ramesh Verma,4.77,2245,Hatchback (WagonR),Tata Tiago,4,250,12,12,0,0
1845,KAR,Karad / Satara,Vikram Singh,4.72,2367,Hatchback (WagonR),Tata Tiago,4,250,12,6,0,0
1846,LKO,Lucknow,Harpreet Singh,4.6,1257,SUV (Ertiga/Innova),Maruti Ertiga,6,650,20,9,0,0
1847,JGA,Jamnagar,Sanjay Rao,4.59,460,Airport Express Shuttle,Tata Winger Executive,12,180,8,9,0,1
1848,IXA,Agartala,Pankaj Das,4.58,576,Airport Express Shuttle,Force Traveller AC,12,180,8,11,0,1
1849,MRA,Noida / Jewar,Rahul Banerjee,4.49,1357,Airport Express Shuttle,Force Traveller AC,12,180,8,6,0,1
1850, سات,Satna,Mahesh Choudhary,4.84,164,Executive Premium,Skoda Superb,4,1200,35,3,0,0
1851,PUI,Purnea,Santosh Kulkarni,4.51,257,Electric EV (Nexon/Tigor),Tata Nexon EV,4,400,16,11,1,0
1852,JRG,Jharsuguda,Rohan Mehta,4.57,1727,Sedan (Dzire/Etios),Hyundai Aura,4,350,14,3,0,0
1853,PYB,Jeypore,Ramesh Verma,4.78,1083,Sedan (Dzire/Etios),Hyundai Aura,4,350,14,12,0,0
1854,SXR,Srinagar,Vikram Singh,4.5,1445,Airport Express Shuttle,Force Traveller AC,12,180,8,14,0,1
1855,KOP,Kolhapur,Pankaj Das,4.46,411,Airport Express Shuttle,Force Traveller AC,12,180,8,11,0,1
1856,AJL,Aizawl,Harpreet Singh,4.48,1596,Sedan (Dzire/Etios),Maruti Suzuki Dzire,4,350,14,6,0,0
1857,RPR,Raipur,Anil Deshmukh,4.69,1503,Executive Premium,Toyota Camry Hybrid,4,1200,35,5,0,0
1858,IDR,Indore,Santosh Kulkarni,4.56,1099,Executive Premium,Skoda Superb,4,1200,35,8,0,0
1859,YTL,Yavatmal,Deepak Joshi,4.69,1842,Electric EV (Nexon/Tigor),Tata Nexon EV,4,400,16,5,1,0
1860,AMR,Amravati,Harpreet Singh,4.78,1388,Sedan (Dzire/Etios),Hyundai Aura,4,350,14,7,0,0
1861,JGA,Jamnagar,Amit Kumar,4.94,1969,Airport Express Shuttle,Tata Winger Executive,12,180,8,3,0,1
1862,RJA,Rajahmundry,Vikram Singh,4.46,1493,Airport Express Shuttle,Tata Winger Executive,12,180,8,12,0,1
1863,DMU,Dimapur,Anil Deshmukh,4.68,145,Electric EV (Nexon/Tigor),Tata Nexon EV,4,400,16,10,1,0
1864,CNN,Kannur,Rohan Mehta,4.97,1292,Hatchback (WagonR),Tata Tiago,4,250,12,9,0,0
1865,JLG,Jalgaon,Ramesh Verma,4.46,1714,Executive Premium,Skoda Superb,4,1200,35,9,0,0
1866,IXR,Ranchi,Suresh Patel,4.67,201,Hatchback (WagonR),Tata Tiago,4,250,12,13,0,0
1867,SAG,Shirdi,Vijay Reddy,4.86,469,SUV (Ertiga/Innova),Maruti Ertiga,6,650,20,10,0,0
1868,KHO,Khowai,Dinesh Pillai,4.75,1029,Sedan (Dzire/Etios),Maruti Suzuki Dzire,4,350,14,8,0,0
1869,JHW,Jhalawar,Anil Deshmukh,4.48,1973,Sedan (Dzire/Etios),Hyundai Aura,4,350,14,9,0,0
1870,SRA,Shravasti,Amit Kumar,4.73,229,Hatchback (WagonR),Hyundai i10,4,250,12,8,0,0
1871,IXJ,Jammu,Amit Kumar,4.41,689,Airport Express Shuttle,Force Traveller AC,12,180,8,4,0,1
1872,VZY,Vijayawada,Suresh Patel,4.98,236,Electric EV (Nexon/Tigor),MG ZS EV,4,400,16,5,1,0
1873,KNU,Kanpur,Sanjay Rao,4.72,1013,Executive Premium,Mercedes C-Class,4,1200,35,14,0,0
1874,KNU,Kanpur,Rahul Banerjee,4.55,1284,Executive Premium,Toyota Camry Hybrid,4,1200,35,4,0,0
1875,KAI,Kailashahar,Sunil Yadav,4.79,1177,Airport Express Shuttle,Force Traveller AC,12,180,8,7,0,1
1876,KAP,Kadapa,Rajesh Sharma,4.96,1937,SUV (Ertiga/Innova),Mahindra XUV700,6,650,20,13,0,0
1877,CJB,Coimbatore,Vijay Reddy,4.65,532,Airport Express Shuttle,Force Traveller AC,12,180,8,3,0,1
1878,IXU,Chhatrapati Sambhaji Nagar (Aurangabad),Vijay Reddy,4.57,471,SUV (Ertiga/Innova),Maruti Ertiga,6,650,20,13,0,0
1879,DHR,Dibrugarh,Rajesh Sharma,4.81,542,Hatchback (WagonR),Maruti Suzuki WagonR,4,250,12,4,0,0
1880,COK,Kochi,Sanjay Rao,4.77,1357,Airport Express Shuttle,Force Traveller AC,12,180,8,11,0,1
1881,GWL,Gwalior,Harpreet Singh,4.71,414,SUV (Ertiga/Innova),Maruti Ertiga,6,650,20,12,0,0
1882,GAY,Gaya,Pankaj Das,4.83,1315,Sedan (Dzire/Etios),Hyundai Aura,4,350,14,3,0,0
1883,KOR,Koraput,Amit Kumar,4.78,1530,Electric EV (Nexon/Tigor),Tata Tigor EV,4,400,16,11,1,0
1884,DUM,Dumka,Rohan Mehta,4.72,1047,Electric EV (Nexon/Tigor),Tata Nexon EV,4,400,16,12,1,0
1885,UTL,Barmer,Sanjay Rao,4.68,1252,Electric EV (Nexon/Tigor),Tata Tigor EV,4,400,16,7,1,0
1886,DMU,Dimapur,Rohan Mehta,4.55,634,Sedan (Dzire/Etios),Maruti Suzuki Dzire,4,350,14,4,0,0
1887,MUZ,Muzaffarpur,Sanjay Rao,4.57,2178,Airport Express Shuttle,Tata Winger Executive,12,180,8,14,0,1
1888,MAL,Malda,Ramesh Verma,4.61,1266,Airport Express Shuttle,Tata Winger Executive,12,180,8,12,0,1
1889,SNE,Singrauli,Rahul Banerjee,4.5,1683,Executive Premium,Skoda Superb,4,1200,35,11,0,0
1890,BKN,Bikaner,Pankaj Das,4.97,2103,Electric EV (Nexon/Tigor),MG ZS EV,4,400,16,3,1,0
1891,JLG,Jalgaon,Vikram Singh,4.73,1331,Airport Express Shuttle,Tata Winger Executive,12,180,8,3,0,1
1892,KNU,Kanpur,Dinesh Pillai,4.88,551,SUV (Ertiga/Innova),Maruti Ertiga,6,650,20,9,0,0
1893,KNU,Kanpur,Praveen Nair,4.88,2004,Sedan (Dzire/Etios),Toyota Etios,4,350,14,10,0,0
1894,AMRE,Amreli,Gaurav Tiwari,4.52,1824,Airport Express Shuttle,Force Traveller AC,12,180,8,10,0,1
1895,IXB,Siliguri / Bagdogra,Anil Deshmukh,4.55,2112,Electric EV (Nexon/Tigor),Tata Nexon EV,4,400,16,4,1,0
1896,HYD,Hyderabad,Rajesh Sharma,4.44,2217,Airport Express Shuttle,Force Traveller AC,12,180,8,7,0,1
1897,BBI,Bhubaneswar,Gaurav Tiwari,4.69,1808,Sedan (Dzire/Etios),Hyundai Aura,4,350,14,14,0,0
1898,TIR,Tirupati,Praveen Nair,4.46,550,Hatchback (WagonR),Maruti Suzuki WagonR,4,250,12,13,0,0
1899,PINJ,Panchkula / Pinjore,Gaurav Tiwari,4.69,1595,Hatchback (WagonR),Maruti Suzuki WagonR,4,250,12,12,0,0
1900,AMB,Ambikapur,Sanjay Rao,4.74,740,Sedan (Dzire/Etios),Hyundai Aura,4,350,14,4,0,0
1901,ASL,Asansol,Sanjay Rao,4.68,610,SUV (Ertiga/Innova),Toyota Innova Crysta,6,650,20,10,0,0
1902,SNE,Singrauli,Suresh Patel,4.44,798,SUV (Ertiga/Innova),Toyota Innova Crysta,6,650,20,13,0,0
1903,SAH,Saharanpur,Praveen Nair,4.53,1193,Hatchback (WagonR),Tata Tiago,4,250,12,8,0,0
1904,PBN,Parbhani,Vijay Reddy,4.86,1860,Hatchback (WagonR),Hyundai i10,4,250,12,9,0,0
1905,IXL,Leh (Ladakh),Manoj Gupta,4.72,894,Hatchback (WagonR),Maruti Suzuki WagonR,4,250,12,4,0,0
1906,VTZ,Visakhapatnam,Suresh Patel,4.59,1477,Electric EV (Nexon/Tigor),Tata Tigor EV,4,400,16,6,1,0
1907,YTL,Yavatmal,Rahul Banerjee,4.53,1731,Executive Premium,Mercedes C-Class,4,1200,35,13,0,0
1908,BLT,Balurghat,Santosh Kulkarni,4.97,778,Sedan (Dzire/Etios),Maruti Suzuki Dzire,4,350,14,12,0,0
1909,IXU,Chhatrapati Sambhaji Nagar (Aurangabad),Mahesh Choudhary,4.95,2015,Electric EV (Nexon/Tigor),Tata Nexon EV,4,400,16,12,1,0
1910,MYQ,Mysuru,Deepak Joshi,4.84,1457,Sedan (Dzire/Etios),Hyundai Aura,4,350,14,12,0,0
1911,MUZ,Muzaffarpur,Rajesh Sharma,4.71,2121,Airport Express Shuttle,Tata Winger Executive,12,180,8,10,0,1
1912,LUD,Ludhiana,Vikram Singh,4.49,943,Airport Express Shuttle,Tata Winger Executive,12,180,8,12,0,1
1913,DON,Bhadrak / Dhamra,Deepak Joshi,4.65,2345,Hatchback (WagonR),Hyundai i10,4,250,12,14,0,0
1914,GOI,Goa (Dabolim),Ramesh Verma,4.51,1462,Sedan (Dzire/Etios),Hyundai Aura,4,350,14,3,0,0
1915,LAT,Latur,Pankaj Das,4.98,2373,SUV (Ertiga/Innova),Maruti Ertiga,6,650,20,13,0,0
1916,SNE,Singrauli,Gaurav Tiwari,4.88,1776,Airport Express Shuttle,Force Traveller AC,12,180,8,12,0,1
1917,DEL,New Delhi,Amit Kumar,4.9,2066,SUV (Ertiga/Innova),Toyota Innova Crysta,6,650,20,5,0,0
1918,BVC,Bhavnagar,Manoj Gupta,4.92,782,Hatchback (WagonR),Maruti Suzuki WagonR,4,250,12,4,0,0
1919,IXL,Leh (Ladakh),Manoj Gupta,4.46,1064,Sedan (Dzire/Etios),Toyota Etios,4,350,14,9,0,0
1920,ZER,Ziro,Dinesh Pillai,4.46,1620,Sedan (Dzire/Etios),Maruti Suzuki Dzire,4,350,14,3,0,0
1921,PYG,Gangtok / Pakyong (Sikkim),Rahul Banerjee,4.64,1625,SUV (Ertiga/Innova),Maruti Ertiga,6,650,20,12,0,0
1922,JDH,Jodhpur,Mahesh Choudhary,4.82,922,Electric EV (Nexon/Tigor),MG ZS EV,4,400,16,14,1,0
1923,NPL,Narnaul,Deepak Joshi,4.86,722,Hatchback (WagonR),Hyundai i10,4,250,12,11,0,0
1924,SRA,Shravasti,Mahesh Choudhary,4.72,1444,Electric EV (Nexon/Tigor),Tata Nexon EV,4,400,16,5,1,0
1925,KQH,Ajmer / Kishangarh,Anil Deshmukh,4.61,1774,Sedan (Dzire/Etios),Toyota Etios,4,350,14,3,0,0
1926,MYQ,Mysuru,Rajesh Sharma,4.93,1373,Electric EV (Nexon/Tigor),Tata Nexon EV,4,400,16,7,1,0
1927,GOP,Ganjam / Gopalpur,Vijay Reddy,4.54,2218,SUV (Ertiga/Innova),Toyota Innova Crysta,6,650,20,13,0,0
1928,IXY,Kandla,Deepak Joshi,4.65,625,Executive Premium,Toyota Camry Hybrid,4,1200,35,11,0,0
1929,IXR,Ranchi,Sunil Yadav,4.92,1812,SUV (Ertiga/Innova),Maruti Ertiga,6,650,20,9,0,0
1930,UTK,Kalahandi / Utkela,Praveen Nair,4.78,684,Executive Premium,Mercedes C-Class,4,1200,35,11,0,0
1931,AYJ,Ayodhya,Vikram Singh,4.89,1108,Executive Premium,Mercedes C-Class,4,1200,35,12,0,0
1932,ZER,Ziro,Dinesh Pillai,4.77,1554,SUV (Ertiga/Innova),Toyota Innova Crysta,6,650,20,3,0,0
1933,HSR,Rajkot,Harpreet Singh,4.43,536,SUV (Ertiga/Innova),Toyota Innova Crysta,6,650,20,14,0,0
1934,NMN,Neemrana / Alwar,Sunil Yadav,4.5,1828,SUV (Ertiga/Innova),Mahindra XUV700,6,650,20,8,0,0
1935,KBK,Kushinagar,Santosh Kulkarni,4.94,1193,Sedan (Dzire/Etios),Maruti Suzuki Dzire,4,350,14,10,0,0
1936,PYB,Jeypore,Vikram Singh,4.74,1594,Executive Premium,Toyota Camry Hybrid,4,1200,35,6,0,0
1937,BHO,Bhopal,Manoj Gupta,4.78,1006,Electric EV (Nexon/Tigor),MG ZS EV,4,400,16,9,1,0
1938,UDR,Udaipur,Rahul Banerjee,4.41,2285,Electric EV (Nexon/Tigor),Tata Tigor EV,4,400,16,6,1,0
1939,BHU,Bathinda,Suresh Patel,4.88,583,Executive Premium,Toyota Camry Hybrid,4,1200,35,4,0,0
1940,NMS,Naliya,Praveen Nair,4.65,1884,Executive Premium,Toyota Camry Hybrid,4,1200,35,7,0,0
1941,IXP,Pathankot,Santosh Kulkarni,4.76,526,Executive Premium,Mercedes C-Class,4,1200,35,6,0,0
1942,DHM,Dharamshala / Kangra,Vikram Singh,4.49,1553,Airport Express Shuttle,Force Traveller AC,12,180,8,7,0,1
1943,BDQ,Vadodara,Rajesh Sharma,4.56,816,Airport Express Shuttle,Tata Winger Executive,12,180,8,11,0,1
1944,CJB,Coimbatore,Santosh Kulkarni,4.94,1883,Airport Express Shuttle,Tata Winger Executive,12,180,8,7,0,1
1945,IDR,Indore,Rohan Mehta,4.48,1558,Sedan (Dzire/Etios),Hyundai Aura,4,350,14,12,0,0
1946,PUI,Purnea,Deepak Joshi,4.53,1947,Hatchback (WagonR),Hyundai i10,4,250,12,6,0,0
1947,TCR,Thoothukudi (Tuticorin),Vijay Reddy,4.93,949,SUV (Ertiga/Innova),Mahindra XUV700,6,650,20,9,0,0
1948,KOK,Kokrajhar,Sanjay Rao,4.53,360,Executive Premium,Toyota Camry Hybrid,4,1200,35,9,0,0
1949,VZY,Vijayawada,Deepak Joshi,4.69,1459,SUV (Ertiga/Innova),Maruti Ertiga,6,650,20,11,0,0
1950,ASL,Asansol,Rahul Banerjee,4.89,508,Electric EV (Nexon/Tigor),MG ZS EV,4,400,16,3,1,0
1951,SIH,Sirohi,Sanjay Rao,4.72,392,Electric EV (Nexon/Tigor),MG ZS EV,4,400,16,11,1,0
1952,NWP,Pithoragarh,Sanjay Rao,4.9,212,Executive Premium,Skoda Superb,4,1200,35,10,0,0
1953,LGP,Rupsi / Dhubri,Santosh Kulkarni,4.97,374,SUV (Ertiga/Innova),Toyota Innova Crysta,6,650,20,9,0,0
1954,SXV,Shivamogga,Pankaj Das,4.4,2368,SUV (Ertiga/Innova),Maruti Ertiga,6,650,20,13,0,0
1955,CFH,Chitrakoot,Gaurav Tiwari,4.48,1136,Hatchback (WagonR),Maruti Suzuki WagonR,4,250,12,11,0,0
1956,DMU,Dimapur,Rajesh Sharma,4.51,2391,Airport Express Shuttle,Tata Winger Executive,12,180,8,9,0,1
1957,VJZ,Bhogapuram / Vizianagaram,Sanjay Rao,4.61,928,Executive Premium,Toyota Camry Hybrid,4,1200,35,12,0,0
1958,KAI,Kailashahar,Pankaj Das,4.59,1818,Electric EV (Nexon/Tigor),Tata Nexon EV,4,400,16,13,1,0
1959,PBN,Parbhani,Sunil Yadav,4.73,986,SUV (Ertiga/Innova),Toyota Innova Crysta,6,650,20,8,0,0
1960,BHU,Bathinda,Anil Deshmukh,4.43,540,Airport Express Shuttle,Tata Winger Executive,12,180,8,7,0,1
1961,DUM,Dumka,Dinesh Pillai,4.88,431,Hatchback (WagonR),Hyundai i10,4,250,12,10,0,0
1962,KNU,Kanpur,Amit Kumar,4.5,219,SUV (Ertiga/Innova),Maruti Ertiga,6,650,20,9,0,0
1963,IXS,Silchar,Deepak Joshi,4.42,556,SUV (Ertiga/Innova),Maruti Ertiga,6,650,20,5,0,0
1964,BOK,Bokaro,Santosh Kulkarni,4.47,190,Airport Express Shuttle,Force Traveller AC,12,180,8,4,0,1
1965,JGD,Jagdalpur,Sunil Yadav,4.48,1715,Airport Express Shuttle,Force Traveller AC,12,180,8,14,0,1
1966,PBF,Bilaspur,Pankaj Das,4.82,1592,Electric EV (Nexon/Tigor),Tata Nexon EV,4,400,16,12,1,0
1967,IXR,Ranchi,Ramesh Verma,4.88,1505,Electric EV (Nexon/Tigor),MG ZS EV,4,400,16,11,1,0
1968,ROU,Rourkela,Santosh Kulkarni,4.89,1295,Executive Premium,Toyota Camry Hybrid,4,1200,35,13,0,0
1969,IXC,Chandigarh,Dinesh Pillai,4.61,2012,Hatchback (WagonR),Maruti Suzuki WagonR,4,250,12,7,0,0
1970,CCU,Kolkata,Harpreet Singh,4.97,2083,Sedan (Dzire/Etios),Hyundai Aura,4,350,14,14,0,0
1971,DMU,Dimapur,Ramesh Verma,4.46,678,Executive Premium,Skoda Superb,4,1200,35,4,0,0
1972,UDR,Udaipur,Anil Deshmukh,4.89,592,Airport Express Shuttle,Force Traveller AC,12,180,8,4,0,1
1973,KOP,Kolhapur,Vijay Reddy,4.53,2093,Electric EV (Nexon/Tigor),Tata Tigor EV,4,400,16,10,1,0
1974,MUZ,Muzaffarpur,Pankaj Das,4.55,846,Electric EV (Nexon/Tigor),Tata Nexon EV,4,400,16,11,1,0
1975, سات,Satna,Harpreet Singh,4.58,1417,Electric EV (Nexon/Tigor),Tata Tigor EV,4,400,16,8,1,0
1976,ATQ,Amritsar,Gaurav Tiwari,4.89,228,Executive Premium,Skoda Superb,4,1200,35,12,0,0
1977,HBX,Hubballi / Dharwad,Pankaj Das,4.98,1300,Hatchback (WagonR),Tata Tiago,4,250,12,6,0,0
1978,KAM,Kamalpur,Gaurav Tiwari,4.74,1918,Airport Express Shuttle,Force Traveller AC,12,180,8,6,0,1
1979,BHU,Bathinda,Rajesh Sharma,4.74,2249,Sedan (Dzire/Etios),Toyota Etios,4,350,14,13,0,0
1980,GOI,Goa (Dabolim),Anil Deshmukh,4.81,1934,Executive Premium,Mercedes C-Class,4,1200,35,3,0,0
1981,PNV,Porbandar,Manoj Gupta,4.57,1518,Electric EV (Nexon/Tigor),MG ZS EV,4,400,16,4,1,0
1982,CKU,Chakulia,Rohan Mehta,4.49,1465,Hatchback (WagonR),Tata Tiago,4,250,12,3,0,0
1983,PBF,Bilaspur,Deepak Joshi,4.7,2018,Hatchback (WagonR),Hyundai i10,4,250,12,7,0,0
1984,DGR,Deoghar,Mahesh Choudhary,4.41,1006,Executive Premium,Skoda Superb,4,1200,35,7,0,0
1985,CKU,Chakulia,Suresh Patel,4.44,2159,SUV (Ertiga/Innova),Toyota Innova Crysta,6,650,20,7,0,0
1986,WGC,Warangal,Mahesh Choudhary,4.67,1733,Executive Premium,Skoda Superb,4,1200,35,11,0,0
1987,GOI,Goa (Dabolim),Amit Kumar,4.74,2349,Electric EV (Nexon/Tigor),Tata Nexon EV,4,400,16,14,1,0
1988,BLR,Bengaluru,Santosh Kulkarni,4.47,1248,Electric EV (Nexon/Tigor),MG ZS EV,4,400,16,9,1,0
1989,GAW,Guwahati,Vijay Reddy,4.97,2162,Hatchback (WagonR),Tata Tiago,4,250,12,13,0,0
1990,CCJ,Kozhikode (Calicut),Sanjay Rao,4.8,1089,Hatchback (WagonR),Maruti Suzuki WagonR,4,250,12,7,0,0
1991,KOP,Kolhapur,Deepak Joshi,4.65,1561,SUV (Ertiga/Innova),Mahindra XUV700,6,650,20,6,0,0
1992,COK,Kochi,Rajesh Sharma,4.67,2096,Airport Express Shuttle,Force Traveller AC,12,180,8,7,0,1
1993,BBI,Bhubaneswar,Deepak Joshi,4.74,2265,Hatchback (WagonR),Maruti Suzuki WagonR,4,250,12,8,0,0
1994,IXG,Belagavi,Amit Kumar,4.84,592,Sedan (Dzire/Etios),Maruti Suzuki Dzire,4,350,14,7,0,0
1995,DEL,New Delhi,Sunil Yadav,4.52,1913,Airport Express Shuttle,Force Traveller AC,12,180,8,14,0,1
1996,BHJ,Bhuj (Kutch),Dinesh Pillai,4.7,1678,SUV (Ertiga/Innova),Mahindra XUV700,6,650,20,9,0,0
1997,IXT,Pasighat,Deepak Joshi,4.7,1435,Electric EV (Nexon/Tigor),Tata Nexon EV,4,400,16,7,1,0
1998,JGD,Jagdalpur,Mahesh Choudhary,4.69,1604,Hatchback (WagonR),Hyundai i10,4,250,12,13,0,0
1999,RJA,Rajahmundry,Mahesh Choudhary,4.46,2228,Airport Express Shuttle,Force Traveller AC,12,180,8,12,0,1
2000,ATQ,Amritsar,Gaurav Tiwari,4.77,2318,SUV (Ertiga/Innova),Maruti Ertiga,6,650,20,5,0,0
2001,BID,Bidar,Vijay Reddy,4.47,851,Executive Premium,Mercedes C-Class,4,1200,35,10,0,0
2002,BKN,Bikaner,Vikram Singh,4.95,1689,Airport Express Shuttle,Force Traveller AC,12,180,8,4,0,1
2003,KOR,Koraput,Mahesh Choudhary,4.78,242,Executive Premium,Toyota Camry Hybrid,4,1200,35,5,0,0
2004,SLV,Shimla,Rajesh Sharma,4.85,551,Hatchback (WagonR),Hyundai i10,4,250,12,5,0,0
2005,SSE,Solapur,Dinesh Pillai,4.47,1327,Electric EV (Nexon/Tigor),Tata Tigor EV,4,400,16,9,1,0
2006,NEEM,Neemuch,Sanjay Rao,4.41,267,Airport Express Shuttle,Tata Winger Executive,12,180,8,14,0,1
2007,IXG,Belagavi,Suresh Patel,4.47,976,Hatchback (WagonR),Hyundai i10,4,250,12,10,0,0
2008,RAT,Ratlam,Rahul Banerjee,4.85,394,SUV (Ertiga/Innova),Toyota Innova Crysta,6,650,20,13,0,0
2009,DGR,Deoghar,Dinesh Pillai,4.51,2127,Sedan (Dzire/Etios),Hyundai Aura,4,350,14,10,0,0
2010,HSR,Rajkot,Deepak Joshi,4.42,373,SUV (Ertiga/Innova),Mahindra XUV700,6,650,20,4,0,0
2011,KHA,Khandwa,Dinesh Pillai,4.43,2037,Sedan (Dzire/Etios),Maruti Suzuki Dzire,4,350,14,8,0,0
2012,HYD,Hyderabad,Ramesh Verma,4.9,1040,SUV (Ertiga/Innova),Toyota Innova Crysta,6,650,20,4,0,0
2013,JLG,Jalgaon,Rohan Mehta,4.68,2262,SUV (Ertiga/Innova),Mahindra XUV700,6,650,20,8,0,0
2014,CCJ,Kozhikode (Calicut),Pankaj Das,4.84,634,Airport Express Shuttle,Tata Winger Executive,12,180,8,9,0,1
2015,DEL,New Delhi,Pankaj Das,4.77,1036,Electric EV (Nexon/Tigor),MG ZS EV,4,400,16,14,1,0
2016,JAI,Jaipur,Vikram Singh,4.57,2294,Electric EV (Nexon/Tigor),Tata Nexon EV,4,400,16,9,1,0
2017,HIR,Sambalpur,Vijay Reddy,4.56,744,Executive Premium,Toyota Camry Hybrid,4,1200,35,6,0,0
2018,IXR,Ranchi,Harpreet Singh,4.95,704,Hatchback (WagonR),Maruti Suzuki WagonR,4,250,12,14,0,0
2019,JGA,Jamnagar,Rajesh Sharma,4.76,278,SUV (Ertiga/Innova),Toyota Innova Crysta,6,650,20,10,0,0
2020,AGX,Agatti Island (Lakshadweep),Vijay Reddy,4.9,1016,Sedan (Dzire/Etios),Hyundai Aura,4,350,14,4,0,0
2021,VJZ,Bhogapuram / Vizianagaram,Sunil Yadav,4.52,461,SUV (Ertiga/Innova),Toyota Innova Crysta,6,650,20,3,0,0
2022,CCJ,Kozhikode (Calicut),Rohan Mehta,4.8,1750,Hatchback (WagonR),Maruti Suzuki WagonR,4,250,12,13,0,0
2023,LAT,Latur,Rahul Banerjee,4.64,1909,Airport Express Shuttle,Tata Winger Executive,12,180,8,10,0,1
2024,KAP,Kadapa,Vikram Singh,4.63,757,Executive Premium,Mercedes C-Class,4,1200,35,6,0,0
2025,IXE,Mangaluru,Sanjay Rao,4.72,1593,Electric EV (Nexon/Tigor),Tata Nexon EV,4,400,16,4,1,0
2026,PUR,Purulia,Sanjay Rao,4.8,795,Sedan (Dzire/Etios),Maruti Suzuki Dzire,4,350,14,13,0,0
2027,UTK,Kalahandi / Utkela,Pankaj Das,4.79,114,Executive Premium,Skoda Superb,4,1200,35,8,0,0
2028,CKU,Chakulia,Pankaj Das,4.44,2131,Hatchback (WagonR),Maruti Suzuki WagonR,4,250,12,4,0,0
2029,COK,Kochi,Vikram Singh,4.68,2116,SUV (Ertiga/Innova),Toyota Innova Crysta,6,650,20,9,0,0
2030,DHR,Dibrugarh,Vijay Reddy,4.52,1756,Sedan (Dzire/Etios),Hyundai Aura,4,350,14,12,0,0
2031,VDY,Vidyanagar / Ballari,Rahul Banerjee,4.81,350,Airport Express Shuttle,Tata Winger Executive,12,180,8,4,0,1
2032,PBN,Parbhani,Vikram Singh,4.69,2325,Hatchback (WagonR),Hyundai i10,4,250,12,11,0,0
2033,GAY,Gaya,Mahesh Choudhary,4.41,2125,Hatchback (WagonR),Maruti Suzuki WagonR,4,250,12,13,0,0
2034,CKU,Chakulia,Vikram Singh,4.94,1417,Hatchback (WagonR),Maruti Suzuki WagonR,4,250,12,5,0,0
2035,HYD,Hyderabad,Vikram Singh,4.58,1910,SUV (Ertiga/Innova),Maruti Ertiga,6,650,20,14,0,0
2036,SIV,Sivasagar,Manoj Gupta,4.5,1912,Hatchback (WagonR),Hyundai i10,4,250,12,7,0,0
2037,SDW,Sindhudurg,Ramesh Verma,4.77,1538,Hatchback (WagonR),Tata Tiago,4,250,12,6,0,0
2038,BHJ,Bhuj (Kutch),Ramesh Verma,4.68,2238,Airport Express Shuttle,Tata Winger Executive,12,180,8,14,0,1
2039,SIH,Sirohi,Suresh Patel,4.4,2139,Hatchback (WagonR),Tata Tiago,4,250,12,5,0,0
2040,TEZU,Tezu,Suresh Patel,4.67,305,SUV (Ertiga/Innova),Maruti Ertiga,6,650,20,9,0,0
2041,GON,Gondia,Sunil Yadav,4.4,109,Hatchback (WagonR),Hyundai i10,4,250,12,9,0,0
2042,KBK,Kushinagar,Amit Kumar,4.83,1439,Hatchback (WagonR),Hyundai i10,4,250,12,5,0,0
2043,GWL,Gwalior,Praveen Nair,4.79,2392,Hatchback (WagonR),Tata Tiago,4,250,12,9,0,0
2044,WGC,Warangal,Pankaj Das,4.75,1071,Hatchback (WagonR),Tata Tiago,4,250,12,7,0,0
2045,GAW,Guwahati,Vikram Singh,4.7,826,Executive Premium,Skoda Superb,4,1200,35,11,0,0
2046,KUU,Kullu / Manali,Rohan Mehta,4.64,1557,Sedan (Dzire/Etios),Maruti Suzuki Dzire,4,350,14,4,0,0
2047,BID,Bidar,Rahul Banerjee,4.9,1859,Airport Express Shuttle,Tata Winger Executive,12,180,8,6,0,1
2048,TEZU,Tezu,Gaurav Tiwari,4.45,1286,Airport Express Shuttle,Tata Winger Executive,12,180,8,13,0,1
2049,SIV,Sivasagar,Vijay Reddy,4.74,2134,SUV (Ertiga/Innova),Toyota Innova Crysta,6,650,20,6,0,0
2050,AMB,Ambikapur,Vikram Singh,4.46,755,Executive Premium,Mercedes C-Class,4,1200,35,4,0,0
2051,IMF,Imphal,Suresh Patel,4.97,1430,SUV (Ertiga/Innova),Toyota Innova Crysta,6,650,20,14,0,0
2052,ASL,Asansol,Praveen Nair,4.88,577,Electric EV (Nexon/Tigor),Tata Tigor EV,4,400,16,6,1,0
2053,IXM,Madurai,Deepak Joshi,4.88,1725,Hatchback (WagonR),Maruti Suzuki WagonR,4,250,12,6,0,0
2054,RGD,Raigarh,Rahul Banerjee,4.82,2363,Airport Express Shuttle,Tata Winger Executive,12,180,8,9,0,1
2055,DMO,Damoh,Amit Kumar,4.58,1258,Electric EV (Nexon/Tigor),MG ZS EV,4,400,16,12,1,0
2056,AJL,Aizawl,Suresh Patel,4.46,1457,Sedan (Dzire/Etios),Maruti Suzuki Dzire,4,350,14,9,0,0
2057,MAA,Chennai,Anil Deshmukh,4.42,1549,Electric EV (Nexon/Tigor),Tata Tigor EV,4,400,16,4,1,0
2058,HBI,Itanagar,Rajesh Sharma,4.85,622,SUV (Ertiga/Innova),Maruti Ertiga,6,650,20,10,0,0
2059,DMU,Dimapur,Pankaj Das,4.52,1351,Hatchback (WagonR),Hyundai i10,4,250,12,10,0,0
2060,BID,Bidar,Gaurav Tiwari,4.66,2281,Hatchback (WagonR),Tata Tiago,4,250,12,14,0,0
2061,SAG,Shirdi,Rahul Banerjee,4.95,1434,Electric EV (Nexon/Tigor),Tata Nexon EV,4,400,16,11,1,0
2062,CJB,Coimbatore,Vikram Singh,4.57,1965,Electric EV (Nexon/Tigor),Tata Nexon EV,4,400,16,7,1,0
2063,LAT,Latur,Sunil Yadav,4.6,1081,Sedan (Dzire/Etios),Toyota Etios,4,350,14,12,0,0
2064,BBI,Bhubaneswar,Praveen Nair,4.7,2206,Sedan (Dzire/Etios),Hyundai Aura,4,350,14,7,0,0
2065,KAI,Kailashahar,Rahul Banerjee,4.98,1318,Sedan (Dzire/Etios),Toyota Etios,4,350,14,13,0,0
2066,CKU,Chakulia,Vijay Reddy,4.56,1244,Sedan (Dzire/Etios),Hyundai Aura,4,350,14,9,0,0
2067,BHU,Bathinda,Gaurav Tiwari,4.66,1206,SUV (Ertiga/Innova),Mahindra XUV700,6,650,20,14,0,0
2068,DHM,Dharamshala / Kangra,Amit Kumar,4.68,1482,Airport Express Shuttle,Force Traveller AC,12,180,8,8,0,1
2069,MRA,Noida / Jewar,Rohan Mehta,4.73,956,Hatchback (WagonR),Tata Tiago,4,250,12,9,0,0
2070,IXD,Prayagraj (Allahabad),Pankaj Das,4.64,444,Sedan (Dzire/Etios),Hyundai Aura,4,350,14,9,0,0
2071,SRA,Shravasti,Rajesh Sharma,4.6,1929,Electric EV (Nexon/Tigor),MG ZS EV,4,400,16,12,1,0
2072,MRA,Noida / Jewar,Mahesh Choudhary,4.47,417,SUV (Ertiga/Innova),Maruti Ertiga,6,650,20,6,0,0
2073,BHO,Bhopal,Praveen Nair,4.67,1545,Hatchback (WagonR),Hyundai i10,4,250,12,10,0,0
2074,UDR,Udaipur,Vikram Singh,4.62,519,Electric EV (Nexon/Tigor),Tata Nexon EV,4,400,16,4,1,0
2075,GOI,Goa (Dabolim),Pankaj Das,4.94,2140,Executive Premium,Toyota Camry Hybrid,4,1200,35,11,0,0
2076,DHM,Dharamshala / Kangra,Rahul Banerjee,4.46,2058,Hatchback (WagonR),Maruti Suzuki WagonR,4,250,12,6,0,0
2077,IXA,Agartala,Pankaj Das,4.93,1513,Hatchback (WagonR),Tata Tiago,4,250,12,11,0,0
2078,KBK,Kushinagar,Deepak Joshi,4.88,1385,Hatchback (WagonR),Tata Tiago,4,250,12,6,0,0
2079,MUZ,Muzaffarpur,Ramesh Verma,4.6,825,Hatchback (WagonR),Maruti Suzuki WagonR,4,250,12,8,0,0
2080,PBF,Bilaspur,Pankaj Das,4.74,217,Electric EV (Nexon/Tigor),MG ZS EV,4,400,16,13,1,0
2081,KJB,Kurnool (Orvakal),Pankaj Das,4.62,859,Hatchback (WagonR),Tata Tiago,4,250,12,11,0,0
2082,IXP,Pathankot,Amit Kumar,4.93,569,Sedan (Dzire/Etios),Hyundai Aura,4,350,14,13,0,0
2083,ROU,Rourkela,Gaurav Tiwari,4.6,1839,Hatchback (WagonR),Tata Tiago,4,250,12,12,0,0
2084,PINJ,Panchkula / Pinjore,Mahesh Choudhary,4.6,1259,SUV (Ertiga/Innova),Mahindra XUV700,6,650,20,5,0,0
2085,HSS,Hisar,Anil Deshmukh,4.44,1991,Hatchback (WagonR),Tata Tiago,4,250,12,14,0,0
2086,SXV,Shivamogga,Ramesh Verma,4.47,1255,SUV (Ertiga/Innova),Mahindra XUV700,6,650,20,14,0,0
2087,SNE,Singrauli,Mahesh Choudhary,4.83,354,Hatchback (WagonR),Hyundai i10,4,250,12,8,0,0
2088,IMF,Imphal,Sunil Yadav,4.91,2339,SUV (Ertiga/Innova),Toyota Innova Crysta,6,650,20,4,0,0
2089,PAL,Pali,Sunil Yadav,4.66,342,Airport Express Shuttle,Tata Winger Executive,12,180,8,7,0,1
2090,ASL,Asansol,Amit Kumar,4.54,2251,Electric EV (Nexon/Tigor),Tata Tigor EV,4,400,16,6,1,0
2091,IXS,Silchar,Amit Kumar,4.49,1635,SUV (Ertiga/Innova),Maruti Ertiga,6,650,20,6,0,0
2092,KHO,Khowai,Ramesh Verma,4.46,2127,Airport Express Shuttle,Force Traveller AC,12,180,8,12,0,1
2093,HJR,Khajuraho,Sanjay Rao,4.72,1444,Airport Express Shuttle,Force Traveller AC,12,180,8,13,0,1
2094,BHO,Bhopal,Dinesh Pillai,4.53,307,Electric EV (Nexon/Tigor),Tata Tigor EV,4,400,16,7,1,0
2095,KNU,Kanpur,Deepak Joshi,4.74,217,Electric EV (Nexon/Tigor),MG ZS EV,4,400,16,11,1,0
2096,KOK,Kokrajhar,Amit Kumar,4.59,1765,Electric EV (Nexon/Tigor),MG ZS EV,4,400,16,4,1,0
2097,IMF,Imphal,Gaurav Tiwari,4.81,85,Hatchback (WagonR),Tata Tiago,4,250,12,9,0,0
2098,CCJ,Kozhikode (Calicut),Praveen Nair,4.48,1223,SUV (Ertiga/Innova),Mahindra XUV700,6,650,20,13,0,0
2099,GWL,Gwalior,Rahul Banerjee,4.52,389,Electric EV (Nexon/Tigor),Tata Nexon EV,4,400,16,8,1,0
2100,KAM,Kamalpur,Pankaj Das,4.44,1843,SUV (Ertiga/Innova),Mahindra XUV700,6,650,20,12,0,0
2101,GOP,Ganjam / Gopalpur,Gaurav Tiwari,4.68,1782,Hatchback (WagonR),Maruti Suzuki WagonR,4,250,12,8,0,0
2102,ISK,Nashik,Manoj Gupta,4.5,1614,Sedan (Dzire/Etios),Toyota Etios,4,350,14,13,0,0
2103,SWM,Ranthambore / Sawai Madhopur,Vikram Singh,4.66,1413,Electric EV (Nexon/Tigor),Tata Tigor EV,4,400,16,6,1,0
2104,SXR,Srinagar,Amit Kumar,4.41,1714,Airport Express Shuttle,Force Traveller AC,12,180,8,7,0,1
2105,CFH,Chitrakoot,Vijay Reddy,4.79,969,Executive Premium,Skoda Superb,4,1200,35,5,0,0
2106,PBN,Parbhani,Suresh Patel,4.66,120,Executive Premium,Toyota Camry Hybrid,4,1200,35,11,0,0
2107,PGH,Pantnagar / Nainital,Gaurav Tiwari,4.49,2170,Airport Express Shuttle,Tata Winger Executive,12,180,8,5,0,1
2108, سات,Satna,Suresh Patel,4.66,692,Executive Premium,Mercedes C-Class,4,1200,35,8,0,0
2109,NDC,Nanded,Suresh Patel,4.41,651,Electric EV (Nexon/Tigor),Tata Tigor EV,4,400,16,3,1,0
2110,WGC,Warangal,Vijay Reddy,4.69,2042,SUV (Ertiga/Innova),Mahindra XUV700,6,650,20,5,0,0
2111,KJB,Kurnool (Orvakal),Dinesh Pillai,4.48,1563,Airport Express Shuttle,Tata Winger Executive,12,180,8,5,0,1
2112,AJL,Aizawl,Rahul Banerjee,4.43,626,Electric EV (Nexon/Tigor),Tata Nexon EV,4,400,16,11,1,0
2113,JSA,Jaisalmer,Suresh Patel,4.58,1153,Executive Premium,Mercedes C-Class,4,1200,35,7,0,0
2114,KARN,Karnal,Mahesh Choudhary,4.57,1301,Electric EV (Nexon/Tigor),Tata Nexon EV,4,400,16,9,1,0
2115,NPL,Narnaul,Dinesh Pillai,4.48,1689,Airport Express Shuttle,Tata Winger Executive,12,180,8,13,0,1
2116,DHR,Dibrugarh,Rajesh Sharma,4.64,944,Executive Premium,Mercedes C-Class,4,1200,35,13,0,0
2117,BLT,Balurghat,Amit Kumar,4.82,1845,Sedan (Dzire/Etios),Maruti Suzuki Dzire,4,350,14,11,0,0
2118,JGD,Jagdalpur,Praveen Nair,4.84,1943,Sedan (Dzire/Etios),Toyota Etios,4,350,14,12,0,0
2119,IXL,Leh (Ladakh),Manoj Gupta,4.79,221,SUV (Ertiga/Innova),Maruti Ertiga,6,650,20,3,0,0
2120,SDW,Sindhudurg,Rohan Mehta,4.65,921,Airport Express Shuttle,Force Traveller AC,12,180,8,12,0,1
2121,PYG,Gangtok / Pakyong (Sikkim),Sanjay Rao,4.93,2151,SUV (Ertiga/Innova),Mahindra XUV700,6,650,20,8,0,0
2122,BGP,Bhagalpur,Sanjay Rao,4.69,2399,Sedan (Dzire/Etios),Toyota Etios,4,350,14,12,0,0
2123,BBI,Bhubaneswar,Praveen Nair,4.9,1760,Airport Express Shuttle,Force Traveller AC,12,180,8,13,0,1
2124,ASL,Asansol,Sunil Yadav,4.92,390,Airport Express Shuttle,Force Traveller AC,12,180,8,12,0,1
2125,HSS,Hisar,Sanjay Rao,4.97,1447,Sedan (Dzire/Etios),Maruti Suzuki Dzire,4,350,14,6,0,0
2126,JRG,Jharsuguda,Mahesh Choudhary,4.91,216,Hatchback (WagonR),Maruti Suzuki WagonR,4,250,12,11,0,0
2127,MAA,Chennai,Vikram Singh,4.9,370,Sedan (Dzire/Etios),Toyota Etios,4,350,14,6,0,0
2128,DHR,Dibrugarh,Anil Deshmukh,4.88,2333,SUV (Ertiga/Innova),Toyota Innova Crysta,6,650,20,10,0,0
2129,LGP,Rupsi / Dhubri,Manoj Gupta,4.63,1233,Hatchback (WagonR),Tata Tiago,4,250,12,9,0,0
2130,AMB,Ambikapur,Suresh Patel,4.46,1559,Hatchback (WagonR),Hyundai i10,4,250,12,4,0,0
2131,PYG,Gangtok / Pakyong (Sikkim),Amit Kumar,4.58,632,Electric EV (Nexon/Tigor),Tata Tigor EV,4,400,16,5,1,0
2132,NPL,Narnaul,Ramesh Verma,4.71,187,Hatchback (WagonR),Tata Tiago,4,250,12,14,0,0
2133,JSA,Jaisalmer,Praveen Nair,4.87,1157,Electric EV (Nexon/Tigor),MG ZS EV,4,400,16,3,1,0
2134,COK,Kochi,Vikram Singh,4.72,988,SUV (Ertiga/Innova),Toyota Innova Crysta,6,650,20,5,0,0
2135,GAY,Gaya,Mahesh Choudhary,4.53,971,Airport Express Shuttle,Tata Winger Executive,12,180,8,11,0,1
2136,VDY,Vidyanagar / Ballari,Harpreet Singh,4.94,1131,Electric EV (Nexon/Tigor),MG ZS EV,4,400,16,12,1,0
2137,IXE,Mangaluru,Deepak Joshi,4.86,1652,Electric EV (Nexon/Tigor),Tata Tigor EV,4,400,16,8,1,0
2138,BVC,Bhavnagar,Deepak Joshi,4.42,785,Electric EV (Nexon/Tigor),Tata Tigor EV,4,400,16,3,1,0
2139,BOK,Bokaro,Mahesh Choudhary,4.74,602,Sedan (Dzire/Etios),Maruti Suzuki Dzire,4,350,14,7,0,0
2140,GOP,Ganjam / Gopalpur,Anil Deshmukh,4.72,1871,Electric EV (Nexon/Tigor),MG ZS EV,4,400,16,3,1,0
2141,PBN,Parbhani,Sunil Yadav,4.76,2021,Sedan (Dzire/Etios),Toyota Etios,4,350,14,10,0,0
2142,GON,Gondia,Vijay Reddy,4.79,1162,Executive Premium,Mercedes C-Class,4,1200,35,10,0,0
2143,GOI,Goa (Dabolim),Sunil Yadav,4.96,1678,Executive Premium,Toyota Camry Hybrid,4,1200,35,13,0,0
2144,COB,Cooch Behar,Deepak Joshi,4.53,2071,Airport Express Shuttle,Tata Winger Executive,12,180,8,8,0,1
2145,CHI,Chhindwara,Dinesh Pillai,4.41,609,Executive Premium,Toyota Camry Hybrid,4,1200,35,7,0,0
2146,AGX,Agatti Island (Lakshadweep),Sanjay Rao,4.91,1095,Electric EV (Nexon/Tigor),Tata Tigor EV,4,400,16,14,1,0
2147,OSB,Dharashiv,Mahesh Choudhary,4.5,637,Hatchback (WagonR),Maruti Suzuki WagonR,4,250,12,5,0,0
2148,SRA,Shravasti,Harpreet Singh,4.86,96,Airport Express Shuttle,Tata Winger Executive,12,180,8,9,0,1
2149,JHW,Jhalawar,Suresh Patel,4.57,1292,Sedan (Dzire/Etios),Hyundai Aura,4,350,14,4,0,0
2150,PNQ,Pune,Dinesh Pillai,4.83,114,Sedan (Dzire/Etios),Toyota Etios,4,350,14,5,0,0
2151,BHO,Bhopal,Rohan Mehta,4.5,1185,Executive Premium,Toyota Camry Hybrid,4,1200,35,13,0,0
2152,JRH,Jorhat,Ramesh Verma,4.96,933,Airport Express Shuttle,Force Traveller AC,12,180,8,11,0,1
2153,RPR,Raipur,Sanjay Rao,4.72,1712,Hatchback (WagonR),Hyundai i10,4,250,12,3,0,0
2154,KAP,Kadapa,Harpreet Singh,4.65,2265,Executive Premium,Mercedes C-Class,4,1200,35,3,0,0
2155,IXC,Chandigarh,Harpreet Singh,4.89,726,Sedan (Dzire/Etios),Hyundai Aura,4,350,14,9,0,0
2156,IXA,Agartala,Rahul Banerjee,4.44,1452,Airport Express Shuttle,Force Traveller AC,12,180,8,4,0,1
2157,COB,Cooch Behar,Dinesh Pillai,4.69,1507,Electric EV (Nexon/Tigor),MG ZS EV,4,400,16,12,1,0
2158,TEZ,Tezpur,Harpreet Singh,4.94,2303,Executive Premium,Toyota Camry Hybrid,4,1200,35,6,0,0
2159,SLV,Shimla,Rajesh Sharma,4.71,943,Airport Express Shuttle,Tata Winger Executive,12,180,8,14,0,1
2160,DGR,Deoghar,Pankaj Das,4.97,509,Electric EV (Nexon/Tigor),MG ZS EV,4,400,16,3,1,0
2161,BKN,Bikaner,Rahul Banerjee,4.57,903,Sedan (Dzire/Etios),Toyota Etios,4,350,14,12,0,0
2162,IXZ,Port Blair (Andaman),Amit Kumar,4.91,1026,SUV (Ertiga/Innova),Toyota Innova Crysta,6,650,20,13,0,0
2163,HZD,Hazaribagh,Deepak Joshi,4.48,2048,Executive Premium,Toyota Camry Hybrid,4,1200,35,10,0,0
2164,LGP,Rupsi / Dhubri,Ramesh Verma,4.58,1165,Airport Express Shuttle,Force Traveller AC,12,180,8,11,0,1
2165,WGC,Warangal,Vikram Singh,4.42,1153,Sedan (Dzire/Etios),Toyota Etios,4,350,14,5,0,0
2166,IXY,Kandla,Harpreet Singh,4.48,974,Executive Premium,Mercedes C-Class,4,1200,35,8,0,0
2167,CHI,Chhindwara,Sanjay Rao,4.57,2144,Executive Premium,Toyota Camry Hybrid,4,1200,35,5,0,0
2168,IDR,Indore,Rahul Banerjee,4.88,1617,SUV (Ertiga/Innova),Mahindra XUV700,6,650,20,11,0,0
2169,SIV,Sivasagar,Sanjay Rao,4.96,2189,SUV (Ertiga/Innova),Mahindra XUV700,6,650,20,4,0,0
2170,MEH,Mehsana,Vikram Singh,4.47,1895,SUV (Ertiga/Innova),Toyota Innova Crysta,6,650,20,4,0,0
2171,GOP,Ganjam / Gopalpur,Vijay Reddy,4.5,1629,SUV (Ertiga/Innova),Toyota Innova Crysta,6,650,20,3,0,0
2172,BID,Bidar,Praveen Nair,4.42,334,Electric EV (Nexon/Tigor),MG ZS EV,4,400,16,7,1,0
2173,AMRE,Amreli,Dinesh Pillai,4.41,2321,Airport Express Shuttle,Force Traveller AC,12,180,8,8,0,1
2174,DGR,Deoghar,Harpreet Singh,4.5,835,SUV (Ertiga/Innova),Mahindra XUV700,6,650,20,14,0,0
2175,SRA,Shravasti,Suresh Patel,4.45,2191,Electric EV (Nexon/Tigor),Tata Tigor EV,4,400,16,9,1,0
2176,SAG,Shirdi,Deepak Joshi,4.88,125,Electric EV (Nexon/Tigor),Tata Tigor EV,4,400,16,4,1,0
2177,SNE,Singrauli,Harpreet Singh,4.59,379,SUV (Ertiga/Innova),Toyota Innova Crysta,6,650,20,7,0,0
2178,AYJ,Ayodhya,Amit Kumar,4.91,893,Airport Express Shuttle,Force Traveller AC,12,180,8,14,0,1
2179,TCR,Thoothukudi (Tuticorin),Gaurav Tiwari,4.78,176,Electric EV (Nexon/Tigor),Tata Tigor EV,4,400,16,13,1,0
2180,NMN,Neemrana / Alwar,Mahesh Choudhary,4.69,436,Hatchback (WagonR),Hyundai i10,4,250,12,13,0,0
2181,TIR,Tirupati,Rahul Banerjee,4.86,2385,Electric EV (Nexon/Tigor),Tata Tigor EV,4,400,16,7,1,0
2182,SSE,Solapur,Praveen Nair,4.61,2242,Electric EV (Nexon/Tigor),MG ZS EV,4,400,16,14,1,0
2183,VNS,Varanasi,Vikram Singh,4.96,1062,Hatchback (WagonR),Hyundai i10,4,250,12,6,0,0
2184,GOX,Goa (Mopa),Amit Kumar,4.54,677,Sedan (Dzire/Etios),Toyota Etios,4,350,14,13,0,0
2185,HSS,Hisar,Praveen Nair,4.83,806,Hatchback (WagonR),Hyundai i10,4,250,12,3,0,0
2186,PNQ,Pune,Santosh Kulkarni,4.71,2016,SUV (Ertiga/Innova),Toyota Innova Crysta,6,650,20,9,0,0
2187,AMRE,Amreli,Harpreet Singh,4.51,1186,Electric EV (Nexon/Tigor),MG ZS EV,4,400,16,9,1,0
2188,CHI,Chhindwara,Santosh Kulkarni,4.59,371,Hatchback (WagonR),Maruti Suzuki WagonR,4,250,12,3,0,0
2189,COK,Kochi,Gaurav Tiwari,4.89,2119,Executive Premium,Toyota Camry Hybrid,4,1200,35,5,0,0
2190,RMD,Ratnagiri,Gaurav Tiwari,4.91,1496,Sedan (Dzire/Etios),Hyundai Aura,4,350,14,11,0,0
2191,PNY,Puducherry,Sunil Yadav,4.94,459,Sedan (Dzire/Etios),Hyundai Aura,4,350,14,9,0,0
2192,GBI,Kalaburagi (Gulbarga),Praveen Nair,4.56,1276,Hatchback (WagonR),Tata Tiago,4,250,12,4,0,0
2193,ASL,Asansol,Praveen Nair,4.53,1630,Executive Premium,Toyota Camry Hybrid,4,1200,35,4,0,0
2194,HSS,Hisar,Dinesh Pillai,4.43,1141,SUV (Ertiga/Innova),Mahindra XUV700,6,650,20,6,0,0
2195,PAT,Patna,Praveen Nair,4.61,1522,Hatchback (WagonR),Maruti Suzuki WagonR,4,250,12,6,0,0
2196,IXY,Kandla,Deepak Joshi,4.9,1816,Sedan (Dzire/Etios),Toyota Etios,4,350,14,6,0,0
2197,GOI,Goa (Dabolim),Santosh Kulkarni,4.92,2105,Hatchback (WagonR),Maruti Suzuki WagonR,4,250,12,5,0,0
2198,IXJ,Jammu,Sanjay Rao,4.7,2168,SUV (Ertiga/Innova),Mahindra XUV700,6,650,20,5,0,0
2199,IDR,Indore,Rajesh Sharma,4.7,898,Airport Express Shuttle,Force Traveller AC,12,180,8,3,0,1
2200,NVY,Neyveli,Deepak Joshi,4.92,2114,Sedan (Dzire/Etios),Hyundai Aura,4,350,14,6,0,0
2201,KBK,Kushinagar,Ramesh Verma,4.4,1110,Sedan (Dzire/Etios),Maruti Suzuki Dzire,4,350,14,4,0,0
2202,CFH,Chitrakoot,Sunil Yadav,4.79,2111,SUV (Ertiga/Innova),Mahindra XUV700,6,650,20,5,0,0
2203,IDR,Indore,Harpreet Singh,4.9,1966,SUV (Ertiga/Innova),Maruti Ertiga,6,650,20,7,0,0
2204,ROU,Rourkela,Manoj Gupta,4.6,2091,SUV (Ertiga/Innova),Mahindra XUV700,6,650,20,7,0,0
2205,MAL,Malda,Rohan Mehta,4.51,1744,Hatchback (WagonR),Tata Tiago,4,250,12,14,0,0
2206,RAT,Ratlam,Harpreet Singh,4.63,1957,Electric EV (Nexon/Tigor),MG ZS EV,4,400,16,3,1,0
2207, سات,Satna,Santosh Kulkarni,4.89,913,Electric EV (Nexon/Tigor),Tata Tigor EV,4,400,16,12,1,0
2208,SDW,Sindhudurg,Ramesh Verma,4.9,2159,Electric EV (Nexon/Tigor),Tata Tigor EV,4,400,16,11,1,0
2209,TRZ,Tiruchirappalli (Trichy),Dinesh Pillai,4.45,957,Airport Express Shuttle,Tata Winger Executive,12,180,8,7,0,1
2210,NMN,Neemrana / Alwar,Praveen Nair,4.91,2305,Electric EV (Nexon/Tigor),Tata Tigor EV,4,400,16,11,1,0
2211,IXY,Kandla,Praveen Nair,4.49,1866,Hatchback (WagonR),Maruti Suzuki WagonR,4,250,12,8,0,0
2212,DMU,Dimapur,Vikram Singh,4.67,1667,Hatchback (WagonR),Hyundai i10,4,250,12,14,0,0
2213,KARN,Karnal,Suresh Patel,4.57,1976,Sedan (Dzire/Etios),Hyundai Aura,4,350,14,7,0,0
2214,HBX,Hubballi / Dharwad,Deepak Joshi,4.45,1216,Airport Express Shuttle,Tata Winger Executive,12,180,8,3,0,1
2215,CNN,Kannur,Rajesh Sharma,4.43,1734,Executive Premium,Skoda Superb,4,1200,35,6,0,0
2216,AGR,Agra,Vijay Reddy,4.45,1212,SUV (Ertiga/Innova),Maruti Ertiga,6,650,20,9,0,0
2217,CCU,Kolkata,Mahesh Choudhary,4.57,1603,Sedan (Dzire/Etios),Hyundai Aura,4,350,14,5,0,0
2218,KARN,Karnal,Suresh Patel,4.91,1762,Airport Express Shuttle,Tata Winger Executive,12,180,8,8,0,1
2219,BGP,Bhagalpur,Santosh Kulkarni,4.73,1146,Airport Express Shuttle,Tata Winger Executive,12,180,8,12,0,1
2220,BLR,Bengaluru,Harpreet Singh,4.43,793,Sedan (Dzire/Etios),Hyundai Aura,4,350,14,4,0,0
2221,UTL,Barmer,Deepak Joshi,4.59,775,Electric EV (Nexon/Tigor),MG ZS EV,4,400,16,10,1,0
2222,UTK,Kalahandi / Utkela,Deepak Joshi,4.65,2308,Hatchback (WagonR),Tata Tiago,4,250,12,11,0,0
2223,GAY,Gaya,Manoj Gupta,4.9,1690,Executive Premium,Mercedes C-Class,4,1200,35,4,0,0
2224,UDR,Udaipur,Vijay Reddy,4.65,2351,Executive Premium,Skoda Superb,4,1200,35,3,0,0
2225,PNQ,Pune,Manoj Gupta,4.71,1333,Sedan (Dzire/Etios),Hyundai Aura,4,350,14,6,0,0
2226,KHO,Khowai,Suresh Patel,4.74,2372,Hatchback (WagonR),Hyundai i10,4,250,12,11,0,0
2227,KBK,Kushinagar,Praveen Nair,4.63,159,Electric EV (Nexon/Tigor),MG ZS EV,4,400,16,11,1,0
2228,IXA,Agartala,Amit Kumar,4.5,2307,Electric EV (Nexon/Tigor),Tata Nexon EV,4,400,16,12,1,0
2229,LKO,Lucknow,Rohan Mehta,4.62,457,SUV (Ertiga/Innova),Mahindra XUV700,6,650,20,7,0,0
2230,UDR,Udaipur,Rohan Mehta,4.73,471,Hatchback (WagonR),Tata Tiago,4,250,12,13,0,0
2231,JDH,Jodhpur,Rohan Mehta,4.52,198,Executive Premium,Skoda Superb,4,1200,35,7,0,0
2232,KJB,Kurnool (Orvakal),Gaurav Tiwari,4.68,639,Sedan (Dzire/Etios),Toyota Etios,4,350,14,10,0,0
2233,SDW,Sindhudurg,Ramesh Verma,4.42,1267,Airport Express Shuttle,Force Traveller AC,12,180,8,3,0,1
2234,SDW,Sindhudurg,Rajesh Sharma,4.81,1110,Sedan (Dzire/Etios),Hyundai Aura,4,350,14,7,0,0
2235,WGC,Warangal,Dinesh Pillai,4.91,830,Hatchback (WagonR),Hyundai i10,4,250,12,10,0,0
2236,SIV,Sivasagar,Sunil Yadav,4.83,1081,Hatchback (WagonR),Maruti Suzuki WagonR,4,250,12,6,0,0
2237,IXC,Chandigarh,Anil Deshmukh,4.61,872,Electric EV (Nexon/Tigor),MG ZS EV,4,400,16,14,1,0
2238,BTH,Bettiah,Dinesh Pillai,4.67,710,Executive Premium,Toyota Camry Hybrid,4,1200,35,13,0,0
2239,GOP,Ganjam / Gopalpur,Mahesh Choudhary,4.65,1447,Airport Express Shuttle,Force Traveller AC,12,180,8,9,0,1
2240,BTH,Bettiah,Vikram Singh,4.61,2114,Airport Express Shuttle,Tata Winger Executive,12,180,8,10,0,1
2241,VDY,Vidyanagar / Ballari,Sanjay Rao,4.74,1743,SUV (Ertiga/Innova),Maruti Ertiga,6,650,20,5,0,0
2242,NAG,Nagpur,Vikram Singh,4.86,706,Executive Premium,Toyota Camry Hybrid,4,1200,35,9,0,0
2243,LUD,Ludhiana,Sanjay Rao,4.96,1274,Sedan (Dzire/Etios),Hyundai Aura,4,350,14,11,0,0
2244,HBI,Itanagar,Vijay Reddy,4.43,2053,Airport Express Shuttle,Tata Winger Executive,12,180,8,13,0,1
2245,RKG,Durgapur,Harpreet Singh,4.41,891,Airport Express Shuttle,Tata Winger Executive,12,180,8,12,0,1
2246,TCR,Thoothukudi (Tuticorin),Mahesh Choudhary,4.51,1924,Executive Premium,Toyota Camry Hybrid,4,1200,35,3,0,0
2247,PNY,Puducherry,Suresh Patel,4.97,142,Sedan (Dzire/Etios),Maruti Suzuki Dzire,4,350,14,14,0,0
2248,TEZU,Tezu,Rahul Banerjee,4.68,1129,Executive Premium,Skoda Superb,4,1200,35,12,0,0
2249,IXM,Madurai,Mahesh Choudhary,4.58,1052,SUV (Ertiga/Innova),Mahindra XUV700,6,650,20,3,0,0
2250,TEZU,Tezu,Gaurav Tiwari,4.74,2394,Airport Express Shuttle,Force Traveller AC,12,180,8,14,0,1
2251,BOM,Mumbai,Pankaj Das,4.88,1926,Airport Express Shuttle,Tata Winger Executive,12,180,8,8,0,1
2252,PBF,Bilaspur,Praveen Nair,4.79,2269,Sedan (Dzire/Etios),Hyundai Aura,4,350,14,12,0,0
2253,DED,Dehradun,Dinesh Pillai,4.56,1710,Electric EV (Nexon/Tigor),Tata Tigor EV,4,400,16,8,1,0
2254,NWP,Pithoragarh,Amit Kumar,4.69,1198,Hatchback (WagonR),Hyundai i10,4,250,12,8,0,0
2255,UTK,Kalahandi / Utkela,Sanjay Rao,4.67,1354,Sedan (Dzire/Etios),Hyundai Aura,4,350,14,13,0,0
2256,GOX,Goa (Mopa),Ramesh Verma,4.86,123,Sedan (Dzire/Etios),Hyundai Aura,4,350,14,4,0,0
2257,AGX,Agatti Island (Lakshadweep),Amit Kumar,4.73,664,SUV (Ertiga/Innova),Toyota Innova Crysta,6,650,20,10,0,0
2258,REW,Rewa,Dinesh Pillai,4.63,495,SUV (Ertiga/Innova),Toyota Innova Crysta,6,650,20,4,0,0
2259,PNQ,Pune,Rahul Banerjee,4.46,2138,Electric EV (Nexon/Tigor),MG ZS EV,4,400,16,7,1,0
2260,BGP,Bhagalpur,Sanjay Rao,4.98,1020,Electric EV (Nexon/Tigor),MG ZS EV,4,400,16,5,1,0
2261,SDW,Sindhudurg,Praveen Nair,4.42,1697,Executive Premium,Skoda Superb,4,1200,35,9,0,0
2262,DED,Dehradun,Dinesh Pillai,4.9,1640,Sedan (Dzire/Etios),Maruti Suzuki Dzire,4,350,14,10,0,0
2263,MUZ,Muzaffarpur,Rahul Banerjee,4.68,1725,Hatchback (WagonR),Hyundai i10,4,250,12,3,0,0
2264,HSR,Rajkot,Manoj Gupta,4.72,2257,Sedan (Dzire/Etios),Maruti Suzuki Dzire,4,350,14,4,0,0
2265,KNU,Kanpur,Praveen Nair,4.64,2135,SUV (Ertiga/Innova),Toyota Innova Crysta,6,650,20,14,0,0
2266,STV,Surat,Vikram Singh,4.89,301,Executive Premium,Skoda Superb,4,1200,35,10,0,0
2267,ALD,Aligarh,Suresh Patel,4.49,2306,Airport Express Shuttle,Force Traveller AC,12,180,8,5,0,1
2268,YTL,Yavatmal,Anil Deshmukh,4.43,1647,Hatchback (WagonR),Hyundai i10,4,250,12,5,0,0
2269,AMD,Ahmedabad,Harpreet Singh,4.67,901,Executive Premium,Mercedes C-Class,4,1200,35,8,0,0
2270,KAR,Karad / Satara,Mahesh Choudhary,4.63,1676,Sedan (Dzire/Etios),Maruti Suzuki Dzire,4,350,14,12,0,0
2271,IXW,Jamshedpur,Manoj Gupta,4.54,649,Electric EV (Nexon/Tigor),Tata Tigor EV,4,400,16,13,1,0
2272,IXM,Madurai,Gaurav Tiwari,4.43,1409,Electric EV (Nexon/Tigor),Tata Nexon EV,4,400,16,5,1,0
2273,KHO,Khowai,Rohan Mehta,4.45,545,Electric EV (Nexon/Tigor),Tata Tigor EV,4,400,16,6,1,0
2274,IXG,Belagavi,Amit Kumar,4.64,1285,Executive Premium,Skoda Superb,4,1200,35,12,0,0
2275,JRH,Jorhat,Praveen Nair,4.49,1581,Electric EV (Nexon/Tigor),MG ZS EV,4,400,16,13,1,0
2276,AKL,Akola,Gaurav Tiwari,4.9,1448,Hatchback (WagonR),Hyundai i10,4,250,12,8,0,0
2277,BAR,Baramati,Vijay Reddy,4.52,1200,Airport Express Shuttle,Tata Winger Executive,12,180,8,13,0,1
2278,IXR,Ranchi,Gaurav Tiwari,4.63,2264,Electric EV (Nexon/Tigor),Tata Tigor EV,4,400,16,3,1,0
2279,AMR,Amravati,Dinesh Pillai,4.95,2316,Sedan (Dzire/Etios),Maruti Suzuki Dzire,4,350,14,13,0,0
2280,CCU,Kolkata,Pankaj Das,4.65,359,Airport Express Shuttle,Tata Winger Executive,12,180,8,6,0,1
2281,ANK,Ankleshwar,Vikram Singh,4.78,523,Airport Express Shuttle,Force Traveller AC,12,180,8,3,0,1
2282,SLV,Shimla,Anil Deshmukh,4.56,443,Sedan (Dzire/Etios),Toyota Etios,4,350,14,14,0,0
2283,SWM,Ranthambore / Sawai Madhopur,Amit Kumar,4.57,1400,Executive Premium,Toyota Camry Hybrid,4,1200,35,7,0,0
2284,KHO,Khowai,Amit Kumar,4.77,352,Airport Express Shuttle,Tata Winger Executive,12,180,8,6,0,1
2285,AJL,Aizawl,Santosh Kulkarni,4.96,2227,Executive Premium,Mercedes C-Class,4,1200,35,8,0,0
2286,IXC,Chandigarh,Dinesh Pillai,4.81,1656,Hatchback (WagonR),Tata Tiago,4,250,12,13,0,0
2287,TRV,Thiruvananthapuram,Manoj Gupta,4.55,1260,Executive Premium,Toyota Camry Hybrid,4,1200,35,10,0,0
2288,PINJ,Panchkula / Pinjore,Rohan Mehta,4.76,2320,SUV (Ertiga/Innova),Mahindra XUV700,6,650,20,11,0,0
2289,LKO,Lucknow,Amit Kumar,4.81,223,Executive Premium,Toyota Camry Hybrid,4,1200,35,12,0,0
2290,KAM,Kamalpur,Amit Kumar,4.58,1970,Executive Premium,Skoda Superb,4,1200,35,3,0,0
2291,REW,Rewa,Mahesh Choudhary,4.58,1673,Airport Express Shuttle,Force Traveller AC,12,180,8,4,0,1
2292,KAP,Kadapa,Santosh Kulkarni,4.65,2215,Sedan (Dzire/Etios),Hyundai Aura,4,350,14,9,0,0
2293,IXG,Belagavi,Santosh Kulkarni,4.87,708,SUV (Ertiga/Innova),Toyota Innova Crysta,6,650,20,6,0,0
2294,IXW,Jamshedpur,Manoj Gupta,4.82,1807,SUV (Ertiga/Innova),Maruti Ertiga,6,650,20,5,0,0
2295,DHM,Dharamshala / Kangra,Deepak Joshi,4.59,1564,SUV (Ertiga/Innova),Maruti Ertiga,6,650,20,12,0,0
2296,SHL,Shillong,Amit Kumar,4.63,1560,Sedan (Dzire/Etios),Hyundai Aura,4,350,14,9,0,0
2297,KAM,Kamalpur,Mahesh Choudhary,4.91,1897,Hatchback (WagonR),Hyundai i10,4,250,12,14,0,0
2298,PBF,Bilaspur,Vikram Singh,4.69,1442,Hatchback (WagonR),Tata Tiago,4,250,12,9,0,0
2299,DBR,Darbhanga,Harpreet Singh,4.45,1424,Executive Premium,Mercedes C-Class,4,1200,35,13,0,0
2300,BHO,Bhopal,Dinesh Pillai,4.42,202,Sedan (Dzire/Etios),Maruti Suzuki Dzire,4,350,14,8,0,0
2301,PYG,Gangtok / Pakyong (Sikkim),Rahul Banerjee,4.63,486,Airport Express Shuttle,Tata Winger Executive,12,180,8,8,0,1
2302,BOM,Mumbai,Suresh Patel,4.64,118,Electric EV (Nexon/Tigor),MG ZS EV,4,400,16,9,1,0
2303,GAW,Guwahati,Amit Kumar,4.71,1830,Airport Express Shuttle,Force Traveller AC,12,180,8,9,0,1
2304,RAT,Ratlam,Rohan Mehta,4.73,1785,Electric EV (Nexon/Tigor),Tata Nexon EV,4,400,16,13,1,0
2305,IXJ,Jammu,Deepak Joshi,4.83,884,Sedan (Dzire/Etios),Toyota Etios,4,350,14,11,0,0
2306,KAR,Karad / Satara,Rahul Banerjee,4.66,1548,SUV (Ertiga/Innova),Toyota Innova Crysta,6,650,20,4,0,0
2307,IXA,Agartala,Anil Deshmukh,4.78,1635,Electric EV (Nexon/Tigor),Tata Nexon EV,4,400,16,11,1,0
2308,CCU,Kolkata,Santosh Kulkarni,4.68,2047,SUV (Ertiga/Innova),Maruti Ertiga,6,650,20,3,0,0
2309,LAT,Latur,Harpreet Singh,4.49,1867,Executive Premium,Skoda Superb,4,1200,35,3,0,0
2310,KNU,Kanpur,Vijay Reddy,4.55,305,Sedan (Dzire/Etios),Hyundai Aura,4,350,14,14,0,0
2311,HBX,Hubballi / Dharwad,Vikram Singh,4.47,247,SUV (Ertiga/Innova),Mahindra XUV700,6,650,20,4,0,0
2312,IXE,Mangaluru,Rahul Banerjee,4.81,807,Airport Express Shuttle,Force Traveller AC,12,180,8,5,0,1
2313,LKO,Lucknow,Anil Deshmukh,4.67,2058,Hatchback (WagonR),Maruti Suzuki WagonR,4,250,12,14,0,0
2314,AMD,Ahmedabad,Praveen Nair,4.79,1652,SUV (Ertiga/Innova),Toyota Innova Crysta,6,650,20,11,0,0
2315,ANK,Ankleshwar,Pankaj Das,4.71,243,SUV (Ertiga/Innova),Toyota Innova Crysta,6,650,20,4,0,0
2316,CHI,Chhindwara,Suresh Patel,4.88,785,Hatchback (WagonR),Tata Tiago,4,250,12,9,0,0
2317,PNY,Puducherry,Sanjay Rao,4.5,906,Executive Premium,Skoda Superb,4,1200,35,7,0,0
2318,AYJ,Ayodhya,Pankaj Das,4.4,1141,Sedan (Dzire/Etios),Toyota Etios,4,350,14,4,0,0
2319,SSE,Solapur,Pankaj Das,4.61,2337,Airport Express Shuttle,Force Traveller AC,12,180,8,4,0,1
2320,BOK,Bokaro,Pankaj Das,4.87,2378,Sedan (Dzire/Etios),Toyota Etios,4,350,14,6,0,0
2321,KAP,Kadapa,Amit Kumar,4.78,1097,Hatchback (WagonR),Tata Tiago,4,250,12,10,0,0
2322,SIV,Sivasagar,Vijay Reddy,4.84,771,Airport Express Shuttle,Force Traveller AC,12,180,8,10,0,1
2323,IXR,Ranchi,Sanjay Rao,4.97,2322,Hatchback (WagonR),Tata Tiago,4,250,12,11,0,0
2324,PUR,Purulia,Santosh Kulkarni,4.9,2362,Sedan (Dzire/Etios),Hyundai Aura,4,350,14,5,0,0
2325,KAP,Kadapa,Manoj Gupta,4.48,1482,Airport Express Shuttle,Tata Winger Executive,12,180,8,6,0,1
2326,BLT,Balurghat,Santosh Kulkarni,4.43,2386,Electric EV (Nexon/Tigor),Tata Nexon EV,4,400,16,10,1,0
2327,YTL,Yavatmal,Praveen Nair,4.45,641,Airport Express Shuttle,Tata Winger Executive,12,180,8,9,0,1
2328,MAA,Chennai,Rajesh Sharma,4.7,901,Sedan (Dzire/Etios),Maruti Suzuki Dzire,4,350,14,13,0,0
2329,GOP,Ganjam / Gopalpur,Harpreet Singh,4.53,582,Airport Express Shuttle,Force Traveller AC,12,180,8,5,0,1
2330,KAM,Kamalpur,Sunil Yadav,4.63,892,Hatchback (WagonR),Maruti Suzuki WagonR,4,250,12,11,0,0
2331,LAT,Latur,Pankaj Das,4.87,558,SUV (Ertiga/Innova),Mahindra XUV700,6,650,20,9,0,0
2332,SXV,Shivamogga,Sanjay Rao,4.85,557,Executive Premium,Toyota Camry Hybrid,4,1200,35,11,0,0
2333,NPL,Narnaul,Praveen Nair,4.82,1495,Hatchback (WagonR),Tata Tiago,4,250,12,7,0,0
2334,GAY,Gaya,Vijay Reddy,4.92,1787,Sedan (Dzire/Etios),Hyundai Aura,4,350,14,11,0,0
2335,RPR,Raipur,Rahul Banerjee,4.47,1870,Executive Premium,Mercedes C-Class,4,1200,35,8,0,0
2336,PUR,Purulia,Sunil Yadav,4.86,167,Sedan (Dzire/Etios),Toyota Etios,4,350,14,9,0,0
2337,IXL,Leh (Ladakh),Pankaj Das,4.43,1232,Electric EV (Nexon/Tigor),Tata Tigor EV,4,400,16,5,1,0
2338,DHM,Dharamshala / Kangra,Rohan Mehta,4.63,1902,SUV (Ertiga/Innova),Mahindra XUV700,6,650,20,13,0,0
2339,WGC,Warangal,Vijay Reddy,4.62,906,Airport Express Shuttle,Force Traveller AC,12,180,8,7,0,1
2340,BHO,Bhopal,Rahul Banerjee,4.68,1849,Hatchback (WagonR),Hyundai i10,4,250,12,6,0,0
2341,AKL,Akola,Pankaj Das,4.42,1391,Airport Express Shuttle,Force Traveller AC,12,180,8,9,0,1
2342,DHM,Dharamshala / Kangra,Manoj Gupta,4.61,2158,Airport Express Shuttle,Force Traveller AC,12,180,8,5,0,1
2343,KJB,Kurnool (Orvakal),Suresh Patel,4.47,272,Sedan (Dzire/Etios),Maruti Suzuki Dzire,4,350,14,10,0,0
2344,JHW,Jhalawar,Ramesh Verma,4.55,157,Executive Premium,Mercedes C-Class,4,1200,35,12,0,0
2345,NVM,Navi Mumbai,Gaurav Tiwari,4.98,1370,Hatchback (WagonR),Tata Tiago,4,250,12,7,0,0
2346,UTK,Kalahandi / Utkela,Manoj Gupta,4.62,2311,Airport Express Shuttle,Tata Winger Executive,12,180,8,3,0,1
2347,BTH,Bettiah,Mahesh Choudhary,4.46,2393,SUV (Ertiga/Innova),Maruti Ertiga,6,650,20,5,0,0
2348,IXM,Madurai,Sanjay Rao,4.49,389,Hatchback (WagonR),Tata Tiago,4,250,12,13,0,0
2349,JRG,Jharsuguda,Harpreet Singh,4.57,849,Electric EV (Nexon/Tigor),MG ZS EV,4,400,16,5,1,0
2350,KNU,Kanpur,Rahul Banerjee,4.67,322,SUV (Ertiga/Innova),Maruti Ertiga,6,650,20,8,0,0
2351,IXP,Pathankot,Anil Deshmukh,4.71,1830,Executive Premium,Mercedes C-Class,4,1200,35,4,0,0
2352,BDQ,Vadodara,Vikram Singh,4.97,1602,SUV (Ertiga/Innova),Toyota Innova Crysta,6,650,20,12,0,0
2353,SAH,Saharanpur,Sanjay Rao,4.61,363,Airport Express Shuttle,Force Traveller AC,12,180,8,3,0,1
2354,BHJ,Bhuj (Kutch),Ramesh Verma,4.78,501,Electric EV (Nexon/Tigor),MG ZS EV,4,400,16,11,1,0
2355,HBX,Hubballi / Dharwad,Rohan Mehta,4.97,1795,Executive Premium,Mercedes C-Class,4,1200,35,3,0,0
2356,DHR,Dibrugarh,Santosh Kulkarni,4.65,1086,SUV (Ertiga/Innova),Maruti Ertiga,6,650,20,7,0,0
2357,RKG,Durgapur,Dinesh Pillai,4.55,243,Sedan (Dzire/Etios),Toyota Etios,4,350,14,13,0,0
2358,IXP,Pathankot,Rahul Banerjee,4.67,475,Hatchback (WagonR),Hyundai i10,4,250,12,7,0,0
2359,MOR,Moradabad,Dinesh Pillai,4.91,1470,Airport Express Shuttle,Tata Winger Executive,12,180,8,8,0,1
2360,IXB,Siliguri / Bagdogra,Amit Kumar,4.54,692,Sedan (Dzire/Etios),Maruti Suzuki Dzire,4,350,14,3,0,0
2361,SRA,Shravasti,Vikram Singh,4.41,920,Airport Express Shuttle,Tata Winger Executive,12,180,8,9,0,1
2362,IXD,Prayagraj (Allahabad),Suresh Patel,4.61,2236,Sedan (Dzire/Etios),Hyundai Aura,4,350,14,7,0,0
2363,MAA,Chennai,Ramesh Verma,4.97,347,Hatchback (WagonR),Tata Tiago,4,250,12,5,0,0
2364,IXT,Pasighat,Ramesh Verma,4.56,1508,Electric EV (Nexon/Tigor),Tata Nexon EV,4,400,16,11,1,0
2365,GOI,Goa (Dabolim),Rohan Mehta,4.91,1653,Hatchback (WagonR),Hyundai i10,4,250,12,11,0,0
2366,BHO,Bhopal,Pankaj Das,4.5,789,Airport Express Shuttle,Force Traveller AC,12,180,8,9,0,1
2367,SAG,Shirdi,Santosh Kulkarni,4.93,1173,Sedan (Dzire/Etios),Toyota Etios,4,350,14,12,0,0
2368,BGP,Bhagalpur,Harpreet Singh,4.65,114,Sedan (Dzire/Etios),Toyota Etios,4,350,14,5,0,0
2369,RMD,Ratnagiri,Praveen Nair,4.84,2359,Airport Express Shuttle,Force Traveller AC,12,180,8,10,0,1
2370,IXB,Siliguri / Bagdogra,Rajesh Sharma,4.47,1012,Executive Premium,Mercedes C-Class,4,1200,35,14,0,0
2371,HSR,Rajkot,Gaurav Tiwari,4.5,2033,SUV (Ertiga/Innova),Maruti Ertiga,6,650,20,12,0,0
2372,HIR,Sambalpur,Manoj Gupta,4.83,2251,Electric EV (Nexon/Tigor),Tata Tigor EV,4,400,16,9,1,0
2373,VTZ,Visakhapatnam,Pankaj Das,4.45,1811,Airport Express Shuttle,Force Traveller AC,12,180,8,7,0,1
2374,CJB,Coimbatore,Harpreet Singh,4.59,282,Electric EV (Nexon/Tigor),Tata Tigor EV,4,400,16,13,1,0
2375,KQH,Ajmer / Kishangarh,Sunil Yadav,4.41,1013,Airport Express Shuttle,Force Traveller AC,12,180,8,11,0,1
2376,ALD,Aligarh,Rahul Banerjee,4.85,2394,Sedan (Dzire/Etios),Hyundai Aura,4,350,14,13,0,0
2377,IXB,Siliguri / Bagdogra,Santosh Kulkarni,4.96,722,Sedan (Dzire/Etios),Hyundai Aura,4,350,14,11,0,0
2378,KARN,Karnal,Sanjay Rao,4.86,2257,Executive Premium,Mercedes C-Class,4,1200,35,6,0,0
2379,KQH,Ajmer / Kishangarh,Rajesh Sharma,4.92,345,Executive Premium,Toyota Camry Hybrid,4,1200,35,8,0,0
2380,RAT,Ratlam,Dinesh Pillai,4.91,2081,Electric EV (Nexon/Tigor),Tata Tigor EV,4,400,16,13,1,0
2381,HJR,Khajuraho,Rajesh Sharma,4.63,1045,SUV (Ertiga/Innova),Toyota Innova Crysta,6,650,20,4,0,0
2382,IXL,Leh (Ladakh),Mahesh Choudhary,4.45,234,Executive Premium,Mercedes C-Class,4,1200,35,6,0,0
2383,RPR,Raipur,Rajesh Sharma,4.98,159,SUV (Ertiga/Innova),Maruti Ertiga,6,650,20,13,0,0
2384,ISK,Nashik,Anil Deshmukh,4.89,671,Executive Premium,Toyota Camry Hybrid,4,1200,35,12,0,0
2385,KAI,Kailashahar,Vijay Reddy,4.91,537,SUV (Ertiga/Innova),Toyota Innova Crysta,6,650,20,9,0,0
2386,JGA,Jamnagar,Sanjay Rao,4.49,983,Sedan (Dzire/Etios),Toyota Etios,4,350,14,10,0,0
2387,VJZ,Bhogapuram / Vizianagaram,Santosh Kulkarni,4.48,2319,Airport Express Shuttle,Force Traveller AC,12,180,8,3,0,1
2388,WGC,Warangal,Santosh Kulkarni,4.95,1974,Hatchback (WagonR),Hyundai i10,4,250,12,10,0,0
2389,GAY,Gaya,Anil Deshmukh,4.8,2140,Executive Premium,Toyota Camry Hybrid,4,1200,35,10,0,0
2390,IXM,Madurai,Rajesh Sharma,4.59,1202,Sedan (Dzire/Etios),Toyota Etios,4,350,14,10,0,0
2391,ZER,Ziro,Vijay Reddy,4.91,566,Executive Premium,Toyota Camry Hybrid,4,1200,35,9,0,0
2392,YTL,Yavatmal,Rohan Mehta,4.92,1499,Sedan (Dzire/Etios),Maruti Suzuki Dzire,4,350,14,9,0,0
2393,SDW,Sindhudurg,Rajesh Sharma,4.94,387,Executive Premium,Mercedes C-Class,4,1200,35,10,0,0
2394,PNY,Puducherry,Sunil Yadav,4.92,950,SUV (Ertiga/Innova),Toyota Innova Crysta,6,650,20,5,0,0
2395,IXJ,Jammu,Dinesh Pillai,4.56,1025,Sedan (Dzire/Etios),Toyota Etios,4,350,14,9,0,0
2396,IXS,Silchar,Amit Kumar,4.62,1872,Hatchback (WagonR),Maruti Suzuki WagonR,4,250,12,12,0,0
2397,BVC,Bhavnagar,Rohan Mehta,4.68,2340,Executive Premium,Mercedes C-Class,4,1200,35,9,0,0
2398,VZY,Vijayawada,Ramesh Verma,4.97,238,Hatchback (WagonR),Tata Tiago,4,250,12,8,0,0
2399,BVC,Bhavnagar,Rahul Banerjee,4.88,2330,Executive Premium,Mercedes C-Class,4,1200,35,9,0,0
2400,SLN,Sultanpur,Rajesh Sharma,4.78,2234,Sedan (Dzire/Etios),Maruti Suzuki Dzire,4,350,14,12,0,0
2401, سات,Satna,Rahul Banerjee,4.58,386,Airport Express Shuttle,Force Traveller AC,12,180,8,6,0,1
2402,BHO,Bhopal,Pankaj Das,4.68,2076,Hatchback (WagonR),Maruti Suzuki WagonR,4,250,12,7,0,0
2403,KHO,Khowai,Rajesh Sharma,4.92,1308,Hatchback (WagonR),Maruti Suzuki WagonR,4,250,12,12,0,0
2404,STV,Surat,Sunil Yadav,4.76,849,SUV (Ertiga/Innova),Maruti Ertiga,6,650,20,14,0,0
2405,JHW,Jhalawar,Dinesh Pillai,4.75,722,Executive Premium,Mercedes C-Class,4,1200,35,4,0,0
2406,REW,Rewa,Amit Kumar,4.45,1762,Airport Express Shuttle,Force Traveller AC,12,180,8,12,0,1
2407,DHM,Dharamshala / Kangra,Sunil Yadav,4.89,1755,Airport Express Shuttle,Force Traveller AC,12,180,8,14,0,1
2408,IMF,Imphal,Vijay Reddy,4.44,2014,SUV (Ertiga/Innova),Toyota Innova Crysta,6,650,20,7,0,0
2409,RAT,Ratlam,Santosh Kulkarni,4.73,1589,Sedan (Dzire/Etios),Toyota Etios,4,350,14,7,0,0
2410,PINJ,Panchkula / Pinjore,Suresh Patel,4.5,611,Airport Express Shuttle,Force Traveller AC,12,180,8,6,0,1
2411,AMRE,Amreli,Vikram Singh,4.69,202,Executive Premium,Skoda Superb,4,1200,35,3,0,0
2412,DON,Bhadrak / Dhamra,Sunil Yadav,4.69,1653,Airport Express Shuttle,Tata Winger Executive,12,180,8,5,0,1
2413,PNY,Puducherry,Ramesh Verma,4.4,605,Electric EV (Nexon/Tigor),Tata Tigor EV,4,400,16,14,1,0
2414,JLG,Jalgaon,Ramesh Verma,4.67,784,Executive Premium,Toyota Camry Hybrid,4,1200,35,11,0,0
2415,DUM,Dumka,Mahesh Choudhary,4.64,134,Executive Premium,Toyota Camry Hybrid,4,1200,35,11,0,0
2416,ANK,Ankleshwar,Harpreet Singh,4.61,1195,Hatchback (WagonR),Hyundai i10,4,250,12,9,0,0
2417,SRA,Shravasti,Rajesh Sharma,4.83,2100,Executive Premium,Skoda Superb,4,1200,35,13,0,0
2418,JLR,Jabalpur,Santosh Kulkarni,4.73,142,SUV (Ertiga/Innova),Toyota Innova Crysta,6,650,20,9,0,0
2419,DON,Bhadrak / Dhamra,Anil Deshmukh,4.77,111,SUV (Ertiga/Innova),Toyota Innova Crysta,6,650,20,13,0,0
2420,UTK,Kalahandi / Utkela,Suresh Patel,4.95,1605,Executive Premium,Skoda Superb,4,1200,35,8,0,0
2421,BBI,Bhubaneswar,Gaurav Tiwari,4.93,598,Airport Express Shuttle,Force Traveller AC,12,180,8,3,0,1
2422,DMO,Damoh,Sanjay Rao,4.6,1660,Sedan (Dzire/Etios),Maruti Suzuki Dzire,4,350,14,10,0,0
2423,HYD,Hyderabad,Suresh Patel,4.81,2088,SUV (Ertiga/Innova),Maruti Ertiga,6,650,20,13,0,0
2424,MOR,Moradabad,Ramesh Verma,4.45,1300,SUV (Ertiga/Innova),Toyota Innova Crysta,6,650,20,4,0,0
2425,IXP,Pathankot,Anil Deshmukh,4.71,1058,Sedan (Dzire/Etios),Maruti Suzuki Dzire,4,350,14,14,0,0
2426,BOK,Bokaro,Vikram Singh,4.84,1901,Executive Premium,Mercedes C-Class,4,1200,35,14,0,0
2427,BHU,Bathinda,Amit Kumar,4.88,2156,Executive Premium,Mercedes C-Class,4,1200,35,7,0,0
2428,ALD,Aligarh,Suresh Patel,4.41,418,Executive Premium,Skoda Superb,4,1200,35,7,0,0
2429,MOR,Moradabad,Rahul Banerjee,4.52,1402,Hatchback (WagonR),Hyundai i10,4,250,12,14,0,0
2430,IXY,Kandla,Mahesh Choudhary,4.79,240,Sedan (Dzire/Etios),Maruti Suzuki Dzire,4,350,14,4,0,0
2431,IDR,Indore,Dinesh Pillai,4.55,1484,SUV (Ertiga/Innova),Toyota Innova Crysta,6,650,20,13,0,0
2432,ZER,Ziro,Praveen Nair,4.93,2044,Executive Premium,Mercedes C-Class,4,1200,35,10,0,0
2433,NMS,Naliya,Praveen Nair,4.96,1432,Hatchback (WagonR),Hyundai i10,4,250,12,8,0,0
2434,AGX,Agatti Island (Lakshadweep),Sunil Yadav,4.76,1168,Hatchback (WagonR),Maruti Suzuki WagonR,4,250,12,3,0,0
2435,ROU,Rourkela,Sanjay Rao,4.54,2373,Airport Express Shuttle,Tata Winger Executive,12,180,8,10,0,1
2436,KOK,Kokrajhar,Manoj Gupta,4.51,159,Electric EV (Nexon/Tigor),Tata Nexon EV,4,400,16,6,1,0
2437,LKO,Lucknow,Amit Kumar,4.67,2077,Electric EV (Nexon/Tigor),Tata Tigor EV,4,400,16,3,1,0
2438,GOP,Ganjam / Gopalpur,Ramesh Verma,4.45,1841,SUV (Ertiga/Innova),Maruti Ertiga,6,650,20,14,0,0
2439,TEZ,Tezpur,Suresh Patel,4.65,1526,SUV (Ertiga/Innova),Maruti Ertiga,6,650,20,4,0,0
2440,COB,Cooch Behar,Santosh Kulkarni,4.97,1875,Executive Premium,Mercedes C-Class,4,1200,35,14,0,0
2441,JHW,Jhalawar,Santosh Kulkarni,4.54,2268,Executive Premium,Skoda Superb,4,1200,35,7,0,0
2442,HSR,Rajkot,Deepak Joshi,4.5,1612,Electric EV (Nexon/Tigor),MG ZS EV,4,400,16,12,1,0
2443,ALD,Aligarh,Pankaj Das,4.62,314,Electric EV (Nexon/Tigor),Tata Nexon EV,4,400,16,11,1,0
2444,KHO,Khowai,Harpreet Singh,4.86,359,Executive Premium,Skoda Superb,4,1200,35,6,0,0
2445,ZER,Ziro,Vijay Reddy,4.45,1436,Airport Express Shuttle,Force Traveller AC,12,180,8,8,0,1
2446,CKU,Chakulia,Anil Deshmukh,4.89,942,Airport Express Shuttle,Force Traveller AC,12,180,8,11,0,1
2447,HYD,Hyderabad,Ramesh Verma,4.68,1423,SUV (Ertiga/Innova),Maruti Ertiga,6,650,20,8,0,0
2448,NMS,Naliya,Rajesh Sharma,4.65,490,Airport Express Shuttle,Tata Winger Executive,12,180,8,12,0,1
2449,IXD,Prayagraj (Allahabad),Sunil Yadav,4.59,1816,Executive Premium,Toyota Camry Hybrid,4,1200,35,10,0,0
2450,ANK,Ankleshwar,Deepak Joshi,4.84,683,Hatchback (WagonR),Hyundai i10,4,250,12,4,0,0
2451,PAT,Patna,Vijay Reddy,4.48,2013,Electric EV (Nexon/Tigor),Tata Nexon EV,4,400,16,5,1,0
2452,KBK,Kushinagar,Harpreet Singh,4.95,871,SUV (Ertiga/Innova),Toyota Innova Crysta,6,650,20,11,0,0
2453,PUR,Purulia,Ramesh Verma,4.44,1106,Hatchback (WagonR),Tata Tiago,4,250,12,7,0,0
2454,DGR,Deoghar,Dinesh Pillai,4.54,459,Executive Premium,Mercedes C-Class,4,1200,35,12,0,0
2455,JDH,Jodhpur,Praveen Nair,4.7,673,Electric EV (Nexon/Tigor),MG ZS EV,4,400,16,4,1,0
2456,NDC,Nanded,Vijay Reddy,4.93,2192,SUV (Ertiga/Innova),Toyota Innova Crysta,6,650,20,8,0,0
2457,MAL,Malda,Dinesh Pillai,4.76,329,Electric EV (Nexon/Tigor),Tata Tigor EV,4,400,16,10,1,0
2458,HBX,Hubballi / Dharwad,Praveen Nair,4.87,338,Sedan (Dzire/Etios),Hyundai Aura,4,350,14,12,0,0
2459,NMN,Neemrana / Alwar,Rahul Banerjee,4.64,2332,Hatchback (WagonR),Tata Tiago,4,250,12,7,0,0
2460,SIH,Sirohi,Amit Kumar,4.63,264,Electric EV (Nexon/Tigor),MG ZS EV,4,400,16,8,1,0
2461,PBN,Parbhani,Ramesh Verma,4.82,1761,Sedan (Dzire/Etios),Toyota Etios,4,350,14,8,0,0
2462,BPI,Mayurbhanj,Dinesh Pillai,4.65,2293,Airport Express Shuttle,Force Traveller AC,12,180,8,10,0,1
2463,KOP,Kolhapur,Amit Kumar,4.96,1316,Executive Premium,Toyota Camry Hybrid,4,1200,35,10,0,0
2464,JLR,Jabalpur,Ramesh Verma,4.82,1194,Airport Express Shuttle,Tata Winger Executive,12,180,8,8,0,1
2465,HSR,Rajkot,Gaurav Tiwari,4.7,781,Hatchback (WagonR),Tata Tiago,4,250,12,10,0,0
2466,BTH,Bettiah,Rajesh Sharma,4.8,2048,SUV (Ertiga/Innova),Toyota Innova Crysta,6,650,20,12,0,0
2467,NMN,Neemrana / Alwar,Rahul Banerjee,4.49,170,Airport Express Shuttle,Tata Winger Executive,12,180,8,4,0,1
2468,BHO,Bhopal,Suresh Patel,4.84,799,Airport Express Shuttle,Tata Winger Executive,12,180,8,7,0,1
2469,NWP,Pithoragarh,Vijay Reddy,4.69,538,Electric EV (Nexon/Tigor),Tata Tigor EV,4,400,16,13,1,0
2470,GBI,Kalaburagi (Gulbarga),Rohan Mehta,4.64,1047,Executive Premium,Skoda Superb,4,1200,35,13,0,0
2471,KAM,Kamalpur,Mahesh Choudhary,4.57,1634,Hatchback (WagonR),Maruti Suzuki WagonR,4,250,12,8,0,0
2472,JRG,Jharsuguda,Manoj Gupta,4.79,125,SUV (Ertiga/Innova),Toyota Innova Crysta,6,650,20,14,0,0
2473,MAL,Malda,Pankaj Das,4.8,715,SUV (Ertiga/Innova),Maruti Ertiga,6,650,20,12,0,0
2474,KAI,Kailashahar,Praveen Nair,4.65,1117,Executive Premium,Toyota Camry Hybrid,4,1200,35,4,0,0
2475,RGD,Raigarh,Harpreet Singh,4.53,1970,Executive Premium,Mercedes C-Class,4,1200,35,14,0,0
2476,HBX,Hubballi / Dharwad,Rohan Mehta,4.76,1874,Airport Express Shuttle,Force Traveller AC,12,180,8,10,0,1
2477,KUU,Kullu / Manali,Vikram Singh,4.84,2295,Electric EV (Nexon/Tigor),MG ZS EV,4,400,16,4,1,0
2478,GOI,Goa (Dabolim),Praveen Nair,4.41,2072,SUV (Ertiga/Innova),Maruti Ertiga,6,650,20,10,0,0
2479,IXW,Jamshedpur,Santosh Kulkarni,4.76,1006,SUV (Ertiga/Innova),Maruti Ertiga,6,650,20,11,0,0
2480,JHW,Jhalawar,Mahesh Choudhary,4.76,733,Hatchback (WagonR),Maruti Suzuki WagonR,4,250,12,13,0,0
2481,ASL,Asansol,Pankaj Das,4.94,425,Airport Express Shuttle,Tata Winger Executive,12,180,8,6,0,1
2482,TEZ,Tezpur,Sunil Yadav,4.84,2322,Airport Express Shuttle,Tata Winger Executive,12,180,8,4,0,1
2483,LAT,Latur,Vijay Reddy,4.58,2095,Electric EV (Nexon/Tigor),Tata Nexon EV,4,400,16,10,1,0
2484,HIR,Sambalpur,Manoj Gupta,4.87,2328,SUV (Ertiga/Innova),Maruti Ertiga,6,650,20,13,0,0
2485,DMO,Damoh,Anil Deshmukh,4.72,1417,Sedan (Dzire/Etios),Hyundai Aura,4,350,14,8,0,0
2486,BGP,Bhagalpur,Gaurav Tiwari,4.73,1676,Hatchback (WagonR),Maruti Suzuki WagonR,4,250,12,7,0,0
2487,BHJ,Bhuj (Kutch),Sunil Yadav,4.57,1152,SUV (Ertiga/Innova),Maruti Ertiga,6,650,20,11,0,0
2488,ZER,Ziro,Vijay Reddy,4.72,692,SUV (Ertiga/Innova),Mahindra XUV700,6,650,20,10,0,0
2489,KARN,Karnal,Rajesh Sharma,4.51,1652,Hatchback (WagonR),Maruti Suzuki WagonR,4,250,12,14,0,0
2490,IXZ,Port Blair (Andaman),Anil Deshmukh,4.62,2123,Electric EV (Nexon/Tigor),Tata Tigor EV,4,400,16,3,1,0
2491,KAR,Karad / Satara,Vijay Reddy,4.81,653,Airport Express Shuttle,Force Traveller AC,12,180,8,5,0,1
2492,PNV,Porbandar,Ramesh Verma,4.73,1289,Airport Express Shuttle,Tata Winger Executive,12,180,8,14,0,1
2493,KQH,Ajmer / Kishangarh,Rohan Mehta,4.9,1783,Hatchback (WagonR),Maruti Suzuki WagonR,4,250,12,8,0,0
2494,RGD,Raigarh,Gaurav Tiwari,4.79,128,SUV (Ertiga/Innova),Maruti Ertiga,6,650,20,4,0,0
2495,JGA,Jamnagar,Vikram Singh,4.8,204,Executive Premium,Skoda Superb,4,1200,35,4,0,0
2496,KBK,Kushinagar,Dinesh Pillai,4.77,1777,Airport Express Shuttle,Tata Winger Executive,12,180,8,14,0,1
2497,NEEM,Neemuch,Praveen Nair,4.66,1660,Electric EV (Nexon/Tigor),Tata Tigor EV,4,400,16,14,1,0
2498,BKN,Bikaner,Pankaj Das,4.88,874,Airport Express Shuttle,Tata Winger Executive,12,180,8,9,0,1
2499,TCR,Thoothukudi (Tuticorin),Harpreet Singh,4.66,1514,Executive Premium,Mercedes C-Class,4,1200,35,6,0,0
2500,ZER,Ziro,Rahul Banerjee,4.66,507,Sedan (Dzire/Etios),Maruti Suzuki Dzire,4,350,14,10,0,0
2501,NDC,Nanded,Harpreet Singh,4.59,1650,Executive Premium,Mercedes C-Class,4,1200,35,10,0,0
2502,AMD,Ahmedabad,Deepak Joshi,4.78,333,Hatchback (WagonR),Maruti Suzuki WagonR,4,250,12,14,0,0
2503,IXW,Jamshedpur,Vijay Reddy,4.81,993,Hatchback (WagonR),Hyundai i10,4,250,12,14,0,0
2504,RGD,Raigarh,Vijay Reddy,4.7,2013,Executive Premium,Skoda Superb,4,1200,35,12,0,0
2505,NVM,Navi Mumbai,Harpreet Singh,4.91,1162,Hatchback (WagonR),Maruti Suzuki WagonR,4,250,12,6,0,0
2506,RMD,Ratnagiri,Santosh Kulkarni,4.64,1630,Executive Premium,Skoda Superb,4,1200,35,5,0,0
2507,VTZ,Visakhapatnam,Sanjay Rao,4.96,1542,Sedan (Dzire/Etios),Maruti Suzuki Dzire,4,350,14,11,0,0
2508,GOI,Goa (Dabolim),Vikram Singh,4.49,917,Electric EV (Nexon/Tigor),Tata Tigor EV,4,400,16,14,1,0
2509,IXU,Chhatrapati Sambhaji Nagar (Aurangabad),Praveen Nair,4.94,592,Electric EV (Nexon/Tigor),Tata Tigor EV,4,400,16,5,1,0
2510,AMD,Ahmedabad,Manoj Gupta,4.7,1914,Hatchback (WagonR),Hyundai i10,4,250,12,11,0,0
2511,IXA,Agartala,Praveen Nair,4.62,2160,Electric EV (Nexon/Tigor),MG ZS EV,4,400,16,13,1,0
2512,SHL,Shillong,Manoj Gupta,4.71,2205,Executive Premium,Mercedes C-Class,4,1200,35,11,0,0
2513,UTL,Barmer,Ramesh Verma,4.45,692,Airport Express Shuttle,Force Traveller AC,12,180,8,6,0,1
2514,BGP,Bhagalpur,Sanjay Rao,4.97,795,Sedan (Dzire/Etios),Maruti Suzuki Dzire,4,350,14,5,0,0
2515,NMS,Naliya,Anil Deshmukh,4.98,157,Executive Premium,Mercedes C-Class,4,1200,35,11,0,0
2516,TCR,Thoothukudi (Tuticorin),Sanjay Rao,4.54,1727,Hatchback (WagonR),Hyundai i10,4,250,12,5,0,0
2517,AYJ,Ayodhya,Rajesh Sharma,4.66,2044,Executive Premium,Skoda Superb,4,1200,35,12,0,0
2518,HBX,Hubballi / Dharwad,Harpreet Singh,4.62,1378,Airport Express Shuttle,Force Traveller AC,12,180,8,13,0,1
2519,JLR,Jabalpur,Pankaj Das,4.8,1763,Electric EV (Nexon/Tigor),MG ZS EV,4,400,16,12,1,0
2520,HSS,Hisar,Rajesh Sharma,4.86,1149,Executive Premium,Toyota Camry Hybrid,4,1200,35,4,0,0
2521,COK,Kochi,Amit Kumar,4.85,1594,Hatchback (WagonR),Tata Tiago,4,250,12,9,0,0
2522,KOP,Kolhapur,Vijay Reddy,4.63,1445,Electric EV (Nexon/Tigor),Tata Nexon EV,4,400,16,5,1,0
2523,BAR,Baramati,Dinesh Pillai,4.78,1387,Hatchback (WagonR),Maruti Suzuki WagonR,4,250,12,10,0,0
2524,PAL,Pali,Vikram Singh,4.97,2384,Sedan (Dzire/Etios),Hyundai Aura,4,350,14,7,0,0
2525,KARN,Karnal,Anil Deshmukh,4.69,2231,Executive Premium,Skoda Superb,4,1200,35,9,0,0
2526,IXS,Silchar,Vikram Singh,4.83,156,Hatchback (WagonR),Hyundai i10,4,250,12,8,0,0
2527,RAT,Ratlam,Anil Deshmukh,4.59,684,Electric EV (Nexon/Tigor),Tata Nexon EV,4,400,16,13,1,0
2528,HSR,Rajkot,Amit Kumar,4.94,1167,Executive Premium,Toyota Camry Hybrid,4,1200,35,9,0,0
2529,BHJ,Bhuj (Kutch),Anil Deshmukh,4.76,116,Airport Express Shuttle,Tata Winger Executive,12,180,8,7,0,1
2530,SNE,Singrauli,Rohan Mehta,4.55,1911,Electric EV (Nexon/Tigor),Tata Nexon EV,4,400,16,10,1,0
2531,DMU,Dimapur,Vijay Reddy,4.88,821,Executive Premium,Skoda Superb,4,1200,35,5,0,0
2532,KAI,Kailashahar,Mahesh Choudhary,4.53,1558,Hatchback (WagonR),Hyundai i10,4,250,12,8,0,0
2533,MRA,Noida / Jewar,Ramesh Verma,4.86,1370,Executive Premium,Toyota Camry Hybrid,4,1200,35,13,0,0
2534,SHL,Shillong,Anil Deshmukh,4.71,1314,Sedan (Dzire/Etios),Toyota Etios,4,350,14,8,0,0
2535,KAI,Kailashahar,Mahesh Choudhary,4.62,336,Hatchback (WagonR),Maruti Suzuki WagonR,4,250,12,5,0,0
2536,NVM,Navi Mumbai,Rahul Banerjee,4.54,258,Airport Express Shuttle,Tata Winger Executive,12,180,8,13,0,1
2537,RGD,Raigarh,Suresh Patel,4.73,1057,Sedan (Dzire/Etios),Hyundai Aura,4,350,14,4,0,0
2538,BOM,Mumbai,Vikram Singh,4.78,1322,Airport Express Shuttle,Tata Winger Executive,12,180,8,5,0,1
2539,IXR,Ranchi,Ramesh Verma,4.69,549,Airport Express Shuttle,Force Traveller AC,12,180,8,6,0,1
2540,LAT,Latur,Vikram Singh,4.43,1143,Executive Premium,Toyota Camry Hybrid,4,1200,35,4,0,0
2541,AMB,Ambikapur,Praveen Nair,4.53,2110,Hatchback (WagonR),Tata Tiago,4,250,12,4,0,0
2542,SIV,Sivasagar,Rahul Banerjee,4.59,361,Executive Premium,Skoda Superb,4,1200,35,12,0,0
2543,IXW,Jamshedpur,Deepak Joshi,4.74,474,Sedan (Dzire/Etios),Maruti Suzuki Dzire,4,350,14,9,0,0
2544,HJR,Khajuraho,Pankaj Das,4.66,579,Electric EV (Nexon/Tigor),Tata Tigor EV,4,400,16,11,1,0
2545,IXE,Mangaluru,Ramesh Verma,4.81,586,SUV (Ertiga/Innova),Toyota Innova Crysta,6,650,20,5,0,0
2546,PBF,Bilaspur,Vijay Reddy,4.47,1854,Airport Express Shuttle,Force Traveller AC,12,180,8,6,0,1
2547,JSA,Jaisalmer,Harpreet Singh,4.67,853,Electric EV (Nexon/Tigor),Tata Nexon EV,4,400,16,10,1,0
2548,HSR,Rajkot,Gaurav Tiwari,4.84,196,Electric EV (Nexon/Tigor),MG ZS EV,4,400,16,4,1,0
2549,MOR,Moradabad,Rajesh Sharma,4.79,460,Hatchback (WagonR),Maruti Suzuki WagonR,4,250,12,12,0,0
2550,HBI,Itanagar,Sunil Yadav,4.41,1024,Hatchback (WagonR),Hyundai i10,4,250,12,3,0,0
2551,YTL,Yavatmal,Amit Kumar,4.82,2206,Airport Express Shuttle,Force Traveller AC,12,180,8,11,0,1
2552,GBI,Kalaburagi (Gulbarga),Gaurav Tiwari,4.59,850,Sedan (Dzire/Etios),Maruti Suzuki Dzire,4,350,14,9,0,0
2553,IXZ,Port Blair (Andaman),Amit Kumar,4.92,805,SUV (Ertiga/Innova),Toyota Innova Crysta,6,650,20,14,0,0
2554,HBI,Itanagar,Dinesh Pillai,4.81,1467,Executive Premium,Skoda Superb,4,1200,35,9,0,0
2555,HSR,Rajkot,Vikram Singh,4.47,775,Hatchback (WagonR),Tata Tiago,4,250,12,8,0,0
2556,SXV,Shivamogga,Amit Kumar,4.86,1197,Electric EV (Nexon/Tigor),MG ZS EV,4,400,16,9,1,0
2557,RXL,Raxaul,Rohan Mehta,4.88,1637,Airport Express Shuttle,Force Traveller AC,12,180,8,11,0,1
2558,JDH,Jodhpur,Dinesh Pillai,4.92,1893,SUV (Ertiga/Innova),Mahindra XUV700,6,650,20,7,0,0
2559,KUU,Kullu / Manali,Suresh Patel,4.42,1858,Electric EV (Nexon/Tigor),Tata Nexon EV,4,400,16,12,1,0
2560,YTL,Yavatmal,Manoj Gupta,4.75,1380,SUV (Ertiga/Innova),Mahindra XUV700,6,650,20,9,0,0
2561,OSB,Dharashiv,Amit Kumar,4.51,820,Airport Express Shuttle,Tata Winger Executive,12,180,8,7,0,1
2562,KOR,Koraput,Dinesh Pillai,4.92,1524,Executive Premium,Mercedes C-Class,4,1200,35,3,0,0
2563,MZS,Sonbhadra,Vijay Reddy,4.62,1965,Airport Express Shuttle,Tata Winger Executive,12,180,8,14,0,1
2564,NMN,Neemrana / Alwar,Suresh Patel,4.51,974,Sedan (Dzire/Etios),Hyundai Aura,4,350,14,6,0,0
2565,BPI,Mayurbhanj,Rohan Mehta,4.9,2335,Electric EV (Nexon/Tigor),Tata Nexon EV,4,400,16,5,1,0
2566,BOK,Bokaro,Pankaj Das,4.96,1717,SUV (Ertiga/Innova),Mahindra XUV700,6,650,20,5,0,0
2567,AMB,Ambikapur,Ramesh Verma,4.63,949,Airport Express Shuttle,Tata Winger Executive,12,180,8,6,0,1
2568,RKG,Durgapur,Deepak Joshi,4.41,565,Airport Express Shuttle,Force Traveller AC,12,180,8,6,0,1
2569,DHM,Dharamshala / Kangra,Anil Deshmukh,4.61,2040,Airport Express Shuttle,Force Traveller AC,12,180,8,12,0,1
2570,COB,Cooch Behar,Ramesh Verma,4.59,471,Hatchback (WagonR),Maruti Suzuki WagonR,4,250,12,11,0,0
2571,TIR,Tirupati,Suresh Patel,4.8,442,SUV (Ertiga/Innova),Maruti Ertiga,6,650,20,11,0,0
2572,SSE,Solapur,Harpreet Singh,4.49,2352,Hatchback (WagonR),Hyundai i10,4,250,12,8,0,0
2573,BOK,Bokaro,Praveen Nair,4.68,1785,Airport Express Shuttle,Tata Winger Executive,12,180,8,4,0,1
2574,DUM,Dumka,Dinesh Pillai,4.43,1738,SUV (Ertiga/Innova),Mahindra XUV700,6,650,20,8,0,0
2575,JRG,Jharsuguda,Deepak Joshi,4.4,2259,Hatchback (WagonR),Tata Tiago,4,250,12,13,0,0
2576,PGH,Pantnagar / Nainital,Rajesh Sharma,4.69,1903,Airport Express Shuttle,Tata Winger Executive,12,180,8,10,0,1
2577,MOR,Moradabad,Deepak Joshi,4.84,1187,Executive Premium,Toyota Camry Hybrid,4,1200,35,3,0,0
2578,PUR,Purulia,Sanjay Rao,4.53,555,Executive Premium,Skoda Superb,4,1200,35,13,0,0
2579,BHU,Bathinda,Mahesh Choudhary,4.57,2008,Sedan (Dzire/Etios),Toyota Etios,4,350,14,9,0,0
2580,MAA,Chennai,Praveen Nair,4.49,2002,Airport Express Shuttle,Force Traveller AC,12,180,8,9,0,1
2581,AKL,Akola,Rajesh Sharma,4.55,1639,Executive Premium,Skoda Superb,4,1200,35,9,0,0
2582,CCJ,Kozhikode (Calicut),Dinesh Pillai,4.53,1746,Sedan (Dzire/Etios),Hyundai Aura,4,350,14,5,0,0
2583,VZY,Vijayawada,Pankaj Das,4.82,289,SUV (Ertiga/Innova),Maruti Ertiga,6,650,20,9,0,0
2584,KARN,Karnal,Pankaj Das,4.41,1338,Hatchback (WagonR),Tata Tiago,4,250,12,10,0,0
2585,JGA,Jamnagar,Pankaj Das,4.86,1653,Executive Premium,Skoda Superb,4,1200,35,9,0,0
2586,IXY,Kandla,Santosh Kulkarni,4.62,1339,Sedan (Dzire/Etios),Hyundai Aura,4,350,14,3,0,0
2587,NVY,Neyveli,Ramesh Verma,4.91,978,Sedan (Dzire/Etios),Hyundai Aura,4,350,14,6,0,0
2588,BLT,Balurghat,Sanjay Rao,4.41,272,Executive Premium,Toyota Camry Hybrid,4,1200,35,4,0,0
2589,IXB,Siliguri / Bagdogra,Suresh Patel,4.71,2106,Hatchback (WagonR),Hyundai i10,4,250,12,4,0,0
2590,SXR,Srinagar,Rahul Banerjee,4.59,692,Executive Premium,Skoda Superb,4,1200,35,12,0,0
2591,GWL,Gwalior,Mahesh Choudhary,4.8,1395,Sedan (Dzire/Etios),Toyota Etios,4,350,14,10,0,0
2592,JAI,Jaipur,Amit Kumar,4.81,2330,Executive Premium,Skoda Superb,4,1200,35,3,0,0
2593,TEZ,Tezpur,Deepak Joshi,4.68,336,Electric EV (Nexon/Tigor),MG ZS EV,4,400,16,8,1,0
2594,KOK,Kokrajhar,Ramesh Verma,4.96,2004,Electric EV (Nexon/Tigor),Tata Nexon EV,4,400,16,4,1,0
2595,IXA,Agartala,Rajesh Sharma,4.51,2387,Airport Express Shuttle,Force Traveller AC,12,180,8,7,0,1
2596,JHW,Jhalawar,Pankaj Das,4.8,2059,Executive Premium,Mercedes C-Class,4,1200,35,9,0,0
2597,NEEM,Neemuch,Manoj Gupta,4.62,1260,Electric EV (Nexon/Tigor),MG ZS EV,4,400,16,9,1,0
2598,DON,Bhadrak / Dhamra,Amit Kumar,4.85,2191,Airport Express Shuttle,Force Traveller AC,12,180,8,7,0,1
2599,DBR,Darbhanga,Vijay Reddy,4.82,1147,Airport Express Shuttle,Tata Winger Executive,12,180,8,4,0,1
2600,RPR,Raipur,Mahesh Choudhary,4.63,390,SUV (Ertiga/Innova),Mahindra XUV700,6,650,20,3,0,0
2601,HSS,Hisar,Santosh Kulkarni,4.46,674,SUV (Ertiga/Innova),Maruti Ertiga,6,650,20,7,0,0
2602,IXC,Chandigarh,Rajesh Sharma,4.54,1151,Electric EV (Nexon/Tigor),MG ZS EV,4,400,16,12,1,0
2603,YTL,Yavatmal,Pankaj Das,4.91,314,Electric EV (Nexon/Tigor),Tata Nexon EV,4,400,16,5,1,0
2604,TRZ,Tiruchirappalli (Trichy),Rahul Banerjee,4.83,1863,Sedan (Dzire/Etios),Maruti Suzuki Dzire,4,350,14,4,0,0
2605,DED,Dehradun,Praveen Nair,4.92,192,SUV (Ertiga/Innova),Mahindra XUV700,6,650,20,13,0,0
2606,IXZ,Port Blair (Andaman),Mahesh Choudhary,4.96,1226,Airport Express Shuttle,Force Traveller AC,12,180,8,11,0,1
2607,IXS,Silchar,Pankaj Das,4.46,2218,Hatchback (WagonR),Tata Tiago,4,250,12,13,0,0
2608,CJB,Coimbatore,Gaurav Tiwari,4.47,1664,Airport Express Shuttle,Tata Winger Executive,12,180,8,8,0,1
2609,PYG,Gangtok / Pakyong (Sikkim),Rahul Banerjee,4.66,1670,Sedan (Dzire/Etios),Hyundai Aura,4,350,14,10,0,0
2610,IXL,Leh (Ladakh),Dinesh Pillai,4.58,539,SUV (Ertiga/Innova),Toyota Innova Crysta,6,650,20,14,0,0
2611,ISK,Nashik,Santosh Kulkarni,4.74,1741,SUV (Ertiga/Innova),Mahindra XUV700,6,650,20,10,0,0
2612,AMH,Azamgarh,Praveen Nair,4.63,2111,Airport Express Shuttle,Tata Winger Executive,12,180,8,12,0,1
2613,UDR,Udaipur,Pankaj Das,4.64,1319,Executive Premium,Mercedes C-Class,4,1200,35,3,0,0
2614,CHI,Chhindwara,Pankaj Das,4.77,1603,Sedan (Dzire/Etios),Hyundai Aura,4,350,14,7,0,0
2615,HSS,Hisar,Pankaj Das,4.53,1527,Electric EV (Nexon/Tigor),MG ZS EV,4,400,16,4,1,0
2616,BID,Bidar,Dinesh Pillai,4.61,1660,Executive Premium,Toyota Camry Hybrid,4,1200,35,10,0,0
2617,TEZ,Tezpur,Anil Deshmukh,4.85,2347,Airport Express Shuttle,Force Traveller AC,12,180,8,7,0,1
2618,JRG,Jharsuguda,Anil Deshmukh,4.67,879,Airport Express Shuttle,Tata Winger Executive,12,180,8,9,0,1
2619,VDY,Vidyanagar / Ballari,Sanjay Rao,4.68,81,Executive Premium,Toyota Camry Hybrid,4,1200,35,11,0,0
2620,NWP,Pithoragarh,Dinesh Pillai,4.47,1136,Airport Express Shuttle,Force Traveller AC,12,180,8,11,0,1
2621,VNS,Varanasi,Santosh Kulkarni,4.76,852,SUV (Ertiga/Innova),Maruti Ertiga,6,650,20,11,0,0
2622,VJZ,Bhogapuram / Vizianagaram,Rajesh Sharma,4.91,1219,Hatchback (WagonR),Maruti Suzuki WagonR,4,250,12,4,0,0
2623,ZER,Ziro,Sanjay Rao,4.92,1512,SUV (Ertiga/Innova),Maruti Ertiga,6,650,20,14,0,0
2624,DGR,Deoghar,Vijay Reddy,4.65,229,Sedan (Dzire/Etios),Maruti Suzuki Dzire,4,350,14,8,0,0
2625,SLV,Shimla,Gaurav Tiwari,4.44,120,Hatchback (WagonR),Maruti Suzuki WagonR,4,250,12,8,0,0
2626,SXR,Srinagar,Sunil Yadav,4.53,1498,Electric EV (Nexon/Tigor),Tata Tigor EV,4,400,16,3,1,0
2627,PYG,Gangtok / Pakyong (Sikkim),Sunil Yadav,4.98,1134,Executive Premium,Skoda Superb,4,1200,35,5,0,0
2628,IXY,Kandla,Deepak Joshi,4.97,1409,SUV (Ertiga/Innova),Mahindra XUV700,6,650,20,14,0,0
2629,CFH,Chitrakoot,Anil Deshmukh,4.44,958,Executive Premium,Mercedes C-Class,4,1200,35,6,0,0
2630,SAG,Shirdi,Rahul Banerjee,4.55,876,Sedan (Dzire/Etios),Maruti Suzuki Dzire,4,350,14,9,0,0
2631,DUM,Dumka,Pankaj Das,4.97,1692,SUV (Ertiga/Innova),Maruti Ertiga,6,650,20,5,0,0
2632,KARN,Karnal,Amit Kumar,4.47,1087,Airport Express Shuttle,Tata Winger Executive,12,180,8,9,0,1
2633,SXR,Srinagar,Anil Deshmukh,4.7,157,Sedan (Dzire/Etios),Maruti Suzuki Dzire,4,350,14,10,0,0
2634,GBI,Kalaburagi (Gulbarga),Rajesh Sharma,4.78,1174,Airport Express Shuttle,Force Traveller AC,12,180,8,9,0,1
2635,BGP,Bhagalpur,Amit Kumar,4.44,1695,Airport Express Shuttle,Tata Winger Executive,12,180,8,5,0,1
2636,DMU,Dimapur,Gaurav Tiwari,4.56,713,Sedan (Dzire/Etios),Hyundai Aura,4,350,14,8,0,0
2637,LAT,Latur,Gaurav Tiwari,4.5,1390,Hatchback (WagonR),Hyundai i10,4,250,12,11,0,0
2638,ISK,Nashik,Vikram Singh,4.97,162,Executive Premium,Mercedes C-Class,4,1200,35,5,0,0
2639,MUZ,Muzaffarpur,Pankaj Das,4.55,1037,Sedan (Dzire/Etios),Hyundai Aura,4,350,14,13,0,0
2640,BVC,Bhavnagar,Santosh Kulkarni,4.65,392,Executive Premium,Mercedes C-Class,4,1200,35,14,0,0
2641,BLR,Bengaluru,Mahesh Choudhary,4.43,273,Executive Premium,Toyota Camry Hybrid,4,1200,35,12,0,0
2642,KUU,Kullu / Manali,Deepak Joshi,4.48,1346,Airport Express Shuttle,Tata Winger Executive,12,180,8,14,0,1
2643,SIV,Sivasagar,Suresh Patel,4.6,750,SUV (Ertiga/Innova),Maruti Ertiga,6,650,20,10,0,0
2644,PAT,Patna,Pankaj Das,4.43,468,SUV (Ertiga/Innova),Mahindra XUV700,6,650,20,3,0,0
2645,AKL,Akola,Manoj Gupta,4.79,213,Sedan (Dzire/Etios),Hyundai Aura,4,350,14,7,0,0
2646,JRG,Jharsuguda,Mahesh Choudhary,4.64,1784,Sedan (Dzire/Etios),Maruti Suzuki Dzire,4,350,14,8,0,0
2647,NVM,Navi Mumbai,Gaurav Tiwari,4.62,1653,Sedan (Dzire/Etios),Toyota Etios,4,350,14,13,0,0
2648,DGR,Deoghar,Vijay Reddy,4.96,750,Executive Premium,Skoda Superb,4,1200,35,9,0,0
2649,GOI,Goa (Dabolim),Mahesh Choudhary,4.57,1680,Executive Premium,Skoda Superb,4,1200,35,9,0,0
2650,BID,Bidar,Mahesh Choudhary,4.44,1958,SUV (Ertiga/Innova),Mahindra XUV700,6,650,20,10,0,0
2651,SSE,Solapur,Rahul Banerjee,4.82,900,SUV (Ertiga/Innova),Maruti Ertiga,6,650,20,6,0,0
2652,GAY,Gaya,Deepak Joshi,4.58,1302,Airport Express Shuttle,Tata Winger Executive,12,180,8,10,0,1
2653,JAI,Jaipur,Pankaj Das,4.91,2087,Sedan (Dzire/Etios),Maruti Suzuki Dzire,4,350,14,4,0,0
2654,HBX,Hubballi / Dharwad,Santosh Kulkarni,4.51,1927,Executive Premium,Skoda Superb,4,1200,35,14,0,0
2655,UTL,Barmer,Deepak Joshi,4.46,193,Airport Express Shuttle,Tata Winger Executive,12,180,8,14,0,1
2656,PBN,Parbhani,Ramesh Verma,4.89,579,Executive Premium,Skoda Superb,4,1200,35,14,0,0
2657,SAG,Shirdi,Manoj Gupta,4.86,2189,Airport Express Shuttle,Force Traveller AC,12,180,8,13,0,1
2658,IXM,Madurai,Deepak Joshi,4.82,420,Hatchback (WagonR),Maruti Suzuki WagonR,4,250,12,4,0,0
2659,CJB,Coimbatore,Manoj Gupta,4.58,1324,Electric EV (Nexon/Tigor),Tata Tigor EV,4,400,16,12,1,0
2660,NMN,Neemrana / Alwar,Manoj Gupta,4.53,225,Sedan (Dzire/Etios),Toyota Etios,4,350,14,6,0,0
2661,BHO,Bhopal,Deepak Joshi,4.91,1924,Sedan (Dzire/Etios),Toyota Etios,4,350,14,9,0,0
2662,UTK,Kalahandi / Utkela,Rohan Mehta,4.53,1348,Sedan (Dzire/Etios),Hyundai Aura,4,350,14,5,0,0
2663,MUZ,Muzaffarpur,Dinesh Pillai,4.83,1064,SUV (Ertiga/Innova),Maruti Ertiga,6,650,20,8,0,0
2664,MAL,Malda,Vikram Singh,4.56,944,Hatchback (WagonR),Maruti Suzuki WagonR,4,250,12,7,0,0
2665,SHL,Shillong,Harpreet Singh,4.54,219,Sedan (Dzire/Etios),Hyundai Aura,4,350,14,6,0,0
2666,UTL,Barmer,Mahesh Choudhary,4.41,1297,Hatchback (WagonR),Maruti Suzuki WagonR,4,250,12,4,0,0
2667,BOK,Bokaro,Deepak Joshi,4.78,2206,Electric EV (Nexon/Tigor),Tata Tigor EV,4,400,16,12,1,0
2668,MEH,Mehsana,Amit Kumar,4.72,2025,Hatchback (WagonR),Tata Tiago,4,250,12,4,0,0
2669,KQH,Ajmer / Kishangarh,Praveen Nair,4.48,459,SUV (Ertiga/Innova),Maruti Ertiga,6,650,20,14,0,0
2670,TRZ,Tiruchirappalli (Trichy),Rajesh Sharma,4.95,204,SUV (Ertiga/Innova),Mahindra XUV700,6,650,20,6,0,0
2671,MUZ,Muzaffarpur,Sanjay Rao,4.61,1175,Executive Premium,Mercedes C-Class,4,1200,35,6,0,0
2672,IXC,Chandigarh,Gaurav Tiwari,4.64,1000,Electric EV (Nexon/Tigor),Tata Tigor EV,4,400,16,11,1,0
2673,TIR,Tirupati,Rahul Banerjee,4.54,1265,SUV (Ertiga/Innova),Toyota Innova Crysta,6,650,20,5,0,0
2674,MEH,Mehsana,Rajesh Sharma,4.86,700,Electric EV (Nexon/Tigor),MG ZS EV,4,400,16,8,1,0
2675,IXT,Pasighat,Sunil Yadav,4.95,2159,Airport Express Shuttle,Force Traveller AC,12,180,8,12,0,1
2676,SNE,Singrauli,Praveen Nair,4.45,1555,Sedan (Dzire/Etios),Toyota Etios,4,350,14,9,0,0
2677,TRV,Thiruvananthapuram,Amit Kumar,4.52,2216,Electric EV (Nexon/Tigor),Tata Tigor EV,4,400,16,8,1,0
2678,AMRE,Amreli,Suresh Patel,4.88,168,Airport Express Shuttle,Tata Winger Executive,12,180,8,11,0,1
2679,AKL,Akola,Mahesh Choudhary,4.57,750,Executive Premium,Toyota Camry Hybrid,4,1200,35,3,0,0
2680,AGX,Agatti Island (Lakshadweep),Manoj Gupta,4.81,1122,Hatchback (WagonR),Maruti Suzuki WagonR,4,250,12,14,0,0
2681,RMD,Ratnagiri,Vijay Reddy,4.67,1644,Airport Express Shuttle,Tata Winger Executive,12,180,8,10,0,1
2682,IXM,Madurai,Vikram Singh,4.87,2176,Electric EV (Nexon/Tigor),Tata Tigor EV,4,400,16,6,1,0
2683,IXD,Prayagraj (Allahabad),Rohan Mehta,4.45,1121,Executive Premium,Mercedes C-Class,4,1200,35,11,0,0
2684,PYG,Gangtok / Pakyong (Sikkim),Ramesh Verma,4.54,1818,Electric EV (Nexon/Tigor),Tata Nexon EV,4,400,16,5,1,0
2685,GOX,Goa (Mopa),Amit Kumar,4.77,2129,Executive Premium,Toyota Camry Hybrid,4,1200,35,11,0,0
2686,DUM,Dumka,Harpreet Singh,4.6,266,Airport Express Shuttle,Tata Winger Executive,12,180,8,13,0,1
2687,LKO,Lucknow,Deepak Joshi,4.53,2254,Executive Premium,Mercedes C-Class,4,1200,35,7,0,0
2688,STV,Surat,Suresh Patel,4.54,1073,Airport Express Shuttle,Force Traveller AC,12,180,8,8,0,1
2689,CCU,Kolkata,Praveen Nair,4.81,1787,Executive Premium,Toyota Camry Hybrid,4,1200,35,4,0,0
2690,AMB,Ambikapur,Manoj Gupta,4.54,576,Executive Premium,Mercedes C-Class,4,1200,35,4,0,0
2691,YTL,Yavatmal,Pankaj Das,4.63,1175,Sedan (Dzire/Etios),Toyota Etios,4,350,14,3,0,0
2692,TEZU,Tezu,Ramesh Verma,4.44,1453,Electric EV (Nexon/Tigor),Tata Nexon EV,4,400,16,8,1,0
2693,OSB,Dharashiv,Praveen Nair,4.78,863,Executive Premium,Skoda Superb,4,1200,35,13,0,0
2694,PUI,Purnea,Praveen Nair,4.94,929,SUV (Ertiga/Innova),Mahindra XUV700,6,650,20,9,0,0
2695,BHU,Bathinda,Gaurav Tiwari,4.95,1046,Electric EV (Nexon/Tigor),MG ZS EV,4,400,16,11,1,0
2696,TCR,Thoothukudi (Tuticorin),Harpreet Singh,4.96,738,Airport Express Shuttle,Force Traveller AC,12,180,8,13,0,1
2697,CCU,Kolkata,Sunil Yadav,4.68,979,Hatchback (WagonR),Tata Tiago,4,250,12,14,0,0
2698,IXM,Madurai,Suresh Patel,4.96,1990,Executive Premium,Mercedes C-Class,4,1200,35,13,0,0
2699,KHO,Khowai,Pankaj Das,4.45,2286,Hatchback (WagonR),Hyundai i10,4,250,12,4,0,0
2700,LGP,Rupsi / Dhubri,Anil Deshmukh,4.69,255,Airport Express Shuttle,Force Traveller AC,12,180,8,14,0,1
2701,CFH,Chitrakoot,Rajesh Sharma,4.72,1807,Hatchback (WagonR),Tata Tiago,4,250,12,14,0,0
2702,MZS,Sonbhadra,Sunil Yadav,4.74,2088,Electric EV (Nexon/Tigor),MG ZS EV,4,400,16,13,1,0
2703,DHR,Dibrugarh,Mahesh Choudhary,4.91,388,Airport Express Shuttle,Force Traveller AC,12,180,8,6,0,1
2704,GOP,Ganjam / Gopalpur,Vijay Reddy,4.74,132,SUV (Ertiga/Innova),Maruti Ertiga,6,650,20,7,0,0
2705,IXT,Pasighat,Sanjay Rao,4.68,749,Hatchback (WagonR),Maruti Suzuki WagonR,4,250,12,14,0,0
2706,KOP,Kolhapur,Rohan Mehta,4.47,2082,Airport Express Shuttle,Tata Winger Executive,12,180,8,13,0,1
2707,NMN,Neemrana / Alwar,Sanjay Rao,4.93,552,SUV (Ertiga/Innova),Maruti Ertiga,6,650,20,14,0,0
2708,DMU,Dimapur,Pankaj Das,4.48,525,Sedan (Dzire/Etios),Hyundai Aura,4,350,14,8,0,0
2709,SRA,Shravasti,Gaurav Tiwari,4.59,1576,Airport Express Shuttle,Force Traveller AC,12,180,8,6,0,1
2710,SIH,Sirohi,Sunil Yadav,4.54,1523,Electric EV (Nexon/Tigor),Tata Nexon EV,4,400,16,4,1,0
2711,KJB,Kurnool (Orvakal),Santosh Kulkarni,4.79,2123,Executive Premium,Skoda Superb,4,1200,35,10,0,0
2712,SSE,Solapur,Anil Deshmukh,4.64,1999,Airport Express Shuttle,Force Traveller AC,12,180,8,9,0,1
2713,KQH,Ajmer / Kishangarh,Vikram Singh,4.72,1544,Electric EV (Nexon/Tigor),Tata Nexon EV,4,400,16,5,1,0
2714,JLR,Jabalpur,Vikram Singh,4.45,2005,Executive Premium,Skoda Superb,4,1200,35,6,0,0
2715,VTZ,Visakhapatnam,Deepak Joshi,4.66,1441,Sedan (Dzire/Etios),Maruti Suzuki Dzire,4,350,14,7,0,0
2716,AMD,Ahmedabad,Deepak Joshi,4.46,821,Executive Premium,Skoda Superb,4,1200,35,5,0,0
2717,DGR,Deoghar,Rohan Mehta,4.5,822,Electric EV (Nexon/Tigor),Tata Nexon EV,4,400,16,11,1,0
2718,AGX,Agatti Island (Lakshadweep),Anil Deshmukh,4.63,2293,Hatchback (WagonR),Tata Tiago,4,250,12,13,0,0
2719,KAR,Karad / Satara,Sanjay Rao,4.89,217,Sedan (Dzire/Etios),Hyundai Aura,4,350,14,5,0,0
2720,NVY,Neyveli,Ramesh Verma,4.83,1490,Hatchback (WagonR),Maruti Suzuki WagonR,4,250,12,10,0,0
2721,CFH,Chitrakoot,Suresh Patel,4.54,1114,Electric EV (Nexon/Tigor),Tata Tigor EV,4,400,16,6,1,0
2722,CFH,Chitrakoot,Amit Kumar,4.42,2363,Electric EV (Nexon/Tigor),Tata Nexon EV,4,400,16,10,1,0
2723,AGR,Agra,Sunil Yadav,4.83,1299,Executive Premium,Toyota Camry Hybrid,4,1200,35,11,0,0
2724,IXS,Silchar,Rahul Banerjee,4.4,362,Hatchback (WagonR),Hyundai i10,4,250,12,6,0,0
2725,SLV,Shimla,Manoj Gupta,4.59,103,Hatchback (WagonR),Maruti Suzuki WagonR,4,250,12,4,0,0
2726,AMD,Ahmedabad,Rahul Banerjee,4.61,1756,Electric EV (Nexon/Tigor),Tata Tigor EV,4,400,16,14,1,0
2727,AMRE,Amreli,Rajesh Sharma,4.79,553,Electric EV (Nexon/Tigor),Tata Nexon EV,4,400,16,8,1,0
2728,AJL,Aizawl,Rahul Banerjee,4.91,256,SUV (Ertiga/Innova),Maruti Ertiga,6,650,20,11,0,0
2729,NDC,Nanded,Sunil Yadav,4.6,1845,Sedan (Dzire/Etios),Hyundai Aura,4,350,14,10,0,0
2730,IXU,Chhatrapati Sambhaji Nagar (Aurangabad),Manoj Gupta,4.8,1393,Airport Express Shuttle,Tata Winger Executive,12,180,8,10,0,1
2731,NPL,Narnaul,Rohan Mehta,4.79,2304,SUV (Ertiga/Innova),Mahindra XUV700,6,650,20,8,0,0
2732,GWL,Gwalior,Santosh Kulkarni,4.4,2345,Executive Premium,Mercedes C-Class,4,1200,35,6,0,0
2733,UDR,Udaipur,Praveen Nair,4.64,1346,Sedan (Dzire/Etios),Maruti Suzuki Dzire,4,350,14,13,0,0
2734,DED,Dehradun,Praveen Nair,4.82,1662,Hatchback (WagonR),Tata Tiago,4,250,12,7,0,0
2735,IMF,Imphal,Sunil Yadav,4.79,325,Executive Premium,Mercedes C-Class,4,1200,35,9,0,0
2736,CHI,Chhindwara,Harpreet Singh,4.44,1047,SUV (Ertiga/Innova),Toyota Innova Crysta,6,650,20,11,0,0
2737,TRV,Thiruvananthapuram,Pankaj Das,4.87,290,Hatchback (WagonR),Tata Tiago,4,250,12,8,0,0
2738,KQH,Ajmer / Kishangarh,Mahesh Choudhary,4.69,2386,Executive Premium,Mercedes C-Class,4,1200,35,5,0,0
2739,NWP,Pithoragarh,Santosh Kulkarni,4.61,1044,Airport Express Shuttle,Tata Winger Executive,12,180,8,6,0,1
2740,DGR,Deoghar,Rajesh Sharma,4.76,1880,Electric EV (Nexon/Tigor),MG ZS EV,4,400,16,14,1,0
2741,MUZ,Muzaffarpur,Harpreet Singh,4.94,535,Electric EV (Nexon/Tigor),Tata Tigor EV,4,400,16,6,1,0
2742,NWP,Pithoragarh,Pankaj Das,4.62,1760,Sedan (Dzire/Etios),Hyundai Aura,4,350,14,6,0,0
2743,DMU,Dimapur,Mahesh Choudhary,4.84,280,Executive Premium,Toyota Camry Hybrid,4,1200,35,9,0,0
2744,JGA,Jamnagar,Deepak Joshi,4.64,512,Executive Premium,Skoda Superb,4,1200,35,11,0,0
2745,UTL,Barmer,Rohan Mehta,4.42,2013,Electric EV (Nexon/Tigor),Tata Tigor EV,4,400,16,4,1,0
2746,DEL,New Delhi,Rohan Mehta,4.7,1803,Executive Premium,Mercedes C-Class,4,1200,35,12,0,0
2747,CCU,Kolkata,Manoj Gupta,4.76,631,Electric EV (Nexon/Tigor),MG ZS EV,4,400,16,12,1,0
2748,VJZ,Bhogapuram / Vizianagaram,Pankaj Das,4.88,570,Hatchback (WagonR),Hyundai i10,4,250,12,7,0,0
2749,IXS,Silchar,Santosh Kulkarni,4.96,139,SUV (Ertiga/Innova),Maruti Ertiga,6,650,20,14,0,0
2750,AMRE,Amreli,Gaurav Tiwari,4.84,910,Executive Premium,Skoda Superb,4,1200,35,7,0,0
2751,IXP,Pathankot,Pankaj Das,4.5,451,Hatchback (WagonR),Maruti Suzuki WagonR,4,250,12,5,0,0
2752,IXA,Agartala,Ramesh Verma,4.68,1828,Electric EV (Nexon/Tigor),Tata Tigor EV,4,400,16,9,1,0
2753,HIR,Sambalpur,Mahesh Choudhary,4.62,233,Airport Express Shuttle,Force Traveller AC,12,180,8,12,0,1
2754,HBX,Hubballi / Dharwad,Ramesh Verma,4.78,1264,SUV (Ertiga/Innova),Maruti Ertiga,6,650,20,12,0,0
2755,KQH,Ajmer / Kishangarh,Dinesh Pillai,4.78,996,Sedan (Dzire/Etios),Hyundai Aura,4,350,14,12,0,0
2756,IXE,Mangaluru,Vikram Singh,4.71,999,Sedan (Dzire/Etios),Hyundai Aura,4,350,14,6,0,0
2757,HYD,Hyderabad,Mahesh Choudhary,4.53,1269,Electric EV (Nexon/Tigor),MG ZS EV,4,400,16,9,1,0
2758,PNY,Puducherry,Manoj Gupta,4.69,1269,Electric EV (Nexon/Tigor),Tata Nexon EV,4,400,16,13,1,0
2759,ZER,Ziro,Deepak Joshi,4.43,246,Sedan (Dzire/Etios),Maruti Suzuki Dzire,4,350,14,8,0,0
2760,DIU,Diu,Santosh Kulkarni,4.43,1516,Sedan (Dzire/Etios),Hyundai Aura,4,350,14,11,0,0
2761,GWL,Gwalior,Gaurav Tiwari,4.85,401,Electric EV (Nexon/Tigor),Tata Nexon EV,4,400,16,13,1,0
2762,DGR,Deoghar,Rahul Banerjee,4.41,766,Airport Express Shuttle,Force Traveller AC,12,180,8,3,0,1
2763,HJR,Khajuraho,Rohan Mehta,4.49,1411,Executive Premium,Toyota Camry Hybrid,4,1200,35,4,0,0
2764,IXZ,Port Blair (Andaman),Rajesh Sharma,4.6,997,Hatchback (WagonR),Tata Tiago,4,250,12,6,0,0
2765,DIU,Diu,Praveen Nair,4.83,782,Hatchback (WagonR),Hyundai i10,4,250,12,8,0,0
2766,KUU,Kullu / Manali,Rajesh Sharma,4.88,1590,Executive Premium,Mercedes C-Class,4,1200,35,3,0,0
2767,ANK,Ankleshwar,Gaurav Tiwari,4.87,877,SUV (Ertiga/Innova),Mahindra XUV700,6,650,20,14,0,0
2768,PNQ,Pune,Manoj Gupta,4.76,1768,Executive Premium,Skoda Superb,4,1200,35,13,0,0
2769,BGP,Bhagalpur,Rahul Banerjee,4.78,529,SUV (Ertiga/Innova),Maruti Ertiga,6,650,20,11,0,0
2770,MEH,Mehsana,Dinesh Pillai,4.72,400,SUV (Ertiga/Innova),Mahindra XUV700,6,650,20,3,0,0
2771,VTZ,Visakhapatnam,Vijay Reddy,4.53,1554,Hatchback (WagonR),Maruti Suzuki WagonR,4,250,12,8,0,0
2772,SSE,Solapur,Amit Kumar,4.68,1450,Electric EV (Nexon/Tigor),Tata Tigor EV,4,400,16,10,1,0
2773,NVY,Neyveli,Pankaj Das,4.5,2358,Hatchback (WagonR),Maruti Suzuki WagonR,4,250,12,13,0,0
2774,PNY,Puducherry,Vikram Singh,4.75,2381,Hatchback (WagonR),Tata Tiago,4,250,12,10,0,0
2775,SAH,Saharanpur,Anil Deshmukh,4.89,187,Electric EV (Nexon/Tigor),MG ZS EV,4,400,16,11,1,0
2776,AGR,Agra,Deepak Joshi,4.96,303,Hatchback (WagonR),Maruti Suzuki WagonR,4,250,12,3,0,0
2777,MUZ,Muzaffarpur,Ramesh Verma,4.91,853,Electric EV (Nexon/Tigor),MG ZS EV,4,400,16,8,1,0
2778,KOK,Kokrajhar,Rajesh Sharma,4.86,1549,Executive Premium,Skoda Superb,4,1200,35,9,0,0
2779,JDH,Jodhpur,Rohan Mehta,4.86,792,Executive Premium,Toyota Camry Hybrid,4,1200,35,11,0,0
2780,BAR,Baramati,Harpreet Singh,4.91,269,Hatchback (WagonR),Tata Tiago,4,250,12,14,0,0
2781,HZD,Hazaribagh,Pankaj Das,4.66,1997,Airport Express Shuttle,Tata Winger Executive,12,180,8,14,0,1
2782, سات,Satna,Sanjay Rao,4.64,1554,Sedan (Dzire/Etios),Maruti Suzuki Dzire,4,350,14,3,0,0
2783,CCJ,Kozhikode (Calicut),Anil Deshmukh,4.88,2233,Executive Premium,Skoda Superb,4,1200,35,3,0,0
2784,BOK,Bokaro,Harpreet Singh,4.57,567,SUV (Ertiga/Innova),Toyota Innova Crysta,6,650,20,14,0,0
2785,JRH,Jorhat,Rahul Banerjee,4.72,1353,Sedan (Dzire/Etios),Hyundai Aura,4,350,14,12,0,0
2786,COK,Kochi,Suresh Patel,4.64,179,Sedan (Dzire/Etios),Maruti Suzuki Dzire,4,350,14,13,0,0
2787,HSR,Rajkot,Vijay Reddy,4.94,108,Hatchback (WagonR),Hyundai i10,4,250,12,6,0,0
2788,KAM,Kamalpur,Praveen Nair,4.68,2157,Executive Premium,Toyota Camry Hybrid,4,1200,35,3,0,0
2789,NVY,Neyveli,Deepak Joshi,4.52,848,Electric EV (Nexon/Tigor),Tata Nexon EV,4,400,16,13,1,0
2790,VZY,Vijayawada,Rohan Mehta,4.88,1357,Electric EV (Nexon/Tigor),MG ZS EV,4,400,16,8,1,0
2791,PNQ,Pune,Suresh Patel,4.75,2194,Sedan (Dzire/Etios),Hyundai Aura,4,350,14,3,0,0
2792,BHO,Bhopal,Ramesh Verma,4.47,2381,Sedan (Dzire/Etios),Toyota Etios,4,350,14,3,0,0
2793,KNU,Kanpur,Rajesh Sharma,4.72,196,SUV (Ertiga/Innova),Mahindra XUV700,6,650,20,5,0,0
2794,RKG,Durgapur,Harpreet Singh,4.45,1834,Airport Express Shuttle,Force Traveller AC,12,180,8,9,0,1
2795,AGR,Agra,Ramesh Verma,4.98,642,Hatchback (WagonR),Tata Tiago,4,250,12,10,0,0
2796,CCJ,Kozhikode (Calicut),Rajesh Sharma,4.92,237,Electric EV (Nexon/Tigor),MG ZS EV,4,400,16,8,1,0
2797,BHO,Bhopal,Suresh Patel,4.5,2274,Sedan (Dzire/Etios),Toyota Etios,4,350,14,6,0,0
2798,SAG,Shirdi,Gaurav Tiwari,4.58,1172,Electric EV (Nexon/Tigor),Tata Tigor EV,4,400,16,8,1,0
2799,PINJ,Panchkula / Pinjore,Rahul Banerjee,4.59,1716,Electric EV (Nexon/Tigor),MG ZS EV,4,400,16,13,1,0
2800,PINJ,Panchkula / Pinjore,Pankaj Das,4.88,1083,Sedan (Dzire/Etios),Hyundai Aura,4,350,14,11,0,0
2801,SNE,Singrauli,Sunil Yadav,4.85,644,Electric EV (Nexon/Tigor),Tata Nexon EV,4,400,16,9,1,0
2802,HJR,Khajuraho,Vijay Reddy,4.4,1389,Electric EV (Nexon/Tigor),MG ZS EV,4,400,16,5,1,0
2803,CNN,Kannur,Praveen Nair,4.88,575,Executive Premium,Toyota Camry Hybrid,4,1200,35,11,0,0
2804,HSS,Hisar,Deepak Joshi,4.95,309,Hatchback (WagonR),Tata Tiago,4,250,12,10,0,0
2805,VJZ,Bhogapuram / Vizianagaram,Manoj Gupta,4.41,190,Executive Premium,Skoda Superb,4,1200,35,6,0,0
2806,AYJ,Ayodhya,Suresh Patel,4.45,199,Airport Express Shuttle,Force Traveller AC,12,180,8,6,0,1
2807,PYB,Jeypore,Praveen Nair,4.87,1130,Hatchback (WagonR),Maruti Suzuki WagonR,4,250,12,5,0,0
2808,SHL,Shillong,Amit Kumar,4.73,1839,Executive Premium,Mercedes C-Class,4,1200,35,11,0,0
2809,IXW,Jamshedpur,Pankaj Das,4.94,779,Hatchback (WagonR),Hyundai i10,4,250,12,8,0,0
2810,BOK,Bokaro,Pankaj Das,4.96,1350,Executive Premium,Toyota Camry Hybrid,4,1200,35,3,0,0
2811,IXC,Chandigarh,Ramesh Verma,4.88,495,Electric EV (Nexon/Tigor),MG ZS EV,4,400,16,6,1,0
2812,PINJ,Panchkula / Pinjore,Mahesh Choudhary,4.91,511,Sedan (Dzire/Etios),Hyundai Aura,4,350,14,12,0,0
2813,JGA,Jamnagar,Praveen Nair,4.91,2338,SUV (Ertiga/Innova),Toyota Innova Crysta,6,650,20,4,0,0
2814,RJA,Rajahmundry,Mahesh Choudhary,4.77,591,Airport Express Shuttle,Tata Winger Executive,12,180,8,4,0,1
2815,JHW,Jhalawar,Gaurav Tiwari,4.88,2371,Electric EV (Nexon/Tigor),Tata Nexon EV,4,400,16,8,1,0
2816,BOM,Mumbai,Rohan Mehta,4.46,155,Sedan (Dzire/Etios),Toyota Etios,4,350,14,7,0,0
2817,JRG,Jharsuguda,Santosh Kulkarni,4.93,2188,Airport Express Shuttle,Tata Winger Executive,12,180,8,12,0,1
2818,DON,Bhadrak / Dhamra,Dinesh Pillai,4.98,111,SUV (Ertiga/Innova),Toyota Innova Crysta,6,650,20,14,0,0
2819,PAL,Pali,Vikram Singh,4.58,816,Executive Premium,Skoda Superb,4,1200,35,6,0,0
2820,KARN,Karnal,Vikram Singh,4.66,516,SUV (Ertiga/Innova),Toyota Innova Crysta,6,650,20,14,0,0
2821,RMD,Ratnagiri,Ramesh Verma,4.87,1451,Executive Premium,Mercedes C-Class,4,1200,35,10,0,0
2822,KHO,Khowai,Deepak Joshi,4.92,1134,Hatchback (WagonR),Maruti Suzuki WagonR,4,250,12,3,0,0
2823,RMD,Ratnagiri,Vijay Reddy,4.84,1524,Electric EV (Nexon/Tigor),Tata Tigor EV,4,400,16,10,1,0
2824,JGA,Jamnagar,Vijay Reddy,4.94,2054,Executive Premium,Toyota Camry Hybrid,4,1200,35,9,0,0
2825,GWL,Gwalior,Deepak Joshi,4.98,420,SUV (Ertiga/Innova),Maruti Ertiga,6,650,20,14,0,0
2826,PNQ,Pune,Pankaj Das,4.72,2267,Electric EV (Nexon/Tigor),Tata Nexon EV,4,400,16,8,1,0
2827,SSE,Solapur,Sunil Yadav,4.8,1063,Airport Express Shuttle,Force Traveller AC,12,180,8,3,0,1
2828,KUU,Kullu / Manali,Ramesh Verma,4.8,785,Executive Premium,Toyota Camry Hybrid,4,1200,35,13,0,0
2829,HZD,Hazaribagh,Amit Kumar,4.68,1673,Sedan (Dzire/Etios),Toyota Etios,4,350,14,4,0,0
2830,SHL,Shillong,Ramesh Verma,4.74,1637,Sedan (Dzire/Etios),Maruti Suzuki Dzire,4,350,14,12,0,0
2831,NDC,Nanded,Ramesh Verma,4.57,2382,Airport Express Shuttle,Force Traveller AC,12,180,8,4,0,1
2832,KUU,Kullu / Manali,Vikram Singh,4.4,507,Electric EV (Nexon/Tigor),Tata Nexon EV,4,400,16,13,1,0
2833,NPL,Narnaul,Dinesh Pillai,4.51,1921,Hatchback (WagonR),Tata Tiago,4,250,12,6,0,0
2834,VZY,Vijayawada,Santosh Kulkarni,4.45,1986,Airport Express Shuttle,Force Traveller AC,12,180,8,12,0,1
2835,DHM,Dharamshala / Kangra,Gaurav Tiwari,4.49,2171,Airport Express Shuttle,Force Traveller AC,12,180,8,6,0,1
2836,RKG,Durgapur,Dinesh Pillai,4.44,1350,Sedan (Dzire/Etios),Hyundai Aura,4,350,14,3,0,0
2837,DGR,Deoghar,Suresh Patel,4.71,429,SUV (Ertiga/Innova),Mahindra XUV700,6,650,20,8,0,0
2838,MRA,Noida / Jewar,Sanjay Rao,4.46,939,Airport Express Shuttle,Tata Winger Executive,12,180,8,12,0,1
2839,NWP,Pithoragarh,Manoj Gupta,4.49,2334,Electric EV (Nexon/Tigor),Tata Tigor EV,4,400,16,6,1,0
2840,COK,Kochi,Dinesh Pillai,4.69,1120,Executive Premium,Toyota Camry Hybrid,4,1200,35,14,0,0
2841,BOK,Bokaro,Sunil Yadav,4.54,1869,Electric EV (Nexon/Tigor),Tata Nexon EV,4,400,16,6,1,0
2842,SIV,Sivasagar,Vikram Singh,4.89,344,Airport Express Shuttle,Tata Winger Executive,12,180,8,12,0,1
2843,KARN,Karnal,Vikram Singh,4.56,1375,Sedan (Dzire/Etios),Maruti Suzuki Dzire,4,350,14,12,0,0
2844,JDH,Jodhpur,Suresh Patel,4.82,301,Airport Express Shuttle,Force Traveller AC,12,180,8,8,0,1
2845,KHA,Khandwa,Suresh Patel,4.76,2044,Executive Premium,Toyota Camry Hybrid,4,1200,35,10,0,0
2846,KAI,Kailashahar,Rajesh Sharma,4.63,1616,Airport Express Shuttle,Tata Winger Executive,12,180,8,7,0,1
2847,GON,Gondia,Manoj Gupta,4.78,260,Hatchback (WagonR),Tata Tiago,4,250,12,14,0,0
2848,IXB,Siliguri / Bagdogra,Dinesh Pillai,4.48,1581,Electric EV (Nexon/Tigor),Tata Nexon EV,4,400,16,13,1,0
2849,RJA,Rajahmundry,Anil Deshmukh,4.41,1001,Airport Express Shuttle,Force Traveller AC,12,180,8,6,0,1
2850,PGH,Pantnagar / Nainital,Vijay Reddy,4.94,1348,SUV (Ertiga/Innova),Mahindra XUV700,6,650,20,5,0,0
2851,LGP,Rupsi / Dhubri,Rajesh Sharma,4.55,1897,Airport Express Shuttle,Force Traveller AC,12,180,8,6,0,1
2852,MEH,Mehsana,Manoj Gupta,4.62,389,Electric EV (Nexon/Tigor),MG ZS EV,4,400,16,9,1,0
2853,HSR,Rajkot,Anil Deshmukh,4.61,1451,Electric EV (Nexon/Tigor),Tata Tigor EV,4,400,16,9,1,0
2854,IXY,Kandla,Rajesh Sharma,4.53,2310,Airport Express Shuttle,Force Traveller AC,12,180,8,10,0,1
2855,HYD,Hyderabad,Anil Deshmukh,4.68,1217,Electric EV (Nexon/Tigor),MG ZS EV,4,400,16,12,1,0
2856,GBI,Kalaburagi (Gulbarga),Gaurav Tiwari,4.5,1032,SUV (Ertiga/Innova),Maruti Ertiga,6,650,20,3,0,0
2857,BOM,Mumbai,Praveen Nair,4.43,335,Executive Premium,Mercedes C-Class,4,1200,35,14,0,0
2858,JLR,Jabalpur,Vijay Reddy,4.78,365,SUV (Ertiga/Innova),Toyota Innova Crysta,6,650,20,7,0,0
2859,IXS,Silchar,Ramesh Verma,4.67,1530,Hatchback (WagonR),Maruti Suzuki WagonR,4,250,12,4,0,0
2860,BOK,Bokaro,Pankaj Das,4.97,361,Hatchback (WagonR),Tata Tiago,4,250,12,4,0,0
2861,BLR,Bengaluru,Vijay Reddy,4.81,293,SUV (Ertiga/Innova),Mahindra XUV700,6,650,20,14,0,0
2862,AYJ,Ayodhya,Praveen Nair,4.52,2059,Airport Express Shuttle,Force Traveller AC,12,180,8,5,0,1
2863,NVY,Neyveli,Rohan Mehta,4.81,2035,Electric EV (Nexon/Tigor),Tata Nexon EV,4,400,16,4,1,0
2864,NDC,Nanded,Pankaj Das,4.62,842,Airport Express Shuttle,Tata Winger Executive,12,180,8,7,0,1
2865,AKL,Akola,Rahul Banerjee,4.66,683,Electric EV (Nexon/Tigor),Tata Nexon EV,4,400,16,8,1,0
2866,NWP,Pithoragarh,Gaurav Tiwari,4.87,1514,Sedan (Dzire/Etios),Hyundai Aura,4,350,14,13,0,0
2867,PYB,Jeypore,Ramesh Verma,4.43,134,Electric EV (Nexon/Tigor),Tata Nexon EV,4,400,16,4,1,0
2868,RAT,Ratlam,Sunil Yadav,4.94,1887,Sedan (Dzire/Etios),Toyota Etios,4,350,14,13,0,0
2869,TIR,Tirupati,Vijay Reddy,4.83,2171,SUV (Ertiga/Innova),Maruti Ertiga,6,650,20,4,0,0
2870,GON,Gondia,Anil Deshmukh,4.75,525,SUV (Ertiga/Innova),Toyota Innova Crysta,6,650,20,5,0,0
2871,BLR,Bengaluru,Gaurav Tiwari,4.77,820,Hatchback (WagonR),Tata Tiago,4,250,12,14,0,0
2872,ATQ,Amritsar,Dinesh Pillai,4.43,609,Airport Express Shuttle,Force Traveller AC,12,180,8,11,0,1
2873,KOK,Kokrajhar,Mahesh Choudhary,4.42,1362,SUV (Ertiga/Innova),Mahindra XUV700,6,650,20,5,0,0
2874,PUR,Purulia,Pankaj Das,4.78,1661,Airport Express Shuttle,Force Traveller AC,12,180,8,4,0,1
2875,KARN,Karnal,Sanjay Rao,4.69,130,Hatchback (WagonR),Tata Tiago,4,250,12,14,0,0
2876,JHW,Jhalawar,Praveen Nair,4.91,208,Airport Express Shuttle,Tata Winger Executive,12,180,8,13,0,1
2877,KBK,Kushinagar,Suresh Patel,4.77,2210,Electric EV (Nexon/Tigor),Tata Nexon EV,4,400,16,8,1,0
2878,IXD,Prayagraj (Allahabad),Mahesh Choudhary,4.7,1172,Executive Premium,Mercedes C-Class,4,1200,35,12,0,0
2879,ATQ,Amritsar,Dinesh Pillai,4.44,278,Electric EV (Nexon/Tigor),MG ZS EV,4,400,16,10,1,0
2880,AMR,Amravati,Amit Kumar,4.75,701,Hatchback (WagonR),Maruti Suzuki WagonR,4,250,12,5,0,0
2881,IXW,Jamshedpur,Vikram Singh,4.79,685,Sedan (Dzire/Etios),Maruti Suzuki Dzire,4,350,14,14,0,0
2882,NAG,Nagpur,Vijay Reddy,4.77,623,Hatchback (WagonR),Maruti Suzuki WagonR,4,250,12,10,0,0
2883,KAR,Karad / Satara,Amit Kumar,4.94,1851,Sedan (Dzire/Etios),Maruti Suzuki Dzire,4,350,14,4,0,0
2884,MZS,Sonbhadra,Sunil Yadav,4.46,1011,Executive Premium,Toyota Camry Hybrid,4,1200,35,7,0,0
2885,BHU,Bathinda,Dinesh Pillai,4.57,2106,SUV (Ertiga/Innova),Toyota Innova Crysta,6,650,20,6,0,0
2886,OSB,Dharashiv,Harpreet Singh,4.58,1512,Executive Premium,Mercedes C-Class,4,1200,35,8,0,0
2887,LGP,Rupsi / Dhubri,Pankaj Das,4.95,1121,Executive Premium,Mercedes C-Class,4,1200,35,14,0,0
2888,AMH,Azamgarh,Anil Deshmukh,4.86,1147,Electric EV (Nexon/Tigor),MG ZS EV,4,400,16,4,1,0
2889,KUU,Kullu / Manali,Rahul Banerjee,4.76,605,Executive Premium,Mercedes C-Class,4,1200,35,12,0,0
2890,SSE,Solapur,Dinesh Pillai,4.67,1594,Sedan (Dzire/Etios),Hyundai Aura,4,350,14,13,0,0
2891,HSS,Hisar,Vikram Singh,4.95,284,Airport Express Shuttle,Tata Winger Executive,12,180,8,6,0,1
2892,PNQ,Pune,Suresh Patel,4.85,1421,Hatchback (WagonR),Hyundai i10,4,250,12,5,0,0
2893,HZD,Hazaribagh,Sunil Yadav,4.93,852,Executive Premium,Toyota Camry Hybrid,4,1200,35,11,0,0
2894,JDH,Jodhpur,Suresh Patel,4.69,570,Airport Express Shuttle,Tata Winger Executive,12,180,8,5,0,1
2895,DHR,Dibrugarh,Ramesh Verma,4.66,1382,SUV (Ertiga/Innova),Maruti Ertiga,6,650,20,11,0,0
2896,IXA,Agartala,Suresh Patel,4.6,2229,Executive Premium,Skoda Superb,4,1200,35,9,0,0
2897,SAH,Saharanpur,Pankaj Das,4.49,173,Electric EV (Nexon/Tigor),MG ZS EV,4,400,16,12,1,0
2898,JAI,Jaipur,Mahesh Choudhary,4.45,669,Electric EV (Nexon/Tigor),MG ZS EV,4,400,16,13,1,0
2899,DHR,Dibrugarh,Rahul Banerjee,4.94,2057,Executive Premium,Skoda Superb,4,1200,35,14,0,0
2900,CNN,Kannur,Sanjay Rao,4.92,1559,Sedan (Dzire/Etios),Hyundai Aura,4,350,14,6,0,0
2901,BAR,Baramati,Vikram Singh,4.83,636,Airport Express Shuttle,Force Traveller AC,12,180,8,8,0,1
2902,JRG,Jharsuguda,Sunil Yadav,4.54,1073,SUV (Ertiga/Innova),Maruti Ertiga,6,650,20,4,0,0
2903,TIR,Tirupati,Pankaj Das,4.78,1870,SUV (Ertiga/Innova),Mahindra XUV700,6,650,20,3,0,0
2904,LKO,Lucknow,Vijay Reddy,4.96,1882,Airport Express Shuttle,Tata Winger Executive,12,180,8,11,0,1
2905,KAM,Kamalpur,Rajesh Sharma,4.4,358,Sedan (Dzire/Etios),Hyundai Aura,4,350,14,12,0,0
2906,GAW,Guwahati,Manoj Gupta,4.65,1270,Hatchback (WagonR),Tata Tiago,4,250,12,3,0,0
2907,CHI,Chhindwara,Rohan Mehta,4.97,517,Executive Premium,Mercedes C-Class,4,1200,35,5,0,0
2908,CHI,Chhindwara,Manoj Gupta,4.93,1605,Hatchback (WagonR),Hyundai i10,4,250,12,14,0,0
2909,DMU,Dimapur,Manoj Gupta,4.59,1056,Airport Express Shuttle,Force Traveller AC,12,180,8,4,0,1
2910,REW,Rewa,Sanjay Rao,4.81,2043,Hatchback (WagonR),Maruti Suzuki WagonR,4,250,12,7,0,0
2911,KAM,Kamalpur,Gaurav Tiwari,4.62,150,Airport Express Shuttle,Force Traveller AC,12,180,8,9,0,1
2912,AMR,Amravati,Vikram Singh,4.45,1447,Electric EV (Nexon/Tigor),MG ZS EV,4,400,16,14,1,0
2913,IXY,Kandla,Santosh Kulkarni,4.87,1818,Hatchback (WagonR),Maruti Suzuki WagonR,4,250,12,5,0,0
2914, سات,Satna,Santosh Kulkarni,4.57,1291,Airport Express Shuttle,Force Traveller AC,12,180,8,13,0,1
2915,IXY,Kandla,Santosh Kulkarni,4.97,1035,Airport Express Shuttle,Force Traveller AC,12,180,8,12,0,1
2916,BLR,Bengaluru,Mahesh Choudhary,4.66,380,SUV (Ertiga/Innova),Toyota Innova Crysta,6,650,20,8,0,0
2917,AMD,Ahmedabad,Rajesh Sharma,4.92,1038,Electric EV (Nexon/Tigor),Tata Tigor EV,4,400,16,3,1,0
2918,CHI,Chhindwara,Rahul Banerjee,4.73,1069,Hatchback (WagonR),Hyundai i10,4,250,12,10,0,0
2919,RJA,Rajahmundry,Sanjay Rao,4.4,1569,Sedan (Dzire/Etios),Maruti Suzuki Dzire,4,350,14,6,0,0
2920,JAI,Jaipur,Dinesh Pillai,4.5,116,Electric EV (Nexon/Tigor),MG ZS EV,4,400,16,4,1,0
2921,NEEM,Neemuch,Anil Deshmukh,4.84,2229,Sedan (Dzire/Etios),Toyota Etios,4,350,14,13,0,0
2922,KJB,Kurnool (Orvakal),Anil Deshmukh,4.68,2025,Electric EV (Nexon/Tigor),MG ZS EV,4,400,16,3,1,0
2923,BPI,Mayurbhanj,Pankaj Das,4.63,2378,Electric EV (Nexon/Tigor),Tata Nexon EV,4,400,16,14,1,0
2924,NMS,Naliya,Gaurav Tiwari,4.55,423,Airport Express Shuttle,Tata Winger Executive,12,180,8,11,0,1
2925,IXC,Chandigarh,Suresh Patel,4.44,1788,Airport Express Shuttle,Tata Winger Executive,12,180,8,6,0,1
2926,JLR,Jabalpur,Deepak Joshi,4.55,2229,Hatchback (WagonR),Tata Tiago,4,250,12,9,0,0
2927,IXP,Pathankot,Harpreet Singh,4.57,2398,Sedan (Dzire/Etios),Toyota Etios,4,350,14,11,0,0
2928,AMD,Ahmedabad,Rajesh Sharma,4.63,119,SUV (Ertiga/Innova),Toyota Innova Crysta,6,650,20,7,0,0
2929,GWL,Gwalior,Rahul Banerjee,4.48,403,Executive Premium,Skoda Superb,4,1200,35,12,0,0
2930,CJB,Coimbatore,Rohan Mehta,4.45,747,Hatchback (WagonR),Maruti Suzuki WagonR,4,250,12,12,0,0
2931,HJR,Khajuraho,Sanjay Rao,4.81,2108,Sedan (Dzire/Etios),Hyundai Aura,4,350,14,10,0,0
2932,IXP,Pathankot,Rajesh Sharma,4.92,562,Electric EV (Nexon/Tigor),Tata Tigor EV,4,400,16,5,1,0
2933,ISK,Nashik,Sunil Yadav,4.42,302,Sedan (Dzire/Etios),Maruti Suzuki Dzire,4,350,14,6,0,0
2934,NAG,Nagpur,Anil Deshmukh,4.47,2307,Sedan (Dzire/Etios),Maruti Suzuki Dzire,4,350,14,9,0,0
2935,SXR,Srinagar,Mahesh Choudhary,4.64,1759,SUV (Ertiga/Innova),Mahindra XUV700,6,650,20,9,0,0
2936,IXY,Kandla,Suresh Patel,4.56,975,Electric EV (Nexon/Tigor),MG ZS EV,4,400,16,10,1,0
2937,IXT,Pasighat,Vijay Reddy,4.82,1268,SUV (Ertiga/Innova),Mahindra XUV700,6,650,20,13,0,0
2938,RKG,Durgapur,Mahesh Choudhary,4.89,457,Executive Premium,Toyota Camry Hybrid,4,1200,35,4,0,0
2939,BHJ,Bhuj (Kutch),Sanjay Rao,4.93,671,Airport Express Shuttle,Force Traveller AC,12,180,8,8,0,1
2940,VNS,Varanasi,Rahul Banerjee,4.56,2287,Electric EV (Nexon/Tigor),MG ZS EV,4,400,16,11,1,0
2941,MZS,Sonbhadra,Rahul Banerjee,4.5,294,Sedan (Dzire/Etios),Hyundai Aura,4,350,14,8,0,0
2942,HJR,Khajuraho,Rahul Banerjee,4.54,2226,SUV (Ertiga/Innova),Mahindra XUV700,6,650,20,5,0,0
2943,BID,Bidar,Rahul Banerjee,4.45,1911,Hatchback (WagonR),Maruti Suzuki WagonR,4,250,12,9,0,0
2944,KHO,Khowai,Anil Deshmukh,4.73,426,Electric EV (Nexon/Tigor),Tata Tigor EV,4,400,16,12,1,0
2945,MOR,Moradabad,Mahesh Choudhary,4.79,1937,Airport Express Shuttle,Force Traveller AC,12,180,8,7,0,1
2946,VDY,Vidyanagar / Ballari,Amit Kumar,4.61,725,Executive Premium,Skoda Superb,4,1200,35,9,0,0
2947,ATQ,Amritsar,Dinesh Pillai,4.51,2112,Executive Premium,Toyota Camry Hybrid,4,1200,35,12,0,0
2948,AYJ,Ayodhya,Manoj Gupta,4.86,1973,Executive Premium,Toyota Camry Hybrid,4,1200,35,8,0,0
2949,UTL,Barmer,Mahesh Choudhary,4.74,731,Hatchback (WagonR),Maruti Suzuki WagonR,4,250,12,12,0,0
2950,HSR,Rajkot,Ramesh Verma,4.85,2097,Hatchback (WagonR),Hyundai i10,4,250,12,6,0,0
2951,DBR,Darbhanga,Rohan Mehta,4.54,1610,Hatchback (WagonR),Hyundai i10,4,250,12,7,0,0
2952,HYD,Hyderabad,Manoj Gupta,4.74,88,Executive Premium,Skoda Superb,4,1200,35,9,0,0
2953,IXR,Ranchi,Suresh Patel,4.53,1619,Airport Express Shuttle,Force Traveller AC,12,180,8,8,0,1
2954,SAG,Shirdi,Suresh Patel,4.53,326,Airport Express Shuttle,Tata Winger Executive,12,180,8,10,0,1
2955,TIR,Tirupati,Rajesh Sharma,4.58,2269,Airport Express Shuttle,Force Traveller AC,12,180,8,10,0,1
2956,IXT,Pasighat,Rajesh Sharma,4.94,1315,Sedan (Dzire/Etios),Toyota Etios,4,350,14,4,0,0
2957,SAG,Shirdi,Vikram Singh,4.76,1272,Airport Express Shuttle,Tata Winger Executive,12,180,8,11,0,1
2958,BHJ,Bhuj (Kutch),Suresh Patel,4.58,781,Sedan (Dzire/Etios),Hyundai Aura,4,350,14,12,0,0
2959,HIR,Sambalpur,Rajesh Sharma,4.67,1269,Airport Express Shuttle,Tata Winger Executive,12,180,8,6,0,1
2960,KNU,Kanpur,Rahul Banerjee,4.43,2222,SUV (Ertiga/Innova),Mahindra XUV700,6,650,20,4,0,0
2961,IXB,Siliguri / Bagdogra,Anil Deshmukh,4.71,2228,Airport Express Shuttle,Force Traveller AC,12,180,8,14,0,1
2962,AGR,Agra,Mahesh Choudhary,4.75,1324,Executive Premium,Skoda Superb,4,1200,35,6,0,0
2963,RGD,Raigarh,Ramesh Verma,4.61,1434,Airport Express Shuttle,Force Traveller AC,12,180,8,6,0,1
2964,KARN,Karnal,Suresh Patel,4.52,2096,Sedan (Dzire/Etios),Toyota Etios,4,350,14,8,0,0
2965,ROU,Rourkela,Anil Deshmukh,4.81,207,Executive Premium,Toyota Camry Hybrid,4,1200,35,3,0,0
2966,KBK,Kushinagar,Amit Kumar,4.69,792,SUV (Ertiga/Innova),Toyota Innova Crysta,6,650,20,4,0,0
2967,HBI,Itanagar,Vikram Singh,4.46,750,Executive Premium,Mercedes C-Class,4,1200,35,7,0,0
2968,UTL,Barmer,Manoj Gupta,4.52,1869,Executive Premium,Mercedes C-Class,4,1200,35,5,0,0
2969,HSR,Rajkot,Dinesh Pillai,4.73,441,SUV (Ertiga/Innova),Mahindra XUV700,6,650,20,8,0,0
2970,RXL,Raxaul,Manoj Gupta,4.63,528,Airport Express Shuttle,Tata Winger Executive,12,180,8,7,0,1
2971,TIR,Tirupati,Amit Kumar,4.52,1389,SUV (Ertiga/Innova),Toyota Innova Crysta,6,650,20,4,0,0
2972,TCR,Thoothukudi (Tuticorin),Deepak Joshi,4.46,985,Airport Express Shuttle,Tata Winger Executive,12,180,8,12,0,1
2973,NWP,Pithoragarh,Gaurav Tiwari,4.87,827,Sedan (Dzire/Etios),Hyundai Aura,4,350,14,5,0,0
2974,MZS,Sonbhadra,Gaurav Tiwari,4.8,1647,Executive Premium,Skoda Superb,4,1200,35,8,0,0
2975,GAW,Guwahati,Suresh Patel,4.52,2132,Hatchback (WagonR),Hyundai i10,4,250,12,10,0,0
2976,GWL,Gwalior,Vijay Reddy,4.65,1958,Executive Premium,Toyota Camry Hybrid,4,1200,35,9,0,0
2977,COB,Cooch Behar,Harpreet Singh,4.65,212,Executive Premium,Toyota Camry Hybrid,4,1200,35,14,0,0
2978,AMH,Azamgarh,Harpreet Singh,4.63,1380,Airport Express Shuttle,Tata Winger Executive,12,180,8,4,0,1
2979,IXR,Ranchi,Suresh Patel,4.65,203,Executive Premium,Mercedes C-Class,4,1200,35,3,0,0
2980,SLV,Shimla,Sunil Yadav,4.75,1963,SUV (Ertiga/Innova),Toyota Innova Crysta,6,650,20,5,0,0
2981,AMR,Amravati,Sunil Yadav,4.47,2239,Sedan (Dzire/Etios),Toyota Etios,4,350,14,4,0,0
2982,IXZ,Port Blair (Andaman),Vijay Reddy,4.75,1745,Airport Express Shuttle,Force Traveller AC,12,180,8,14,0,1
2983,JAI,Jaipur,Amit Kumar,4.81,1687,Sedan (Dzire/Etios),Maruti Suzuki Dzire,4,350,14,3,0,0
2984, سات,Satna,Mahesh Choudhary,4.55,1288,SUV (Ertiga/Innova),Toyota Innova Crysta,6,650,20,7,0,0
2985,DHR,Dibrugarh,Rahul Banerjee,4.97,1518,Airport Express Shuttle,Tata Winger Executive,12,180,8,10,0,1
2986,ALD,Aligarh,Anil Deshmukh,4.74,987,Executive Premium,Skoda Superb,4,1200,35,3,0,0
2987,RKG,Durgapur,Amit Kumar,4.51,1913,Sedan (Dzire/Etios),Maruti Suzuki Dzire,4,350,14,5,0,0
2988,JLG,Jalgaon,Vijay Reddy,4.68,2318,SUV (Ertiga/Innova),Toyota Innova Crysta,6,650,20,7,0,0
2989,KOK,Kokrajhar,Gaurav Tiwari,4.81,491,Sedan (Dzire/Etios),Maruti Suzuki Dzire,4,350,14,6,0,0
2990,KAP,Kadapa,Suresh Patel,4.42,1298,Airport Express Shuttle,Tata Winger Executive,12,180,8,5,0,1
2991,RMD,Ratnagiri,Dinesh Pillai,4.8,568,Executive Premium,Toyota Camry Hybrid,4,1200,35,8,0,0
2992,SDW,Sindhudurg,Rajesh Sharma,4.61,219,Hatchback (WagonR),Hyundai i10,4,250,12,4,0,0
2993,MUZ,Muzaffarpur,Santosh Kulkarni,4.95,1649,Electric EV (Nexon/Tigor),MG ZS EV,4,400,16,4,1,0
2994,GWL,Gwalior,Pankaj Das,4.82,1969,SUV (Ertiga/Innova),Maruti Ertiga,6,650,20,13,0,0
2995,BDQ,Vadodara,Vikram Singh,4.73,2132,Airport Express Shuttle,Force Traveller AC,12,180,8,10,0,1
2996,PAL,Pali,Rohan Mehta,4.88,149,Hatchback (WagonR),Hyundai i10,4,250,12,4,0,0
2997,BAR,Baramati,Manoj Gupta,4.84,800,Sedan (Dzire/Etios),Maruti Suzuki Dzire,4,350,14,7,0,0
2998,BLR,Bengaluru,Deepak Joshi,4.91,576,SUV (Ertiga/Innova),Maruti Ertiga,6,650,20,13,0,0
2999,AGX,Agatti Island (Lakshadweep),Suresh Patel,4.83,1398,Hatchback (WagonR),Hyundai i10,4,250,12,6,0,0
3000,BHJ,Bhuj (Kutch),Rajesh Sharma,4.43,1285,Electric EV (Nexon/Tigor),Tata Tigor EV,4,400,16,11,1,0
3001,ANK,Ankleshwar,Deepak Joshi,4.81,664,Hatchback (WagonR),Maruti Suzuki WagonR,4,250,12,12,0,0
3002,AKL,Akola,Mahesh Choudhary,4.42,1674,Hatchback (WagonR),Maruti Suzuki WagonR,4,250,12,9,0,0
3003,CFH,Chitrakoot,Mahesh Choudhary,4.89,965,Hatchback (WagonR),Tata Tiago,4,250,12,3,0,0
3004,AMH,Azamgarh,Vikram Singh,4.67,1627,SUV (Ertiga/Innova),Maruti Ertiga,6,650,20,8,0,0
3005,MOR,Moradabad,Suresh Patel,4.66,2215,Hatchback (WagonR),Tata Tiago,4,250,12,10,0,0
3006,NVY,Neyveli,Santosh Kulkarni,4.94,1569,Executive Premium,Mercedes C-Class,4,1200,35,5,0,0
3007,DHM,Dharamshala / Kangra,Amit Kumar,4.53,1034,Sedan (Dzire/Etios),Hyundai Aura,4,350,14,11,0,0
3008,IXR,Ranchi,Suresh Patel,4.9,663,Executive Premium,Skoda Superb,4,1200,35,4,0,0
3009,JGD,Jagdalpur,Mahesh Choudhary,4.71,634,Electric EV (Nexon/Tigor),MG ZS EV,4,400,16,4,1,0
3010,CCJ,Kozhikode (Calicut),Anil Deshmukh,4.56,327,Electric EV (Nexon/Tigor),Tata Nexon EV,4,400,16,3,1,0
3011,AMD,Ahmedabad,Sanjay Rao,4.42,1420,Electric EV (Nexon/Tigor),MG ZS EV,4,400,16,3,1,0
3012,BHJ,Bhuj (Kutch),Deepak Joshi,4.86,1005,Executive Premium,Toyota Camry Hybrid,4,1200,35,13,0,0
3013,NWP,Pithoragarh,Rahul Banerjee,4.64,2031,Airport Express Shuttle,Tata Winger Executive,12,180,8,5,0,1
3014,DIU,Diu,Sanjay Rao,4.85,2035,Airport Express Shuttle,Tata Winger Executive,12,180,8,9,0,1
3015,AJL,Aizawl,Amit Kumar,4.56,1080,Sedan (Dzire/Etios),Hyundai Aura,4,350,14,8,0,0
3016,VZY,Vijayawada,Rajesh Sharma,4.6,1721,Sedan (Dzire/Etios),Maruti Suzuki Dzire,4,350,14,5,0,0
3017,SHL,Shillong,Santosh Kulkarni,4.81,1060,Electric EV (Nexon/Tigor),Tata Nexon EV,4,400,16,13,1,0
3018,BTH,Bettiah,Deepak Joshi,4.56,2192,SUV (Ertiga/Innova),Maruti Ertiga,6,650,20,8,0,0
3019,DON,Bhadrak / Dhamra,Dinesh Pillai,4.61,1275,Executive Premium,Skoda Superb,4,1200,35,5,0,0
3020,IXM,Madurai,Suresh Patel,4.52,1553,Airport Express Shuttle,Force Traveller AC,12,180,8,8,0,1
3021,COB,Cooch Behar,Vijay Reddy,4.58,1111,Airport Express Shuttle,Tata Winger Executive,12,180,8,9,0,1
3022,CCJ,Kozhikode (Calicut),Amit Kumar,4.52,411,Hatchback (WagonR),Maruti Suzuki WagonR,4,250,12,14,0,0
3023,ZER,Ziro,Vikram Singh,4.65,1607,Executive Premium,Mercedes C-Class,4,1200,35,12,0,0
3024,ALD,Aligarh,Rohan Mehta,4.92,1450,Electric EV (Nexon/Tigor),MG ZS EV,4,400,16,11,1,0
3025,SXR,Srinagar,Rohan Mehta,4.92,271,Sedan (Dzire/Etios),Hyundai Aura,4,350,14,10,0,0
3026,PBF,Bilaspur,Vikram Singh,4.71,1923,Sedan (Dzire/Etios),Toyota Etios,4,350,14,8,0,0
3027,IXS,Silchar,Santosh Kulkarni,4.49,189,Executive Premium,Skoda Superb,4,1200,35,12,0,0
3028,VDY,Vidyanagar / Ballari,Harpreet Singh,4.94,948,Airport Express Shuttle,Force Traveller AC,12,180,8,11,0,1
3029,IXT,Pasighat,Anil Deshmukh,4.56,1990,Sedan (Dzire/Etios),Hyundai Aura,4,350,14,12,0,0
3030,DBR,Darbhanga,Ramesh Verma,4.69,1402,Airport Express Shuttle,Force Traveller AC,12,180,8,14,0,1
3031,RJA,Rajahmundry,Deepak Joshi,4.59,1120,Sedan (Dzire/Etios),Maruti Suzuki Dzire,4,350,14,5,0,0
3032,SLN,Sultanpur,Harpreet Singh,4.57,1316,Executive Premium,Toyota Camry Hybrid,4,1200,35,3,0,0
3033,PNV,Porbandar,Harpreet Singh,4.61,555,Executive Premium,Toyota Camry Hybrid,4,1200,35,9,0,0
3034,VNS,Varanasi,Sunil Yadav,4.9,435,Executive Premium,Skoda Superb,4,1200,35,14,0,0
3035,NMS,Naliya,Gaurav Tiwari,4.46,349,SUV (Ertiga/Innova),Toyota Innova Crysta,6,650,20,5,0,0
3036,BVC,Bhavnagar,Gaurav Tiwari,4.73,1219,Electric EV (Nexon/Tigor),MG ZS EV,4,400,16,6,1,0
3037,MAL,Malda,Dinesh Pillai,4.75,550,Hatchback (WagonR),Tata Tiago,4,250,12,13,0,0
3038,CCU,Kolkata,Rahul Banerjee,4.77,2193,Electric EV (Nexon/Tigor),Tata Nexon EV,4,400,16,3,1,0
3039,RGD,Raigarh,Ramesh Verma,4.54,2336,Executive Premium,Mercedes C-Class,4,1200,35,10,0,0
3040,STV,Surat,Sunil Yadav,4.48,1249,Sedan (Dzire/Etios),Maruti Suzuki Dzire,4,350,14,3,0,0
3041,IXS,Silchar,Santosh Kulkarni,4.48,2152,Hatchback (WagonR),Tata Tiago,4,250,12,5,0,0
3042,PAL,Pali,Pankaj Das,4.86,1502,SUV (Ertiga/Innova),Mahindra XUV700,6,650,20,9,0,0
3043,SWM,Ranthambore / Sawai Madhopur,Suresh Patel,4.41,632,Sedan (Dzire/Etios),Hyundai Aura,4,350,14,14,0,0
3044,IXU,Chhatrapati Sambhaji Nagar (Aurangabad),Rahul Banerjee,4.58,1525,Executive Premium,Mercedes C-Class,4,1200,35,4,0,0
3045,SHL,Shillong,Sunil Yadav,4.46,1807,SUV (Ertiga/Innova),Maruti Ertiga,6,650,20,4,0,0
3046,GOX,Goa (Mopa),Vikram Singh,4.52,286,Electric EV (Nexon/Tigor),Tata Nexon EV,4,400,16,8,1,0
3047,SAH,Saharanpur,Santosh Kulkarni,4.89,1537,Hatchback (WagonR),Tata Tiago,4,250,12,12,0,0
3048,CFH,Chitrakoot,Vikram Singh,4.79,1457,SUV (Ertiga/Innova),Toyota Innova Crysta,6,650,20,13,0,0
3049,PAT,Patna,Anil Deshmukh,4.52,1914,Electric EV (Nexon/Tigor),Tata Tigor EV,4,400,16,4,1,0
3050,AJL,Aizawl,Amit Kumar,4.95,522,SUV (Ertiga/Innova),Maruti Ertiga,6,650,20,8,0,0
3051,PNV,Porbandar,Rahul Banerjee,4.43,2366,SUV (Ertiga/Innova),Maruti Ertiga,6,650,20,8,0,0
3052,BHU,Bathinda,Gaurav Tiwari,4.92,624,Airport Express Shuttle,Force Traveller AC,12,180,8,7,0,1
3053,KAP,Kadapa,Deepak Joshi,4.56,1476,Airport Express Shuttle,Force Traveller AC,12,180,8,14,0,1
3054,GOX,Goa (Mopa),Manoj Gupta,4.62,429,Sedan (Dzire/Etios),Toyota Etios,4,350,14,6,0,0
3055,YTL,Yavatmal,Mahesh Choudhary,4.91,1844,Airport Express Shuttle,Force Traveller AC,12,180,8,10,0,1
3056,PYG,Gangtok / Pakyong (Sikkim),Santosh Kulkarni,4.52,743,Sedan (Dzire/Etios),Toyota Etios,4,350,14,11,0,0
3057,MYQ,Mysuru,Rohan Mehta,4.52,643,Sedan (Dzire/Etios),Hyundai Aura,4,350,14,8,0,0
3058,NMS,Naliya,Praveen Nair,4.63,2199,Hatchback (WagonR),Tata Tiago,4,250,12,5,0,0
3059,HSS,Hisar,Rajesh Sharma,4.89,2000,SUV (Ertiga/Innova),Toyota Innova Crysta,6,650,20,12,0,0
3060,VZY,Vijayawada,Mahesh Choudhary,4.94,2319,Electric EV (Nexon/Tigor),MG ZS EV,4,400,16,10,1,0
3061,SAG,Shirdi,Gaurav Tiwari,4.68,977,Electric EV (Nexon/Tigor),Tata Nexon EV,4,400,16,13,1,0
3062,JGD,Jagdalpur,Ramesh Verma,4.84,1305,Hatchback (WagonR),Maruti Suzuki WagonR,4,250,12,3,0,0
3063,SWM,Ranthambore / Sawai Madhopur,Rohan Mehta,4.81,1813,Sedan (Dzire/Etios),Hyundai Aura,4,350,14,3,0,0
3064,IXB,Siliguri / Bagdogra,Harpreet Singh,4.77,798,Airport Express Shuttle,Force Traveller AC,12,180,8,10,0,1
3065,DMO,Damoh,Dinesh Pillai,4.62,623,Sedan (Dzire/Etios),Hyundai Aura,4,350,14,3,0,0
3066,ATQ,Amritsar,Ramesh Verma,4.87,1874,SUV (Ertiga/Innova),Toyota Innova Crysta,6,650,20,9,0,0
3067,RGD,Raigarh,Sunil Yadav,4.58,788,Executive Premium,Toyota Camry Hybrid,4,1200,35,5,0,0
3068,RGD,Raigarh,Rohan Mehta,4.78,836,Executive Premium,Mercedes C-Class,4,1200,35,5,0,0
3069,WGC,Warangal,Deepak Joshi,4.72,616,Sedan (Dzire/Etios),Hyundai Aura,4,350,14,5,0,0
3070,TCR,Thoothukudi (Tuticorin),Anil Deshmukh,4.73,2059,Executive Premium,Skoda Superb,4,1200,35,7,0,0
3071,VZY,Vijayawada,Suresh Patel,4.54,151,Airport Express Shuttle,Force Traveller AC,12,180,8,7,0,1
3072,DBR,Darbhanga,Santosh Kulkarni,4.54,833,Airport Express Shuttle,Tata Winger Executive,12,180,8,11,0,1
3073,PNQ,Pune,Sunil Yadav,4.63,2130,Hatchback (WagonR),Maruti Suzuki WagonR,4,250,12,11,0,0
3074,VNS,Varanasi,Praveen Nair,4.94,1980,SUV (Ertiga/Innova),Maruti Ertiga,6,650,20,8,0,0
3075,LAT,Latur,Pankaj Das,4.94,347,Executive Premium,Mercedes C-Class,4,1200,35,10,0,0
3076,ATQ,Amritsar,Pankaj Das,4.83,1467,Electric EV (Nexon/Tigor),Tata Nexon EV,4,400,16,11,1,0
3077,JLG,Jalgaon,Amit Kumar,4.63,1257,Hatchback (WagonR),Maruti Suzuki WagonR,4,250,12,13,0,0
3078,SAH,Saharanpur,Pankaj Das,4.41,618,Airport Express Shuttle,Force Traveller AC,12,180,8,14,0,1
3079,GOX,Goa (Mopa),Manoj Gupta,4.51,2048,Sedan (Dzire/Etios),Maruti Suzuki Dzire,4,350,14,6,0,0
3080,PINJ,Panchkula / Pinjore,Rajesh Sharma,4.52,1592,Electric EV (Nexon/Tigor),Tata Nexon EV,4,400,16,9,1,0
3081,MZS,Sonbhadra,Amit Kumar,4.54,810,SUV (Ertiga/Innova),Maruti Ertiga,6,650,20,6,0,0
3082,BHO,Bhopal,Mahesh Choudhary,4.81,1438,Hatchback (WagonR),Maruti Suzuki WagonR,4,250,12,3,0,0
3083,IXD,Prayagraj (Allahabad),Gaurav Tiwari,4.57,135,Executive Premium,Mercedes C-Class,4,1200,35,11,0,0
3084,VJZ,Bhogapuram / Vizianagaram,Mahesh Choudhary,4.73,2341,Airport Express Shuttle,Force Traveller AC,12,180,8,9,0,1
3085,BAR,Baramati,Amit Kumar,4.64,1598,Airport Express Shuttle,Force Traveller AC,12,180,8,14,0,1
3086,SDW,Sindhudurg,Sanjay Rao,4.48,2188,Electric EV (Nexon/Tigor),Tata Nexon EV,4,400,16,11,1,0
3087,GOX,Goa (Mopa),Sanjay Rao,4.6,272,Airport Express Shuttle,Tata Winger Executive,12,180,8,6,0,1
3088,KUU,Kullu / Manali,Manoj Gupta,4.65,1343,SUV (Ertiga/Innova),Toyota Innova Crysta,6,650,20,4,0,0
3089,OSB,Dharashiv,Ramesh Verma,4.59,1418,Executive Premium,Skoda Superb,4,1200,35,11,0,0
3090,HSS,Hisar,Santosh Kulkarni,4.62,844,Hatchback (WagonR),Maruti Suzuki WagonR,4,250,12,13,0,0
3091,IXT,Pasighat,Suresh Patel,4.55,959,Hatchback (WagonR),Maruti Suzuki WagonR,4,250,12,3,0,0
3092,AKL,Akola,Rajesh Sharma,4.47,2197,Executive Premium,Toyota Camry Hybrid,4,1200,35,7,0,0
3093,IXU,Chhatrapati Sambhaji Nagar (Aurangabad),Manoj Gupta,4.83,948,Sedan (Dzire/Etios),Hyundai Aura,4,350,14,5,0,0
3094,MOR,Moradabad,Harpreet Singh,4.63,2023,Executive Premium,Toyota Camry Hybrid,4,1200,35,4,0,0
3095,MYQ,Mysuru,Mahesh Choudhary,4.9,1807,SUV (Ertiga/Innova),Maruti Ertiga,6,650,20,7,0,0
3096,NMS,Naliya,Manoj Gupta,4.43,647,SUV (Ertiga/Innova),Toyota Innova Crysta,6,650,20,3,0,0
3097,AMR,Amravati,Ramesh Verma,4.63,1473,Executive Premium,Skoda Superb,4,1200,35,5,0,0
3098,IXZ,Port Blair (Andaman),Manoj Gupta,4.96,436,Electric EV (Nexon/Tigor),Tata Tigor EV,4,400,16,3,1,0
3099,BLR,Bengaluru,Praveen Nair,4.53,153,Hatchback (WagonR),Maruti Suzuki WagonR,4,250,12,13,0,0
3100,BKN,Bikaner,Anil Deshmukh,4.85,859,Electric EV (Nexon/Tigor),Tata Tigor EV,4,400,16,5,1,0
3101,HSS,Hisar,Pankaj Das,4.73,1262,Hatchback (WagonR),Tata Tiago,4,250,12,9,0,0
3102,PAL,Pali,Rajesh Sharma,4.48,1693,Sedan (Dzire/Etios),Toyota Etios,4,350,14,12,0,0
3103,IXS,Silchar,Gaurav Tiwari,4.69,1691,Executive Premium,Mercedes C-Class,4,1200,35,6,0,0
3104,PINJ,Panchkula / Pinjore,Manoj Gupta,4.78,1349,SUV (Ertiga/Innova),Toyota Innova Crysta,6,650,20,12,0,0
3105,RGD,Raigarh,Vijay Reddy,4.66,626,Hatchback (WagonR),Tata Tiago,4,250,12,3,0,0
3106,CFH,Chitrakoot,Pankaj Das,4.61,767,Sedan (Dzire/Etios),Toyota Etios,4,350,14,7,0,0
3107,BDQ,Vadodara,Sunil Yadav,4.41,932,Hatchback (WagonR),Hyundai i10,4,250,12,13,0,0
3108,LAT,Latur,Amit Kumar,4.65,2183,Airport Express Shuttle,Tata Winger Executive,12,180,8,14,0,1
3109,IMF,Imphal,Anil Deshmukh,4.89,1105,Hatchback (WagonR),Tata Tiago,4,250,12,4,0,0
3110,ZER,Ziro,Santosh Kulkarni,4.46,739,Sedan (Dzire/Etios),Maruti Suzuki Dzire,4,350,14,12,0,0
3111,AMB,Ambikapur,Anil Deshmukh,4.89,1344,Executive Premium,Mercedes C-Class,4,1200,35,3,0,0
3112,VJZ,Bhogapuram / Vizianagaram,Manoj Gupta,4.62,760,Sedan (Dzire/Etios),Hyundai Aura,4,350,14,6,0,0
3113,IXL,Leh (Ladakh),Dinesh Pillai,4.97,1907,Airport Express Shuttle,Force Traveller AC,12,180,8,9,0,1
3114,GOI,Goa (Dabolim),Amit Kumar,4.48,943,SUV (Ertiga/Innova),Maruti Ertiga,6,650,20,3,0,0
3115,DGR,Deoghar,Rohan Mehta,4.57,632,Hatchback (WagonR),Tata Tiago,4,250,12,3,0,0
3116,RMD,Ratnagiri,Suresh Patel,4.45,1811,SUV (Ertiga/Innova),Toyota Innova Crysta,6,650,20,11,0,0
3117,KQH,Ajmer / Kishangarh,Amit Kumar,4.83,1307,Hatchback (WagonR),Tata Tiago,4,250,12,12,0,0
3118,IXR,Ranchi,Deepak Joshi,4.49,533,Executive Premium,Mercedes C-Class,4,1200,35,6,0,0
3119,KAM,Kamalpur,Gaurav Tiwari,4.97,745,Airport Express Shuttle,Force Traveller AC,12,180,8,8,0,1
3120,KAI,Kailashahar,Suresh Patel,4.61,1460,Sedan (Dzire/Etios),Maruti Suzuki Dzire,4,350,14,10,0,0
3121,JGA,Jamnagar,Anil Deshmukh,4.79,948,Electric EV (Nexon/Tigor),MG ZS EV,4,400,16,3,1,0
3122,RJA,Rajahmundry,Ramesh Verma,4.57,820,Hatchback (WagonR),Maruti Suzuki WagonR,4,250,12,5,0,0
3123,IXB,Siliguri / Bagdogra,Amit Kumar,4.58,903,Airport Express Shuttle,Force Traveller AC,12,180,8,7,0,1
3124,AGR,Agra,Amit Kumar,4.93,184,Airport Express Shuttle,Force Traveller AC,12,180,8,14,0,1
3125,BOM,Mumbai,Vikram Singh,4.59,2114,SUV (Ertiga/Innova),Toyota Innova Crysta,6,650,20,10,0,0
3126, سات,Satna,Vikram Singh,4.55,1172,SUV (Ertiga/Innova),Toyota Innova Crysta,6,650,20,11,0,0
3127,IXW,Jamshedpur,Pankaj Das,4.97,1805,Executive Premium,Mercedes C-Class,4,1200,35,7,0,0
3128,OSB,Dharashiv,Ramesh Verma,4.53,1682,Electric EV (Nexon/Tigor),MG ZS EV,4,400,16,4,1,0
3129,DMO,Damoh,Rajesh Sharma,4.74,2316,Executive Premium,Mercedes C-Class,4,1200,35,5,0,0
3130,KQH,Ajmer / Kishangarh,Mahesh Choudhary,4.54,323,Sedan (Dzire/Etios),Maruti Suzuki Dzire,4,350,14,13,0,0
3131,JSA,Jaisalmer,Manoj Gupta,4.86,509,Executive Premium,Skoda Superb,4,1200,35,3,0,0
3132,VZY,Vijayawada,Rajesh Sharma,4.9,1982,Sedan (Dzire/Etios),Toyota Etios,4,350,14,3,0,0
3133,SXV,Shivamogga,Dinesh Pillai,4.54,943,Executive Premium,Toyota Camry Hybrid,4,1200,35,9,0,0
3134,IXL,Leh (Ladakh),Vikram Singh,4.77,1006,Airport Express Shuttle,Force Traveller AC,12,180,8,11,0,1
3135,OSB,Dharashiv,Dinesh Pillai,4.97,1658,Electric EV (Nexon/Tigor),Tata Tigor EV,4,400,16,5,1,0
3136,LUD,Ludhiana,Suresh Patel,4.91,1250,Hatchback (WagonR),Tata Tiago,4,250,12,13,0,0
3137,GAW,Guwahati,Santosh Kulkarni,4.79,1995,SUV (Ertiga/Innova),Maruti Ertiga,6,650,20,10,0,0
3138,TRV,Thiruvananthapuram,Sanjay Rao,4.55,1707,Sedan (Dzire/Etios),Toyota Etios,4,350,14,8,0,0
3139,MZS,Sonbhadra,Rohan Mehta,4.73,409,Airport Express Shuttle,Tata Winger Executive,12,180,8,7,0,1
3140,NVM,Navi Mumbai,Vikram Singh,4.43,1699,SUV (Ertiga/Innova),Toyota Innova Crysta,6,650,20,3,0,0
3141,IXD,Prayagraj (Allahabad),Anil Deshmukh,4.73,1924,Sedan (Dzire/Etios),Hyundai Aura,4,350,14,14,0,0
3142,TEZ,Tezpur,Pankaj Das,4.54,1816,Executive Premium,Mercedes C-Class,4,1200,35,4,0,0
3143,NVY,Neyveli,Dinesh Pillai,4.77,636,Electric EV (Nexon/Tigor),Tata Tigor EV,4,400,16,11,1,0
3144,GBI,Kalaburagi (Gulbarga),Mahesh Choudhary,4.81,385,SUV (Ertiga/Innova),Toyota Innova Crysta,6,650,20,3,0,0
3145,IXP,Pathankot,Praveen Nair,4.85,2089,Executive Premium,Skoda Superb,4,1200,35,10,0,0
3146,KBK,Kushinagar,Vikram Singh,4.57,1123,Hatchback (WagonR),Tata Tiago,4,250,12,9,0,0
3147,PBN,Parbhani,Mahesh Choudhary,4.44,474,SUV (Ertiga/Innova),Mahindra XUV700,6,650,20,14,0,0
3148,BOM,Mumbai,Mahesh Choudhary,4.63,1690,Sedan (Dzire/Etios),Toyota Etios,4,350,14,13,0,0
3149,SHL,Shillong,Manoj Gupta,4.73,1730,Executive Premium,Mercedes C-Class,4,1200,35,10,0,0
3150,BHJ,Bhuj (Kutch),Sunil Yadav,4.64,1340,Hatchback (WagonR),Maruti Suzuki WagonR,4,250,12,10,0,0
3151,PNQ,Pune,Vijay Reddy,4.74,1182,Airport Express Shuttle,Tata Winger Executive,12,180,8,14,0,1
3152,RKG,Durgapur,Deepak Joshi,4.84,624,Sedan (Dzire/Etios),Hyundai Aura,4,350,14,5,0,0
3153,YTL,Yavatmal,Amit Kumar,4.58,523,Airport Express Shuttle,Tata Winger Executive,12,180,8,8,0,1
3154,MUZ,Muzaffarpur,Vikram Singh,4.47,453,Sedan (Dzire/Etios),Maruti Suzuki Dzire,4,350,14,5,0,0
3155,STV,Surat,Santosh Kulkarni,4.63,1535,SUV (Ertiga/Innova),Maruti Ertiga,6,650,20,8,0,0
3156,BHU,Bathinda,Mahesh Choudhary,4.45,1950,Airport Express Shuttle,Force Traveller AC,12,180,8,14,0,1
3157,PNV,Porbandar,Santosh Kulkarni,4.55,2356,Hatchback (WagonR),Maruti Suzuki WagonR,4,250,12,12,0,0
3158,BHO,Bhopal,Dinesh Pillai,4.72,2261,Executive Premium,Toyota Camry Hybrid,4,1200,35,13,0,0
3159,PAT,Patna,Sanjay Rao,4.68,124,Hatchback (WagonR),Tata Tiago,4,250,12,7,0,0
3160,BDQ,Vadodara,Sanjay Rao,4.68,685,Executive Premium,Toyota Camry Hybrid,4,1200,35,3,0,0
3161,DON,Bhadrak / Dhamra,Amit Kumar,4.41,987,Executive Premium,Toyota Camry Hybrid,4,1200,35,10,0,0
3162,RMD,Ratnagiri,Rohan Mehta,4.88,865,SUV (Ertiga/Innova),Mahindra XUV700,6,650,20,7,0,0
3163,MRA,Noida / Jewar,Vikram Singh,4.52,565,Electric EV (Nexon/Tigor),MG ZS EV,4,400,16,7,1,0
3164,UTL,Barmer,Rajesh Sharma,4.55,1990,Airport Express Shuttle,Tata Winger Executive,12,180,8,8,0,1
3165,LKO,Lucknow,Ramesh Verma,4.78,1861,Electric EV (Nexon/Tigor),Tata Tigor EV,4,400,16,3,1,0
3166,KHO,Khowai,Suresh Patel,4.9,401,Airport Express Shuttle,Tata Winger Executive,12,180,8,10,0,1
3167,IXP,Pathankot,Ramesh Verma,4.54,2241,Sedan (Dzire/Etios),Toyota Etios,4,350,14,12,0,0
3168,PYG,Gangtok / Pakyong (Sikkim),Santosh Kulkarni,4.87,1036,Airport Express Shuttle,Tata Winger Executive,12,180,8,13,0,1
3169,IXC,Chandigarh,Manoj Gupta,4.45,436,Sedan (Dzire/Etios),Hyundai Aura,4,350,14,7,0,0
3170,ROU,Rourkela,Manoj Gupta,4.7,1587,Executive Premium,Toyota Camry Hybrid,4,1200,35,8,0,0
3171,LKO,Lucknow,Gaurav Tiwari,4.67,889,Airport Express Shuttle,Tata Winger Executive,12,180,8,14,0,1
3172,BKN,Bikaner,Santosh Kulkarni,4.44,1407,Electric EV (Nexon/Tigor),Tata Nexon EV,4,400,16,11,1,0
3173,IXU,Chhatrapati Sambhaji Nagar (Aurangabad),Gaurav Tiwari,4.92,1368,Airport Express Shuttle,Tata Winger Executive,12,180,8,4,0,1
3174,IDR,Indore,Suresh Patel,4.52,1824,Hatchback (WagonR),Maruti Suzuki WagonR,4,250,12,12,0,0
3175,MAL,Malda,Dinesh Pillai,4.57,86,Sedan (Dzire/Etios),Toyota Etios,4,350,14,8,0,0
3176,BBI,Bhubaneswar,Ramesh Verma,4.42,238,Executive Premium,Mercedes C-Class,4,1200,35,13,0,0
3177, سات,Satna,Suresh Patel,4.46,1085,Hatchback (WagonR),Tata Tiago,4,250,12,4,0,0
3178,TEZ,Tezpur,Sunil Yadav,4.73,104,SUV (Ertiga/Innova),Maruti Ertiga,6,650,20,10,0,0
3179,GWL,Gwalior,Dinesh Pillai,4.78,1161,SUV (Ertiga/Innova),Mahindra XUV700,6,650,20,9,0,0
3180,AGX,Agatti Island (Lakshadweep),Vijay Reddy,4.46,2077,Airport Express Shuttle,Tata Winger Executive,12,180,8,9,0,1
3181, سات,Satna,Dinesh Pillai,4.87,657,Executive Premium,Mercedes C-Class,4,1200,35,6,0,0
3182,IXE,Mangaluru,Vikram Singh,4.78,1614,Sedan (Dzire/Etios),Maruti Suzuki Dzire,4,350,14,5,0,0
3183,MYQ,Mysuru,Sanjay Rao,4.74,1928,Hatchback (WagonR),Maruti Suzuki WagonR,4,250,12,12,0,0
3184,DIU,Diu,Sunil Yadav,4.83,1990,Executive Premium,Skoda Superb,4,1200,35,6,0,0
3185,DEL,New Delhi,Harpreet Singh,4.57,123,Sedan (Dzire/Etios),Maruti Suzuki Dzire,4,350,14,10,0,0
3186,PAT,Patna,Anil Deshmukh,4.61,273,Airport Express Shuttle,Force Traveller AC,12,180,8,7,0,1
3187,VJZ,Bhogapuram / Vizianagaram,Manoj Gupta,4.68,394,Sedan (Dzire/Etios),Maruti Suzuki Dzire,4,350,14,5,0,0
3188,HYD,Hyderabad,Harpreet Singh,4.85,750,Executive Premium,Skoda Superb,4,1200,35,4,0,0
3189,LUD,Ludhiana,Suresh Patel,4.42,2192,Hatchback (WagonR),Tata Tiago,4,250,12,14,0,0
3190,LAT,Latur,Deepak Joshi,4.57,560,Airport Express Shuttle,Force Traveller AC,12,180,8,4,0,1
3191,CKU,Chakulia,Santosh Kulkarni,4.71,162,Electric EV (Nexon/Tigor),Tata Nexon EV,4,400,16,9,1,0
3192,BHJ,Bhuj (Kutch),Praveen Nair,4.96,109,Executive Premium,Toyota Camry Hybrid,4,1200,35,5,0,0
3193,LAT,Latur,Dinesh Pillai,4.46,2263,Airport Express Shuttle,Force Traveller AC,12,180,8,13,0,1
3194,TRV,Thiruvananthapuram,Mahesh Choudhary,4.84,178,SUV (Ertiga/Innova),Toyota Innova Crysta,6,650,20,14,0,0
3195,CHI,Chhindwara,Mahesh Choudhary,4.76,1216,Sedan (Dzire/Etios),Hyundai Aura,4,350,14,6,0,0
3196,DBR,Darbhanga,Mahesh Choudhary,4.46,1699,SUV (Ertiga/Innova),Maruti Ertiga,6,650,20,6,0,0
3197,JHW,Jhalawar,Mahesh Choudhary,4.46,542,Sedan (Dzire/Etios),Toyota Etios,4,350,14,11,0,0
3198,SRA,Shravasti,Santosh Kulkarni,4.53,1421,Airport Express Shuttle,Force Traveller AC,12,180,8,3,0,1
3199,NWP,Pithoragarh,Harpreet Singh,4.83,1725,SUV (Ertiga/Innova),Mahindra XUV700,6,650,20,12,0,0
3200,PUR,Purulia,Ramesh Verma,4.8,1172,SUV (Ertiga/Innova),Toyota Innova Crysta,6,650,20,9,0,0
3201,GBI,Kalaburagi (Gulbarga),Anil Deshmukh,4.51,1953,Airport Express Shuttle,Tata Winger Executive,12,180,8,3,0,1
3202,KNU,Kanpur,Rahul Banerjee,4.82,551,Hatchback (WagonR),Maruti Suzuki WagonR,4,250,12,9,0,0
3203,CCJ,Kozhikode (Calicut),Sunil Yadav,4.8,1203,Airport Express Shuttle,Tata Winger Executive,12,180,8,3,0,1
3204,VNS,Varanasi,Deepak Joshi,4.46,1999,Airport Express Shuttle,Force Traveller AC,12,180,8,8,0,1
3205,YTL,Yavatmal,Vijay Reddy,4.97,1526,Sedan (Dzire/Etios),Hyundai Aura,4,350,14,4,0,0
3206,LUD,Ludhiana,Deepak Joshi,4.89,958,Electric EV (Nexon/Tigor),MG ZS EV,4,400,16,8,1,0
3207,ANK,Ankleshwar,Rohan Mehta,4.85,2224,Hatchback (WagonR),Tata Tiago,4,250,12,4,0,0
3208,MRA,Noida / Jewar,Deepak Joshi,4.89,2258,Airport Express Shuttle,Force Traveller AC,12,180,8,6,0,1
3209,IXZ,Port Blair (Andaman),Vijay Reddy,4.98,973,Executive Premium,Toyota Camry Hybrid,4,1200,35,9,0,0
3210,CJB,Coimbatore,Praveen Nair,4.92,1044,Electric EV (Nexon/Tigor),Tata Nexon EV,4,400,16,4,1,0
3211,RXL,Raxaul,Pankaj Das,4.81,2022,Sedan (Dzire/Etios),Maruti Suzuki Dzire,4,350,14,9,0,0
3212,PUR,Purulia,Santosh Kulkarni,4.81,1037,Electric EV (Nexon/Tigor),Tata Nexon EV,4,400,16,9,1,0
3213,SNE,Singrauli,Rohan Mehta,4.89,1827,Electric EV (Nexon/Tigor),Tata Tigor EV,4,400,16,8,1,0
3214,SWM,Ranthambore / Sawai Madhopur,Praveen Nair,4.91,2017,Airport Express Shuttle,Force Traveller AC,12,180,8,12,0,1
3215,RXL,Raxaul,Anil Deshmukh,4.91,631,Executive Premium,Toyota Camry Hybrid,4,1200,35,7,0,0
3216,DMO,Damoh,Rajesh Sharma,4.82,384,Electric EV (Nexon/Tigor),Tata Tigor EV,4,400,16,3,1,0
3217,KOP,Kolhapur,Anil Deshmukh,4.93,125,Electric EV (Nexon/Tigor),MG ZS EV,4,400,16,9,1,0
3218,PBF,Bilaspur,Rajesh Sharma,4.63,2275,Sedan (Dzire/Etios),Hyundai Aura,4,350,14,7,0,0
3219,AMD,Ahmedabad,Ramesh Verma,4.58,1754,Executive Premium,Skoda Superb,4,1200,35,4,0,0
3220,MAA,Chennai,Praveen Nair,4.79,761,Sedan (Dzire/Etios),Maruti Suzuki Dzire,4,350,14,9,0,0
3221,IXP,Pathankot,Vijay Reddy,4.48,2213,Sedan (Dzire/Etios),Hyundai Aura,4,350,14,13,0,0
3222,ATQ,Amritsar,Sanjay Rao,4.85,1239,SUV (Ertiga/Innova),Mahindra XUV700,6,650,20,5,0,0
3223,SXR,Srinagar,Sanjay Rao,4.45,2369,SUV (Ertiga/Innova),Maruti Ertiga,6,650,20,6,0,0
3224,IXS,Silchar,Rohan Mehta,4.83,640,Sedan (Dzire/Etios),Maruti Suzuki Dzire,4,350,14,13,0,0
3225,RAT,Ratlam,Mahesh Choudhary,4.75,521,Hatchback (WagonR),Hyundai i10,4,250,12,13,0,0
3226,MAA,Chennai,Gaurav Tiwari,4.62,1049,Sedan (Dzire/Etios),Maruti Suzuki Dzire,4,350,14,7,0,0
3227,SAH,Saharanpur,Santosh Kulkarni,4.52,759,Executive Premium,Skoda Superb,4,1200,35,9,0,0
3228,IXT,Pasighat,Ramesh Verma,4.49,2179,Hatchback (WagonR),Hyundai i10,4,250,12,12,0,0
3229,KUU,Kullu / Manali,Suresh Patel,4.69,1598,Airport Express Shuttle,Tata Winger Executive,12,180,8,6,0,1
3230,UTL,Barmer,Gaurav Tiwari,4.55,1615,Sedan (Dzire/Etios),Hyundai Aura,4,350,14,8,0,0
3231,BOM,Mumbai,Rohan Mehta,4.52,1982,Hatchback (WagonR),Hyundai i10,4,250,12,11,0,0
3232,MRA,Noida / Jewar,Deepak Joshi,4.95,1278,Executive Premium,Mercedes C-Class,4,1200,35,11,0,0
3233,AKL,Akola,Rahul Banerjee,4.79,1472,Electric EV (Nexon/Tigor),MG ZS EV,4,400,16,6,1,0
3234,TRV,Thiruvananthapuram,Mahesh Choudhary,4.94,135,Sedan (Dzire/Etios),Maruti Suzuki Dzire,4,350,14,10,0,0
3235,KQH,Ajmer / Kishangarh,Santosh Kulkarni,4.54,479,Sedan (Dzire/Etios),Toyota Etios,4,350,14,7,0,0
3236,NDC,Nanded,Harpreet Singh,4.6,1008,Airport Express Shuttle,Tata Winger Executive,12,180,8,12,0,1
3237,DEL,New Delhi,Dinesh Pillai,4.6,633,Hatchback (WagonR),Tata Tiago,4,250,12,6,0,0
3238,IMF,Imphal,Ramesh Verma,4.53,2397,Airport Express Shuttle,Force Traveller AC,12,180,8,3,0,1
3239,HYD,Hyderabad,Vijay Reddy,4.41,1322,Airport Express Shuttle,Tata Winger Executive,12,180,8,5,0,1
3240,KBK,Kushinagar,Harpreet Singh,4.59,1555,Sedan (Dzire/Etios),Maruti Suzuki Dzire,4,350,14,3,0,0
3241,IXW,Jamshedpur,Suresh Patel,4.41,1839,Electric EV (Nexon/Tigor),Tata Nexon EV,4,400,16,11,1,0
3242,IXU,Chhatrapati Sambhaji Nagar (Aurangabad),Praveen Nair,4.5,1940,Airport Express Shuttle,Force Traveller AC,12,180,8,8,0,1
3243,AGX,Agatti Island (Lakshadweep),Rahul Banerjee,4.74,662,SUV (Ertiga/Innova),Toyota Innova Crysta,6,650,20,7,0,0
3244,GOI,Goa (Dabolim),Vikram Singh,4.55,663,SUV (Ertiga/Innova),Maruti Ertiga,6,650,20,11,0,0
3245,AKL,Akola,Rohan Mehta,4.49,2028,SUV (Ertiga/Innova),Maruti Ertiga,6,650,20,13,0,0
3246,GAW,Guwahati,Deepak Joshi,4.59,122,Electric EV (Nexon/Tigor),Tata Nexon EV,4,400,16,11,1,0
3247,DED,Dehradun,Praveen Nair,4.87,2109,Hatchback (WagonR),Tata Tiago,4,250,12,12,0,0
3248,AJL,Aizawl,Vikram Singh,4.52,1544,Hatchback (WagonR),Tata Tiago,4,250,12,8,0,0
3249,IXG,Belagavi,Rahul Banerjee,4.48,936,Electric EV (Nexon/Tigor),Tata Tigor EV,4,400,16,13,1,0
3250,SXR,Srinagar,Mahesh Choudhary,4.9,661,Executive Premium,Skoda Superb,4,1200,35,6,0,0
3251,HSR,Rajkot,Deepak Joshi,4.69,1928,Hatchback (WagonR),Tata Tiago,4,250,12,9,0,0
3252,NVM,Navi Mumbai,Vijay Reddy,4.85,1558,Hatchback (WagonR),Maruti Suzuki WagonR,4,250,12,4,0,0
3253,GOP,Ganjam / Gopalpur,Vijay Reddy,4.46,1310,Executive Premium,Toyota Camry Hybrid,4,1200,35,7,0,0
3254,AKL,Akola,Pankaj Das,4.88,1526,Hatchback (WagonR),Tata Tiago,4,250,12,13,0,0
3255,RGD,Raigarh,Rohan Mehta,4.5,707,Hatchback (WagonR),Tata Tiago,4,250,12,6,0,0
3256,MYQ,Mysuru,Harpreet Singh,4.58,1681,SUV (Ertiga/Innova),Toyota Innova Crysta,6,650,20,12,0,0
3257,AMR,Amravati,Anil Deshmukh,4.8,519,Hatchback (WagonR),Maruti Suzuki WagonR,4,250,12,10,0,0
3258,SSE,Solapur,Suresh Patel,4.42,2128,Sedan (Dzire/Etios),Maruti Suzuki Dzire,4,350,14,9,0,0
3259,MRA,Noida / Jewar,Sanjay Rao,4.93,1615,Electric EV (Nexon/Tigor),Tata Tigor EV,4,400,16,3,1,0
3260,ZER,Ziro,Vijay Reddy,4.88,378,Hatchback (WagonR),Tata Tiago,4,250,12,4,0,0
3261,IXW,Jamshedpur,Suresh Patel,4.59,1022,Airport Express Shuttle,Tata Winger Executive,12,180,8,12,0,1
3262,KHA,Khandwa,Sanjay Rao,4.51,537,Executive Premium,Skoda Superb,4,1200,35,10,0,0
3263,PAL,Pali,Amit Kumar,4.46,841,Sedan (Dzire/Etios),Toyota Etios,4,350,14,11,0,0
3264,TRZ,Tiruchirappalli (Trichy),Manoj Gupta,4.41,1492,Hatchback (WagonR),Tata Tiago,4,250,12,6,0,0
3265,STV,Surat,Gaurav Tiwari,4.93,1099,Hatchback (WagonR),Maruti Suzuki WagonR,4,250,12,7,0,0
3266,DGR,Deoghar,Sunil Yadav,4.52,108,Sedan (Dzire/Etios),Maruti Suzuki Dzire,4,350,14,9,0,0
3267,UTK,Kalahandi / Utkela,Sunil Yadav,4.85,1817,Electric EV (Nexon/Tigor),Tata Nexon EV,4,400,16,6,1,0
3268,MRA,Noida / Jewar,Gaurav Tiwari,4.62,651,Executive Premium,Skoda Superb,4,1200,35,14,0,0
3269,IXC,Chandigarh,Amit Kumar,4.74,859,Sedan (Dzire/Etios),Toyota Etios,4,350,14,10,0,0
3270,NDC,Nanded,Praveen Nair,4.72,193,Sedan (Dzire/Etios),Hyundai Aura,4,350,14,6,0,0
3271,ZER,Ziro,Rohan Mehta,4.49,1457,Electric EV (Nexon/Tigor),Tata Nexon EV,4,400,16,7,1,0
3272,CFH,Chitrakoot,Amit Kumar,4.96,1661,Sedan (Dzire/Etios),Maruti Suzuki Dzire,4,350,14,9,0,0
3273,JGD,Jagdalpur,Ramesh Verma,4.83,968,Executive Premium,Toyota Camry Hybrid,4,1200,35,9,0,0
3274,KQH,Ajmer / Kishangarh,Harpreet Singh,4.65,1413,SUV (Ertiga/Innova),Mahindra XUV700,6,650,20,6,0,0
3275,HBX,Hubballi / Dharwad,Manoj Gupta,4.82,1163,SUV (Ertiga/Innova),Toyota Innova Crysta,6,650,20,3,0,0
3276,IXJ,Jammu,Sunil Yadav,4.51,1172,SUV (Ertiga/Innova),Maruti Ertiga,6,650,20,4,0,0
3277,BPI,Mayurbhanj,Sunil Yadav,4.86,413,Airport Express Shuttle,Force Traveller AC,12,180,8,13,0,1
3278,BHU,Bathinda,Mahesh Choudhary,4.9,1927,Executive Premium,Toyota Camry Hybrid,4,1200,35,10,0,0
3279,KAM,Kamalpur,Dinesh Pillai,4.59,844,Hatchback (WagonR),Maruti Suzuki WagonR,4,250,12,14,0,0
3280,BGP,Bhagalpur,Manoj Gupta,4.52,84,SUV (Ertiga/Innova),Toyota Innova Crysta,6,650,20,9,0,0
3281,AMRE,Amreli,Mahesh Choudhary,4.55,424,Executive Premium,Skoda Superb,4,1200,35,10,0,0
3282,BLT,Balurghat,Sanjay Rao,4.83,312,Hatchback (WagonR),Maruti Suzuki WagonR,4,250,12,14,0,0
3283,HSR,Rajkot,Amit Kumar,4.46,628,Airport Express Shuttle,Force Traveller AC,12,180,8,10,0,1
3284,CCU,Kolkata,Sanjay Rao,4.85,2082,Sedan (Dzire/Etios),Hyundai Aura,4,350,14,3,0,0
3285,IXB,Siliguri / Bagdogra,Rajesh Sharma,4.41,673,Executive Premium,Skoda Superb,4,1200,35,4,0,0
3286,NEEM,Neemuch,Deepak Joshi,4.8,2341,Sedan (Dzire/Etios),Toyota Etios,4,350,14,14,0,0
3287,IXJ,Jammu,Sanjay Rao,4.66,1131,Airport Express Shuttle,Force Traveller AC,12,180,8,4,0,1
3288,SSE,Solapur,Vikram Singh,4.5,685,Sedan (Dzire/Etios),Maruti Suzuki Dzire,4,350,14,14,0,0
3289,PUR,Purulia,Vikram Singh,4.88,627,SUV (Ertiga/Innova),Mahindra XUV700,6,650,20,12,0,0
3290,KBK,Kushinagar,Ramesh Verma,4.44,460,Electric EV (Nexon/Tigor),Tata Nexon EV,4,400,16,11,1,0
3291,ATQ,Amritsar,Gaurav Tiwari,4.7,1228,Electric EV (Nexon/Tigor),Tata Tigor EV,4,400,16,4,1,0
3292,BOK,Bokaro,Pankaj Das,4.77,1551,Hatchback (WagonR),Maruti Suzuki WagonR,4,250,12,6,0,0
3293,DED,Dehradun,Sanjay Rao,4.56,851,Airport Express Shuttle,Tata Winger Executive,12,180,8,6,0,1
3294,IXZ,Port Blair (Andaman),Rahul Banerjee,4.65,2156,Hatchback (WagonR),Tata Tiago,4,250,12,12,0,0
3295,JLR,Jabalpur,Suresh Patel,4.82,1314,Hatchback (WagonR),Hyundai i10,4,250,12,9,0,0
3296,GAW,Guwahati,Rahul Banerjee,4.85,302,Hatchback (WagonR),Hyundai i10,4,250,12,6,0,0
3297,NVY,Neyveli,Harpreet Singh,4.57,2390,Sedan (Dzire/Etios),Hyundai Aura,4,350,14,8,0,0
3298,DHR,Dibrugarh,Mahesh Choudhary,4.42,516,Executive Premium,Mercedes C-Class,4,1200,35,12,0,0
3299,KAP,Kadapa,Amit Kumar,4.82,108,SUV (Ertiga/Innova),Toyota Innova Crysta,6,650,20,6,0,0
3300,MEH,Mehsana,Rajesh Sharma,4.86,1843,SUV (Ertiga/Innova),Maruti Ertiga,6,650,20,9,0,0
3301,PUI,Purnea,Manoj Gupta,4.63,163,SUV (Ertiga/Innova),Maruti Ertiga,6,650,20,6,0,0
3302,SXV,Shivamogga,Ramesh Verma,4.76,1549,Electric EV (Nexon/Tigor),Tata Nexon EV,4,400,16,6,1,0
3303,UTK,Kalahandi / Utkela,Santosh Kulkarni,4.63,2100,Hatchback (WagonR),Hyundai i10,4,250,12,13,0,0
3304,DHR,Dibrugarh,Vijay Reddy,4.79,1021,Executive Premium,Mercedes C-Class,4,1200,35,6,0,0
3305,AMH,Azamgarh,Vikram Singh,4.86,903,Sedan (Dzire/Etios),Hyundai Aura,4,350,14,8,0,0
3306,BTH,Bettiah,Rajesh Sharma,4.97,2037,Executive Premium,Skoda Superb,4,1200,35,9,0,0
3307,KJB,Kurnool (Orvakal),Sunil Yadav,4.7,1742,Hatchback (WagonR),Hyundai i10,4,250,12,10,0,0
3308,GAW,Guwahati,Gaurav Tiwari,4.47,136,Hatchback (WagonR),Tata Tiago,4,250,12,9,0,0
3309,JLG,Jalgaon,Sunil Yadav,4.92,1666,Airport Express Shuttle,Tata Winger Executive,12,180,8,13,0,1
3310,AMRE,Amreli,Manoj Gupta,4.93,483,SUV (Ertiga/Innova),Maruti Ertiga,6,650,20,10,0,0
3311,NAG,Nagpur,Mahesh Choudhary,4.74,1963,Hatchback (WagonR),Tata Tiago,4,250,12,10,0,0
3312,CCU,Kolkata,Pankaj Das,4.83,1645,Hatchback (WagonR),Hyundai i10,4,250,12,3,0,0
3313,KHA,Khandwa,Pankaj Das,4.58,885,Airport Express Shuttle,Force Traveller AC,12,180,8,5,0,1
3314,KHO,Khowai,Rahul Banerjee,4.85,1000,Hatchback (WagonR),Tata Tiago,4,250,12,11,0,0
3315,PYG,Gangtok / Pakyong (Sikkim),Mahesh Choudhary,4.5,884,Executive Premium,Toyota Camry Hybrid,4,1200,35,8,0,0
3316,NDC,Nanded,Amit Kumar,4.66,2166,Sedan (Dzire/Etios),Hyundai Aura,4,350,14,12,0,0
3317,DMU,Dimapur,Rahul Banerjee,4.63,427,SUV (Ertiga/Innova),Mahindra XUV700,6,650,20,9,0,0
3318,MOR,Moradabad,Amit Kumar,4.97,1447,Hatchback (WagonR),Tata Tiago,4,250,12,6,0,0
3319,NDC,Nanded,Vikram Singh,4.78,1569,Airport Express Shuttle,Tata Winger Executive,12,180,8,12,0,1
3320,COK,Kochi,Rajesh Sharma,4.53,123,Sedan (Dzire/Etios),Maruti Suzuki Dzire,4,350,14,8,0,0
3321,JLR,Jabalpur,Mahesh Choudhary,4.68,1392,Airport Express Shuttle,Tata Winger Executive,12,180,8,13,0,1
3322,OSB,Dharashiv,Rahul Banerjee,4.58,751,Hatchback (WagonR),Hyundai i10,4,250,12,13,0,0
3323,AKL,Akola,Praveen Nair,4.41,720,Airport Express Shuttle,Tata Winger Executive,12,180,8,4,0,1
3324,TCR,Thoothukudi (Tuticorin),Anil Deshmukh,4.72,1956,Executive Premium,Toyota Camry Hybrid,4,1200,35,9,0,0
3325,PBN,Parbhani,Santosh Kulkarni,4.52,1617,Executive Premium,Toyota Camry Hybrid,4,1200,35,6,0,0
3326,JHW,Jhalawar,Mahesh Choudhary,4.46,2122,Electric EV (Nexon/Tigor),Tata Nexon EV,4,400,16,10,1,0
3327,IXR,Ranchi,Harpreet Singh,4.52,719,Electric EV (Nexon/Tigor),Tata Nexon EV,4,400,16,13,1,0
3328,JSA,Jaisalmer,Harpreet Singh,4.97,1426,Hatchback (WagonR),Tata Tiago,4,250,12,14,0,0
3329,CCU,Kolkata,Deepak Joshi,4.48,2109,Sedan (Dzire/Etios),Hyundai Aura,4,350,14,4,0,0
3330,CFH,Chitrakoot,Gaurav Tiwari,4.72,1605,Executive Premium,Toyota Camry Hybrid,4,1200,35,4,0,0
3331,JLR,Jabalpur,Manoj Gupta,4.91,1504,Executive Premium,Skoda Superb,4,1200,35,14,0,0
3332,ROU,Rourkela,Rajesh Sharma,4.82,121,Hatchback (WagonR),Maruti Suzuki WagonR,4,250,12,6,0,0
3333,PGH,Pantnagar / Nainital,Amit Kumar,4.7,581,Airport Express Shuttle,Tata Winger Executive,12,180,8,9,0,1
3334,SLV,Shimla,Rohan Mehta,4.43,2118,Hatchback (WagonR),Hyundai i10,4,250,12,5,0,0
3335,NPL,Narnaul,Anil Deshmukh,4.77,123,Executive Premium,Mercedes C-Class,4,1200,35,3,0,0
3336,HSR,Rajkot,Deepak Joshi,4.75,2039,Airport Express Shuttle,Tata Winger Executive,12,180,8,9,0,1
3337,GOI,Goa (Dabolim),Suresh Patel,4.83,1828,Sedan (Dzire/Etios),Toyota Etios,4,350,14,7,0,0
3338,BGP,Bhagalpur,Rohan Mehta,4.78,2010,SUV (Ertiga/Innova),Toyota Innova Crysta,6,650,20,3,0,0
3339,BLT,Balurghat,Rohan Mehta,4.62,99,Sedan (Dzire/Etios),Maruti Suzuki Dzire,4,350,14,6,0,0
3340,CFH,Chitrakoot,Pankaj Das,4.66,119,Airport Express Shuttle,Tata Winger Executive,12,180,8,9,0,1
3341,SWM,Ranthambore / Sawai Madhopur,Dinesh Pillai,4.69,2096,Sedan (Dzire/Etios),Hyundai Aura,4,350,14,11,0,0
3342,ZER,Ziro,Rajesh Sharma,4.7,942,Executive Premium,Skoda Superb,4,1200,35,9,0,0
3343,PAT,Patna,Praveen Nair,4.54,1839,Executive Premium,Toyota Camry Hybrid,4,1200,35,11,0,0
3344,AMRE,Amreli,Ramesh Verma,4.96,1940,SUV (Ertiga/Innova),Maruti Ertiga,6,650,20,10,0,0
3345,SLV,Shimla,Suresh Patel,4.47,2396,SUV (Ertiga/Innova),Mahindra XUV700,6,650,20,8,0,0
3346,GAY,Gaya,Manoj Gupta,4.96,615,Electric EV (Nexon/Tigor),Tata Nexon EV,4,400,16,10,1,0
3347,SDW,Sindhudurg,Gaurav Tiwari,4.54,674,Hatchback (WagonR),Maruti Suzuki WagonR,4,250,12,14,0,0
3348,BDQ,Vadodara,Rahul Banerjee,4.85,302,Sedan (Dzire/Etios),Maruti Suzuki Dzire,4,350,14,12,0,0
3349,PNQ,Pune,Dinesh Pillai,4.95,1810,Sedan (Dzire/Etios),Maruti Suzuki Dzire,4,350,14,6,0,0
3350,SIH,Sirohi,Vikram Singh,4.42,990,Electric EV (Nexon/Tigor),Tata Nexon EV,4,400,16,6,1,0
3351,PYG,Gangtok / Pakyong (Sikkim),Manoj Gupta,4.43,623,Sedan (Dzire/Etios),Toyota Etios,4,350,14,9,0,0
3352,RJA,Rajahmundry,Pankaj Das,4.52,1561,Electric EV (Nexon/Tigor),Tata Nexon EV,4,400,16,6,1,0
3353,KAP,Kadapa,Gaurav Tiwari,4.77,447,Hatchback (WagonR),Tata Tiago,4,250,12,4,0,0
3354,NEEM,Neemuch,Amit Kumar,4.63,289,SUV (Ertiga/Innova),Toyota Innova Crysta,6,650,20,6,0,0
3355,IXE,Mangaluru,Sunil Yadav,4.43,1559,Electric EV (Nexon/Tigor),Tata Nexon EV,4,400,16,7,1,0
3356,GAY,Gaya,Rahul Banerjee,4.94,1250,Hatchback (WagonR),Maruti Suzuki WagonR,4,250,12,14,0,0
3357,KOR,Koraput,Harpreet Singh,4.76,940,Hatchback (WagonR),Hyundai i10,4,250,12,13,0,0
3358,NWP,Pithoragarh,Ramesh Verma,4.96,966,Executive Premium,Toyota Camry Hybrid,4,1200,35,9,0,0
3359,BID,Bidar,Pankaj Das,4.92,1645,Executive Premium,Toyota Camry Hybrid,4,1200,35,10,0,0
3360,RJA,Rajahmundry,Pankaj Das,4.57,351,Electric EV (Nexon/Tigor),MG ZS EV,4,400,16,14,1,0
3361,TRZ,Tiruchirappalli (Trichy),Pankaj Das,4.67,1389,Executive Premium,Skoda Superb,4,1200,35,11,0,0
3362,TEZU,Tezu,Pankaj Das,4.6,2053,SUV (Ertiga/Innova),Mahindra XUV700,6,650,20,12,0,0
3363,OSB,Dharashiv,Praveen Nair,4.49,1524,Electric EV (Nexon/Tigor),MG ZS EV,4,400,16,12,1,0
3364,BPI,Mayurbhanj,Praveen Nair,4.7,2367,Hatchback (WagonR),Maruti Suzuki WagonR,4,250,12,12,0,0
3365,CHI,Chhindwara,Pankaj Das,4.96,1415,Hatchback (WagonR),Tata Tiago,4,250,12,3,0,0
3366,UDR,Udaipur,Sunil Yadav,4.49,2179,SUV (Ertiga/Innova),Mahindra XUV700,6,650,20,8,0,0
3367,HBX,Hubballi / Dharwad,Vijay Reddy,4.76,2244,Airport Express Shuttle,Force Traveller AC,12,180,8,7,0,1
3368,UTK,Kalahandi / Utkela,Suresh Patel,4.62,274,SUV (Ertiga/Innova),Mahindra XUV700,6,650,20,9,0,0
3369,PYB,Jeypore,Amit Kumar,4.86,1050,Electric EV (Nexon/Tigor),MG ZS EV,4,400,16,11,1,0
3370,IXB,Siliguri / Bagdogra,Rajesh Sharma,4.65,2201,Executive Premium,Mercedes C-Class,4,1200,35,5,0,0
3371,SNE,Singrauli,Manoj Gupta,4.84,1438,Airport Express Shuttle,Force Traveller AC,12,180,8,5,0,1
3372,KOK,Kokrajhar,Dinesh Pillai,4.61,416,Sedan (Dzire/Etios),Maruti Suzuki Dzire,4,350,14,13,0,0
3373,RKG,Durgapur,Vijay Reddy,4.43,1464,SUV (Ertiga/Innova),Mahindra XUV700,6,650,20,12,0,0
3374,NDC,Nanded,Dinesh Pillai,4.4,2350,Electric EV (Nexon/Tigor),Tata Nexon EV,4,400,16,5,1,0
3375,NMS,Naliya,Pankaj Das,4.97,1005,Electric EV (Nexon/Tigor),MG ZS EV,4,400,16,10,1,0
3376,CCJ,Kozhikode (Calicut),Deepak Joshi,4.76,574,Hatchback (WagonR),Maruti Suzuki WagonR,4,250,12,7,0,0
3377,PNV,Porbandar,Rahul Banerjee,4.91,1457,Executive Premium,Skoda Superb,4,1200,35,9,0,0
3378,SXV,Shivamogga,Dinesh Pillai,4.92,1023,Electric EV (Nexon/Tigor),MG ZS EV,4,400,16,5,1,0
3379,ZER,Ziro,Rajesh Sharma,4.9,2124,Executive Premium,Mercedes C-Class,4,1200,35,7,0,0
3380,ATQ,Amritsar,Santosh Kulkarni,4.71,2218,Electric EV (Nexon/Tigor),MG ZS EV,4,400,16,7,1,0
3381,NVY,Neyveli,Dinesh Pillai,4.76,985,Executive Premium,Skoda Superb,4,1200,35,9,0,0
3382,VZY,Vijayawada,Praveen Nair,4.5,386,Sedan (Dzire/Etios),Hyundai Aura,4,350,14,14,0,0
3383,RXL,Raxaul,Santosh Kulkarni,4.47,2268,Hatchback (WagonR),Tata Tiago,4,250,12,11,0,0
3384,DED,Dehradun,Harpreet Singh,4.68,1081,Executive Premium,Mercedes C-Class,4,1200,35,9,0,0
3385,SLN,Sultanpur,Sunil Yadav,4.47,466,Sedan (Dzire/Etios),Maruti Suzuki Dzire,4,350,14,6,0,0
3386,HSS,Hisar,Rohan Mehta,4.7,628,Electric EV (Nexon/Tigor),Tata Nexon EV,4,400,16,4,1,0
3387,HZD,Hazaribagh,Rohan Mehta,4.66,412,SUV (Ertiga/Innova),Toyota Innova Crysta,6,650,20,10,0,0
3388,BPI,Mayurbhanj,Vijay Reddy,4.57,853,Airport Express Shuttle,Tata Winger Executive,12,180,8,7,0,1
3389,UTL,Barmer,Anil Deshmukh,4.76,488,Executive Premium,Toyota Camry Hybrid,4,1200,35,13,0,0
3390,IXP,Pathankot,Gaurav Tiwari,4.65,600,Sedan (Dzire/Etios),Hyundai Aura,4,350,14,5,0,0
3391,IDR,Indore,Amit Kumar,4.65,2024,Executive Premium,Mercedes C-Class,4,1200,35,4,0,0
3392,KAM,Kamalpur,Amit Kumar,4.9,1077,Electric EV (Nexon/Tigor),Tata Nexon EV,4,400,16,11,1,0
3393,PUR,Purulia,Suresh Patel,4.5,948,Sedan (Dzire/Etios),Toyota Etios,4,350,14,12,0,0
3394,RJA,Rajahmundry,Santosh Kulkarni,4.91,2181,SUV (Ertiga/Innova),Toyota Innova Crysta,6,650,20,4,0,0
3395,BBI,Bhubaneswar,Manoj Gupta,4.52,1337,Airport Express Shuttle,Tata Winger Executive,12,180,8,8,0,1
3396,KQH,Ajmer / Kishangarh,Sanjay Rao,4.82,816,Airport Express Shuttle,Tata Winger Executive,12,180,8,14,0,1
3397,LKO,Lucknow,Sanjay Rao,4.65,385,Airport Express Shuttle,Force Traveller AC,12,180,8,7,0,1
3398,NEEM,Neemuch,Gaurav Tiwari,4.83,1712,Airport Express Shuttle,Tata Winger Executive,12,180,8,10,0,1
3399,GAY,Gaya,Suresh Patel,4.54,117,Sedan (Dzire/Etios),Maruti Suzuki Dzire,4,350,14,7,0,0
3400,DHM,Dharamshala / Kangra,Harpreet Singh,4.62,1985,Hatchback (WagonR),Hyundai i10,4,250,12,11,0,0
3401,DIU,Diu,Santosh Kulkarni,4.5,856,SUV (Ertiga/Innova),Toyota Innova Crysta,6,650,20,7,0,0
3402,COB,Cooch Behar,Dinesh Pillai,4.43,600,Hatchback (WagonR),Hyundai i10,4,250,12,5,0,0
3403,AMH,Azamgarh,Harpreet Singh,4.83,1761,Electric EV (Nexon/Tigor),MG ZS EV,4,400,16,14,1,0
3404,HBI,Itanagar,Suresh Patel,4.48,622,Airport Express Shuttle,Force Traveller AC,12,180,8,6,0,1
3405,AJL,Aizawl,Pankaj Das,4.8,2306,Electric EV (Nexon/Tigor),Tata Tigor EV,4,400,16,5,1,0
3406,CKU,Chakulia,Vijay Reddy,4.91,1699,Sedan (Dzire/Etios),Maruti Suzuki Dzire,4,350,14,13,0,0
3407,GAW,Guwahati,Harpreet Singh,4.78,166,SUV (Ertiga/Innova),Mahindra XUV700,6,650,20,4,0,0
3408,IXU,Chhatrapati Sambhaji Nagar (Aurangabad),Vijay Reddy,4.69,773,Airport Express Shuttle,Tata Winger Executive,12,180,8,8,0,1
3409,KAI,Kailashahar,Rohan Mehta,4.91,120,Electric EV (Nexon/Tigor),Tata Tigor EV,4,400,16,8,1,0
3410,BOM,Mumbai,Praveen Nair,4.55,686,Electric EV (Nexon/Tigor),MG ZS EV,4,400,16,3,1,0
3411,VZY,Vijayawada,Sunil Yadav,4.82,357,Airport Express Shuttle,Tata Winger Executive,12,180,8,5,0,1
3412,DGR,Deoghar,Harpreet Singh,4.85,1447,Executive Premium,Mercedes C-Class,4,1200,35,14,0,0
3413,IXB,Siliguri / Bagdogra,Gaurav Tiwari,4.66,1281,Airport Express Shuttle,Tata Winger Executive,12,180,8,6,0,1
3414,JRG,Jharsuguda,Praveen Nair,4.89,1973,Airport Express Shuttle,Tata Winger Executive,12,180,8,10,0,1
3415,KARN,Karnal,Mahesh Choudhary,4.64,2194,Hatchback (WagonR),Hyundai i10,4,250,12,5,0,0
3416,NWP,Pithoragarh,Mahesh Choudhary,4.92,1407,Airport Express Shuttle,Tata Winger Executive,12,180,8,6,0,1
3417,JSA,Jaisalmer,Harpreet Singh,4.9,170,Hatchback (WagonR),Tata Tiago,4,250,12,13,0,0
3418,SXR,Srinagar,Anil Deshmukh,4.96,2361,Hatchback (WagonR),Tata Tiago,4,250,12,5,0,0
3419,VJZ,Bhogapuram / Vizianagaram,Dinesh Pillai,4.68,2008,Executive Premium,Skoda Superb,4,1200,35,7,0,0
3420,COK,Kochi,Ramesh Verma,4.45,344,Airport Express Shuttle,Tata Winger Executive,12,180,8,10,0,1
3421,NMS,Naliya,Vijay Reddy,4.73,813,Sedan (Dzire/Etios),Maruti Suzuki Dzire,4,350,14,7,0,0
3422,IXZ,Port Blair (Andaman),Anil Deshmukh,4.78,2228,SUV (Ertiga/Innova),Toyota Innova Crysta,6,650,20,11,0,0
3423,KHA,Khandwa,Vijay Reddy,4.78,327,Electric EV (Nexon/Tigor),Tata Tigor EV,4,400,16,13,1,0
3424,MZS,Sonbhadra,Dinesh Pillai,4.81,242,Hatchback (WagonR),Maruti Suzuki WagonR,4,250,12,6,0,0
3425,LGP,Rupsi / Dhubri,Mahesh Choudhary,4.75,249,SUV (Ertiga/Innova),Mahindra XUV700,6,650,20,6,0,0
3426,KHA,Khandwa,Vijay Reddy,4.68,2048,Sedan (Dzire/Etios),Hyundai Aura,4,350,14,7,0,0
3427,PBN,Parbhani,Anil Deshmukh,4.53,285,Electric EV (Nexon/Tigor),MG ZS EV,4,400,16,6,1,0
3428,HBI,Itanagar,Rajesh Sharma,4.52,1134,Airport Express Shuttle,Force Traveller AC,12,180,8,11,0,1
3429,IXY,Kandla,Sanjay Rao,4.91,1983,Sedan (Dzire/Etios),Toyota Etios,4,350,14,14,0,0
3430,RKG,Durgapur,Rajesh Sharma,4.43,247,Hatchback (WagonR),Maruti Suzuki WagonR,4,250,12,14,0,0
3431,HSR,Rajkot,Manoj Gupta,4.98,153,Hatchback (WagonR),Hyundai i10,4,250,12,5,0,0
3432,BDQ,Vadodara,Santosh Kulkarni,4.77,865,Electric EV (Nexon/Tigor),Tata Nexon EV,4,400,16,12,1,0
3433,MRA,Noida / Jewar,Vikram Singh,4.96,730,SUV (Ertiga/Innova),Mahindra XUV700,6,650,20,12,0,0
3434,KHA,Khandwa,Sunil Yadav,4.97,1730,Electric EV (Nexon/Tigor),MG ZS EV,4,400,16,10,1,0
3435,TEZU,Tezu,Santosh Kulkarni,4.94,1735,Sedan (Dzire/Etios),Toyota Etios,4,350,14,11,0,0
3436,BBI,Bhubaneswar,Santosh Kulkarni,4.83,1750,Hatchback (WagonR),Hyundai i10,4,250,12,5,0,0
3437,SAH,Saharanpur,Sunil Yadav,4.49,1038,Sedan (Dzire/Etios),Hyundai Aura,4,350,14,9,0,0
3438,BHJ,Bhuj (Kutch),Amit Kumar,4.45,84,Executive Premium,Mercedes C-Class,4,1200,35,13,0,0
3439,ASL,Asansol,Amit Kumar,4.56,614,Electric EV (Nexon/Tigor),Tata Nexon EV,4,400,16,6,1,0
3440,TCR,Thoothukudi (Tuticorin),Rajesh Sharma,4.81,1587,SUV (Ertiga/Innova),Mahindra XUV700,6,650,20,3,0,0
3441,GOI,Goa (Dabolim),Dinesh Pillai,4.43,1311,Airport Express Shuttle,Tata Winger Executive,12,180,8,3,0,1
3442,MRA,Noida / Jewar,Rohan Mehta,4.81,1558,Airport Express Shuttle,Force Traveller AC,12,180,8,10,0,1
3443,MAA,Chennai,Manoj Gupta,4.76,992,Executive Premium,Skoda Superb,4,1200,35,5,0,0
3444,SWM,Ranthambore / Sawai Madhopur,Praveen Nair,4.5,559,Sedan (Dzire/Etios),Maruti Suzuki Dzire,4,350,14,9,0,0
3445,KHA,Khandwa,Manoj Gupta,4.58,748,SUV (Ertiga/Innova),Toyota Innova Crysta,6,650,20,8,0,0
3446,JGA,Jamnagar,Praveen Nair,4.65,1049,Hatchback (WagonR),Hyundai i10,4,250,12,14,0,0
3447,TEZU,Tezu,Santosh Kulkarni,4.79,216,Hatchback (WagonR),Hyundai i10,4,250,12,3,0,0
3448,KQH,Ajmer / Kishangarh,Amit Kumar,4.61,2289,Executive Premium,Mercedes C-Class,4,1200,35,3,0,0
3449,BTH,Bettiah,Rahul Banerjee,4.67,1880,Electric EV (Nexon/Tigor),Tata Tigor EV,4,400,16,9,1,0
3450,IXW,Jamshedpur,Anil Deshmukh,4.8,1418,Sedan (Dzire/Etios),Maruti Suzuki Dzire,4,350,14,5,0,0
3451,KQH,Ajmer / Kishangarh,Pankaj Das,4.77,1602,Sedan (Dzire/Etios),Hyundai Aura,4,350,14,8,0,0
3452,BID,Bidar,Harpreet Singh,4.6,1675,SUV (Ertiga/Innova),Mahindra XUV700,6,650,20,4,0,0
3453,NWP,Pithoragarh,Anil Deshmukh,4.84,1479,Sedan (Dzire/Etios),Maruti Suzuki Dzire,4,350,14,10,0,0
3454,AJL,Aizawl,Anil Deshmukh,4.88,2058,Electric EV (Nexon/Tigor),Tata Tigor EV,4,400,16,12,1,0
3455,GOI,Goa (Dabolim),Pankaj Das,4.63,2113,Sedan (Dzire/Etios),Toyota Etios,4,350,14,5,0,0
3456,HSR,Rajkot,Manoj Gupta,4.63,1253,SUV (Ertiga/Innova),Toyota Innova Crysta,6,650,20,11,0,0
3457,PUI,Purnea,Ramesh Verma,4.63,1386,Executive Premium,Mercedes C-Class,4,1200,35,7,0,0
3458,TEZ,Tezpur,Santosh Kulkarni,4.84,1070,SUV (Ertiga/Innova),Toyota Innova Crysta,6,650,20,12,0,0
3459,GOX,Goa (Mopa),Mahesh Choudhary,4.51,2365,Airport Express Shuttle,Tata Winger Executive,12,180,8,10,0,1
3460,DBR,Darbhanga,Pankaj Das,4.61,900,Electric EV (Nexon/Tigor),MG ZS EV,4,400,16,8,1,0
3461,KOP,Kolhapur,Rajesh Sharma,4.62,718,Executive Premium,Skoda Superb,4,1200,35,3,0,0
3462,NDC,Nanded,Praveen Nair,4.75,2347,Executive Premium,Skoda Superb,4,1200,35,13,0,0
3463,KQH,Ajmer / Kishangarh,Rahul Banerjee,4.87,434,Executive Premium,Skoda Superb,4,1200,35,8,0,0
3464,ANK,Ankleshwar,Amit Kumar,4.4,2196,Executive Premium,Toyota Camry Hybrid,4,1200,35,10,0,0
3465,BLT,Balurghat,Santosh Kulkarni,4.93,406,Sedan (Dzire/Etios),Hyundai Aura,4,350,14,9,0,0
3466,DHR,Dibrugarh,Anil Deshmukh,4.43,1409,Airport Express Shuttle,Force Traveller AC,12,180,8,12,0,1
3467,SNE,Singrauli,Suresh Patel,4.98,1944,Executive Premium,Toyota Camry Hybrid,4,1200,35,8,0,0
3468,HZD,Hazaribagh,Gaurav Tiwari,4.55,111,Hatchback (WagonR),Maruti Suzuki WagonR,4,250,12,6,0,0
3469,KNU,Kanpur,Sunil Yadav,4.96,518,Electric EV (Nexon/Tigor),Tata Nexon EV,4,400,16,11,1,0
3470,GAW,Guwahati,Rohan Mehta,4.46,763,Airport Express Shuttle,Tata Winger Executive,12,180,8,11,0,1
3471,SHL,Shillong,Deepak Joshi,4.79,847,Airport Express Shuttle,Force Traveller AC,12,180,8,3,0,1
3472,KQH,Ajmer / Kishangarh,Pankaj Das,4.53,625,Sedan (Dzire/Etios),Hyundai Aura,4,350,14,5,0,0
3473,AMD,Ahmedabad,Manoj Gupta,4.73,1447,SUV (Ertiga/Innova),Maruti Ertiga,6,650,20,7,0,0
3474,KQH,Ajmer / Kishangarh,Pankaj Das,4.76,1430,SUV (Ertiga/Innova),Maruti Ertiga,6,650,20,13,0,0
3475,IXS,Silchar,Sunil Yadav,4.49,905,Electric EV (Nexon/Tigor),Tata Tigor EV,4,400,16,12,1,0
3476,KOK,Kokrajhar,Vikram Singh,4.78,925,SUV (Ertiga/Innova),Mahindra XUV700,6,650,20,13,0,0
3477,SHL,Shillong,Santosh Kulkarni,4.77,1863,Sedan (Dzire/Etios),Toyota Etios,4,350,14,13,0,0
3478,IMF,Imphal,Pankaj Das,4.5,853,Hatchback (WagonR),Hyundai i10,4,250,12,8,0,0
3479,SAH,Saharanpur,Santosh Kulkarni,4.77,1756,Airport Express Shuttle,Force Traveller AC,12,180,8,12,0,1
3480,PBF,Bilaspur,Vikram Singh,4.86,1397,Executive Premium,Toyota Camry Hybrid,4,1200,35,3,0,0
3481,IXM,Madurai,Mahesh Choudhary,4.82,1512,Electric EV (Nexon/Tigor),Tata Nexon EV,4,400,16,3,1,0
3482,IMF,Imphal,Anil Deshmukh,4.76,668,Electric EV (Nexon/Tigor),Tata Tigor EV,4,400,16,5,1,0
3483,KBK,Kushinagar,Rahul Banerjee,4.74,1809,Hatchback (WagonR),Hyundai i10,4,250,12,7,0,0
3484,MAL,Malda,Mahesh Choudhary,4.67,328,Executive Premium,Skoda Superb,4,1200,35,13,0,0
3485,BLR,Bengaluru,Sunil Yadav,4.51,1020,Sedan (Dzire/Etios),Maruti Suzuki Dzire,4,350,14,12,0,0
3486,UTK,Kalahandi / Utkela,Rohan Mehta,4.71,1098,Hatchback (WagonR),Tata Tiago,4,250,12,14,0,0
3487,YTL,Yavatmal,Rohan Mehta,4.78,637,Executive Premium,Toyota Camry Hybrid,4,1200,35,3,0,0
3488,AMD,Ahmedabad,Dinesh Pillai,4.72,2245,Hatchback (WagonR),Maruti Suzuki WagonR,4,250,12,14,0,0
3489,BVC,Bhavnagar,Mahesh Choudhary,4.79,1959,Hatchback (WagonR),Maruti Suzuki WagonR,4,250,12,12,0,0
3490,CJB,Coimbatore,Vikram Singh,4.85,1231,Airport Express Shuttle,Force Traveller AC,12,180,8,8,0,1
3491, سات,Satna,Rajesh Sharma,4.79,2384,Executive Premium,Skoda Superb,4,1200,35,8,0,0
3492,DBR,Darbhanga,Ramesh Verma,4.67,1958,Executive Premium,Skoda Superb,4,1200,35,8,0,0
3493,NDC,Nanded,Santosh Kulkarni,4.49,1949,Airport Express Shuttle,Tata Winger Executive,12,180,8,6,0,1
3494,IXE,Mangaluru,Suresh Patel,4.8,670,Electric EV (Nexon/Tigor),Tata Nexon EV,4,400,16,8,1,0
3495,KOK,Kokrajhar,Pankaj Das,4.87,2248,Hatchback (WagonR),Tata Tiago,4,250,12,12,0,0
3496,CHI,Chhindwara,Dinesh Pillai,4.84,485,Executive Premium,Toyota Camry Hybrid,4,1200,35,10,0,0
3497,HSR,Rajkot,Dinesh Pillai,4.69,1982,Airport Express Shuttle,Force Traveller AC,12,180,8,14,0,1
3498,IXL,Leh (Ladakh),Vikram Singh,4.84,541,Electric EV (Nexon/Tigor),Tata Nexon EV,4,400,16,11,1,0
3499,MOR,Moradabad,Praveen Nair,4.67,1402,SUV (Ertiga/Innova),Mahindra XUV700,6,650,20,12,0,0
3500,DEL,New Delhi,Amit Kumar,4.54,1410,Airport Express Shuttle,Tata Winger Executive,12,180,8,8,0,1
3501,DEL,New Delhi,Santosh Kulkarni,4.44,1379,Sedan (Dzire/Etios),Hyundai Aura,4,350,14,4,0,0
3502,ROU,Rourkela,Manoj Gupta,4.7,956,Hatchback (WagonR),Tata Tiago,4,250,12,4,0,0
3503,PYB,Jeypore,Manoj Gupta,4.78,920,Executive Premium,Mercedes C-Class,4,1200,35,8,0,0
3504,PAT,Patna,Amit Kumar,4.42,2119,Executive Premium,Skoda Superb,4,1200,35,7,0,0
3505,IXT,Pasighat,Praveen Nair,4.98,236,Electric EV (Nexon/Tigor),Tata Nexon EV,4,400,16,10,1,0
3506,RJA,Rajahmundry,Vijay Reddy,4.58,180,SUV (Ertiga/Innova),Maruti Ertiga,6,650,20,14,0,0
3507,JRG,Jharsuguda,Ramesh Verma,4.75,1145,Airport Express Shuttle,Tata Winger Executive,12,180,8,11,0,1
3508,TRV,Thiruvananthapuram,Sunil Yadav,4.77,1594,Electric EV (Nexon/Tigor),Tata Nexon EV,4,400,16,11,1,0
3509,ATQ,Amritsar,Deepak Joshi,4.62,1437,Hatchback (WagonR),Hyundai i10,4,250,12,9,0,0
3510,SSE,Solapur,Pankaj Das,4.78,1778,Hatchback (WagonR),Hyundai i10,4,250,12,13,0,0
3511,BHO,Bhopal,Praveen Nair,4.6,651,Airport Express Shuttle,Force Traveller AC,12,180,8,13,0,1
3512,WGC,Warangal,Sunil Yadav,4.86,1918,Airport Express Shuttle,Tata Winger Executive,12,180,8,10,0,1
3513,DHR,Dibrugarh,Manoj Gupta,4.88,1991,Executive Premium,Toyota Camry Hybrid,4,1200,35,5,0,0
3514,UTK,Kalahandi / Utkela,Rohan Mehta,4.97,681,Hatchback (WagonR),Tata Tiago,4,250,12,13,0,0
3515,BBI,Bhubaneswar,Mahesh Choudhary,4.47,1864,Hatchback (WagonR),Tata Tiago,4,250,12,10,0,0
3516,IXR,Ranchi,Ramesh Verma,4.69,1305,Sedan (Dzire/Etios),Maruti Suzuki Dzire,4,350,14,14,0,0
3517,BHO,Bhopal,Dinesh Pillai,4.5,780,Sedan (Dzire/Etios),Toyota Etios,4,350,14,3,0,0
3518,CCU,Kolkata,Rajesh Sharma,4.97,309,Executive Premium,Skoda Superb,4,1200,35,6,0,0
3519,KARN,Karnal,Rajesh Sharma,4.82,138,Executive Premium,Toyota Camry Hybrid,4,1200,35,5,0,0
3520,BLT,Balurghat,Harpreet Singh,4.56,1009,SUV (Ertiga/Innova),Toyota Innova Crysta,6,650,20,7,0,0
3521,MUZ,Muzaffarpur,Mahesh Choudhary,4.55,488,SUV (Ertiga/Innova),Toyota Innova Crysta,6,650,20,8,0,0
3522,KQH,Ajmer / Kishangarh,Santosh Kulkarni,4.7,1028,Airport Express Shuttle,Tata Winger Executive,12,180,8,13,0,1
3523,TEZU,Tezu,Deepak Joshi,4.58,624,Airport Express Shuttle,Force Traveller AC,12,180,8,5,0,1
3524,BPI,Mayurbhanj,Vijay Reddy,4.44,1760,Electric EV (Nexon/Tigor),Tata Nexon EV,4,400,16,10,1,0
3525,BHJ,Bhuj (Kutch),Sanjay Rao,4.89,941,Executive Premium,Skoda Superb,4,1200,35,10,0,0
3526,RGD,Raigarh,Gaurav Tiwari,4.51,794,Sedan (Dzire/Etios),Toyota Etios,4,350,14,9,0,0
3527,DIU,Diu,Deepak Joshi,4.76,343,Airport Express Shuttle,Tata Winger Executive,12,180,8,12,0,1
3528,RAT,Ratlam,Sunil Yadav,4.86,325,Executive Premium,Toyota Camry Hybrid,4,1200,35,10,0,0
3529,IXT,Pasighat,Harpreet Singh,4.63,731,Electric EV (Nexon/Tigor),MG ZS EV,4,400,16,6,1,0
3530,DIU,Diu,Rahul Banerjee,4.73,1433,SUV (Ertiga/Innova),Toyota Innova Crysta,6,650,20,13,0,0
3531,BVC,Bhavnagar,Vijay Reddy,4.72,2289,SUV (Ertiga/Innova),Mahindra XUV700,6,650,20,5,0,0
3532,BTH,Bettiah,Amit Kumar,4.6,439,SUV (Ertiga/Innova),Maruti Ertiga,6,650,20,3,0,0
3533,GAY,Gaya,Rohan Mehta,4.68,278,Executive Premium,Toyota Camry Hybrid,4,1200,35,6,0,0
3534,HBI,Itanagar,Vijay Reddy,4.4,2305,Electric EV (Nexon/Tigor),Tata Tigor EV,4,400,16,14,1,0
3535,GOX,Goa (Mopa),Rohan Mehta,4.85,1732,Airport Express Shuttle,Force Traveller AC,12,180,8,4,0,1
3536,SDW,Sindhudurg,Vijay Reddy,4.63,1022,Hatchback (WagonR),Hyundai i10,4,250,12,10,0,0
3537,SLN,Sultanpur,Suresh Patel,4.73,690,Sedan (Dzire/Etios),Hyundai Aura,4,350,14,10,0,0
3538,ASL,Asansol,Rajesh Sharma,4.47,1696,Airport Express Shuttle,Force Traveller AC,12,180,8,5,0,1
3539,IDR,Indore,Rohan Mehta,4.82,814,Electric EV (Nexon/Tigor),MG ZS EV,4,400,16,6,1,0
3540,DED,Dehradun,Vijay Reddy,4.83,2130,Hatchback (WagonR),Hyundai i10,4,250,12,9,0,0
3541,KJB,Kurnool (Orvakal),Sanjay Rao,4.62,2005,SUV (Ertiga/Innova),Mahindra XUV700,6,650,20,11,0,0
3542,DED,Dehradun,Suresh Patel,4.74,2395,Airport Express Shuttle,Tata Winger Executive,12,180,8,8,0,1
3543,LUD,Ludhiana,Anil Deshmukh,4.5,155,Hatchback (WagonR),Maruti Suzuki WagonR,4,250,12,14,0,0
3544,SDW,Sindhudurg,Ramesh Verma,4.52,1028,Hatchback (WagonR),Tata Tiago,4,250,12,11,0,0
3545,PYB,Jeypore,Praveen Nair,4.45,627,Electric EV (Nexon/Tigor),Tata Tigor EV,4,400,16,3,1,0
3546,AMH,Azamgarh,Gaurav Tiwari,4.71,1224,Airport Express Shuttle,Tata Winger Executive,12,180,8,7,0,1
3547,SLV,Shimla,Manoj Gupta,4.9,728,Executive Premium,Mercedes C-Class,4,1200,35,9,0,0
3548,WGC,Warangal,Pankaj Das,4.92,665,Airport Express Shuttle,Force Traveller AC,12,180,8,3,0,1
3549,PBN,Parbhani,Pankaj Das,4.68,499,Airport Express Shuttle,Force Traveller AC,12,180,8,8,0,1
3550,AMD,Ahmedabad,Manoj Gupta,4.63,467,Airport Express Shuttle,Force Traveller AC,12,180,8,14,0,1
3551,BHJ,Bhuj (Kutch),Vijay Reddy,4.77,1419,Hatchback (WagonR),Tata Tiago,4,250,12,3,0,0
3552,HJR,Khajuraho,Gaurav Tiwari,4.5,792,Sedan (Dzire/Etios),Hyundai Aura,4,350,14,14,0,0
3553,AJL,Aizawl,Santosh Kulkarni,4.42,1495,Sedan (Dzire/Etios),Maruti Suzuki Dzire,4,350,14,7,0,0
3554,HSR,Rajkot,Mahesh Choudhary,4.61,1739,Electric EV (Nexon/Tigor),MG ZS EV,4,400,16,4,1,0
3555,AMRE,Amreli,Praveen Nair,4.86,201,Electric EV (Nexon/Tigor),Tata Tigor EV,4,400,16,3,1,0
3556,PINJ,Panchkula / Pinjore,Suresh Patel,4.83,2228,Airport Express Shuttle,Tata Winger Executive,12,180,8,10,0,1
3557,CNN,Kannur,Praveen Nair,4.83,823,Sedan (Dzire/Etios),Maruti Suzuki Dzire,4,350,14,9,0,0
3558,VJZ,Bhogapuram / Vizianagaram,Deepak Joshi,4.86,218,SUV (Ertiga/Innova),Mahindra XUV700,6,650,20,12,0,0
3559,KOR,Koraput,Praveen Nair,4.89,758,Sedan (Dzire/Etios),Toyota Etios,4,350,14,6,0,0
3560,BBI,Bhubaneswar,Rohan Mehta,4.78,1650,Sedan (Dzire/Etios),Hyundai Aura,4,350,14,12,0,0
3561,DMO,Damoh,Manoj Gupta,4.55,593,Electric EV (Nexon/Tigor),MG ZS EV,4,400,16,4,1,0
3562,YTL,Yavatmal,Praveen Nair,4.55,1145,Airport Express Shuttle,Tata Winger Executive,12,180,8,10,0,1
3563,BAR,Baramati,Suresh Patel,4.53,727,Sedan (Dzire/Etios),Hyundai Aura,4,350,14,5,0,0
3564,TRZ,Tiruchirappalli (Trichy),Amit Kumar,4.74,565,SUV (Ertiga/Innova),Toyota Innova Crysta,6,650,20,4,0,0
3565,WGC,Warangal,Harpreet Singh,4.66,159,SUV (Ertiga/Innova),Mahindra XUV700,6,650,20,9,0,0
3566,BHJ,Bhuj (Kutch),Amit Kumar,4.71,682,Airport Express Shuttle,Force Traveller AC,12,180,8,4,0,1
3567,RJA,Rajahmundry,Mahesh Choudhary,4.54,1855,Executive Premium,Toyota Camry Hybrid,4,1200,35,7,0,0
3568,DON,Bhadrak / Dhamra,Anil Deshmukh,4.66,2250,Electric EV (Nexon/Tigor),Tata Nexon EV,4,400,16,12,1,0
3569,SSE,Solapur,Mahesh Choudhary,4.89,724,Executive Premium,Toyota Camry Hybrid,4,1200,35,8,0,0
3570,MAA,Chennai,Deepak Joshi,4.74,1970,Hatchback (WagonR),Tata Tiago,4,250,12,8,0,0
3571,PNV,Porbandar,Amit Kumar,4.59,779,Sedan (Dzire/Etios),Toyota Etios,4,350,14,12,0,0
3572,RJA,Rajahmundry,Mahesh Choudhary,4.79,1362,Airport Express Shuttle,Force Traveller AC,12,180,8,3,0,1
3573,RAT,Ratlam,Santosh Kulkarni,4.91,549,Airport Express Shuttle,Force Traveller AC,12,180,8,10,0,1
3574,DBR,Darbhanga,Sunil Yadav,4.62,103,Electric EV (Nexon/Tigor),MG ZS EV,4,400,16,14,1,0
3575,JLG,Jalgaon,Anil Deshmukh,4.56,2374,Hatchback (WagonR),Maruti Suzuki WagonR,4,250,12,4,0,0
3576,PYB,Jeypore,Rohan Mehta,4.76,2338,Executive Premium,Mercedes C-Class,4,1200,35,13,0,0
3577,NDC,Nanded,Anil Deshmukh,4.69,1365,Airport Express Shuttle,Force Traveller AC,12,180,8,9,0,1
3578,BGP,Bhagalpur,Amit Kumar,4.52,393,SUV (Ertiga/Innova),Mahindra XUV700,6,650,20,7,0,0
3579,AMH,Azamgarh,Mahesh Choudhary,4.53,1610,Executive Premium,Toyota Camry Hybrid,4,1200,35,3,0,0
3580,SHL,Shillong,Rohan Mehta,4.72,414,Hatchback (WagonR),Hyundai i10,4,250,12,3,0,0
3581,PUR,Purulia,Suresh Patel,4.81,746,Executive Premium,Toyota Camry Hybrid,4,1200,35,6,0,0
3582,SIH,Sirohi,Deepak Joshi,4.56,1106,Electric EV (Nexon/Tigor),Tata Tigor EV,4,400,16,3,1,0
3583,AMR,Amravati,Sanjay Rao,4.51,1060,Airport Express Shuttle,Force Traveller AC,12,180,8,8,0,1
3584,VJZ,Bhogapuram / Vizianagaram,Praveen Nair,4.68,1424,Hatchback (WagonR),Maruti Suzuki WagonR,4,250,12,13,0,0
3585,KHA,Khandwa,Rahul Banerjee,4.6,851,Sedan (Dzire/Etios),Maruti Suzuki Dzire,4,350,14,11,0,0
3586,SDW,Sindhudurg,Deepak Joshi,4.98,1839,Electric EV (Nexon/Tigor),Tata Nexon EV,4,400,16,10,1,0
3587,PBF,Bilaspur,Pankaj Das,4.81,297,Sedan (Dzire/Etios),Maruti Suzuki Dzire,4,350,14,8,0,0
3588,MAA,Chennai,Pankaj Das,4.47,1901,Airport Express Shuttle,Force Traveller AC,12,180,8,3,0,1
3589,JHW,Jhalawar,Vikram Singh,4.81,1908,Electric EV (Nexon/Tigor),MG ZS EV,4,400,16,5,1,0
3590,GON,Gondia,Vikram Singh,4.69,2001,SUV (Ertiga/Innova),Maruti Ertiga,6,650,20,3,0,0
3591,PNV,Porbandar,Deepak Joshi,4.45,264,Airport Express Shuttle,Tata Winger Executive,12,180,8,3,0,1
3592,IXR,Ranchi,Gaurav Tiwari,4.54,1744,Airport Express Shuttle,Force Traveller AC,12,180,8,8,0,1
3593,OSB,Dharashiv,Harpreet Singh,4.76,260,Electric EV (Nexon/Tigor),Tata Nexon EV,4,400,16,4,1,0
3594,DUM,Dumka,Harpreet Singh,4.67,1209,Electric EV (Nexon/Tigor),MG ZS EV,4,400,16,9,1,0
3595,LKO,Lucknow,Deepak Joshi,4.91,675,Hatchback (WagonR),Maruti Suzuki WagonR,4,250,12,4,0,0
3596,IXJ,Jammu,Vijay Reddy,4.63,726,Executive Premium,Toyota Camry Hybrid,4,1200,35,13,0,0
3597,JRG,Jharsuguda,Mahesh Choudhary,4.94,1977,Hatchback (WagonR),Tata Tiago,4,250,12,7,0,0
3598,SWM,Ranthambore / Sawai Madhopur,Ramesh Verma,4.94,249,Executive Premium,Toyota Camry Hybrid,4,1200,35,13,0,0
3599,UDR,Udaipur,Harpreet Singh,4.89,269,Sedan (Dzire/Etios),Toyota Etios,4,350,14,4,0,0
3600,PYB,Jeypore,Amit Kumar,4.66,596,Hatchback (WagonR),Hyundai i10,4,250,12,10,0,0
3601,JRG,Jharsuguda,Praveen Nair,4.69,1335,Airport Express Shuttle,Force Traveller AC,12,180,8,14,0,1
3602,HJR,Khajuraho,Praveen Nair,4.61,1437,SUV (Ertiga/Innova),Mahindra XUV700,6,650,20,14,0,0
3603,LUD,Ludhiana,Rajesh Sharma,4.57,1198,SUV (Ertiga/Innova),Maruti Ertiga,6,650,20,12,0,0
3604,KOK,Kokrajhar,Rajesh Sharma,4.71,248,Sedan (Dzire/Etios),Maruti Suzuki Dzire,4,350,14,13,0,0
3605,HZD,Hazaribagh,Gaurav Tiwari,4.69,2242,Electric EV (Nexon/Tigor),Tata Nexon EV,4,400,16,13,1,0
3606,COK,Kochi,Sanjay Rao,4.54,514,Sedan (Dzire/Etios),Maruti Suzuki Dzire,4,350,14,9,0,0
3607,BID,Bidar,Mahesh Choudhary,4.96,1167,Sedan (Dzire/Etios),Toyota Etios,4,350,14,8,0,0
3608,KQH,Ajmer / Kishangarh,Suresh Patel,4.54,1241,SUV (Ertiga/Innova),Maruti Ertiga,6,650,20,10,0,0
3609,IXY,Kandla,Manoj Gupta,4.8,1886,Sedan (Dzire/Etios),Toyota Etios,4,350,14,12,0,0
3610,AGX,Agatti Island (Lakshadweep),Ramesh Verma,4.82,712,Electric EV (Nexon/Tigor),Tata Nexon EV,4,400,16,8,1,0
3611,MZS,Sonbhadra,Harpreet Singh,4.87,1335,SUV (Ertiga/Innova),Toyota Innova Crysta,6,650,20,5,0,0
3612,TRZ,Tiruchirappalli (Trichy),Pankaj Das,4.61,2285,Sedan (Dzire/Etios),Hyundai Aura,4,350,14,9,0,0
3613,TEZU,Tezu,Anil Deshmukh,4.93,1153,Executive Premium,Toyota Camry Hybrid,4,1200,35,3,0,0
3614,IXJ,Jammu,Praveen Nair,4.7,2113,Executive Premium,Toyota Camry Hybrid,4,1200,35,10,0,0
3615,SDW,Sindhudurg,Vijay Reddy,4.46,1737,Airport Express Shuttle,Tata Winger Executive,12,180,8,7,0,1
3616,UTK,Kalahandi / Utkela,Amit Kumar,4.81,1819,SUV (Ertiga/Innova),Maruti Ertiga,6,650,20,10,0,0
3617,UTL,Barmer,Sanjay Rao,4.73,1402,Sedan (Dzire/Etios),Hyundai Aura,4,350,14,9,0,0
3618,IXY,Kandla,Ramesh Verma,4.6,1345,Executive Premium,Mercedes C-Class,4,1200,35,11,0,0
3619,CKU,Chakulia,Mahesh Choudhary,4.57,1004,Sedan (Dzire/Etios),Toyota Etios,4,350,14,4,0,0
3620,NMS,Naliya,Praveen Nair,4.6,2227,Hatchback (WagonR),Hyundai i10,4,250,12,6,0,0
3621,SLV,Shimla,Dinesh Pillai,4.72,2170,Airport Express Shuttle,Force Traveller AC,12,180,8,6,0,1
3622,BID,Bidar,Rohan Mehta,4.61,2054,Electric EV (Nexon/Tigor),Tata Tigor EV,4,400,16,7,1,0
3623,PGH,Pantnagar / Nainital,Sunil Yadav,4.73,670,Hatchback (WagonR),Maruti Suzuki WagonR,4,250,12,6,0,0
3624,KOR,Koraput,Suresh Patel,4.49,488,Sedan (Dzire/Etios),Toyota Etios,4,350,14,7,0,0
3625,RPR,Raipur,Amit Kumar,4.73,136,SUV (Ertiga/Innova),Mahindra XUV700,6,650,20,14,0,0
3626,SSE,Solapur,Rajesh Sharma,4.63,2004,SUV (Ertiga/Innova),Mahindra XUV700,6,650,20,11,0,0
3627,BLR,Bengaluru,Vikram Singh,4.77,952,Hatchback (WagonR),Tata Tiago,4,250,12,3,0,0
3628,UDR,Udaipur,Dinesh Pillai,4.48,492,Electric EV (Nexon/Tigor),Tata Nexon EV,4,400,16,7,1,0
3629,KBK,Kushinagar,Mahesh Choudhary,4.54,2048,Executive Premium,Skoda Superb,4,1200,35,10,0,0
3630,ASL,Asansol,Anil Deshmukh,4.91,1488,Executive Premium,Skoda Superb,4,1200,35,8,0,0
3631,HJR,Khajuraho,Harpreet Singh,4.77,1169,Executive Premium,Toyota Camry Hybrid,4,1200,35,14,0,0
3632,GOP,Ganjam / Gopalpur,Gaurav Tiwari,4.73,1719,Airport Express Shuttle,Force Traveller AC,12,180,8,3,0,1
3633,BHJ,Bhuj (Kutch),Amit Kumar,4.95,253,Executive Premium,Toyota Camry Hybrid,4,1200,35,5,0,0
3634,SSE,Solapur,Pankaj Das,4.7,1089,Hatchback (WagonR),Tata Tiago,4,250,12,10,0,0
3635,PYG,Gangtok / Pakyong (Sikkim),Anil Deshmukh,4.64,721,Executive Premium,Skoda Superb,4,1200,35,5,0,0
3636,ANK,Ankleshwar,Mahesh Choudhary,4.98,1991,Sedan (Dzire/Etios),Hyundai Aura,4,350,14,11,0,0
3637,KARN,Karnal,Anil Deshmukh,4.48,1451,Sedan (Dzire/Etios),Maruti Suzuki Dzire,4,350,14,10,0,0
3638,STV,Surat,Amit Kumar,4.43,1678,SUV (Ertiga/Innova),Maruti Ertiga,6,650,20,7,0,0
3639,MEH,Mehsana,Rahul Banerjee,4.5,2350,Hatchback (WagonR),Hyundai i10,4,250,12,13,0,0
3640,SIH,Sirohi,Anil Deshmukh,4.5,1734,Sedan (Dzire/Etios),Hyundai Aura,4,350,14,3,0,0
3641,NVY,Neyveli,Ramesh Verma,4.45,1367,Sedan (Dzire/Etios),Toyota Etios,4,350,14,10,0,0
3642,IXS,Silchar,Vikram Singh,4.41,1505,SUV (Ertiga/Innova),Maruti Ertiga,6,650,20,9,0,0
3643,BOK,Bokaro,Sunil Yadav,4.85,1600,Hatchback (WagonR),Hyundai i10,4,250,12,10,0,0
3644,BHO,Bhopal,Vijay Reddy,4.84,1767,SUV (Ertiga/Innova),Maruti Ertiga,6,650,20,9,0,0
3645,PNY,Puducherry,Ramesh Verma,4.47,608,Executive Premium,Mercedes C-Class,4,1200,35,11,0,0
3646,MAA,Chennai,Suresh Patel,4.44,744,Airport Express Shuttle,Force Traveller AC,12,180,8,5,0,1
3647,STV,Surat,Ramesh Verma,4.58,1557,Hatchback (WagonR),Tata Tiago,4,250,12,5,0,0
3648,RAT,Ratlam,Santosh Kulkarni,4.46,1856,Executive Premium,Toyota Camry Hybrid,4,1200,35,12,0,0
3649,JHW,Jhalawar,Rohan Mehta,4.88,1509,Hatchback (WagonR),Hyundai i10,4,250,12,7,0,0
3650,ZER,Ziro,Rohan Mehta,4.89,2200,SUV (Ertiga/Innova),Mahindra XUV700,6,650,20,13,0,0
3651,LGP,Rupsi / Dhubri,Harpreet Singh,4.73,1346,Electric EV (Nexon/Tigor),MG ZS EV,4,400,16,4,1,0
3652,ZER,Ziro,Sunil Yadav,4.68,1725,Sedan (Dzire/Etios),Maruti Suzuki Dzire,4,350,14,6,0,0
3653,COB,Cooch Behar,Manoj Gupta,4.97,1091,Airport Express Shuttle,Force Traveller AC,12,180,8,10,0,1
3654,AYJ,Ayodhya,Deepak Joshi,4.49,689,Executive Premium,Toyota Camry Hybrid,4,1200,35,5,0,0
3655,IXG,Belagavi,Suresh Patel,4.85,1102,Hatchback (WagonR),Maruti Suzuki WagonR,4,250,12,3,0,0
3656,BOM,Mumbai,Mahesh Choudhary,4.49,254,Electric EV (Nexon/Tigor),Tata Tigor EV,4,400,16,13,1,0
3657,HYD,Hyderabad,Amit Kumar,4.53,1886,Hatchback (WagonR),Maruti Suzuki WagonR,4,250,12,11,0,0
3658,RMD,Ratnagiri,Suresh Patel,4.72,1755,Executive Premium,Toyota Camry Hybrid,4,1200,35,6,0,0
3659,KHO,Khowai,Sanjay Rao,4.8,1559,SUV (Ertiga/Innova),Mahindra XUV700,6,650,20,8,0,0
3660,CFH,Chitrakoot,Dinesh Pillai,4.41,1655,Airport Express Shuttle,Force Traveller AC,12,180,8,7,0,1
3661,NMS,Naliya,Amit Kumar,4.79,2253,SUV (Ertiga/Innova),Maruti Ertiga,6,650,20,6,0,0
3662,PUR,Purulia,Pankaj Das,4.76,1795,SUV (Ertiga/Innova),Mahindra XUV700,6,650,20,6,0,0
3663,BBI,Bhubaneswar,Mahesh Choudhary,4.83,700,Executive Premium,Mercedes C-Class,4,1200,35,7,0,0
3664,ALD,Aligarh,Praveen Nair,4.69,579,SUV (Ertiga/Innova),Toyota Innova Crysta,6,650,20,12,0,0
3665,NMS,Naliya,Harpreet Singh,4.58,2268,SUV (Ertiga/Innova),Mahindra XUV700,6,650,20,13,0,0
3666,SWM,Ranthambore / Sawai Madhopur,Mahesh Choudhary,4.7,1802,Airport Express Shuttle,Tata Winger Executive,12,180,8,9,0,1
3667,PGH,Pantnagar / Nainital,Vijay Reddy,4.65,548,Sedan (Dzire/Etios),Toyota Etios,4,350,14,12,0,0
3668,ISK,Nashik,Vijay Reddy,4.65,925,Executive Premium,Mercedes C-Class,4,1200,35,13,0,0
3669,RMD,Ratnagiri,Sunil Yadav,4.98,122,Airport Express Shuttle,Force Traveller AC,12,180,8,6,0,1
3670,GWL,Gwalior,Sunil Yadav,4.89,671,Hatchback (WagonR),Hyundai i10,4,250,12,14,0,0
3671,HJR,Khajuraho,Rahul Banerjee,4.43,1125,Electric EV (Nexon/Tigor),Tata Tigor EV,4,400,16,10,1,0
3672,SAG,Shirdi,Rahul Banerjee,4.5,225,SUV (Ertiga/Innova),Mahindra XUV700,6,650,20,10,0,0
3673,KOK,Kokrajhar,Gaurav Tiwari,4.49,603,Executive Premium,Mercedes C-Class,4,1200,35,8,0,0
3674,DHM,Dharamshala / Kangra,Anil Deshmukh,4.5,1603,Hatchback (WagonR),Hyundai i10,4,250,12,3,0,0
3675,IXM,Madurai,Harpreet Singh,4.47,1242,SUV (Ertiga/Innova),Maruti Ertiga,6,650,20,4,0,0
3676,NMN,Neemrana / Alwar,Rahul Banerjee,4.86,405,Electric EV (Nexon/Tigor),Tata Nexon EV,4,400,16,6,1,0
3677,JGD,Jagdalpur,Rohan Mehta,4.96,1646,Airport Express Shuttle,Force Traveller AC,12,180,8,9,0,1
3678,BHU,Bathinda,Gaurav Tiwari,4.42,867,SUV (Ertiga/Innova),Maruti Ertiga,6,650,20,9,0,0
3679,OSB,Dharashiv,Praveen Nair,4.82,1971,Airport Express Shuttle,Force Traveller AC,12,180,8,10,0,1
3680,NVY,Neyveli,Praveen Nair,4.46,1124,Executive Premium,Mercedes C-Class,4,1200,35,4,0,0
3681,RGD,Raigarh,Praveen Nair,4.76,1595,Sedan (Dzire/Etios),Maruti Suzuki Dzire,4,350,14,4,0,0
3682,GAY,Gaya,Anil Deshmukh,4.76,808,Electric EV (Nexon/Tigor),Tata Nexon EV,4,400,16,4,1,0
3683,HSR,Rajkot,Rajesh Sharma,4.65,1760,Airport Express Shuttle,Tata Winger Executive,12,180,8,6,0,1
3684,REW,Rewa,Rohan Mehta,4.71,1044,Electric EV (Nexon/Tigor),Tata Nexon EV,4,400,16,14,1,0
3685,BVC,Bhavnagar,Manoj Gupta,4.78,116,Electric EV (Nexon/Tigor),MG ZS EV,4,400,16,11,1,0
3686,SAH,Saharanpur,Sunil Yadav,4.82,1363,Airport Express Shuttle,Force Traveller AC,12,180,8,5,0,1
3687,PAL,Pali,Santosh Kulkarni,4.54,785,Sedan (Dzire/Etios),Toyota Etios,4,350,14,12,0,0
3688,AMH,Azamgarh,Dinesh Pillai,4.65,934,Sedan (Dzire/Etios),Toyota Etios,4,350,14,6,0,0
3689,NAG,Nagpur,Harpreet Singh,4.62,1521,Hatchback (WagonR),Hyundai i10,4,250,12,8,0,0
3690,DUM,Dumka,Rohan Mehta,4.75,82,Hatchback (WagonR),Hyundai i10,4,250,12,14,0,0
3691,SLV,Shimla,Manoj Gupta,4.7,1149,SUV (Ertiga/Innova),Toyota Innova Crysta,6,650,20,13,0,0
3692,LKO,Lucknow,Pankaj Das,4.88,1142,Airport Express Shuttle,Force Traveller AC,12,180,8,12,0,1
3693,KNU,Kanpur,Sunil Yadav,4.53,2287,Airport Express Shuttle,Tata Winger Executive,12,180,8,8,0,1
3694,IXU,Chhatrapati Sambhaji Nagar (Aurangabad),Rohan Mehta,4.74,1035,Executive Premium,Skoda Superb,4,1200,35,4,0,0
3695,IXU,Chhatrapati Sambhaji Nagar (Aurangabad),Sanjay Rao,4.61,1268,Executive Premium,Skoda Superb,4,1200,35,11,0,0
3696,NMN,Neemrana / Alwar,Suresh Patel,4.42,2189,Hatchback (WagonR),Hyundai i10,4,250,12,5,0,0
3697,HZD,Hazaribagh,Anil Deshmukh,4.52,715,SUV (Ertiga/Innova),Mahindra XUV700,6,650,20,11,0,0
3698,MRA,Noida / Jewar,Rajesh Sharma,4.57,376,Sedan (Dzire/Etios),Hyundai Aura,4,350,14,5,0,0
3699,IXS,Silchar,Santosh Kulkarni,4.92,568,Electric EV (Nexon/Tigor),Tata Nexon EV,4,400,16,14,1,0
3700,KAI,Kailashahar,Ramesh Verma,4.58,145,Hatchback (WagonR),Maruti Suzuki WagonR,4,250,12,13,0,0
3701,JAI,Jaipur,Mahesh Choudhary,4.79,1127,Sedan (Dzire/Etios),Hyundai Aura,4,350,14,14,0,0
3702,JHW,Jhalawar,Gaurav Tiwari,4.45,1240,SUV (Ertiga/Innova),Toyota Innova Crysta,6,650,20,6,0,0
3703,DMU,Dimapur,Manoj Gupta,4.82,642,Airport Express Shuttle,Tata Winger Executive,12,180,8,12,0,1
3704,PGH,Pantnagar / Nainital,Gaurav Tiwari,4.81,1697,SUV (Ertiga/Innova),Mahindra XUV700,6,650,20,13,0,0
3705,IXR,Ranchi,Amit Kumar,4.64,433,Airport Express Shuttle,Tata Winger Executive,12,180,8,7,0,1
3706,DGR,Deoghar,Praveen Nair,4.42,134,Electric EV (Nexon/Tigor),Tata Nexon EV,4,400,16,6,1,0
3707,GAY,Gaya,Gaurav Tiwari,4.59,361,Sedan (Dzire/Etios),Maruti Suzuki Dzire,4,350,14,7,0,0
3708,SLN,Sultanpur,Praveen Nair,4.68,411,Executive Premium,Skoda Superb,4,1200,35,4,0,0
3709,JAI,Jaipur,Ramesh Verma,4.63,1935,Hatchback (WagonR),Tata Tiago,4,250,12,7,0,0
3710,BID,Bidar,Mahesh Choudhary,4.59,2302,Airport Express Shuttle,Force Traveller AC,12,180,8,8,0,1
3711,KNU,Kanpur,Anil Deshmukh,4.54,2362,Electric EV (Nexon/Tigor),Tata Tigor EV,4,400,16,4,1,0
3712,JGD,Jagdalpur,Sanjay Rao,4.66,2113,SUV (Ertiga/Innova),Mahindra XUV700,6,650,20,8,0,0
3713,HZD,Hazaribagh,Sanjay Rao,4.72,1973,Airport Express Shuttle,Tata Winger Executive,12,180,8,8,0,1
3714,SSE,Solapur,Rohan Mehta,4.67,665,Executive Premium,Mercedes C-Class,4,1200,35,7,0,0
3715,BGP,Bhagalpur,Vijay Reddy,4.67,2390,Electric EV (Nexon/Tigor),Tata Tigor EV,4,400,16,9,1,0
3716,KARN,Karnal,Vikram Singh,4.73,2059,Electric EV (Nexon/Tigor),Tata Tigor EV,4,400,16,4,1,0
3717,BAR,Baramati,Amit Kumar,4.94,231,Executive Premium,Toyota Camry Hybrid,4,1200,35,8,0,0
3718,KAI,Kailashahar,Sanjay Rao,4.56,1831,Sedan (Dzire/Etios),Toyota Etios,4,350,14,13,0,0
3719,RJA,Rajahmundry,Ramesh Verma,4.45,1335,Hatchback (WagonR),Hyundai i10,4,250,12,8,0,0
3720,PYB,Jeypore,Dinesh Pillai,4.73,555,Airport Express Shuttle,Force Traveller AC,12,180,8,4,0,1
3721,PYG,Gangtok / Pakyong (Sikkim),Gaurav Tiwari,4.56,1333,SUV (Ertiga/Innova),Toyota Innova Crysta,6,650,20,11,0,0
3722,PAL,Pali,Rajesh Sharma,4.67,1483,Airport Express Shuttle,Force Traveller AC,12,180,8,4,0,1
3723,SXR,Srinagar,Sanjay Rao,4.82,2174,Airport Express Shuttle,Tata Winger Executive,12,180,8,3,0,1
3724,MZS,Sonbhadra,Vijay Reddy,4.91,374,Airport Express Shuttle,Force Traveller AC,12,180,8,3,0,1
3725,HJR,Khajuraho,Rahul Banerjee,4.86,2259,Airport Express Shuttle,Force Traveller AC,12,180,8,13,0,1
3726,KBK,Kushinagar,Rohan Mehta,4.62,413,SUV (Ertiga/Innova),Toyota Innova Crysta,6,650,20,12,0,0
3727,IMF,Imphal,Deepak Joshi,4.61,1238,Airport Express Shuttle,Force Traveller AC,12,180,8,10,0,1
3728,PUI,Purnea,Pankaj Das,4.67,1071,SUV (Ertiga/Innova),Maruti Ertiga,6,650,20,3,0,0
3729,CJB,Coimbatore,Manoj Gupta,4.83,449,Sedan (Dzire/Etios),Hyundai Aura,4,350,14,7,0,0
3730,IXM,Madurai,Manoj Gupta,4.41,833,SUV (Ertiga/Innova),Maruti Ertiga,6,650,20,10,0,0
3731,BAR,Baramati,Rahul Banerjee,4.68,2007,Sedan (Dzire/Etios),Hyundai Aura,4,350,14,13,0,0
3732,LGP,Rupsi / Dhubri,Harpreet Singh,4.49,154,Hatchback (WagonR),Tata Tiago,4,250,12,3,0,0
3733,KAP,Kadapa,Santosh Kulkarni,4.57,2285,Airport Express Shuttle,Tata Winger Executive,12,180,8,6,0,1
3734,GAW,Guwahati,Harpreet Singh,4.96,780,Sedan (Dzire/Etios),Toyota Etios,4,350,14,13,0,0
3735,KOP,Kolhapur,Pankaj Das,4.4,2011,Airport Express Shuttle,Tata Winger Executive,12,180,8,11,0,1
3736,IXC,Chandigarh,Sanjay Rao,4.69,1771,SUV (Ertiga/Innova),Mahindra XUV700,6,650,20,9,0,0
3737,PYB,Jeypore,Harpreet Singh,4.83,1719,Executive Premium,Toyota Camry Hybrid,4,1200,35,8,0,0
3738,KNU,Kanpur,Vijay Reddy,4.86,1006,Executive Premium,Mercedes C-Class,4,1200,35,6,0,0
3739,IXY,Kandla,Mahesh Choudhary,4.41,965,Executive Premium,Skoda Superb,4,1200,35,10,0,0
3740,MYQ,Mysuru,Rahul Banerjee,4.51,2034,Hatchback (WagonR),Maruti Suzuki WagonR,4,250,12,14,0,0
3741,HZD,Hazaribagh,Ramesh Verma,4.41,2105,Sedan (Dzire/Etios),Maruti Suzuki Dzire,4,350,14,12,0,0
3742,HSR,Rajkot,Rajesh Sharma,4.79,112,Electric EV (Nexon/Tigor),MG ZS EV,4,400,16,8,1,0
3743,HJR,Khajuraho,Manoj Gupta,4.77,845,Electric EV (Nexon/Tigor),Tata Nexon EV,4,400,16,8,1,0
3744,NMN,Neemrana / Alwar,Vikram Singh,4.55,1734,SUV (Ertiga/Innova),Maruti Ertiga,6,650,20,6,0,0
3745,HBX,Hubballi / Dharwad,Ramesh Verma,4.72,2245,Sedan (Dzire/Etios),Maruti Suzuki Dzire,4,350,14,4,0,0
3746,AGX,Agatti Island (Lakshadweep),Dinesh Pillai,4.84,2056,Hatchback (WagonR),Maruti Suzuki WagonR,4,250,12,8,0,0
3747,STV,Surat,Rajesh Sharma,4.71,1840,Hatchback (WagonR),Hyundai i10,4,250,12,3,0,0
3748,PBF,Bilaspur,Manoj Gupta,4.4,1764,Sedan (Dzire/Etios),Hyundai Aura,4,350,14,11,0,0
3749,ROU,Rourkela,Rohan Mehta,4.56,1672,SUV (Ertiga/Innova),Mahindra XUV700,6,650,20,9,0,0
3750,RPR,Raipur,Gaurav Tiwari,4.43,1415,SUV (Ertiga/Innova),Toyota Innova Crysta,6,650,20,7,0,0
3751,HIR,Sambalpur,Mahesh Choudhary,4.94,1174,SUV (Ertiga/Innova),Toyota Innova Crysta,6,650,20,10,0,0
3752,SSE,Solapur,Suresh Patel,4.64,1411,SUV (Ertiga/Innova),Maruti Ertiga,6,650,20,10,0,0
3753,RKG,Durgapur,Amit Kumar,4.51,2400,Electric EV (Nexon/Tigor),MG ZS EV,4,400,16,13,1,0
3754,NVY,Neyveli,Mahesh Choudhary,4.82,973,Airport Express Shuttle,Force Traveller AC,12,180,8,13,0,1
3755,SAG,Shirdi,Harpreet Singh,4.92,519,Executive Premium,Mercedes C-Class,4,1200,35,6,0,0
3756,TIR,Tirupati,Deepak Joshi,4.83,1302,Airport Express Shuttle,Force Traveller AC,12,180,8,7,0,1
3757,PGH,Pantnagar / Nainital,Rahul Banerjee,4.76,1329,Hatchback (WagonR),Hyundai i10,4,250,12,3,0,0
3758,AYJ,Ayodhya,Ramesh Verma,4.51,1778,Airport Express Shuttle,Force Traveller AC,12,180,8,5,0,1
3759,AKL,Akola,Amit Kumar,4.48,1717,Executive Premium,Mercedes C-Class,4,1200,35,11,0,0
3760,SHL,Shillong,Deepak Joshi,4.77,96,Sedan (Dzire/Etios),Hyundai Aura,4,350,14,14,0,0
3761,HSR,Rajkot,Amit Kumar,4.53,2384,Sedan (Dzire/Etios),Maruti Suzuki Dzire,4,350,14,13,0,0
3762,SIH,Sirohi,Sanjay Rao,4.55,2283,Electric EV (Nexon/Tigor),MG ZS EV,4,400,16,12,1,0
3763,MEH,Mehsana,Santosh Kulkarni,4.61,1710,Electric EV (Nexon/Tigor),Tata Nexon EV,4,400,16,5,1,0
3764,KHO,Khowai,Suresh Patel,4.51,1834,SUV (Ertiga/Innova),Toyota Innova Crysta,6,650,20,4,0,0
3765,NMN,Neemrana / Alwar,Harpreet Singh,4.69,2254,Electric EV (Nexon/Tigor),Tata Tigor EV,4,400,16,12,1,0
3766,DED,Dehradun,Rajesh Sharma,4.57,1604,Electric EV (Nexon/Tigor),MG ZS EV,4,400,16,10,1,0
3767,SHL,Shillong,Deepak Joshi,4.69,2208,Electric EV (Nexon/Tigor),Tata Nexon EV,4,400,16,10,1,0
3768,MAL,Malda,Harpreet Singh,4.59,1162,Hatchback (WagonR),Maruti Suzuki WagonR,4,250,12,9,0,0
3769,VZY,Vijayawada,Rajesh Sharma,4.48,1182,Sedan (Dzire/Etios),Toyota Etios,4,350,14,12,0,0
3770,TEZU,Tezu,Suresh Patel,4.51,1283,Executive Premium,Skoda Superb,4,1200,35,4,0,0
3771,PYB,Jeypore,Pankaj Das,4.64,702,Sedan (Dzire/Etios),Hyundai Aura,4,350,14,3,0,0
3772,SRA,Shravasti,Deepak Joshi,4.9,263,Electric EV (Nexon/Tigor),Tata Tigor EV,4,400,16,3,1,0
3773,CKU,Chakulia,Suresh Patel,4.65,421,Executive Premium,Toyota Camry Hybrid,4,1200,35,7,0,0
3774,KQH,Ajmer / Kishangarh,Ramesh Verma,4.9,1822,Executive Premium,Toyota Camry Hybrid,4,1200,35,5,0,0
3775,DBR,Darbhanga,Harpreet Singh,4.74,755,SUV (Ertiga/Innova),Maruti Ertiga,6,650,20,9,0,0
3776,GAW,Guwahati,Rohan Mehta,4.46,1250,Electric EV (Nexon/Tigor),MG ZS EV,4,400,16,7,1,0
3777,SAH,Saharanpur,Sanjay Rao,4.55,767,Airport Express Shuttle,Force Traveller AC,12,180,8,10,0,1
3778,BDQ,Vadodara,Rohan Mehta,4.53,738,Airport Express Shuttle,Tata Winger Executive,12,180,8,5,0,1
3779,JRH,Jorhat,Dinesh Pillai,4.96,258,Airport Express Shuttle,Tata Winger Executive,12,180,8,7,0,1
3780,HSR,Rajkot,Anil Deshmukh,4.61,647,SUV (Ertiga/Innova),Maruti Ertiga,6,650,20,9,0,0
3781,IXC,Chandigarh,Ramesh Verma,4.67,2367,Electric EV (Nexon/Tigor),MG ZS EV,4,400,16,13,1,0
3782,DHM,Dharamshala / Kangra,Vikram Singh,4.48,607,SUV (Ertiga/Innova),Toyota Innova Crysta,6,650,20,5,0,0
3783,PNV,Porbandar,Dinesh Pillai,4.64,1632,Hatchback (WagonR),Tata Tiago,4,250,12,12,0,0
3784,SAH,Saharanpur,Santosh Kulkarni,4.81,1257,Electric EV (Nexon/Tigor),MG ZS EV,4,400,16,8,1,0
3785,JDH,Jodhpur,Gaurav Tiwari,4.55,1439,Airport Express Shuttle,Tata Winger Executive,12,180,8,7,0,1
3786,DIU,Diu,Santosh Kulkarni,4.85,713,Sedan (Dzire/Etios),Maruti Suzuki Dzire,4,350,14,7,0,0
3787,SAG,Shirdi,Ramesh Verma,4.42,1672,Airport Express Shuttle,Tata Winger Executive,12,180,8,12,0,1
3788,BBI,Bhubaneswar,Anil Deshmukh,4.47,1699,Sedan (Dzire/Etios),Maruti Suzuki Dzire,4,350,14,10,0,0
3789,KOR,Koraput,Rajesh Sharma,4.5,1562,Sedan (Dzire/Etios),Hyundai Aura,4,350,14,14,0,0
3790,JGD,Jagdalpur,Deepak Joshi,4.61,2053,SUV (Ertiga/Innova),Mahindra XUV700,6,650,20,10,0,0
3791,AMR,Amravati,Rajesh Sharma,4.79,1907,Executive Premium,Toyota Camry Hybrid,4,1200,35,8,0,0
3792,PBN,Parbhani,Deepak Joshi,4.49,545,Electric EV (Nexon/Tigor),Tata Tigor EV,4,400,16,8,1,0
3793,BKN,Bikaner,Pankaj Das,4.79,632,Hatchback (WagonR),Tata Tiago,4,250,12,10,0,0
3794,RJA,Rajahmundry,Rajesh Sharma,4.93,837,SUV (Ertiga/Innova),Toyota Innova Crysta,6,650,20,14,0,0
3795,BLR,Bengaluru,Rahul Banerjee,4.87,890,SUV (Ertiga/Innova),Toyota Innova Crysta,6,650,20,11,0,0
3796,UDR,Udaipur,Dinesh Pillai,4.68,1785,Hatchback (WagonR),Hyundai i10,4,250,12,13,0,0
3797,VZY,Vijayawada,Gaurav Tiwari,4.82,1340,Sedan (Dzire/Etios),Hyundai Aura,4,350,14,6,0,0
3798,BOM,Mumbai,Praveen Nair,4.83,2384,Executive Premium,Mercedes C-Class,4,1200,35,6,0,0
3799,PNY,Puducherry,Deepak Joshi,4.91,1501,Sedan (Dzire/Etios),Maruti Suzuki Dzire,4,350,14,11,0,0
3800,RJA,Rajahmundry,Sanjay Rao,4.81,940,SUV (Ertiga/Innova),Maruti Ertiga,6,650,20,6,0,0
3801,SXV,Shivamogga,Praveen Nair,4.81,962,Electric EV (Nexon/Tigor),Tata Nexon EV,4,400,16,8,1,0
3802,ROU,Rourkela,Ramesh Verma,4.78,698,Hatchback (WagonR),Hyundai i10,4,250,12,3,0,0
3803,DUM,Dumka,Dinesh Pillai,4.78,1597,Airport Express Shuttle,Tata Winger Executive,12,180,8,8,0,1
3804,CKU,Chakulia,Deepak Joshi,4.63,157,Airport Express Shuttle,Tata Winger Executive,12,180,8,4,0,1
3805,HBI,Itanagar,Deepak Joshi,4.58,1441,Sedan (Dzire/Etios),Hyundai Aura,4,350,14,5,0,0
3806,BKN,Bikaner,Rahul Banerjee,4.96,837,Airport Express Shuttle,Tata Winger Executive,12,180,8,5,0,1
3807,KAM,Kamalpur,Suresh Patel,4.54,1323,Hatchback (WagonR),Tata Tiago,4,250,12,8,0,0
3808,IXZ,Port Blair (Andaman),Mahesh Choudhary,4.73,1447,Airport Express Shuttle,Tata Winger Executive,12,180,8,11,0,1
3809,LKO,Lucknow,Anil Deshmukh,4.74,1179,SUV (Ertiga/Innova),Toyota Innova Crysta,6,650,20,11,0,0
3810,JGD,Jagdalpur,Amit Kumar,4.83,444,Sedan (Dzire/Etios),Hyundai Aura,4,350,14,5,0,0
3811,JRG,Jharsuguda,Sunil Yadav,4.96,1096,SUV (Ertiga/Innova),Mahindra XUV700,6,650,20,10,0,0
3812,REW,Rewa,Dinesh Pillai,4.79,967,Sedan (Dzire/Etios),Toyota Etios,4,350,14,12,0,0
3813,SXV,Shivamogga,Vikram Singh,4.73,1831,Hatchback (WagonR),Maruti Suzuki WagonR,4,250,12,10,0,0
3814,HIR,Sambalpur,Manoj Gupta,4.94,331,Hatchback (WagonR),Hyundai i10,4,250,12,11,0,0
3815,DMO,Damoh,Pankaj Das,4.82,2042,Hatchback (WagonR),Tata Tiago,4,250,12,5,0,0
3816,JGD,Jagdalpur,Manoj Gupta,4.51,1362,Sedan (Dzire/Etios),Maruti Suzuki Dzire,4,350,14,6,0,0
3817,NVM,Navi Mumbai,Suresh Patel,4.96,1915,Electric EV (Nexon/Tigor),MG ZS EV,4,400,16,8,1,0
3818,HSR,Rajkot,Vijay Reddy,4.93,923,Sedan (Dzire/Etios),Hyundai Aura,4,350,14,8,0,0
3819,COK,Kochi,Ramesh Verma,4.87,1689,Airport Express Shuttle,Force Traveller AC,12,180,8,11,0,1
3820,KAI,Kailashahar,Mahesh Choudhary,4.62,1907,Airport Express Shuttle,Tata Winger Executive,12,180,8,12,0,1
3821,TCR,Thoothukudi (Tuticorin),Manoj Gupta,4.91,2091,Sedan (Dzire/Etios),Maruti Suzuki Dzire,4,350,14,3,0,0
3822,DMO,Damoh,Ramesh Verma,4.89,590,Electric EV (Nexon/Tigor),Tata Tigor EV,4,400,16,6,1,0
3823,GWL,Gwalior,Manoj Gupta,4.51,1085,Sedan (Dzire/Etios),Toyota Etios,4,350,14,7,0,0
3824,SHL,Shillong,Suresh Patel,4.68,1144,Executive Premium,Mercedes C-Class,4,1200,35,5,0,0
3825,IXA,Agartala,Santosh Kulkarni,4.44,2203,Hatchback (WagonR),Maruti Suzuki WagonR,4,250,12,12,0,0
3826,CNN,Kannur,Sunil Yadav,4.47,1877,Sedan (Dzire/Etios),Toyota Etios,4,350,14,8,0,0
3827,MUZ,Muzaffarpur,Santosh Kulkarni,4.69,429,Sedan (Dzire/Etios),Toyota Etios,4,350,14,6,0,0
3828,JGA,Jamnagar,Vikram Singh,4.85,1518,Hatchback (WagonR),Tata Tiago,4,250,12,11,0,0
3829,OSB,Dharashiv,Pankaj Das,4.86,1406,SUV (Ertiga/Innova),Maruti Ertiga,6,650,20,7,0,0
3830,TRV,Thiruvananthapuram,Ramesh Verma,4.67,1169,Hatchback (WagonR),Tata Tiago,4,250,12,10,0,0
3831,SXR,Srinagar,Praveen Nair,4.69,1197,Airport Express Shuttle,Tata Winger Executive,12,180,8,9,0,1
3832,MYQ,Mysuru,Gaurav Tiwari,4.55,2069,Hatchback (WagonR),Tata Tiago,4,250,12,4,0,0
3833,BLR,Bengaluru,Rajesh Sharma,4.76,1949,Hatchback (WagonR),Maruti Suzuki WagonR,4,250,12,9,0,0
3834,BDQ,Vadodara,Santosh Kulkarni,4.97,1956,SUV (Ertiga/Innova),Maruti Ertiga,6,650,20,6,0,0
3835,BOK,Bokaro,Suresh Patel,4.44,857,Executive Premium,Toyota Camry Hybrid,4,1200,35,7,0,0
3836,SNE,Singrauli,Anil Deshmukh,4.78,832,SUV (Ertiga/Innova),Toyota Innova Crysta,6,650,20,12,0,0
3837,BLR,Bengaluru,Sanjay Rao,4.56,986,Sedan (Dzire/Etios),Maruti Suzuki Dzire,4,350,14,12,0,0
3838,HBI,Itanagar,Sunil Yadav,4.64,1079,SUV (Ertiga/Innova),Mahindra XUV700,6,650,20,5,0,0
3839,KJB,Kurnool (Orvakal),Manoj Gupta,4.43,1988,Sedan (Dzire/Etios),Maruti Suzuki Dzire,4,350,14,14,0,0
3840,IXB,Siliguri / Bagdogra,Manoj Gupta,4.43,1505,SUV (Ertiga/Innova),Maruti Ertiga,6,650,20,14,0,0
3841,LUD,Ludhiana,Gaurav Tiwari,4.76,2261,Electric EV (Nexon/Tigor),Tata Nexon EV,4,400,16,7,1,0
3842,JLR,Jabalpur,Mahesh Choudhary,4.54,1793,Sedan (Dzire/Etios),Maruti Suzuki Dzire,4,350,14,3,0,0
3843,JRH,Jorhat,Harpreet Singh,4.67,366,SUV (Ertiga/Innova),Mahindra XUV700,6,650,20,13,0,0
3844,HYD,Hyderabad,Ramesh Verma,4.48,965,Airport Express Shuttle,Force Traveller AC,12,180,8,13,0,1
3845,HZD,Hazaribagh,Rajesh Sharma,4.46,548,Airport Express Shuttle,Force Traveller AC,12,180,8,10,0,1
3846,BID,Bidar,Ramesh Verma,4.61,884,Airport Express Shuttle,Tata Winger Executive,12,180,8,5,0,1
3847,BOK,Bokaro,Manoj Gupta,4.52,174,Airport Express Shuttle,Tata Winger Executive,12,180,8,9,0,1
3848,PUI,Purnea,Sanjay Rao,4.7,156,SUV (Ertiga/Innova),Maruti Ertiga,6,650,20,3,0,0
3849,MOR,Moradabad,Gaurav Tiwari,4.94,95,Executive Premium,Toyota Camry Hybrid,4,1200,35,11,0,0
3850,CCJ,Kozhikode (Calicut),Rahul Banerjee,4.46,80,Electric EV (Nexon/Tigor),MG ZS EV,4,400,16,10,1,0
3851,KAM,Kamalpur,Deepak Joshi,4.55,875,Electric EV (Nexon/Tigor),Tata Nexon EV,4,400,16,13,1,0
3852,DED,Dehradun,Harpreet Singh,4.52,2060,Executive Premium,Toyota Camry Hybrid,4,1200,35,5,0,0
3853,JDH,Jodhpur,Ramesh Verma,4.62,540,Hatchback (WagonR),Maruti Suzuki WagonR,4,250,12,9,0,0
3854,DHR,Dibrugarh,Ramesh Verma,4.67,1338,SUV (Ertiga/Innova),Toyota Innova Crysta,6,650,20,6,0,0
3855,BDQ,Vadodara,Sanjay Rao,4.52,1514,Hatchback (WagonR),Hyundai i10,4,250,12,14,0,0
3856,AMD,Ahmedabad,Pankaj Das,4.96,1803,Electric EV (Nexon/Tigor),Tata Tigor EV,4,400,16,10,1,0
3857,RKG,Durgapur,Rajesh Sharma,4.67,1631,Executive Premium,Skoda Superb,4,1200,35,14,0,0
3858,AGX,Agatti Island (Lakshadweep),Vikram Singh,4.56,690,Airport Express Shuttle,Force Traveller AC,12,180,8,6,0,1
3859,PINJ,Panchkula / Pinjore,Ramesh Verma,4.68,1889,Hatchback (WagonR),Hyundai i10,4,250,12,13,0,0
3860,CHI,Chhindwara,Gaurav Tiwari,4.5,1261,Executive Premium,Mercedes C-Class,4,1200,35,11,0,0
3861,BKN,Bikaner,Harpreet Singh,4.84,885,Executive Premium,Skoda Superb,4,1200,35,8,0,0
3862,IXU,Chhatrapati Sambhaji Nagar (Aurangabad),Rajesh Sharma,4.42,229,Airport Express Shuttle,Tata Winger Executive,12,180,8,14,0,1
3863,TEZ,Tezpur,Dinesh Pillai,4.6,1601,Airport Express Shuttle,Tata Winger Executive,12,180,8,12,0,1
3864,REW,Rewa,Anil Deshmukh,4.62,1948,SUV (Ertiga/Innova),Toyota Innova Crysta,6,650,20,4,0,0
3865,IXY,Kandla,Dinesh Pillai,4.81,758,Sedan (Dzire/Etios),Maruti Suzuki Dzire,4,350,14,7,0,0
3866,MZS,Sonbhadra,Rohan Mehta,4.68,2260,Airport Express Shuttle,Force Traveller AC,12,180,8,12,0,1
3867,KBK,Kushinagar,Rahul Banerjee,4.82,913,Hatchback (WagonR),Hyundai i10,4,250,12,9,0,0
3868,RPR,Raipur,Amit Kumar,4.66,186,SUV (Ertiga/Innova),Maruti Ertiga,6,650,20,12,0,0
3869,VNS,Varanasi,Gaurav Tiwari,4.43,750,Hatchback (WagonR),Hyundai i10,4,250,12,10,0,0
3870,RJA,Rajahmundry,Rohan Mehta,4.43,1122,Executive Premium,Mercedes C-Class,4,1200,35,5,0,0
3871,SAH,Saharanpur,Praveen Nair,4.52,595,Electric EV (Nexon/Tigor),Tata Nexon EV,4,400,16,12,1,0
3872,BKN,Bikaner,Rajesh Sharma,4.67,310,Executive Premium,Toyota Camry Hybrid,4,1200,35,3,0,0
3873,RKG,Durgapur,Manoj Gupta,4.75,332,Hatchback (WagonR),Hyundai i10,4,250,12,5,0,0
3874,COK,Kochi,Dinesh Pillai,4.63,2125,Electric EV (Nexon/Tigor),Tata Tigor EV,4,400,16,7,1,0
3875,DED,Dehradun,Manoj Gupta,4.54,80,Sedan (Dzire/Etios),Hyundai Aura,4,350,14,12,0,0
3876,DHR,Dibrugarh,Praveen Nair,4.45,362,Electric EV (Nexon/Tigor),Tata Tigor EV,4,400,16,12,1,0
3877,KARN,Karnal,Rajesh Sharma,4.49,1207,Executive Premium,Mercedes C-Class,4,1200,35,3,0,0
3878,UDR,Udaipur,Rohan Mehta,4.59,2099,Electric EV (Nexon/Tigor),Tata Tigor EV,4,400,16,11,1,0
3879,IXB,Siliguri / Bagdogra,Amit Kumar,4.91,453,Hatchback (WagonR),Hyundai i10,4,250,12,8,0,0
3880,ALD,Aligarh,Manoj Gupta,4.94,1551,Sedan (Dzire/Etios),Toyota Etios,4,350,14,4,0,0
3881,IXP,Pathankot,Vijay Reddy,4.57,1105,SUV (Ertiga/Innova),Mahindra XUV700,6,650,20,8,0,0
3882,CFH,Chitrakoot,Anil Deshmukh,4.59,500,Executive Premium,Skoda Superb,4,1200,35,5,0,0
3883,AMB,Ambikapur,Sunil Yadav,4.64,1057,Executive Premium,Skoda Superb,4,1200,35,3,0,0
3884,REW,Rewa,Rahul Banerjee,4.48,632,Electric EV (Nexon/Tigor),Tata Nexon EV,4,400,16,9,1,0
3885,GBI,Kalaburagi (Gulbarga),Dinesh Pillai,4.97,177,Executive Premium,Mercedes C-Class,4,1200,35,7,0,0
3886,UDR,Udaipur,Pankaj Das,4.79,944,Electric EV (Nexon/Tigor),MG ZS EV,4,400,16,9,1,0
3887,PUI,Purnea,Suresh Patel,4.6,466,Sedan (Dzire/Etios),Hyundai Aura,4,350,14,5,0,0
3888,HIR,Sambalpur,Suresh Patel,4.74,1046,Executive Premium,Toyota Camry Hybrid,4,1200,35,12,0,0
3889,BLR,Bengaluru,Rajesh Sharma,4.94,391,Electric EV (Nexon/Tigor),Tata Tigor EV,4,400,16,5,1,0
3890,IXJ,Jammu,Manoj Gupta,4.93,1639,Electric EV (Nexon/Tigor),Tata Nexon EV,4,400,16,3,1,0
3891,GON,Gondia,Mahesh Choudhary,4.55,1203,Hatchback (WagonR),Maruti Suzuki WagonR,4,250,12,13,0,0
3892,MAL,Malda,Manoj Gupta,4.71,2196,Airport Express Shuttle,Tata Winger Executive,12,180,8,8,0,1
3893,AGX,Agatti Island (Lakshadweep),Vijay Reddy,4.5,2062,Hatchback (WagonR),Tata Tiago,4,250,12,6,0,0
3894,NDC,Nanded,Harpreet Singh,4.6,1606,Hatchback (WagonR),Tata Tiago,4,250,12,5,0,0
3895,JDH,Jodhpur,Vikram Singh,4.47,1548,Electric EV (Nexon/Tigor),Tata Tigor EV,4,400,16,4,1,0
3896,SAH,Saharanpur,Rajesh Sharma,4.45,1435,Hatchback (WagonR),Tata Tiago,4,250,12,9,0,0
3897,BPI,Mayurbhanj,Mahesh Choudhary,4.47,847,SUV (Ertiga/Innova),Mahindra XUV700,6,650,20,3,0,0
3898,PBF,Bilaspur,Rahul Banerjee,4.92,1375,Hatchback (WagonR),Maruti Suzuki WagonR,4,250,12,9,0,0
3899,STV,Surat,Sunil Yadav,4.82,1627,SUV (Ertiga/Innova),Maruti Ertiga,6,650,20,13,0,0
3900,AMB,Ambikapur,Manoj Gupta,4.96,2270,Electric EV (Nexon/Tigor),Tata Tigor EV,4,400,16,9,1,0
3901,JLG,Jalgaon,Rahul Banerjee,4.55,927,Sedan (Dzire/Etios),Hyundai Aura,4,350,14,9,0,0
3902,AMB,Ambikapur,Santosh Kulkarni,4.65,1201,Sedan (Dzire/Etios),Hyundai Aura,4,350,14,3,0,0
3903,TCR,Thoothukudi (Tuticorin),Deepak Joshi,4.54,2272,Executive Premium,Mercedes C-Class,4,1200,35,8,0,0
3904,BDQ,Vadodara,Santosh Kulkarni,4.71,1125,Hatchback (WagonR),Maruti Suzuki WagonR,4,250,12,10,0,0
3905,PAL,Pali,Manoj Gupta,4.87,1500,Sedan (Dzire/Etios),Toyota Etios,4,350,14,8,0,0
3906,BHU,Bathinda,Sunil Yadav,4.83,1532,Sedan (Dzire/Etios),Hyundai Aura,4,350,14,7,0,0
3907,IXY,Kandla,Deepak Joshi,4.44,579,SUV (Ertiga/Innova),Toyota Innova Crysta,6,650,20,13,0,0
3908,LUD,Ludhiana,Vijay Reddy,4.91,2054,Sedan (Dzire/Etios),Hyundai Aura,4,350,14,10,0,0
3909,GOI,Goa (Dabolim),Sanjay Rao,4.71,1568,Executive Premium,Skoda Superb,4,1200,35,14,0,0
3910,VTZ,Visakhapatnam,Manoj Gupta,4.56,1702,Executive Premium,Skoda Superb,4,1200,35,13,0,0
3911,MZS,Sonbhadra,Ramesh Verma,4.87,99,Hatchback (WagonR),Hyundai i10,4,250,12,6,0,0
3912,PGH,Pantnagar / Nainital,Ramesh Verma,4.78,897,Electric EV (Nexon/Tigor),Tata Nexon EV,4,400,16,4,1,0
3913,DED,Dehradun,Rajesh Sharma,4.66,2258,Airport Express Shuttle,Force Traveller AC,12,180,8,4,0,1
3914,GBI,Kalaburagi (Gulbarga),Sanjay Rao,4.79,394,Sedan (Dzire/Etios),Toyota Etios,4,350,14,3,0,0
3915,ALD,Aligarh,Harpreet Singh,4.79,1210,Executive Premium,Toyota Camry Hybrid,4,1200,35,11,0,0
3916,AMD,Ahmedabad,Amit Kumar,4.47,1512,SUV (Ertiga/Innova),Maruti Ertiga,6,650,20,10,0,0
3917,DON,Bhadrak / Dhamra,Rajesh Sharma,4.78,454,Airport Express Shuttle,Force Traveller AC,12,180,8,8,0,1
3918,SWM,Ranthambore / Sawai Madhopur,Mahesh Choudhary,4.51,995,Electric EV (Nexon/Tigor),MG ZS EV,4,400,16,4,1,0
3919,JLG,Jalgaon,Suresh Patel,4.44,1006,Electric EV (Nexon/Tigor),MG ZS EV,4,400,16,3,1,0
3920,LUD,Ludhiana,Mahesh Choudhary,4.91,857,SUV (Ertiga/Innova),Mahindra XUV700,6,650,20,8,0,0
3921,GOI,Goa (Dabolim),Mahesh Choudhary,4.46,1755,Hatchback (WagonR),Tata Tiago,4,250,12,10,0,0
3922,VJZ,Bhogapuram / Vizianagaram,Amit Kumar,4.89,992,Sedan (Dzire/Etios),Hyundai Aura,4,350,14,11,0,0
3923,SIH,Sirohi,Deepak Joshi,4.97,1242,Hatchback (WagonR),Tata Tiago,4,250,12,5,0,0
3924,SAH,Saharanpur,Ramesh Verma,4.96,378,SUV (Ertiga/Innova),Maruti Ertiga,6,650,20,13,0,0
3925,VDY,Vidyanagar / Ballari,Vikram Singh,4.66,1408,Sedan (Dzire/Etios),Hyundai Aura,4,350,14,7,0,0
3926,SNE,Singrauli,Rahul Banerjee,4.51,1883,Executive Premium,Skoda Superb,4,1200,35,14,0,0
3927,TEZ,Tezpur,Dinesh Pillai,4.42,915,SUV (Ertiga/Innova),Toyota Innova Crysta,6,650,20,9,0,0
3928,SSE,Solapur,Ramesh Verma,4.63,351,Airport Express Shuttle,Tata Winger Executive,12,180,8,6,0,1
3929,PYB,Jeypore,Dinesh Pillai,4.93,990,Executive Premium,Mercedes C-Class,4,1200,35,9,0,0
3930,CCU,Kolkata,Santosh Kulkarni,4.72,2393,Executive Premium,Mercedes C-Class,4,1200,35,8,0,0
3931,BVC,Bhavnagar,Santosh Kulkarni,4.73,1763,Electric EV (Nexon/Tigor),Tata Tigor EV,4,400,16,13,1,0
3932,COK,Kochi,Manoj Gupta,4.9,1359,Electric EV (Nexon/Tigor),MG ZS EV,4,400,16,9,1,0
3933,KHO,Khowai,Rahul Banerjee,4.86,1912,Sedan (Dzire/Etios),Toyota Etios,4,350,14,3,0,0
3934,VTZ,Visakhapatnam,Deepak Joshi,4.76,1838,Sedan (Dzire/Etios),Toyota Etios,4,350,14,7,0,0
3935,TEZU,Tezu,Sunil Yadav,4.88,355,Sedan (Dzire/Etios),Toyota Etios,4,350,14,13,0,0
3936,BOK,Bokaro,Dinesh Pillai,4.41,530,Hatchback (WagonR),Tata Tiago,4,250,12,4,0,0
3937,WGC,Warangal,Anil Deshmukh,4.55,1399,Executive Premium,Mercedes C-Class,4,1200,35,11,0,0
3938,ALD,Aligarh,Anil Deshmukh,4.41,776,Executive Premium,Mercedes C-Class,4,1200,35,12,0,0
3939,ISK,Nashik,Dinesh Pillai,4.52,1965,SUV (Ertiga/Innova),Mahindra XUV700,6,650,20,12,0,0
3940,YTL,Yavatmal,Rahul Banerjee,4.67,268,Electric EV (Nexon/Tigor),Tata Nexon EV,4,400,16,7,1,0
3941,PNQ,Pune,Manoj Gupta,4.71,2099,Executive Premium,Mercedes C-Class,4,1200,35,11,0,0
3942,BBI,Bhubaneswar,Sanjay Rao,4.57,922,Sedan (Dzire/Etios),Maruti Suzuki Dzire,4,350,14,10,0,0
3943,KAP,Kadapa,Amit Kumar,4.71,2091,Executive Premium,Toyota Camry Hybrid,4,1200,35,10,0,0
3944,UDR,Udaipur,Harpreet Singh,4.59,1176,SUV (Ertiga/Innova),Mahindra XUV700,6,650,20,6,0,0
3945,BDQ,Vadodara,Mahesh Choudhary,4.94,1801,Electric EV (Nexon/Tigor),MG ZS EV,4,400,16,3,1,0
3946,MAA,Chennai,Suresh Patel,4.56,1576,Executive Premium,Toyota Camry Hybrid,4,1200,35,9,0,0
3947,KOK,Kokrajhar,Rajesh Sharma,4.97,1970,Hatchback (WagonR),Hyundai i10,4,250,12,13,0,0
3948,PGH,Pantnagar / Nainital,Anil Deshmukh,4.9,524,Electric EV (Nexon/Tigor),Tata Tigor EV,4,400,16,4,1,0
3949,ISK,Nashik,Manoj Gupta,4.95,258,Airport Express Shuttle,Force Traveller AC,12,180,8,3,0,1
3950,TRV,Thiruvananthapuram,Deepak Joshi,4.75,1877,Executive Premium,Toyota Camry Hybrid,4,1200,35,6,0,0
3951,PNY,Puducherry,Anil Deshmukh,4.83,687,Hatchback (WagonR),Maruti Suzuki WagonR,4,250,12,10,0,0
3952,IXE,Mangaluru,Rohan Mehta,4.95,1690,Airport Express Shuttle,Force Traveller AC,12,180,8,6,0,1
3953,NEEM,Neemuch,Praveen Nair,4.63,262,Sedan (Dzire/Etios),Hyundai Aura,4,350,14,7,0,0
3954,SAG,Shirdi,Rahul Banerjee,4.97,269,Sedan (Dzire/Etios),Toyota Etios,4,350,14,6,0,0
3955,SHL,Shillong,Amit Kumar,4.51,937,Electric EV (Nexon/Tigor),Tata Nexon EV,4,400,16,6,1,0
3956,TEZU,Tezu,Santosh Kulkarni,4.43,2359,Hatchback (WagonR),Hyundai i10,4,250,12,8,0,0
3957,ANK,Ankleshwar,Vikram Singh,4.41,861,Sedan (Dzire/Etios),Maruti Suzuki Dzire,4,350,14,3,0,0
3958,KOR,Koraput,Praveen Nair,4.48,1763,Hatchback (WagonR),Maruti Suzuki WagonR,4,250,12,8,0,0
3959,AMB,Ambikapur,Vikram Singh,4.42,1135,Electric EV (Nexon/Tigor),MG ZS EV,4,400,16,3,1,0
3960,DED,Dehradun,Rahul Banerjee,4.59,920,Sedan (Dzire/Etios),Maruti Suzuki Dzire,4,350,14,5,0,0
3961,HYD,Hyderabad,Amit Kumar,4.68,1979,SUV (Ertiga/Innova),Maruti Ertiga,6,650,20,8,0,0
3962,GOX,Goa (Mopa),Praveen Nair,4.67,2232,Airport Express Shuttle,Force Traveller AC,12,180,8,5,0,1
3963,KAM,Kamalpur,Pankaj Das,4.73,2293,SUV (Ertiga/Innova),Mahindra XUV700,6,650,20,5,0,0
3964,IDR,Indore,Dinesh Pillai,4.95,1141,Electric EV (Nexon/Tigor),Tata Tigor EV,4,400,16,6,1,0
3965,SNE,Singrauli,Ramesh Verma,4.44,2178,Sedan (Dzire/Etios),Maruti Suzuki Dzire,4,350,14,13,0,0
3966,DED,Dehradun,Sanjay Rao,4.85,2330,Executive Premium,Toyota Camry Hybrid,4,1200,35,13,0,0
3967,JDH,Jodhpur,Rajesh Sharma,4.49,2213,Airport Express Shuttle,Tata Winger Executive,12,180,8,12,0,1
3968,KBK,Kushinagar,Vikram Singh,4.73,1197,Sedan (Dzire/Etios),Hyundai Aura,4,350,14,3,0,0
3969,YTL,Yavatmal,Anil Deshmukh,4.85,372,Airport Express Shuttle,Tata Winger Executive,12,180,8,8,0,1
3970,KBK,Kushinagar,Rohan Mehta,4.98,1365,Hatchback (WagonR),Tata Tiago,4,250,12,4,0,0
3971,HSS,Hisar,Manoj Gupta,4.98,385,Hatchback (WagonR),Maruti Suzuki WagonR,4,250,12,9,0,0
3972,TEZU,Tezu,Manoj Gupta,4.55,426,Sedan (Dzire/Etios),Hyundai Aura,4,350,14,8,0,0
3973,TRV,Thiruvananthapuram,Sanjay Rao,4.81,666,Hatchback (WagonR),Maruti Suzuki WagonR,4,250,12,9,0,0
3974,IXY,Kandla,Rohan Mehta,4.91,908,Airport Express Shuttle,Force Traveller AC,12,180,8,13,0,1
3975,DBR,Darbhanga,Amit Kumar,4.79,210,Electric EV (Nexon/Tigor),Tata Nexon EV,4,400,16,6,1,0
3976,COK,Kochi,Suresh Patel,4.67,914,Executive Premium,Toyota Camry Hybrid,4,1200,35,7,0,0
3977,CKU,Chakulia,Dinesh Pillai,4.73,966,Electric EV (Nexon/Tigor),MG ZS EV,4,400,16,10,1,0
3978,LGP,Rupsi / Dhubri,Rohan Mehta,4.76,2002,Sedan (Dzire/Etios),Hyundai Aura,4,350,14,8,0,0
3979,PINJ,Panchkula / Pinjore,Sunil Yadav,4.52,1177,Executive Premium,Mercedes C-Class,4,1200,35,11,0,0
3980,PUR,Purulia,Harpreet Singh,4.66,1318,Executive Premium,Toyota Camry Hybrid,4,1200,35,6,0,0
3981,COK,Kochi,Ramesh Verma,4.8,662,SUV (Ertiga/Innova),Toyota Innova Crysta,6,650,20,11,0,0
3982,TEZ,Tezpur,Amit Kumar,4.85,321,SUV (Ertiga/Innova),Mahindra XUV700,6,650,20,14,0,0
3983,KHO,Khowai,Manoj Gupta,4.59,1774,Hatchback (WagonR),Maruti Suzuki WagonR,4,250,12,10,0,0
3984,KAM,Kamalpur,Mahesh Choudhary,4.6,975,Sedan (Dzire/Etios),Toyota Etios,4,350,14,11,0,0
3985,JDH,Jodhpur,Harpreet Singh,4.79,430,Electric EV (Nexon/Tigor),Tata Tigor EV,4,400,16,14,1,0
3986,LKO,Lucknow,Santosh Kulkarni,4.96,1803,Executive Premium,Mercedes C-Class,4,1200,35,6,0,0
3987,VNS,Varanasi,Harpreet Singh,4.47,2353,Sedan (Dzire/Etios),Hyundai Aura,4,350,14,13,0,0
3988,KOR,Koraput,Rohan Mehta,4.62,794,Airport Express Shuttle,Force Traveller AC,12,180,8,5,0,1
3989,DON,Bhadrak / Dhamra,Manoj Gupta,4.7,1383,Sedan (Dzire/Etios),Maruti Suzuki Dzire,4,350,14,11,0,0
3990,KAP,Kadapa,Santosh Kulkarni,4.88,1324,Sedan (Dzire/Etios),Hyundai Aura,4,350,14,12,0,0
3991,AMRE,Amreli,Anil Deshmukh,4.75,2270,Sedan (Dzire/Etios),Hyundai Aura,4,350,14,3,0,0
3992,NMN,Neemrana / Alwar,Amit Kumar,4.48,132,Airport Express Shuttle,Tata Winger Executive,12,180,8,7,0,1
3993,BLR,Bengaluru,Dinesh Pillai,4.95,917,Electric EV (Nexon/Tigor),Tata Tigor EV,4,400,16,10,1,0
3994,AGX,Agatti Island (Lakshadweep),Mahesh Choudhary,4.68,88,Executive Premium,Toyota Camry Hybrid,4,1200,35,14,0,0
3995,KHO,Khowai,Vikram Singh,4.88,1773,Sedan (Dzire/Etios),Maruti Suzuki Dzire,4,350,14,10,0,0
3996,JRH,Jorhat,Rohan Mehta,4.79,912,Electric EV (Nexon/Tigor),MG ZS EV,4,400,16,14,1,0
3997,PYB,Jeypore,Rahul Banerjee,4.79,2108,Executive Premium,Toyota Camry Hybrid,4,1200,35,5,0,0
3998,STV,Surat,Suresh Patel,4.78,960,SUV (Ertiga/Innova),Maruti Ertiga,6,650,20,10,0,0
3999,NAG,Nagpur,Praveen Nair,4.94,1792,SUV (Ertiga/Innova),Maruti Ertiga,6,650,20,7,0,0
4000,WGC,Warangal,Pankaj Das,4.55,1406,SUV (Ertiga/Innova),Mahindra XUV700,6,650,20,7,0,0
4001,VTZ,Visakhapatnam,Dinesh Pillai,4.56,2029,Hatchback (WagonR),Tata Tiago,4,250,12,11,0,0
4002,JRH,Jorhat,Pankaj Das,4.74,2208,Electric EV (Nexon/Tigor),Tata Tigor EV,4,400,16,8,1,0
4003,ALD,Aligarh,Gaurav Tiwari,4.55,1343,SUV (Ertiga/Innova),Maruti Ertiga,6,650,20,8,0,0
4004,SHL,Shillong,Sanjay Rao,4.91,2164,Hatchback (WagonR),Hyundai i10,4,250,12,3,0,0
4005,YTL,Yavatmal,Santosh Kulkarni,4.81,407,Hatchback (WagonR),Hyundai i10,4,250,12,3,0,0
4006,LAT,Latur,Mahesh Choudhary,4.76,2076,Electric EV (Nexon/Tigor),Tata Nexon EV,4,400,16,13,1,0
4007,JGD,Jagdalpur,Pankaj Das,4.46,285,Electric EV (Nexon/Tigor),Tata Nexon EV,4,400,16,9,1,0
4008,SAG,Shirdi,Vikram Singh,4.41,1175,Airport Express Shuttle,Force Traveller AC,12,180,8,11,0,1
4009,SHL,Shillong,Pankaj Das,4.59,911,Executive Premium,Skoda Superb,4,1200,35,11,0,0
4010,BID,Bidar,Gaurav Tiwari,4.43,156,Hatchback (WagonR),Hyundai i10,4,250,12,7,0,0
4011,RGD,Raigarh,Ramesh Verma,4.41,1264,Executive Premium,Skoda Superb,4,1200,35,8,0,0
4012,KAP,Kadapa,Amit Kumar,4.7,1974,Executive Premium,Toyota Camry Hybrid,4,1200,35,7,0,0
4013,STV,Surat,Mahesh Choudhary,4.95,1948,SUV (Ertiga/Innova),Toyota Innova Crysta,6,650,20,5,0,0
4014,IXD,Prayagraj (Allahabad),Gaurav Tiwari,4.74,83,Executive Premium,Toyota Camry Hybrid,4,1200,35,7,0,0
4015,IXZ,Port Blair (Andaman),Rohan Mehta,4.6,1981,SUV (Ertiga/Innova),Maruti Ertiga,6,650,20,8,0,0
4016,PUR,Purulia,Anil Deshmukh,4.94,616,Executive Premium,Skoda Superb,4,1200,35,8,0,0
4017,KNU,Kanpur,Harpreet Singh,4.46,2189,Executive Premium,Mercedes C-Class,4,1200,35,12,0,0
4018,BHO,Bhopal,Ramesh Verma,4.9,1604,Hatchback (WagonR),Maruti Suzuki WagonR,4,250,12,6,0,0
4019,UDR,Udaipur,Anil Deshmukh,4.65,1834,Airport Express Shuttle,Force Traveller AC,12,180,8,9,0,1
4020,DED,Dehradun,Sanjay Rao,4.75,80,Hatchback (WagonR),Tata Tiago,4,250,12,4,0,0
4021,SWM,Ranthambore / Sawai Madhopur,Dinesh Pillai,4.72,951,Airport Express Shuttle,Force Traveller AC,12,180,8,7,0,1
4022,JGD,Jagdalpur,Sanjay Rao,4.43,194,Electric EV (Nexon/Tigor),Tata Tigor EV,4,400,16,7,1,0
4023,IXW,Jamshedpur,Harpreet Singh,4.84,757,Hatchback (WagonR),Hyundai i10,4,250,12,4,0,0
4024,JSA,Jaisalmer,Deepak Joshi,4.92,452,Hatchback (WagonR),Maruti Suzuki WagonR,4,250,12,4,0,0
4025,IXB,Siliguri / Bagdogra,Vikram Singh,4.94,2277,SUV (Ertiga/Innova),Toyota Innova Crysta,6,650,20,13,0,0
4026,JRH,Jorhat,Pankaj Das,4.42,1555,Executive Premium,Skoda Superb,4,1200,35,12,0,0
4027,BPI,Mayurbhanj,Sunil Yadav,4.61,1916,Airport Express Shuttle,Force Traveller AC,12,180,8,7,0,1
4028,GWL,Gwalior,Suresh Patel,4.66,524,Hatchback (WagonR),Hyundai i10,4,250,12,11,0,0
4029,LKO,Lucknow,Rahul Banerjee,4.63,1629,Hatchback (WagonR),Tata Tiago,4,250,12,14,0,0
4030,IMF,Imphal,Manoj Gupta,4.84,1694,Sedan (Dzire/Etios),Toyota Etios,4,350,14,9,0,0
4031,BTH,Bettiah,Anil Deshmukh,4.67,1505,Sedan (Dzire/Etios),Toyota Etios,4,350,14,12,0,0
4032,DON,Bhadrak / Dhamra,Ramesh Verma,4.73,644,Executive Premium,Mercedes C-Class,4,1200,35,7,0,0
4033,IXC,Chandigarh,Pankaj Das,4.69,1541,Sedan (Dzire/Etios),Maruti Suzuki Dzire,4,350,14,5,0,0
4034,GOX,Goa (Mopa),Dinesh Pillai,4.59,669,Electric EV (Nexon/Tigor),Tata Nexon EV,4,400,16,3,1,0
4035,JLR,Jabalpur,Sunil Yadav,4.53,1065,Hatchback (WagonR),Hyundai i10,4,250,12,13,0,0
4036,PYG,Gangtok / Pakyong (Sikkim),Vijay Reddy,4.63,431,Airport Express Shuttle,Force Traveller AC,12,180,8,10,0,1
4037,SXR,Srinagar,Ramesh Verma,4.54,762,Executive Premium,Mercedes C-Class,4,1200,35,8,0,0
4038,SLN,Sultanpur,Dinesh Pillai,4.71,1813,Airport Express Shuttle,Tata Winger Executive,12,180,8,10,0,1
4039,CCU,Kolkata,Pankaj Das,4.77,1659,Executive Premium,Mercedes C-Class,4,1200,35,7,0,0
4040,KOR,Koraput,Sunil Yadav,4.63,659,Hatchback (WagonR),Tata Tiago,4,250,12,13,0,0
4041,DED,Dehradun,Rahul Banerjee,4.95,358,Sedan (Dzire/Etios),Toyota Etios,4,350,14,6,0,0
4042,HBX,Hubballi / Dharwad,Rajesh Sharma,4.74,1530,Sedan (Dzire/Etios),Toyota Etios,4,350,14,7,0,0
4043,GOX,Goa (Mopa),Harpreet Singh,4.69,1865,Hatchback (WagonR),Hyundai i10,4,250,12,12,0,0
4044,RXL,Raxaul,Harpreet Singh,4.42,2263,Sedan (Dzire/Etios),Hyundai Aura,4,350,14,7,0,0
4045,IXD,Prayagraj (Allahabad),Sunil Yadav,4.97,1702,Electric EV (Nexon/Tigor),MG ZS EV,4,400,16,3,1,0
4046,DHR,Dibrugarh,Rohan Mehta,4.84,1562,Sedan (Dzire/Etios),Toyota Etios,4,350,14,11,0,0
4047,DED,Dehradun,Sanjay Rao,4.95,701,Sedan (Dzire/Etios),Toyota Etios,4,350,14,6,0,0
4048,JDH,Jodhpur,Vijay Reddy,4.61,2239,Executive Premium,Mercedes C-Class,4,1200,35,13,0,0
4049,JRH,Jorhat,Rajesh Sharma,4.73,1637,Electric EV (Nexon/Tigor),MG ZS EV,4,400,16,10,1,0
4050,TEZ,Tezpur,Mahesh Choudhary,4.72,2052,Sedan (Dzire/Etios),Maruti Suzuki Dzire,4,350,14,7,0,0
4051,DEL,New Delhi,Rajesh Sharma,4.79,302,Airport Express Shuttle,Tata Winger Executive,12,180,8,7,0,1
4052,BAR,Baramati,Rajesh Sharma,4.88,870,SUV (Ertiga/Innova),Mahindra XUV700,6,650,20,5,0,0
4053,GON,Gondia,Anil Deshmukh,4.82,484,SUV (Ertiga/Innova),Maruti Ertiga,6,650,20,4,0,0
4054,PNV,Porbandar,Harpreet Singh,4.82,233,Sedan (Dzire/Etios),Hyundai Aura,4,350,14,13,0,0
4055,NMS,Naliya,Sanjay Rao,4.55,2284,Electric EV (Nexon/Tigor),Tata Nexon EV,4,400,16,12,1,0
4056,AGX,Agatti Island (Lakshadweep),Suresh Patel,4.43,121,Electric EV (Nexon/Tigor),MG ZS EV,4,400,16,13,1,0
4057,BAR,Baramati,Rahul Banerjee,4.51,1467,Sedan (Dzire/Etios),Toyota Etios,4,350,14,12,0,0
4058,JRG,Jharsuguda,Suresh Patel,4.48,802,Electric EV (Nexon/Tigor),Tata Tigor EV,4,400,16,9,1,0
4059,IXE,Mangaluru,Rohan Mehta,4.87,354,Executive Premium,Skoda Superb,4,1200,35,4,0,0
4060,TEZU,Tezu,Rahul Banerjee,4.93,630,Sedan (Dzire/Etios),Hyundai Aura,4,350,14,6,0,0
4061,SIH,Sirohi,Anil Deshmukh,4.81,584,Sedan (Dzire/Etios),Maruti Suzuki Dzire,4,350,14,12,0,0
4062,JRG,Jharsuguda,Vijay Reddy,4.44,892,Hatchback (WagonR),Maruti Suzuki WagonR,4,250,12,14,0,0
4063,DGR,Deoghar,Rahul Banerjee,4.51,181,Electric EV (Nexon/Tigor),MG ZS EV,4,400,16,5,1,0
4064,GOI,Goa (Dabolim),Praveen Nair,4.71,1087,Electric EV (Nexon/Tigor),MG ZS EV,4,400,16,12,1,0
4065,MAA,Chennai,Deepak Joshi,4.83,1209,Sedan (Dzire/Etios),Hyundai Aura,4,350,14,14,0,0
4066,KAI,Kailashahar,Deepak Joshi,4.42,2218,SUV (Ertiga/Innova),Toyota Innova Crysta,6,650,20,11,0,0
4067,COK,Kochi,Rohan Mehta,4.54,719,Airport Express Shuttle,Force Traveller AC,12,180,8,9,0,1
4068,IXG,Belagavi,Harpreet Singh,4.48,1412,Electric EV (Nexon/Tigor),Tata Tigor EV,4,400,16,3,1,0
4069,BLR,Bengaluru,Rajesh Sharma,4.87,1685,SUV (Ertiga/Innova),Mahindra XUV700,6,650,20,5,0,0
4070,YTL,Yavatmal,Harpreet Singh,4.41,1092,Airport Express Shuttle,Force Traveller AC,12,180,8,13,0,1
4071,AKL,Akola,Rohan Mehta,4.54,1256,Airport Express Shuttle,Tata Winger Executive,12,180,8,10,0,1
4072,IXS,Silchar,Dinesh Pillai,4.61,586,Hatchback (WagonR),Tata Tiago,4,250,12,12,0,0
4073,JDH,Jodhpur,Deepak Joshi,4.47,2152,SUV (Ertiga/Innova),Maruti Ertiga,6,650,20,5,0,0
4074,JHW,Jhalawar,Mahesh Choudhary,4.71,1985,Electric EV (Nexon/Tigor),MG ZS EV,4,400,16,3,1,0
4075,GOP,Ganjam / Gopalpur,Sanjay Rao,4.49,782,SUV (Ertiga/Innova),Toyota Innova Crysta,6,650,20,9,0,0
4076,LAT,Latur,Deepak Joshi,4.78,407,Hatchback (WagonR),Maruti Suzuki WagonR,4,250,12,7,0,0
4077,JHW,Jhalawar,Rajesh Sharma,4.56,753,Electric EV (Nexon/Tigor),Tata Tigor EV,4,400,16,10,1,0
4078,BHO,Bhopal,Rajesh Sharma,4.97,1630,SUV (Ertiga/Innova),Maruti Ertiga,6,650,20,11,0,0
4079,JRG,Jharsuguda,Rajesh Sharma,4.78,263,Airport Express Shuttle,Force Traveller AC,12,180,8,7,0,1
4080,CFH,Chitrakoot,Vijay Reddy,4.71,2122,Hatchback (WagonR),Hyundai i10,4,250,12,3,0,0
4081,RJA,Rajahmundry,Anil Deshmukh,4.78,1159,Airport Express Shuttle,Force Traveller AC,12,180,8,9,0,1
4082,BPI,Mayurbhanj,Santosh Kulkarni,4.98,1666,Airport Express Shuttle,Tata Winger Executive,12,180,8,9,0,1
4083,LUD,Ludhiana,Sanjay Rao,4.69,242,Hatchback (WagonR),Tata Tiago,4,250,12,13,0,0
4084,BLR,Bengaluru,Rahul Banerjee,4.41,1717,Electric EV (Nexon/Tigor),Tata Nexon EV,4,400,16,11,1,0
4085,ISK,Nashik,Rohan Mehta,4.97,1497,Sedan (Dzire/Etios),Hyundai Aura,4,350,14,9,0,0
4086,BDQ,Vadodara,Vijay Reddy,4.51,2223,Hatchback (WagonR),Maruti Suzuki WagonR,4,250,12,6,0,0
4087,GBI,Kalaburagi (Gulbarga),Suresh Patel,4.96,551,Hatchback (WagonR),Hyundai i10,4,250,12,14,0,0
4088,HSS,Hisar,Deepak Joshi,4.44,1197,Sedan (Dzire/Etios),Maruti Suzuki Dzire,4,350,14,8,0,0
4089,ASL,Asansol,Praveen Nair,4.81,304,Electric EV (Nexon/Tigor),MG ZS EV,4,400,16,3,1,0
4090,DON,Bhadrak / Dhamra,Dinesh Pillai,4.8,280,SUV (Ertiga/Innova),Maruti Ertiga,6,650,20,5,0,0
4091,BID,Bidar,Amit Kumar,4.95,1568,Electric EV (Nexon/Tigor),Tata Nexon EV,4,400,16,8,1,0
4092,CKU,Chakulia,Amit Kumar,4.48,1808,Sedan (Dzire/Etios),Hyundai Aura,4,350,14,9,0,0
4093,ROU,Rourkela,Sanjay Rao,4.83,2341,Sedan (Dzire/Etios),Toyota Etios,4,350,14,11,0,0
4094,DMU,Dimapur,Mahesh Choudhary,4.5,215,Hatchback (WagonR),Hyundai i10,4,250,12,12,0,0
4095,WGC,Warangal,Vikram Singh,4.56,623,Airport Express Shuttle,Force Traveller AC,12,180,8,6,0,1
4096,JGA,Jamnagar,Harpreet Singh,4.81,2306,Airport Express Shuttle,Force Traveller AC,12,180,8,5,0,1
4097,NMS,Naliya,Amit Kumar,4.53,255,Airport Express Shuttle,Tata Winger Executive,12,180,8,9,0,1
4098,PNQ,Pune,Manoj Gupta,4.69,1865,Sedan (Dzire/Etios),Maruti Suzuki Dzire,4,350,14,7,0,0
4099,GBI,Kalaburagi (Gulbarga),Amit Kumar,4.91,1846,Sedan (Dzire/Etios),Hyundai Aura,4,350,14,7,0,0
4100,TRV,Thiruvananthapuram,Rohan Mehta,4.44,1069,Executive Premium,Skoda Superb,4,1200,35,10,0,0
4101,IXB,Siliguri / Bagdogra,Sunil Yadav,4.8,180,Hatchback (WagonR),Tata Tiago,4,250,12,10,0,0
4102,AJL,Aizawl,Vijay Reddy,4.96,1927,Executive Premium,Toyota Camry Hybrid,4,1200,35,4,0,0
4103,TEZ,Tezpur,Rajesh Sharma,4.47,2123,Hatchback (WagonR),Tata Tiago,4,250,12,9,0,0
4104,KBK,Kushinagar,Suresh Patel,4.77,2307,Executive Premium,Skoda Superb,4,1200,35,10,0,0
4105,HIR,Sambalpur,Praveen Nair,4.94,608,Sedan (Dzire/Etios),Toyota Etios,4,350,14,7,0,0
4106,AGX,Agatti Island (Lakshadweep),Amit Kumar,4.42,1479,SUV (Ertiga/Innova),Mahindra XUV700,6,650,20,9,0,0
4107,KAP,Kadapa,Manoj Gupta,4.61,2052,Executive Premium,Skoda Superb,4,1200,35,7,0,0
4108,BTH,Bettiah,Manoj Gupta,4.88,578,Hatchback (WagonR),Maruti Suzuki WagonR,4,250,12,13,0,0
4109,IXA,Agartala,Rajesh Sharma,4.98,1088,Airport Express Shuttle,Force Traveller AC,12,180,8,12,0,1
4110,DUM,Dumka,Deepak Joshi,4.75,283,Sedan (Dzire/Etios),Hyundai Aura,4,350,14,12,0,0
4111,PYG,Gangtok / Pakyong (Sikkim),Vikram Singh,4.76,2251,Hatchback (WagonR),Tata Tiago,4,250,12,6,0,0
4112,KAR,Karad / Satara,Rajesh Sharma,4.91,1574,Sedan (Dzire/Etios),Toyota Etios,4,350,14,14,0,0
4113,KBK,Kushinagar,Deepak Joshi,4.79,1348,SUV (Ertiga/Innova),Toyota Innova Crysta,6,650,20,5,0,0
4114,GOP,Ganjam / Gopalpur,Praveen Nair,4.49,1742,Sedan (Dzire/Etios),Maruti Suzuki Dzire,4,350,14,5,0,0
4115,TRV,Thiruvananthapuram,Deepak Joshi,4.85,967,Hatchback (WagonR),Maruti Suzuki WagonR,4,250,12,3,0,0
4116,DHR,Dibrugarh,Anil Deshmukh,4.94,1699,Sedan (Dzire/Etios),Hyundai Aura,4,350,14,13,0,0
4117,NAG,Nagpur,Rohan Mehta,4.88,148,Electric EV (Nexon/Tigor),Tata Tigor EV,4,400,16,9,1,0
4118,HJR,Khajuraho,Anil Deshmukh,4.66,903,Airport Express Shuttle,Tata Winger Executive,12,180,8,5,0,1
4119,NPL,Narnaul,Harpreet Singh,4.74,87,SUV (Ertiga/Innova),Maruti Ertiga,6,650,20,5,0,0
4120,YTL,Yavatmal,Suresh Patel,4.5,1588,Airport Express Shuttle,Tata Winger Executive,12,180,8,6,0,1
4121,JSA,Jaisalmer,Harpreet Singh,4.57,998,Executive Premium,Mercedes C-Class,4,1200,35,13,0,0
4122,MAA,Chennai,Pankaj Das,4.75,525,Airport Express Shuttle,Tata Winger Executive,12,180,8,13,0,1
4123,AMR,Amravati,Vikram Singh,4.65,611,SUV (Ertiga/Innova),Mahindra XUV700,6,650,20,10,0,0
4124,GAW,Guwahati,Rohan Mehta,4.46,131,Hatchback (WagonR),Maruti Suzuki WagonR,4,250,12,8,0,0
4125,IXE,Mangaluru,Ramesh Verma,4.85,378,Airport Express Shuttle,Force Traveller AC,12,180,8,11,0,1
4126,SAH,Saharanpur,Pankaj Das,4.86,1212,Electric EV (Nexon/Tigor),Tata Nexon EV,4,400,16,3,1,0
4127,DIU,Diu,Rahul Banerjee,4.68,2018,Sedan (Dzire/Etios),Maruti Suzuki Dzire,4,350,14,11,0,0
4128,PBN,Parbhani,Praveen Nair,4.49,2268,Executive Premium,Mercedes C-Class,4,1200,35,13,0,0
4129,KAP,Kadapa,Sunil Yadav,4.5,1006,Sedan (Dzire/Etios),Toyota Etios,4,350,14,14,0,0
4130,CFH,Chitrakoot,Mahesh Choudhary,4.7,760,Hatchback (WagonR),Tata Tiago,4,250,12,9,0,0
4131,SXV,Shivamogga,Vikram Singh,4.97,151,Sedan (Dzire/Etios),Maruti Suzuki Dzire,4,350,14,8,0,0
4132,SIH,Sirohi,Ramesh Verma,4.8,713,Electric EV (Nexon/Tigor),Tata Nexon EV,4,400,16,13,1,0
4133,SRA,Shravasti,Rajesh Sharma,4.54,585,SUV (Ertiga/Innova),Toyota Innova Crysta,6,650,20,10,0,0
4134,PNV,Porbandar,Rajesh Sharma,4.68,2190,Executive Premium,Mercedes C-Class,4,1200,35,10,0,0
4135,SRA,Shravasti,Sunil Yadav,4.45,1381,Electric EV (Nexon/Tigor),Tata Nexon EV,4,400,16,14,1,0
4136,LAT,Latur,Harpreet Singh,4.93,1555,Hatchback (WagonR),Maruti Suzuki WagonR,4,250,12,5,0,0
4137,UDR,Udaipur,Harpreet Singh,4.69,702,Electric EV (Nexon/Tigor),Tata Tigor EV,4,400,16,14,1,0
4138,BHU,Bathinda,Pankaj Das,4.49,534,Hatchback (WagonR),Tata Tiago,4,250,12,7,0,0
4139,DEL,New Delhi,Mahesh Choudhary,4.96,1409,Executive Premium,Mercedes C-Class,4,1200,35,4,0,0
4140,JDH,Jodhpur,Praveen Nair,4.72,1493,Sedan (Dzire/Etios),Maruti Suzuki Dzire,4,350,14,3,0,0
4141,UTK,Kalahandi / Utkela,Harpreet Singh,4.52,637,Airport Express Shuttle,Tata Winger Executive,12,180,8,13,0,1
4142,RAT,Ratlam,Praveen Nair,4.82,334,SUV (Ertiga/Innova),Maruti Ertiga,6,650,20,4,0,0
4143,HJR,Khajuraho,Mahesh Choudhary,4.67,1177,Electric EV (Nexon/Tigor),Tata Tigor EV,4,400,16,12,1,0
4144,SIV,Sivasagar,Ramesh Verma,4.54,1846,Executive Premium,Mercedes C-Class,4,1200,35,8,0,0
4145,IXE,Mangaluru,Rahul Banerjee,4.67,2100,Executive Premium,Mercedes C-Class,4,1200,35,4,0,0
4146,IXG,Belagavi,Suresh Patel,4.89,2365,Sedan (Dzire/Etios),Hyundai Aura,4,350,14,13,0,0
4147,PNQ,Pune,Sanjay Rao,4.7,1528,SUV (Ertiga/Innova),Toyota Innova Crysta,6,650,20,14,0,0
4148,ZER,Ziro,Rohan Mehta,4.83,2060,Electric EV (Nexon/Tigor),Tata Tigor EV,4,400,16,14,1,0
4149,ANK,Ankleshwar,Pankaj Das,4.62,508,Sedan (Dzire/Etios),Maruti Suzuki Dzire,4,350,14,3,0,0
4150,PBN,Parbhani,Vikram Singh,4.46,1921,Executive Premium,Toyota Camry Hybrid,4,1200,35,3,0,0
4151,CHI,Chhindwara,Suresh Patel,4.71,1059,Electric EV (Nexon/Tigor),Tata Tigor EV,4,400,16,12,1,0
4152,IXJ,Jammu,Suresh Patel,4.58,168,Electric EV (Nexon/Tigor),Tata Nexon EV,4,400,16,8,1,0
4153,RGD,Raigarh,Suresh Patel,4.55,1403,Electric EV (Nexon/Tigor),Tata Nexon EV,4,400,16,3,1,0
4154,MYQ,Mysuru,Suresh Patel,4.45,1558,Hatchback (WagonR),Hyundai i10,4,250,12,6,0,0
4155,SAH,Saharanpur,Vikram Singh,4.5,751,Airport Express Shuttle,Tata Winger Executive,12,180,8,4,0,1
4156,JLG,Jalgaon,Anil Deshmukh,4.81,1408,Airport Express Shuttle,Force Traveller AC,12,180,8,5,0,1
4157,SWM,Ranthambore / Sawai Madhopur,Pankaj Das,4.59,1057,Airport Express Shuttle,Tata Winger Executive,12,180,8,8,0,1
4158,IXE,Mangaluru,Ramesh Verma,4.6,623,Sedan (Dzire/Etios),Toyota Etios,4,350,14,14,0,0
4159,BHO,Bhopal,Rohan Mehta,4.48,2128,Airport Express Shuttle,Force Traveller AC,12,180,8,8,0,1
4160,CJB,Coimbatore,Sunil Yadav,4.94,537,Sedan (Dzire/Etios),Hyundai Aura,4,350,14,6,0,0
4161,SSE,Solapur,Rajesh Sharma,4.84,705,Electric EV (Nexon/Tigor),Tata Tigor EV,4,400,16,8,1,0
4162,PAT,Patna,Harpreet Singh,4.4,1394,Electric EV (Nexon/Tigor),MG ZS EV,4,400,16,8,1,0
4163,VDY,Vidyanagar / Ballari,Vijay Reddy,4.44,2036,SUV (Ertiga/Innova),Toyota Innova Crysta,6,650,20,13,0,0
4164,RXL,Raxaul,Dinesh Pillai,4.53,1683,Airport Express Shuttle,Force Traveller AC,12,180,8,6,0,1
4165,IXZ,Port Blair (Andaman),Anil Deshmukh,4.89,267,Electric EV (Nexon/Tigor),Tata Nexon EV,4,400,16,9,1,0
4166,GWL,Gwalior,Manoj Gupta,4.97,1282,Sedan (Dzire/Etios),Hyundai Aura,4,350,14,6,0,0
4167,LGP,Rupsi / Dhubri,Sanjay Rao,4.71,1464,Sedan (Dzire/Etios),Maruti Suzuki Dzire,4,350,14,7,0,0
4168,IXT,Pasighat,Suresh Patel,4.97,461,Electric EV (Nexon/Tigor),Tata Nexon EV,4,400,16,6,1,0
4169,MAA,Chennai,Sunil Yadav,4.44,179,Hatchback (WagonR),Tata Tiago,4,250,12,14,0,0
4170,KJB,Kurnool (Orvakal),Anil Deshmukh,4.66,657,SUV (Ertiga/Innova),Maruti Ertiga,6,650,20,7,0,0
4171,NVY,Neyveli,Sanjay Rao,4.81,795,SUV (Ertiga/Innova),Maruti Ertiga,6,650,20,13,0,0
4172,LGP,Rupsi / Dhubri,Mahesh Choudhary,4.77,1680,Hatchback (WagonR),Hyundai i10,4,250,12,7,0,0
4173,AJL,Aizawl,Vikram Singh,4.45,1676,Sedan (Dzire/Etios),Toyota Etios,4,350,14,3,0,0
4174,COB,Cooch Behar,Manoj Gupta,4.85,455,Executive Premium,Mercedes C-Class,4,1200,35,3,0,0
4175,NAG,Nagpur,Ramesh Verma,4.86,101,SUV (Ertiga/Innova),Maruti Ertiga,6,650,20,12,0,0
4176,IXS,Silchar,Vijay Reddy,4.94,1195,Electric EV (Nexon/Tigor),Tata Nexon EV,4,400,16,7,1,0
4177,BDQ,Vadodara,Amit Kumar,4.91,537,Sedan (Dzire/Etios),Toyota Etios,4,350,14,14,0,0
4178,MEH,Mehsana,Vikram Singh,4.64,1727,Hatchback (WagonR),Hyundai i10,4,250,12,14,0,0
4179,JGA,Jamnagar,Anil Deshmukh,4.83,87,Electric EV (Nexon/Tigor),Tata Nexon EV,4,400,16,9,1,0
4180,AGR,Agra,Vikram Singh,4.88,2146,Airport Express Shuttle,Tata Winger Executive,12,180,8,9,0,1
4181,NVM,Navi Mumbai,Rohan Mehta,4.65,786,Electric EV (Nexon/Tigor),Tata Nexon EV,4,400,16,3,1,0
4182,DHM,Dharamshala / Kangra,Praveen Nair,4.88,1873,Electric EV (Nexon/Tigor),Tata Tigor EV,4,400,16,10,1,0
4183,KBK,Kushinagar,Vikram Singh,4.69,260,Sedan (Dzire/Etios),Hyundai Aura,4,350,14,3,0,0
4184,PAT,Patna,Harpreet Singh,4.98,1523,Airport Express Shuttle,Tata Winger Executive,12,180,8,7,0,1
4185,RAT,Ratlam,Amit Kumar,4.48,658,Airport Express Shuttle,Force Traveller AC,12,180,8,12,0,1
4186,IXP,Pathankot,Amit Kumar,4.48,1082,Executive Premium,Skoda Superb,4,1200,35,9,0,0
4187,RAT,Ratlam,Ramesh Verma,4.52,1517,SUV (Ertiga/Innova),Mahindra XUV700,6,650,20,7,0,0
4188,KHO,Khowai,Vikram Singh,4.83,341,SUV (Ertiga/Innova),Maruti Ertiga,6,650,20,3,0,0
4189,RMD,Ratnagiri,Sunil Yadav,4.74,2304,Executive Premium,Mercedes C-Class,4,1200,35,7,0,0
4190,CJB,Coimbatore,Harpreet Singh,4.84,758,Executive Premium,Skoda Superb,4,1200,35,7,0,0
4191,KAP,Kadapa,Rohan Mehta,4.97,2369,Airport Express Shuttle,Force Traveller AC,12,180,8,10,0,1
4192,STV,Surat,Amit Kumar,4.83,736,Hatchback (WagonR),Tata Tiago,4,250,12,6,0,0
4193,BVC,Bhavnagar,Deepak Joshi,4.92,335,Executive Premium,Toyota Camry Hybrid,4,1200,35,6,0,0
4194,GOX,Goa (Mopa),Rahul Banerjee,4.44,683,SUV (Ertiga/Innova),Toyota Innova Crysta,6,650,20,4,0,0
4195,MYQ,Mysuru,Suresh Patel,4.53,1575,SUV (Ertiga/Innova),Toyota Innova Crysta,6,650,20,12,0,0
4196,IXC,Chandigarh,Harpreet Singh,4.62,1859,Airport Express Shuttle,Force Traveller AC,12,180,8,9,0,1
4197,GOP,Ganjam / Gopalpur,Praveen Nair,4.71,1038,Hatchback (WagonR),Maruti Suzuki WagonR,4,250,12,6,0,0
4198,SNE,Singrauli,Dinesh Pillai,4.46,811,Executive Premium,Mercedes C-Class,4,1200,35,5,0,0
4199,KOR,Koraput,Dinesh Pillai,4.43,1088,Airport Express Shuttle,Force Traveller AC,12,180,8,8,0,1
4200,AMR,Amravati,Ramesh Verma,4.91,755,Hatchback (WagonR),Maruti Suzuki WagonR,4,250,12,8,0,0
4201,ATQ,Amritsar,Anil Deshmukh,4.86,1387,Sedan (Dzire/Etios),Toyota Etios,4,350,14,11,0,0
4202,KNU,Kanpur,Suresh Patel,4.43,1500,Sedan (Dzire/Etios),Hyundai Aura,4,350,14,3,0,0
4203,JGD,Jagdalpur,Amit Kumar,4.64,363,Hatchback (WagonR),Tata Tiago,4,250,12,11,0,0
4204,NAG,Nagpur,Rohan Mehta,4.95,982,Hatchback (WagonR),Maruti Suzuki WagonR,4,250,12,13,0,0
4205,BKN,Bikaner,Vijay Reddy,4.5,2320,Executive Premium,Skoda Superb,4,1200,35,9,0,0
4206,RPR,Raipur,Praveen Nair,4.74,390,SUV (Ertiga/Innova),Toyota Innova Crysta,6,650,20,11,0,0
4207,ANK,Ankleshwar,Pankaj Das,4.89,1791,Electric EV (Nexon/Tigor),Tata Nexon EV,4,400,16,6,1,0
4208,VDY,Vidyanagar / Ballari,Vikram Singh,4.41,2189,Executive Premium,Mercedes C-Class,4,1200,35,5,0,0
4209,JDH,Jodhpur,Rajesh Sharma,4.78,907,Hatchback (WagonR),Maruti Suzuki WagonR,4,250,12,6,0,0
4210,BDQ,Vadodara,Ramesh Verma,4.82,1654,Airport Express Shuttle,Force Traveller AC,12,180,8,10,0,1
4211,KAR,Karad / Satara,Deepak Joshi,4.72,395,Executive Premium,Toyota Camry Hybrid,4,1200,35,7,0,0
4212,DEL,New Delhi,Sunil Yadav,4.6,2150,Airport Express Shuttle,Force Traveller AC,12,180,8,13,0,1
4213,IXE,Mangaluru,Amit Kumar,4.96,2119,Sedan (Dzire/Etios),Toyota Etios,4,350,14,13,0,0
4214,STV,Surat,Mahesh Choudhary,4.97,1627,SUV (Ertiga/Innova),Toyota Innova Crysta,6,650,20,13,0,0
4215,DMU,Dimapur,Anil Deshmukh,4.63,902,Hatchback (WagonR),Tata Tiago,4,250,12,3,0,0
4216,DON,Bhadrak / Dhamra,Santosh Kulkarni,4.41,795,SUV (Ertiga/Innova),Mahindra XUV700,6,650,20,9,0,0
4217,GAW,Guwahati,Rahul Banerjee,4.85,836,Airport Express Shuttle,Tata Winger Executive,12,180,8,12,0,1
4218,IXP,Pathankot,Rahul Banerjee,4.48,2158,Electric EV (Nexon/Tigor),MG ZS EV,4,400,16,4,1,0
4219,TCR,Thoothukudi (Tuticorin),Sunil Yadav,4.59,999,Electric EV (Nexon/Tigor),Tata Nexon EV,4,400,16,12,1,0
4220,JDH,Jodhpur,Praveen Nair,4.41,1954,Sedan (Dzire/Etios),Maruti Suzuki Dzire,4,350,14,4,0,0
4221,CCJ,Kozhikode (Calicut),Praveen Nair,4.75,2379,Airport Express Shuttle,Tata Winger Executive,12,180,8,4,0,1
4222,RJA,Rajahmundry,Mahesh Choudhary,4.81,1013,SUV (Ertiga/Innova),Toyota Innova Crysta,6,650,20,11,0,0
4223,CNN,Kannur,Anil Deshmukh,4.95,1092,Airport Express Shuttle,Tata Winger Executive,12,180,8,11,0,1
4224,BOM,Mumbai,Vikram Singh,4.7,1488,Hatchback (WagonR),Tata Tiago,4,250,12,12,0,0
4225,SDW,Sindhudurg,Sanjay Rao,4.78,438,Sedan (Dzire/Etios),Toyota Etios,4,350,14,8,0,0
4226,UDR,Udaipur,Harpreet Singh,4.93,1904,Executive Premium,Toyota Camry Hybrid,4,1200,35,13,0,0
4227,GWL,Gwalior,Mahesh Choudhary,4.61,1613,Sedan (Dzire/Etios),Maruti Suzuki Dzire,4,350,14,9,0,0
4228,DED,Dehradun,Rajesh Sharma,4.61,724,Airport Express Shuttle,Force Traveller AC,12,180,8,14,0,1
4229,KARN,Karnal,Ramesh Verma,4.64,207,Sedan (Dzire/Etios),Toyota Etios,4,350,14,8,0,0
4230,HSS,Hisar,Deepak Joshi,4.93,1825,Executive Premium,Skoda Superb,4,1200,35,8,0,0
4231,BOM,Mumbai,Gaurav Tiwari,4.4,2119,Hatchback (WagonR),Hyundai i10,4,250,12,10,0,0
4232,AJL,Aizawl,Vikram Singh,4.85,939,Sedan (Dzire/Etios),Maruti Suzuki Dzire,4,350,14,7,0,0
4233,HYD,Hyderabad,Harpreet Singh,4.45,1414,SUV (Ertiga/Innova),Toyota Innova Crysta,6,650,20,6,0,0
4234,COK,Kochi,Vijay Reddy,4.53,424,Electric EV (Nexon/Tigor),MG ZS EV,4,400,16,14,1,0
4235,KAM,Kamalpur,Rajesh Sharma,4.85,1861,Sedan (Dzire/Etios),Maruti Suzuki Dzire,4,350,14,3,0,0
4236,IXS,Silchar,Santosh Kulkarni,4.45,2143,Electric EV (Nexon/Tigor),Tata Nexon EV,4,400,16,7,1,0
4237,ISK,Nashik,Amit Kumar,4.77,565,Airport Express Shuttle,Force Traveller AC,12,180,8,3,0,1
4238,LGP,Rupsi / Dhubri,Rajesh Sharma,4.77,1873,Electric EV (Nexon/Tigor),MG ZS EV,4,400,16,4,1,0
4239,KARN,Karnal,Sanjay Rao,4.98,1597,Airport Express Shuttle,Tata Winger Executive,12,180,8,8,0,1
4240,NAG,Nagpur,Anil Deshmukh,4.66,780,Executive Premium,Skoda Superb,4,1200,35,9,0,0
4241,BBI,Bhubaneswar,Anil Deshmukh,4.65,648,Executive Premium,Mercedes C-Class,4,1200,35,7,0,0
4242,KOP,Kolhapur,Manoj Gupta,4.7,1936,Hatchback (WagonR),Tata Tiago,4,250,12,13,0,0
4243,NPL,Narnaul,Ramesh Verma,4.78,897,Executive Premium,Skoda Superb,4,1200,35,4,0,0
4244,SLV,Shimla,Anil Deshmukh,4.83,1395,Executive Premium,Toyota Camry Hybrid,4,1200,35,9,0,0
4245,PBF,Bilaspur,Rohan Mehta,4.83,403,Hatchback (WagonR),Hyundai i10,4,250,12,14,0,0
4246,KAP,Kadapa,Santosh Kulkarni,4.69,2075,Hatchback (WagonR),Hyundai i10,4,250,12,8,0,0
4247,VZY,Vijayawada,Amit Kumar,4.67,2121,SUV (Ertiga/Innova),Toyota Innova Crysta,6,650,20,13,0,0
4248,KNU,Kanpur,Santosh Kulkarni,4.83,819,Executive Premium,Skoda Superb,4,1200,35,7,0,0
4249,SAH,Saharanpur,Sanjay Rao,4.78,1141,Electric EV (Nexon/Tigor),MG ZS EV,4,400,16,11,1,0
4250,RJA,Rajahmundry,Amit Kumar,4.8,375,Hatchback (WagonR),Hyundai i10,4,250,12,12,0,0
4251,DON,Bhadrak / Dhamra,Ramesh Verma,4.97,1458,Executive Premium,Mercedes C-Class,4,1200,35,10,0,0
4252,KUU,Kullu / Manali,Suresh Patel,4.91,1346,SUV (Ertiga/Innova),Mahindra XUV700,6,650,20,14,0,0
4253,LUD,Ludhiana,Manoj Gupta,4.61,1196,Sedan (Dzire/Etios),Maruti Suzuki Dzire,4,350,14,12,0,0
4254,MOR,Moradabad,Manoj Gupta,4.74,1927,Executive Premium,Skoda Superb,4,1200,35,12,0,0
4255,HYD,Hyderabad,Deepak Joshi,4.87,2104,Airport Express Shuttle,Tata Winger Executive,12,180,8,13,0,1
4256,ISK,Nashik,Vikram Singh,4.93,2126,Sedan (Dzire/Etios),Maruti Suzuki Dzire,4,350,14,11,0,0
4257,IXM,Madurai,Mahesh Choudhary,4.93,251,Electric EV (Nexon/Tigor),MG ZS EV,4,400,16,13,1,0
4258,GOX,Goa (Mopa),Amit Kumar,4.68,479,Sedan (Dzire/Etios),Toyota Etios,4,350,14,10,0,0
4259,WGC,Warangal,Praveen Nair,4.96,1703,Electric EV (Nexon/Tigor),Tata Tigor EV,4,400,16,12,1,0
4260,LKO,Lucknow,Sunil Yadav,4.85,559,Sedan (Dzire/Etios),Hyundai Aura,4,350,14,9,0,0
4261,IXD,Prayagraj (Allahabad),Vijay Reddy,4.66,1193,SUV (Ertiga/Innova),Maruti Ertiga,6,650,20,7,0,0
4262,GWL,Gwalior,Rohan Mehta,4.89,2343,Hatchback (WagonR),Tata Tiago,4,250,12,13,0,0
4263,KHO,Khowai,Deepak Joshi,4.8,2080,Sedan (Dzire/Etios),Hyundai Aura,4,350,14,3,0,0
4264,RXL,Raxaul,Suresh Patel,4.64,1970,Sedan (Dzire/Etios),Toyota Etios,4,350,14,10,0,0
4265,SXR,Srinagar,Rahul Banerjee,4.46,1983,Hatchback (WagonR),Hyundai i10,4,250,12,5,0,0
4266,HBX,Hubballi / Dharwad,Harpreet Singh,4.75,1006,Airport Express Shuttle,Tata Winger Executive,12,180,8,8,0,1
4267,BHU,Bathinda,Deepak Joshi,4.64,464,Executive Premium,Skoda Superb,4,1200,35,6,0,0
4268,MAL,Malda,Manoj Gupta,4.49,1003,Airport Express Shuttle,Tata Winger Executive,12,180,8,14,0,1
4269,BHU,Bathinda,Gaurav Tiwari,4.51,184,Sedan (Dzire/Etios),Maruti Suzuki Dzire,4,350,14,12,0,0
4270,KOK,Kokrajhar,Sanjay Rao,4.8,2228,SUV (Ertiga/Innova),Mahindra XUV700,6,650,20,3,0,0
4271,IXZ,Port Blair (Andaman),Mahesh Choudhary,4.53,1575,Airport Express Shuttle,Force Traveller AC,12,180,8,3,0,1
4272,IMF,Imphal,Rahul Banerjee,4.69,983,Hatchback (WagonR),Tata Tiago,4,250,12,5,0,0
4273,LGP,Rupsi / Dhubri,Manoj Gupta,4.7,668,Electric EV (Nexon/Tigor),Tata Tigor EV,4,400,16,3,1,0
4274,KAP,Kadapa,Sanjay Rao,4.9,194,Executive Premium,Toyota Camry Hybrid,4,1200,35,3,0,0
4275,PNV,Porbandar,Rohan Mehta,4.89,1349,Sedan (Dzire/Etios),Toyota Etios,4,350,14,10,0,0
4276,IXE,Mangaluru,Rohan Mehta,4.63,860,Executive Premium,Skoda Superb,4,1200,35,4,0,0
4277,PYB,Jeypore,Dinesh Pillai,4.85,402,Sedan (Dzire/Etios),Toyota Etios,4,350,14,8,0,0
4278,LGP,Rupsi / Dhubri,Suresh Patel,4.9,1387,SUV (Ertiga/Innova),Maruti Ertiga,6,650,20,8,0,0
4279,NWP,Pithoragarh,Sunil Yadav,4.81,1912,Executive Premium,Skoda Superb,4,1200,35,10,0,0
4280,RJA,Rajahmundry,Sunil Yadav,4.41,185,Electric EV (Nexon/Tigor),Tata Tigor EV,4,400,16,7,1,0
4281,NAG,Nagpur,Praveen Nair,4.78,1736,Executive Premium,Toyota Camry Hybrid,4,1200,35,5,0,0
4282,GOP,Ganjam / Gopalpur,Praveen Nair,4.52,987,Executive Premium,Skoda Superb,4,1200,35,13,0,0
4283,LAT,Latur,Gaurav Tiwari,4.88,1927,Sedan (Dzire/Etios),Toyota Etios,4,350,14,11,0,0
4284,BID,Bidar,Suresh Patel,4.72,800,Electric EV (Nexon/Tigor),Tata Tigor EV,4,400,16,13,1,0
4285,NDC,Nanded,Harpreet Singh,4.59,209,Hatchback (WagonR),Hyundai i10,4,250,12,5,0,0
4286,PINJ,Panchkula / Pinjore,Sanjay Rao,4.67,1138,Hatchback (WagonR),Maruti Suzuki WagonR,4,250,12,8,0,0
4287,MEH,Mehsana,Praveen Nair,4.93,1285,Hatchback (WagonR),Hyundai i10,4,250,12,4,0,0
4288,COK,Kochi,Vikram Singh,4.41,523,Airport Express Shuttle,Force Traveller AC,12,180,8,12,0,1
4289,LKO,Lucknow,Amit Kumar,4.62,340,Electric EV (Nexon/Tigor),Tata Tigor EV,4,400,16,4,1,0
4290,MEH,Mehsana,Vijay Reddy,4.41,147,SUV (Ertiga/Innova),Toyota Innova Crysta,6,650,20,13,0,0
4291,AMRE,Amreli,Mahesh Choudhary,4.58,2210,Hatchback (WagonR),Hyundai i10,4,250,12,9,0,0
4292,ATQ,Amritsar,Dinesh Pillai,4.84,290,Sedan (Dzire/Etios),Hyundai Aura,4,350,14,14,0,0
4293,DGR,Deoghar,Sanjay Rao,4.71,168,SUV (Ertiga/Innova),Toyota Innova Crysta,6,650,20,9,0,0
4294,BHU,Bathinda,Anil Deshmukh,4.41,1996,Executive Premium,Skoda Superb,4,1200,35,5,0,0
4295,SAG,Shirdi,Sunil Yadav,4.7,956,Electric EV (Nexon/Tigor),Tata Tigor EV,4,400,16,8,1,0
4296,ZER,Ziro,Gaurav Tiwari,4.64,1502,Sedan (Dzire/Etios),Hyundai Aura,4,350,14,5,0,0
4297,JDH,Jodhpur,Suresh Patel,4.79,2113,Airport Express Shuttle,Tata Winger Executive,12,180,8,13,0,1
4298,HSS,Hisar,Santosh Kulkarni,4.74,1764,Airport Express Shuttle,Tata Winger Executive,12,180,8,14,0,1
4299,LKO,Lucknow,Deepak Joshi,4.9,1349,Executive Premium,Mercedes C-Class,4,1200,35,12,0,0
4300,HZD,Hazaribagh,Sanjay Rao,4.43,597,Executive Premium,Toyota Camry Hybrid,4,1200,35,11,0,0
4301,BOM,Mumbai,Mahesh Choudhary,4.87,695,Hatchback (WagonR),Tata Tiago,4,250,12,14,0,0
4302,SDW,Sindhudurg,Pankaj Das,4.7,564,Executive Premium,Toyota Camry Hybrid,4,1200,35,4,0,0
4303,SLV,Shimla,Manoj Gupta,4.66,1646,Airport Express Shuttle,Force Traveller AC,12,180,8,7,0,1
4304,HSS,Hisar,Sunil Yadav,4.66,2319,SUV (Ertiga/Innova),Toyota Innova Crysta,6,650,20,4,0,0
4305,SDW,Sindhudurg,Vikram Singh,4.75,906,SUV (Ertiga/Innova),Mahindra XUV700,6,650,20,11,0,0
4306,CFH,Chitrakoot,Rohan Mehta,4.49,1029,Hatchback (WagonR),Hyundai i10,4,250,12,13,0,0
4307,IXC,Chandigarh,Pankaj Das,4.93,472,Hatchback (WagonR),Maruti Suzuki WagonR,4,250,12,7,0,0
4308,KOP,Kolhapur,Vijay Reddy,4.75,131,Executive Premium,Mercedes C-Class,4,1200,35,7,0,0
4309,DHM,Dharamshala / Kangra,Dinesh Pillai,4.56,2287,Sedan (Dzire/Etios),Toyota Etios,4,350,14,6,0,0
4310,TIR,Tirupati,Pankaj Das,4.61,1326,Sedan (Dzire/Etios),Hyundai Aura,4,350,14,9,0,0
4311,LGP,Rupsi / Dhubri,Vikram Singh,4.6,1644,Hatchback (WagonR),Hyundai i10,4,250,12,8,0,0
4312,NAG,Nagpur,Ramesh Verma,4.42,1576,Airport Express Shuttle,Force Traveller AC,12,180,8,14,0,1
4313,DEL,New Delhi,Pankaj Das,4.73,735,Hatchback (WagonR),Tata Tiago,4,250,12,4,0,0
4314,CHI,Chhindwara,Mahesh Choudhary,4.42,1785,Hatchback (WagonR),Tata Tiago,4,250,12,9,0,0
4315,SXV,Shivamogga,Mahesh Choudhary,4.67,751,Airport Express Shuttle,Tata Winger Executive,12,180,8,4,0,1
4316,IXG,Belagavi,Santosh Kulkarni,4.7,2181,Hatchback (WagonR),Tata Tiago,4,250,12,12,0,0
4317,IXA,Agartala,Pankaj Das,4.6,1495,Electric EV (Nexon/Tigor),Tata Tigor EV,4,400,16,13,1,0
4318,BHJ,Bhuj (Kutch),Santosh Kulkarni,4.95,2390,Electric EV (Nexon/Tigor),Tata Tigor EV,4,400,16,5,1,0
4319,SAH,Saharanpur,Suresh Patel,4.5,1468,Sedan (Dzire/Etios),Toyota Etios,4,350,14,3,0,0
4320,ROU,Rourkela,Sunil Yadav,4.85,2072,Electric EV (Nexon/Tigor),Tata Nexon EV,4,400,16,4,1,0
4321,PBF,Bilaspur,Santosh Kulkarni,4.67,722,Airport Express Shuttle,Tata Winger Executive,12,180,8,5,0,1
4322,MAL,Malda,Vijay Reddy,4.5,1245,Hatchback (WagonR),Tata Tiago,4,250,12,11,0,0
4323,SHL,Shillong,Suresh Patel,4.61,660,SUV (Ertiga/Innova),Mahindra XUV700,6,650,20,7,0,0
4324,PAT,Patna,Ramesh Verma,4.66,2018,SUV (Ertiga/Innova),Toyota Innova Crysta,6,650,20,4,0,0
4325,CCJ,Kozhikode (Calicut),Mahesh Choudhary,4.62,1173,Executive Premium,Skoda Superb,4,1200,35,3,0,0
4326,IXM,Madurai,Amit Kumar,4.86,1684,Sedan (Dzire/Etios),Toyota Etios,4,350,14,7,0,0
4327,SIV,Sivasagar,Rohan Mehta,4.79,1692,Sedan (Dzire/Etios),Toyota Etios,4,350,14,14,0,0
4328,DON,Bhadrak / Dhamra,Rajesh Sharma,4.67,456,Executive Premium,Toyota Camry Hybrid,4,1200,35,8,0,0
4329,UDR,Udaipur,Amit Kumar,4.71,1252,Airport Express Shuttle,Force Traveller AC,12,180,8,3,0,1
4330,ZER,Ziro,Vijay Reddy,4.63,1874,Hatchback (WagonR),Tata Tiago,4,250,12,8,0,0
4331,IXG,Belagavi,Praveen Nair,4.85,924,Sedan (Dzire/Etios),Maruti Suzuki Dzire,4,350,14,14,0,0
4332,AYJ,Ayodhya,Suresh Patel,4.79,518,Airport Express Shuttle,Force Traveller AC,12,180,8,9,0,1
4333,JSA,Jaisalmer,Pankaj Das,4.92,233,Hatchback (WagonR),Hyundai i10,4,250,12,8,0,0
4334,DUM,Dumka,Praveen Nair,4.45,348,Executive Premium,Mercedes C-Class,4,1200,35,4,0,0
4335,BGP,Bhagalpur,Amit Kumar,4.76,1744,Hatchback (WagonR),Hyundai i10,4,250,12,7,0,0
4336,NAG,Nagpur,Santosh Kulkarni,4.97,2376,SUV (Ertiga/Innova),Toyota Innova Crysta,6,650,20,3,0,0
4337,ASL,Asansol,Mahesh Choudhary,4.97,1665,Hatchback (WagonR),Hyundai i10,4,250,12,14,0,0
4338,IXB,Siliguri / Bagdogra,Anil Deshmukh,4.75,167,Electric EV (Nexon/Tigor),Tata Nexon EV,4,400,16,13,1,0
4339,AKL,Akola,Deepak Joshi,4.89,717,Airport Express Shuttle,Force Traveller AC,12,180,8,10,0,1
4340,DON,Bhadrak / Dhamra,Rahul Banerjee,4.7,1306,Executive Premium,Toyota Camry Hybrid,4,1200,35,13,0,0
4341,COK,Kochi,Vijay Reddy,4.95,910,Executive Premium,Skoda Superb,4,1200,35,9,0,0
4342,ZER,Ziro,Mahesh Choudhary,4.96,1910,Hatchback (WagonR),Hyundai i10,4,250,12,9,0,0
4343,RGD,Raigarh,Pankaj Das,4.41,521,Electric EV (Nexon/Tigor),Tata Nexon EV,4,400,16,3,1,0
4344,ZER,Ziro,Sunil Yadav,4.56,383,SUV (Ertiga/Innova),Toyota Innova Crysta,6,650,20,8,0,0
4345,CJB,Coimbatore,Pankaj Das,4.57,413,Hatchback (WagonR),Maruti Suzuki WagonR,4,250,12,4,0,0
4346,KARN,Karnal,Sanjay Rao,4.85,2113,Airport Express Shuttle,Force Traveller AC,12,180,8,12,0,1
4347,SDW,Sindhudurg,Santosh Kulkarni,4.92,2271,Executive Premium,Toyota Camry Hybrid,4,1200,35,4,0,0
4348,KJB,Kurnool (Orvakal),Rajesh Sharma,4.44,1186,SUV (Ertiga/Innova),Toyota Innova Crysta,6,650,20,5,0,0
4349,IXW,Jamshedpur,Santosh Kulkarni,4.8,485,Executive Premium,Mercedes C-Class,4,1200,35,14,0,0
4350,DON,Bhadrak / Dhamra,Gaurav Tiwari,4.89,2347,Airport Express Shuttle,Tata Winger Executive,12,180,8,7,0,1
4351,SAG,Shirdi,Vikram Singh,4.7,258,Hatchback (WagonR),Tata Tiago,4,250,12,14,0,0
4352,JSA,Jaisalmer,Rajesh Sharma,4.9,1962,SUV (Ertiga/Innova),Mahindra XUV700,6,650,20,5,0,0
4353,ISK,Nashik,Rajesh Sharma,4.86,1129,Hatchback (WagonR),Hyundai i10,4,250,12,8,0,0
4354,NWP,Pithoragarh,Mahesh Choudhary,4.53,261,SUV (Ertiga/Innova),Toyota Innova Crysta,6,650,20,7,0,0
4355,IXR,Ranchi,Suresh Patel,4.65,1701,Sedan (Dzire/Etios),Toyota Etios,4,350,14,9,0,0
4356,JDH,Jodhpur,Santosh Kulkarni,4.65,2369,Sedan (Dzire/Etios),Maruti Suzuki Dzire,4,350,14,11,0,0
4357,IXG,Belagavi,Pankaj Das,4.43,1940,Electric EV (Nexon/Tigor),MG ZS EV,4,400,16,7,1,0
4358,KHO,Khowai,Vijay Reddy,4.91,923,Sedan (Dzire/Etios),Maruti Suzuki Dzire,4,350,14,10,0,0
4359,PYG,Gangtok / Pakyong (Sikkim),Dinesh Pillai,4.89,320,Electric EV (Nexon/Tigor),Tata Nexon EV,4,400,16,7,1,0
4360,PBF,Bilaspur,Santosh Kulkarni,4.86,1613,Airport Express Shuttle,Force Traveller AC,12,180,8,14,0,1
4361,PNV,Porbandar,Manoj Gupta,4.89,1935,Electric EV (Nexon/Tigor),Tata Tigor EV,4,400,16,10,1,0
4362,AMB,Ambikapur,Vijay Reddy,4.57,2021,Sedan (Dzire/Etios),Maruti Suzuki Dzire,4,350,14,12,0,0
4363,NWP,Pithoragarh,Anil Deshmukh,4.91,528,Hatchback (WagonR),Hyundai i10,4,250,12,13,0,0
4364,CJB,Coimbatore,Vijay Reddy,4.51,1477,Sedan (Dzire/Etios),Hyundai Aura,4,350,14,6,0,0
4365,JDH,Jodhpur,Anil Deshmukh,4.59,575,Electric EV (Nexon/Tigor),Tata Nexon EV,4,400,16,8,1,0
4366,PGH,Pantnagar / Nainital,Manoj Gupta,4.41,585,Airport Express Shuttle,Force Traveller AC,12,180,8,8,0,1
4367,REW,Rewa,Gaurav Tiwari,4.41,708,Airport Express Shuttle,Force Traveller AC,12,180,8,5,0,1
4368,SLV,Shimla,Vijay Reddy,4.7,1553,Hatchback (WagonR),Tata Tiago,4,250,12,7,0,0
4369,NMS,Naliya,Vijay Reddy,4.73,2057,Hatchback (WagonR),Tata Tiago,4,250,12,12,0,0
4370,SRA,Shravasti,Vikram Singh,4.42,2200,Executive Premium,Skoda Superb,4,1200,35,3,0,0
4371,JRG,Jharsuguda,Santosh Kulkarni,4.86,1430,SUV (Ertiga/Innova),Toyota Innova Crysta,6,650,20,4,0,0
4372,JRH,Jorhat,Sunil Yadav,4.74,1072,Executive Premium,Mercedes C-Class,4,1200,35,3,0,0
4373,SXV,Shivamogga,Vikram Singh,4.63,1312,Hatchback (WagonR),Hyundai i10,4,250,12,9,0,0
4374,SIV,Sivasagar,Gaurav Tiwari,4.43,2208,Executive Premium,Toyota Camry Hybrid,4,1200,35,5,0,0
4375,BKN,Bikaner,Suresh Patel,4.4,959,Executive Premium,Toyota Camry Hybrid,4,1200,35,13,0,0
4376,COB,Cooch Behar,Praveen Nair,4.63,2146,Hatchback (WagonR),Maruti Suzuki WagonR,4,250,12,3,0,0
4377,GBI,Kalaburagi (Gulbarga),Mahesh Choudhary,4.94,1508,Airport Express Shuttle,Force Traveller AC,12,180,8,5,0,1
4378,KBK,Kushinagar,Rajesh Sharma,4.67,664,Airport Express Shuttle,Force Traveller AC,12,180,8,7,0,1
4379,BOM,Mumbai,Mahesh Choudhary,4.48,1874,SUV (Ertiga/Innova),Mahindra XUV700,6,650,20,7,0,0
4380,CJB,Coimbatore,Gaurav Tiwari,4.74,1419,Executive Premium,Toyota Camry Hybrid,4,1200,35,11,0,0
4381,DON,Bhadrak / Dhamra,Harpreet Singh,4.9,1975,SUV (Ertiga/Innova),Mahindra XUV700,6,650,20,4,0,0
4382,SAH,Saharanpur,Deepak Joshi,4.48,1931,Electric EV (Nexon/Tigor),MG ZS EV,4,400,16,11,1,0
4383,PBF,Bilaspur,Rajesh Sharma,4.88,1247,Sedan (Dzire/Etios),Maruti Suzuki Dzire,4,350,14,7,0,0
4384,NVY,Neyveli,Praveen Nair,4.95,1294,SUV (Ertiga/Innova),Mahindra XUV700,6,650,20,4,0,0
4385,NVM,Navi Mumbai,Vikram Singh,4.64,2230,Electric EV (Nexon/Tigor),Tata Nexon EV,4,400,16,10,1,0
4386,PBN,Parbhani,Vikram Singh,4.75,865,Executive Premium,Skoda Superb,4,1200,35,5,0,0
4387,BTH,Bettiah,Vikram Singh,4.98,976,SUV (Ertiga/Innova),Mahindra XUV700,6,650,20,13,0,0
4388,NAG,Nagpur,Sanjay Rao,4.92,1919,SUV (Ertiga/Innova),Maruti Ertiga,6,650,20,8,0,0
4389,DMO,Damoh,Manoj Gupta,4.64,1670,Executive Premium,Toyota Camry Hybrid,4,1200,35,10,0,0
4390,RGD,Raigarh,Manoj Gupta,4.43,1202,SUV (Ertiga/Innova),Maruti Ertiga,6,650,20,10,0,0
4391,ZER,Ziro,Rajesh Sharma,4.97,175,Hatchback (WagonR),Hyundai i10,4,250,12,10,0,0
4392,SRA,Shravasti,Praveen Nair,4.58,1479,Airport Express Shuttle,Tata Winger Executive,12,180,8,7,0,1
4393,SHL,Shillong,Rajesh Sharma,4.6,1204,Airport Express Shuttle,Force Traveller AC,12,180,8,6,0,1
4394,ISK,Nashik,Gaurav Tiwari,4.62,1975,Electric EV (Nexon/Tigor),Tata Nexon EV,4,400,16,8,1,0
4395,GAW,Guwahati,Sunil Yadav,4.88,1139,Executive Premium,Mercedes C-Class,4,1200,35,10,0,0
4396,KAR,Karad / Satara,Amit Kumar,4.54,2273,Airport Express Shuttle,Tata Winger Executive,12,180,8,8,0,1
4397,DED,Dehradun,Amit Kumar,4.73,835,Electric EV (Nexon/Tigor),Tata Nexon EV,4,400,16,9,1,0
4398,SIH,Sirohi,Sunil Yadav,4.7,541,Electric EV (Nexon/Tigor),Tata Tigor EV,4,400,16,14,1,0
4399,MAL,Malda,Rajesh Sharma,4.63,1799,Executive Premium,Skoda Superb,4,1200,35,13,0,0
4400,DBR,Darbhanga,Anil Deshmukh,4.97,593,Sedan (Dzire/Etios),Maruti Suzuki Dzire,4,350,14,10,0,0
4401,DON,Bhadrak / Dhamra,Deepak Joshi,4.64,268,Electric EV (Nexon/Tigor),Tata Tigor EV,4,400,16,8,1,0
4402,IXA,Agartala,Manoj Gupta,4.41,1151,Executive Premium,Toyota Camry Hybrid,4,1200,35,4,0,0
4403,SXV,Shivamogga,Rahul Banerjee,4.74,2215,Executive Premium,Toyota Camry Hybrid,4,1200,35,3,0,0
4404,RPR,Raipur,Vijay Reddy,4.42,1496,Electric EV (Nexon/Tigor),Tata Tigor EV,4,400,16,10,1,0
4405,KNU,Kanpur,Rohan Mehta,4.4,2293,SUV (Ertiga/Innova),Maruti Ertiga,6,650,20,6,0,0
4406,GAW,Guwahati,Rohan Mehta,4.73,2140,Sedan (Dzire/Etios),Maruti Suzuki Dzire,4,350,14,8,0,0
4407,IXR,Ranchi,Anil Deshmukh,4.8,1048,Executive Premium,Toyota Camry Hybrid,4,1200,35,6,0,0
4408,MRA,Noida / Jewar,Deepak Joshi,4.58,750,SUV (Ertiga/Innova),Maruti Ertiga,6,650,20,10,0,0
4409,IXA,Agartala,Suresh Patel,4.5,1057,Electric EV (Nexon/Tigor),Tata Tigor EV,4,400,16,5,1,0
4410,AMRE,Amreli,Suresh Patel,4.87,746,Executive Premium,Mercedes C-Class,4,1200,35,3,0,0
4411,PAL,Pali,Pankaj Das,4.46,1906,Airport Express Shuttle,Force Traveller AC,12,180,8,3,0,1
4412,IXJ,Jammu,Deepak Joshi,4.54,1668,Hatchback (WagonR),Tata Tiago,4,250,12,13,0,0
4413,NMS,Naliya,Mahesh Choudhary,4.58,1292,Sedan (Dzire/Etios),Hyundai Aura,4,350,14,13,0,0
4414,BOM,Mumbai,Pankaj Das,4.74,191,Hatchback (WagonR),Hyundai i10,4,250,12,13,0,0
4415,IXR,Ranchi,Mahesh Choudhary,4.89,555,Electric EV (Nexon/Tigor),Tata Tigor EV,4,400,16,12,1,0
4416,JHW,Jhalawar,Santosh Kulkarni,4.95,1698,Executive Premium,Skoda Superb,4,1200,35,9,0,0
4417,AJL,Aizawl,Sanjay Rao,4.96,1219,Airport Express Shuttle,Tata Winger Executive,12,180,8,13,0,1
4418,COK,Kochi,Amit Kumar,4.47,2069,Sedan (Dzire/Etios),Maruti Suzuki Dzire,4,350,14,14,0,0
4419,IDR,Indore,Vijay Reddy,4.79,93,Electric EV (Nexon/Tigor),Tata Nexon EV,4,400,16,4,1,0
4420,GWL,Gwalior,Mahesh Choudhary,4.48,1173,Sedan (Dzire/Etios),Toyota Etios,4,350,14,11,0,0
4421,IXY,Kandla,Sunil Yadav,4.53,2391,Executive Premium,Mercedes C-Class,4,1200,35,13,0,0
4422,JRH,Jorhat,Rahul Banerjee,4.88,1551,Airport Express Shuttle,Tata Winger Executive,12,180,8,4,0,1
4423,BVC,Bhavnagar,Sunil Yadav,4.94,422,Airport Express Shuttle,Force Traveller AC,12,180,8,6,0,1
4424,BPI,Mayurbhanj,Suresh Patel,4.95,303,Electric EV (Nexon/Tigor),Tata Nexon EV,4,400,16,6,1,0
4425,RMD,Ratnagiri,Anil Deshmukh,4.8,303,Electric EV (Nexon/Tigor),MG ZS EV,4,400,16,8,1,0
4426,TEZ,Tezpur,Dinesh Pillai,4.68,2115,Sedan (Dzire/Etios),Toyota Etios,4,350,14,3,0,0
4427,NAG,Nagpur,Dinesh Pillai,4.85,577,SUV (Ertiga/Innova),Maruti Ertiga,6,650,20,9,0,0
4428,LGP,Rupsi / Dhubri,Sanjay Rao,4.55,2036,Hatchback (WagonR),Tata Tiago,4,250,12,12,0,0
4429,JLR,Jabalpur,Dinesh Pillai,4.83,1484,Executive Premium,Skoda Superb,4,1200,35,9,0,0
4430,GOP,Ganjam / Gopalpur,Vikram Singh,4.91,1841,Electric EV (Nexon/Tigor),MG ZS EV,4,400,16,6,1,0
4431,COK,Kochi,Sanjay Rao,4.45,2172,SUV (Ertiga/Innova),Toyota Innova Crysta,6,650,20,10,0,0
4432,DBR,Darbhanga,Rajesh Sharma,4.5,2092,SUV (Ertiga/Innova),Mahindra XUV700,6,650,20,4,0,0
4433,IXE,Mangaluru,Deepak Joshi,4.8,1195,Hatchback (WagonR),Maruti Suzuki WagonR,4,250,12,4,0,0
4434,RKG,Durgapur,Suresh Patel,4.62,1139,Airport Express Shuttle,Force Traveller AC,12,180,8,13,0,1
4435,IXU,Chhatrapati Sambhaji Nagar (Aurangabad),Gaurav Tiwari,4.53,516,Hatchback (WagonR),Hyundai i10,4,250,12,11,0,0
4436,IXB,Siliguri / Bagdogra,Mahesh Choudhary,4.61,1563,Sedan (Dzire/Etios),Toyota Etios,4,350,14,7,0,0
4437,DUM,Dumka,Gaurav Tiwari,4.97,164,Sedan (Dzire/Etios),Toyota Etios,4,350,14,7,0,0
4438,DIU,Diu,Harpreet Singh,4.61,870,SUV (Ertiga/Innova),Toyota Innova Crysta,6,650,20,11,0,0
4439,IMF,Imphal,Vikram Singh,4.51,1101,Airport Express Shuttle,Force Traveller AC,12,180,8,5,0,1
4440,NEEM,Neemuch,Sanjay Rao,4.58,1905,Hatchback (WagonR),Hyundai i10,4,250,12,14,0,0
4441,COK,Kochi,Rohan Mehta,4.67,698,Airport Express Shuttle,Tata Winger Executive,12,180,8,12,0,1
4442,MRA,Noida / Jewar,Pankaj Das,4.45,1959,Electric EV (Nexon/Tigor),Tata Nexon EV,4,400,16,11,1,0
4443,SXR,Srinagar,Pankaj Das,4.65,270,Electric EV (Nexon/Tigor),Tata Nexon EV,4,400,16,5,1,0
4444,PUR,Purulia,Sanjay Rao,4.9,1879,Electric EV (Nexon/Tigor),Tata Tigor EV,4,400,16,12,1,0
4445,ROU,Rourkela,Sanjay Rao,4.76,378,Executive Premium,Toyota Camry Hybrid,4,1200,35,4,0,0
4446,BPI,Mayurbhanj,Suresh Patel,4.78,262,Executive Premium,Skoda Superb,4,1200,35,13,0,0
4447,PNY,Puducherry,Praveen Nair,4.65,155,SUV (Ertiga/Innova),Toyota Innova Crysta,6,650,20,13,0,0
4448,MOR,Moradabad,Suresh Patel,4.44,1941,Airport Express Shuttle,Force Traveller AC,12,180,8,12,0,1
4449,IMF,Imphal,Mahesh Choudhary,4.82,1004,Electric EV (Nexon/Tigor),Tata Nexon EV,4,400,16,12,1,0
4450,HIR,Sambalpur,Gaurav Tiwari,4.56,2228,Sedan (Dzire/Etios),Toyota Etios,4,350,14,9,0,0
4451,SRA,Shravasti,Pankaj Das,4.89,2139,Executive Premium,Mercedes C-Class,4,1200,35,7,0,0
4452,KBK,Kushinagar,Vijay Reddy,4.65,1340,Sedan (Dzire/Etios),Hyundai Aura,4,350,14,13,0,0
4453,REW,Rewa,Sunil Yadav,4.44,538,Airport Express Shuttle,Force Traveller AC,12,180,8,5,0,1
4454,SAH,Saharanpur,Santosh Kulkarni,4.92,1595,Sedan (Dzire/Etios),Toyota Etios,4,350,14,10,0,0
4455,SAH,Saharanpur,Suresh Patel,4.49,271,Airport Express Shuttle,Force Traveller AC,12,180,8,6,0,1
4456,STV,Surat,Ramesh Verma,4.78,1725,Electric EV (Nexon/Tigor),Tata Tigor EV,4,400,16,11,1,0
4457,IXL,Leh (Ladakh),Manoj Gupta,4.54,1492,Sedan (Dzire/Etios),Maruti Suzuki Dzire,4,350,14,6,0,0
4458,REW,Rewa,Suresh Patel,4.56,1330,Hatchback (WagonR),Hyundai i10,4,250,12,4,0,0
4459,IXY,Kandla,Mahesh Choudhary,4.73,793,Executive Premium,Mercedes C-Class,4,1200,35,13,0,0
4460,NVY,Neyveli,Amit Kumar,4.63,472,Electric EV (Nexon/Tigor),MG ZS EV,4,400,16,9,1,0
4461,CFH,Chitrakoot,Harpreet Singh,4.4,2100,Hatchback (WagonR),Maruti Suzuki WagonR,4,250,12,6,0,0
4462,CKU,Chakulia,Rahul Banerjee,4.79,1050,Electric EV (Nexon/Tigor),Tata Tigor EV,4,400,16,14,1,0
4463,PBN,Parbhani,Suresh Patel,4.6,122,Hatchback (WagonR),Hyundai i10,4,250,12,8,0,0
4464,BHO,Bhopal,Ramesh Verma,4.75,1622,Airport Express Shuttle,Tata Winger Executive,12,180,8,3,0,1
4465,IXR,Ranchi,Suresh Patel,4.62,1842,Electric EV (Nexon/Tigor),Tata Tigor EV,4,400,16,13,1,0
4466,MAL,Malda,Amit Kumar,4.9,941,Airport Express Shuttle,Tata Winger Executive,12,180,8,11,0,1
4467,BLT,Balurghat,Sanjay Rao,4.41,1443,Electric EV (Nexon/Tigor),MG ZS EV,4,400,16,12,1,0
4468,SIV,Sivasagar,Deepak Joshi,4.89,752,Hatchback (WagonR),Tata Tiago,4,250,12,14,0,0
4469,ROU,Rourkela,Deepak Joshi,4.97,1964,Executive Premium,Toyota Camry Hybrid,4,1200,35,12,0,0
4470,STV,Surat,Suresh Patel,4.5,431,Executive Premium,Skoda Superb,4,1200,35,12,0,0
4471,SIV,Sivasagar,Sunil Yadav,4.9,416,Airport Express Shuttle,Force Traveller AC,12,180,8,6,0,1
4472,IDR,Indore,Pankaj Das,4.47,2044,SUV (Ertiga/Innova),Toyota Innova Crysta,6,650,20,13,0,0
4473,BVC,Bhavnagar,Mahesh Choudhary,4.7,1784,Electric EV (Nexon/Tigor),MG ZS EV,4,400,16,5,1,0
4474,PYG,Gangtok / Pakyong (Sikkim),Deepak Joshi,4.69,146,Airport Express Shuttle,Force Traveller AC,12,180,8,11,0,1
4475,MAA,Chennai,Sunil Yadav,4.46,946,SUV (Ertiga/Innova),Maruti Ertiga,6,650,20,7,0,0
4476,BLR,Bengaluru,Manoj Gupta,4.84,1053,Sedan (Dzire/Etios),Hyundai Aura,4,350,14,13,0,0
4477,IXA,Agartala,Sunil Yadav,4.87,1969,Hatchback (WagonR),Tata Tiago,4,250,12,5,0,0
4478,PGH,Pantnagar / Nainital,Vikram Singh,4.62,494,Executive Premium,Skoda Superb,4,1200,35,8,0,0
4479,NVM,Navi Mumbai,Santosh Kulkarni,4.56,1542,Electric EV (Nexon/Tigor),Tata Tigor EV,4,400,16,10,1,0
4480,AMR,Amravati,Sanjay Rao,4.86,704,Electric EV (Nexon/Tigor),Tata Nexon EV,4,400,16,11,1,0
4481,ASL,Asansol,Suresh Patel,4.87,2028,Airport Express Shuttle,Tata Winger Executive,12,180,8,13,0,1
4482,LUD,Ludhiana,Anil Deshmukh,4.43,2194,Sedan (Dzire/Etios),Hyundai Aura,4,350,14,10,0,0
4483,JAI,Jaipur,Sanjay Rao,4.58,652,Airport Express Shuttle,Tata Winger Executive,12,180,8,3,0,1
4484,HBX,Hubballi / Dharwad,Manoj Gupta,4.45,1709,Sedan (Dzire/Etios),Toyota Etios,4,350,14,12,0,0
4485,SLV,Shimla,Ramesh Verma,4.68,1893,Airport Express Shuttle,Force Traveller AC,12,180,8,4,0,1
4486,PINJ,Panchkula / Pinjore,Mahesh Choudhary,4.49,405,Executive Premium,Skoda Superb,4,1200,35,12,0,0
4487,KARN,Karnal,Suresh Patel,4.6,941,SUV (Ertiga/Innova),Mahindra XUV700,6,650,20,13,0,0
4488,AMD,Ahmedabad,Deepak Joshi,4.41,966,Executive Premium,Toyota Camry Hybrid,4,1200,35,7,0,0
4489,JDH,Jodhpur,Pankaj Das,4.97,1388,SUV (Ertiga/Innova),Maruti Ertiga,6,650,20,7,0,0
4490,IDR,Indore,Anil Deshmukh,4.95,564,Executive Premium,Mercedes C-Class,4,1200,35,14,0,0
4491,PNV,Porbandar,Vikram Singh,4.5,1063,Hatchback (WagonR),Tata Tiago,4,250,12,12,0,0
4492,AGR,Agra,Rahul Banerjee,4.78,1385,Airport Express Shuttle,Tata Winger Executive,12,180,8,12,0,1
4493,PGH,Pantnagar / Nainital,Rajesh Sharma,4.74,1465,Hatchback (WagonR),Maruti Suzuki WagonR,4,250,12,5,0,0
4494,UDR,Udaipur,Sunil Yadav,4.48,1331,Sedan (Dzire/Etios),Maruti Suzuki Dzire,4,350,14,13,0,0
4495,IXB,Siliguri / Bagdogra,Suresh Patel,4.71,804,Sedan (Dzire/Etios),Hyundai Aura,4,350,14,14,0,0
4496,PNY,Puducherry,Pankaj Das,4.89,955,Hatchback (WagonR),Maruti Suzuki WagonR,4,250,12,10,0,0
4497,RXL,Raxaul,Rajesh Sharma,4.66,542,Hatchback (WagonR),Hyundai i10,4,250,12,4,0,0
4498,ANK,Ankleshwar,Dinesh Pillai,4.88,1291,Airport Express Shuttle,Force Traveller AC,12,180,8,13,0,1
4499,KQH,Ajmer / Kishangarh,Mahesh Choudhary,4.46,1371,Electric EV (Nexon/Tigor),MG ZS EV,4,400,16,13,1,0
4500,IMF,Imphal,Deepak Joshi,4.75,696,Sedan (Dzire/Etios),Toyota Etios,4,350,14,12,0,0
4501,SXV,Shivamogga,Rahul Banerjee,4.6,1539,Electric EV (Nexon/Tigor),MG ZS EV,4,400,16,12,1,0
4502,VTZ,Visakhapatnam,Praveen Nair,4.85,823,Airport Express Shuttle,Force Traveller AC,12,180,8,14,0,1
4503,DHR,Dibrugarh,Deepak Joshi,4.75,2068,Electric EV (Nexon/Tigor),Tata Tigor EV,4,400,16,4,1,0
4504,IXJ,Jammu,Vikram Singh,4.52,1788,Sedan (Dzire/Etios),Hyundai Aura,4,350,14,13,0,0
4505,NMS,Naliya,Gaurav Tiwari,4.49,1101,Sedan (Dzire/Etios),Maruti Suzuki Dzire,4,350,14,11,0,0
4506,KOK,Kokrajhar,Amit Kumar,4.61,412,Hatchback (WagonR),Maruti Suzuki WagonR,4,250,12,7,0,0
4507,JRH,Jorhat,Rahul Banerjee,4.55,1513,Electric EV (Nexon/Tigor),Tata Tigor EV,4,400,16,4,1,0
4508,HBI,Itanagar,Manoj Gupta,4.7,1110,Executive Premium,Skoda Superb,4,1200,35,11,0,0
4509,KAR,Karad / Satara,Gaurav Tiwari,4.75,1502,Sedan (Dzire/Etios),Hyundai Aura,4,350,14,8,0,0
4510,DHM,Dharamshala / Kangra,Vikram Singh,4.89,1475,Electric EV (Nexon/Tigor),Tata Tigor EV,4,400,16,14,1,0
4511,RPR,Raipur,Dinesh Pillai,4.84,1947,Executive Premium,Mercedes C-Class,4,1200,35,5,0,0
4512,HZD,Hazaribagh,Pankaj Das,4.48,1454,Electric EV (Nexon/Tigor),MG ZS EV,4,400,16,6,1,0
4513,MRA,Noida / Jewar,Gaurav Tiwari,4.44,1029,Sedan (Dzire/Etios),Toyota Etios,4,350,14,4,0,0
4514,SNE,Singrauli,Santosh Kulkarni,4.88,1082,Sedan (Dzire/Etios),Toyota Etios,4,350,14,7,0,0
4515,JGA,Jamnagar,Sanjay Rao,4.47,2370,Executive Premium,Mercedes C-Class,4,1200,35,8,0,0
4516, سات,Satna,Sunil Yadav,4.45,203,Executive Premium,Skoda Superb,4,1200,35,9,0,0
4517,CNN,Kannur,Santosh Kulkarni,4.94,105,Sedan (Dzire/Etios),Toyota Etios,4,350,14,7,0,0
4518,IMF,Imphal,Santosh Kulkarni,4.42,173,Executive Premium,Mercedes C-Class,4,1200,35,3,0,0
4519,OSB,Dharashiv,Santosh Kulkarni,4.51,1695,Airport Express Shuttle,Force Traveller AC,12,180,8,6,0,1
4520,DHR,Dibrugarh,Ramesh Verma,4.93,627,Electric EV (Nexon/Tigor),Tata Nexon EV,4,400,16,9,1,0
4521,PBF,Bilaspur,Ramesh Verma,4.79,295,Executive Premium,Mercedes C-Class,4,1200,35,3,0,0
4522,CJB,Coimbatore,Sanjay Rao,4.93,2200,Sedan (Dzire/Etios),Hyundai Aura,4,350,14,10,0,0
4523,TCR,Thoothukudi (Tuticorin),Sunil Yadav,4.47,127,Executive Premium,Toyota Camry Hybrid,4,1200,35,10,0,0
4524,GOX,Goa (Mopa),Santosh Kulkarni,4.69,1232,Airport Express Shuttle,Force Traveller AC,12,180,8,6,0,1
4525,VNS,Varanasi,Mahesh Choudhary,4.54,915,Sedan (Dzire/Etios),Toyota Etios,4,350,14,13,0,0
4526,KOK,Kokrajhar,Sunil Yadav,4.67,321,Hatchback (WagonR),Hyundai i10,4,250,12,3,0,0
4527,HZD,Hazaribagh,Pankaj Das,4.81,808,Airport Express Shuttle,Force Traveller AC,12,180,8,11,0,1
4528,SIH,Sirohi,Rohan Mehta,4.49,338,Executive Premium,Toyota Camry Hybrid,4,1200,35,6,0,0
4529,CJB,Coimbatore,Suresh Patel,4.85,1410,Executive Premium,Mercedes C-Class,4,1200,35,11,0,0
4530,JLR,Jabalpur,Rohan Mehta,4.58,400,Airport Express Shuttle,Force Traveller AC,12,180,8,14,0,1
4531,AYJ,Ayodhya,Manoj Gupta,4.65,1730,Electric EV (Nexon/Tigor),Tata Nexon EV,4,400,16,7,1,0
4532,GAY,Gaya,Sunil Yadav,4.87,1408,Sedan (Dzire/Etios),Hyundai Aura,4,350,14,11,0,0
4533,AMD,Ahmedabad,Gaurav Tiwari,4.92,1538,Electric EV (Nexon/Tigor),Tata Tigor EV,4,400,16,7,1,0
4534,JRG,Jharsuguda,Sanjay Rao,4.47,247,SUV (Ertiga/Innova),Toyota Innova Crysta,6,650,20,13,0,0
4535,BDQ,Vadodara,Sanjay Rao,4.66,1397,SUV (Ertiga/Innova),Maruti Ertiga,6,650,20,10,0,0
4536,JGD,Jagdalpur,Suresh Patel,4.77,1632,SUV (Ertiga/Innova),Maruti Ertiga,6,650,20,3,0,0
4537,PBN,Parbhani,Anil Deshmukh,4.86,2332,Electric EV (Nexon/Tigor),MG ZS EV,4,400,16,7,1,0
4538,LAT,Latur,Ramesh Verma,4.59,1498,Sedan (Dzire/Etios),Toyota Etios,4,350,14,10,0,0
4539,ALD,Aligarh,Mahesh Choudhary,4.67,383,Sedan (Dzire/Etios),Maruti Suzuki Dzire,4,350,14,9,0,0
4540,SXR,Srinagar,Anil Deshmukh,4.64,1945,Hatchback (WagonR),Tata Tiago,4,250,12,7,0,0
4541,PINJ,Panchkula / Pinjore,Anil Deshmukh,4.85,1415,Executive Premium,Skoda Superb,4,1200,35,14,0,0
4542,DEL,New Delhi,Sanjay Rao,4.59,1389,Electric EV (Nexon/Tigor),Tata Tigor EV,4,400,16,12,1,0
4543,IXE,Mangaluru,Rohan Mehta,4.43,1914,Airport Express Shuttle,Force Traveller AC,12,180,8,12,0,1
4544,AMB,Ambikapur,Gaurav Tiwari,4.95,111,SUV (Ertiga/Innova),Toyota Innova Crysta,6,650,20,7,0,0
4545,KQH,Ajmer / Kishangarh,Anil Deshmukh,4.42,1290,Airport Express Shuttle,Tata Winger Executive,12,180,8,6,0,1
4546,KOP,Kolhapur,Harpreet Singh,4.6,1190,Hatchback (WagonR),Maruti Suzuki WagonR,4,250,12,9,0,0
4547,HJR,Khajuraho,Pankaj Das,4.58,2214,Executive Premium,Skoda Superb,4,1200,35,12,0,0
4548,TCR,Thoothukudi (Tuticorin),Dinesh Pillai,4.48,1945,Electric EV (Nexon/Tigor),Tata Nexon EV,4,400,16,12,1,0
4549,LUD,Ludhiana,Pankaj Das,4.96,2029,SUV (Ertiga/Innova),Mahindra XUV700,6,650,20,11,0,0
4550,CCJ,Kozhikode (Calicut),Vijay Reddy,4.84,1493,Executive Premium,Mercedes C-Class,4,1200,35,9,0,0
4551,HSS,Hisar,Sanjay Rao,4.77,494,Electric EV (Nexon/Tigor),MG ZS EV,4,400,16,12,1,0
4552,JAI,Jaipur,Vijay Reddy,4.46,2162,SUV (Ertiga/Innova),Mahindra XUV700,6,650,20,7,0,0
4553,PYG,Gangtok / Pakyong (Sikkim),Sunil Yadav,4.71,1168,SUV (Ertiga/Innova),Toyota Innova Crysta,6,650,20,8,0,0
4554,COB,Cooch Behar,Deepak Joshi,4.67,215,Sedan (Dzire/Etios),Hyundai Aura,4,350,14,11,0,0
4555,BGP,Bhagalpur,Pankaj Das,4.87,1126,Airport Express Shuttle,Force Traveller AC,12,180,8,12,0,1
4556,KOP,Kolhapur,Anil Deshmukh,4.85,827,Hatchback (WagonR),Maruti Suzuki WagonR,4,250,12,3,0,0
4557,DMU,Dimapur,Suresh Patel,4.65,1710,Electric EV (Nexon/Tigor),MG ZS EV,4,400,16,7,1,0
4558,NVM,Navi Mumbai,Anil Deshmukh,4.7,209,Hatchback (WagonR),Tata Tiago,4,250,12,4,0,0
4559,NVM,Navi Mumbai,Rajesh Sharma,4.58,1500,Airport Express Shuttle,Force Traveller AC,12,180,8,13,0,1
4560,DHR,Dibrugarh,Suresh Patel,4.68,1407,Hatchback (WagonR),Hyundai i10,4,250,12,6,0,0
4561,KARN,Karnal,Vikram Singh,4.73,106,Airport Express Shuttle,Tata Winger Executive,12,180,8,13,0,1
4562,ANK,Ankleshwar,Amit Kumar,4.73,169,Electric EV (Nexon/Tigor),Tata Tigor EV,4,400,16,3,1,0
4563,IMF,Imphal,Praveen Nair,4.76,1825,SUV (Ertiga/Innova),Maruti Ertiga,6,650,20,5,0,0
4564,IXC,Chandigarh,Deepak Joshi,4.44,969,Sedan (Dzire/Etios),Maruti Suzuki Dzire,4,350,14,11,0,0
4565,DIU,Diu,Rahul Banerjee,4.56,2349,Hatchback (WagonR),Maruti Suzuki WagonR,4,250,12,13,0,0
4566,SAG,Shirdi,Praveen Nair,4.45,1895,Sedan (Dzire/Etios),Toyota Etios,4,350,14,7,0,0
4567,VDY,Vidyanagar / Ballari,Santosh Kulkarni,4.91,293,SUV (Ertiga/Innova),Toyota Innova Crysta,6,650,20,13,0,0
4568,RAT,Ratlam,Anil Deshmukh,4.73,712,Executive Premium,Skoda Superb,4,1200,35,12,0,0
4569,KOR,Koraput,Anil Deshmukh,4.62,1934,Hatchback (WagonR),Hyundai i10,4,250,12,9,0,0
4570,GBI,Kalaburagi (Gulbarga),Vijay Reddy,4.93,664,Airport Express Shuttle,Force Traveller AC,12,180,8,8,0,1
4571,RAT,Ratlam,Praveen Nair,4.48,1747,Electric EV (Nexon/Tigor),Tata Tigor EV,4,400,16,13,1,0
4572,IXR,Ranchi,Rohan Mehta,4.86,1618,Hatchback (WagonR),Maruti Suzuki WagonR,4,250,12,13,0,0
4573,NPL,Narnaul,Rajesh Sharma,4.53,486,Sedan (Dzire/Etios),Hyundai Aura,4,350,14,12,0,0
4574,IXY,Kandla,Pankaj Das,4.96,981,SUV (Ertiga/Innova),Toyota Innova Crysta,6,650,20,6,0,0
4575,BLT,Balurghat,Rajesh Sharma,4.97,443,SUV (Ertiga/Innova),Mahindra XUV700,6,650,20,6,0,0
4576,HIR,Sambalpur,Ramesh Verma,4.45,1500,Hatchback (WagonR),Tata Tiago,4,250,12,11,0,0
4577,GAW,Guwahati,Dinesh Pillai,4.87,1271,Airport Express Shuttle,Force Traveller AC,12,180,8,13,0,1
4578,BLT,Balurghat,Dinesh Pillai,4.52,1370,Airport Express Shuttle,Tata Winger Executive,12,180,8,10,0,1
4579,BHO,Bhopal,Deepak Joshi,4.74,1309,Sedan (Dzire/Etios),Toyota Etios,4,350,14,8,0,0
4580,NWP,Pithoragarh,Mahesh Choudhary,4.87,1141,SUV (Ertiga/Innova),Toyota Innova Crysta,6,650,20,14,0,0
4581,SAG,Shirdi,Rahul Banerjee,4.6,1288,Electric EV (Nexon/Tigor),MG ZS EV,4,400,16,7,1,0
4582,VJZ,Bhogapuram / Vizianagaram,Anil Deshmukh,4.4,1732,Electric EV (Nexon/Tigor),MG ZS EV,4,400,16,8,1,0
4583,SAH,Saharanpur,Dinesh Pillai,4.68,778,Airport Express Shuttle,Force Traveller AC,12,180,8,11,0,1
4584,PNY,Puducherry,Vijay Reddy,4.94,2207,Electric EV (Nexon/Tigor),MG ZS EV,4,400,16,3,1,0
4585,AYJ,Ayodhya,Deepak Joshi,4.63,2265,Sedan (Dzire/Etios),Toyota Etios,4,350,14,3,0,0
4586,ZER,Ziro,Dinesh Pillai,4.8,1009,Hatchback (WagonR),Tata Tiago,4,250,12,5,0,0
4587,IMF,Imphal,Rajesh Sharma,4.73,1464,Executive Premium,Toyota Camry Hybrid,4,1200,35,9,0,0
4588,IXT,Pasighat,Anil Deshmukh,4.96,816,Airport Express Shuttle,Force Traveller AC,12,180,8,14,0,1
4589,AMH,Azamgarh,Sunil Yadav,4.68,1847,Sedan (Dzire/Etios),Toyota Etios,4,350,14,10,0,0
4590,IXU,Chhatrapati Sambhaji Nagar (Aurangabad),Rajesh Sharma,4.43,1224,Electric EV (Nexon/Tigor),Tata Nexon EV,4,400,16,13,1,0
4591,DED,Dehradun,Ramesh Verma,4.6,385,Executive Premium,Mercedes C-Class,4,1200,35,12,0,0
4592,PGH,Pantnagar / Nainital,Deepak Joshi,4.54,662,SUV (Ertiga/Innova),Maruti Ertiga,6,650,20,7,0,0
4593,HZD,Hazaribagh,Sanjay Rao,4.41,1780,Airport Express Shuttle,Force Traveller AC,12,180,8,9,0,1
4594,AKL,Akola,Praveen Nair,4.69,1156,SUV (Ertiga/Innova),Mahindra XUV700,6,650,20,13,0,0
4595,JLR,Jabalpur,Rahul Banerjee,4.69,1438,Airport Express Shuttle,Force Traveller AC,12,180,8,12,0,1
4596,RAT,Ratlam,Suresh Patel,4.85,2074,Hatchback (WagonR),Hyundai i10,4,250,12,11,0,0
4597,AYJ,Ayodhya,Rohan Mehta,4.94,1415,Electric EV (Nexon/Tigor),MG ZS EV,4,400,16,10,1,0
4598,KOP,Kolhapur,Amit Kumar,4.51,2198,Executive Premium,Toyota Camry Hybrid,4,1200,35,7,0,0
4599,CKU,Chakulia,Manoj Gupta,4.94,1962,Hatchback (WagonR),Hyundai i10,4,250,12,14,0,0
4600,KBK,Kushinagar,Rohan Mehta,4.62,2000,Hatchback (WagonR),Tata Tiago,4,250,12,11,0,0
4601,DEL,New Delhi,Suresh Patel,4.88,1021,Executive Premium,Toyota Camry Hybrid,4,1200,35,10,0,0
4602,TEZ,Tezpur,Vijay Reddy,4.81,2399,Hatchback (WagonR),Maruti Suzuki WagonR,4,250,12,14,0,0
4603,SAH,Saharanpur,Deepak Joshi,4.9,902,Airport Express Shuttle,Force Traveller AC,12,180,8,4,0,1
4604,KARN,Karnal,Mahesh Choudhary,4.51,800,Electric EV (Nexon/Tigor),Tata Tigor EV,4,400,16,5,1,0
4605,MAL,Malda,Ramesh Verma,4.61,1542,Executive Premium,Toyota Camry Hybrid,4,1200,35,12,0,0
4606,PAT,Patna,Vijay Reddy,4.6,590,Airport Express Shuttle,Force Traveller AC,12,180,8,7,0,1
4607,IXG,Belagavi,Suresh Patel,4.45,1606,Electric EV (Nexon/Tigor),Tata Tigor EV,4,400,16,6,1,0
4608,BID,Bidar,Rahul Banerjee,4.75,1110,Airport Express Shuttle,Tata Winger Executive,12,180,8,3,0,1
4609,LKO,Lucknow,Vikram Singh,4.93,1372,Executive Premium,Mercedes C-Class,4,1200,35,5,0,0
4610,IXA,Agartala,Rohan Mehta,4.45,1131,Airport Express Shuttle,Force Traveller AC,12,180,8,11,0,1
4611,BPI,Mayurbhanj,Rahul Banerjee,4.4,1791,Sedan (Dzire/Etios),Maruti Suzuki Dzire,4,350,14,14,0,0
4612,UTL,Barmer,Dinesh Pillai,4.68,2239,Hatchback (WagonR),Hyundai i10,4,250,12,6,0,0
4613,NAG,Nagpur,Dinesh Pillai,4.47,1710,Hatchback (WagonR),Maruti Suzuki WagonR,4,250,12,14,0,0
4614,KAM,Kamalpur,Gaurav Tiwari,4.42,886,Sedan (Dzire/Etios),Maruti Suzuki Dzire,4,350,14,14,0,0
4615,PNY,Puducherry,Amit Kumar,4.44,421,Airport Express Shuttle,Force Traveller AC,12,180,8,3,0,1
4616,KUU,Kullu / Manali,Rohan Mehta,4.61,437,Executive Premium,Skoda Superb,4,1200,35,8,0,0
4617,IXB,Siliguri / Bagdogra,Dinesh Pillai,4.71,782,SUV (Ertiga/Innova),Toyota Innova Crysta,6,650,20,9,0,0
4618,TIR,Tirupati,Amit Kumar,4.98,2264,Executive Premium,Toyota Camry Hybrid,4,1200,35,11,0,0
4619,MEH,Mehsana,Mahesh Choudhary,4.82,1031,Airport Express Shuttle,Tata Winger Executive,12,180,8,11,0,1
4620,KNU,Kanpur,Santosh Kulkarni,4.88,2010,Electric EV (Nexon/Tigor),Tata Tigor EV,4,400,16,12,1,0
4621,DON,Bhadrak / Dhamra,Rahul Banerjee,4.86,1414,Executive Premium,Skoda Superb,4,1200,35,8,0,0
4622,MZS,Sonbhadra,Sunil Yadav,4.81,1648,Hatchback (WagonR),Maruti Suzuki WagonR,4,250,12,13,0,0
4623,PYB,Jeypore,Deepak Joshi,4.54,752,Hatchback (WagonR),Tata Tiago,4,250,12,7,0,0
4624,DHM,Dharamshala / Kangra,Pankaj Das,4.95,1336,Sedan (Dzire/Etios),Hyundai Aura,4,350,14,14,0,0
4625,PAT,Patna,Mahesh Choudhary,4.53,1911,Executive Premium,Toyota Camry Hybrid,4,1200,35,4,0,0
4626,GAY,Gaya,Manoj Gupta,4.75,1662,Electric EV (Nexon/Tigor),MG ZS EV,4,400,16,8,1,0
4627,SLV,Shimla,Amit Kumar,4.87,1370,Electric EV (Nexon/Tigor),Tata Nexon EV,4,400,16,10,1,0
4628,IXB,Siliguri / Bagdogra,Vikram Singh,4.88,168,Executive Premium,Toyota Camry Hybrid,4,1200,35,11,0,0
4629,SAH,Saharanpur,Rajesh Sharma,4.92,165,SUV (Ertiga/Innova),Maruti Ertiga,6,650,20,6,0,0
4630,HYD,Hyderabad,Vijay Reddy,4.77,1232,Executive Premium,Mercedes C-Class,4,1200,35,5,0,0
4631,IXW,Jamshedpur,Harpreet Singh,4.42,1835,Electric EV (Nexon/Tigor),MG ZS EV,4,400,16,9,1,0
4632,BHJ,Bhuj (Kutch),Anil Deshmukh,4.9,1045,Electric EV (Nexon/Tigor),Tata Tigor EV,4,400,16,8,1,0
4633,LUD,Ludhiana,Ramesh Verma,4.85,1988,Sedan (Dzire/Etios),Maruti Suzuki Dzire,4,350,14,14,0,0
4634,HYD,Hyderabad,Rohan Mehta,4.9,1453,Sedan (Dzire/Etios),Toyota Etios,4,350,14,7,0,0
4635,DON,Bhadrak / Dhamra,Santosh Kulkarni,4.87,1078,Sedan (Dzire/Etios),Toyota Etios,4,350,14,8,0,0
4636,PGH,Pantnagar / Nainital,Ramesh Verma,4.81,1180,Sedan (Dzire/Etios),Hyundai Aura,4,350,14,14,0,0
4637,ATQ,Amritsar,Sunil Yadav,4.81,321,Executive Premium,Toyota Camry Hybrid,4,1200,35,3,0,0
4638,ATQ,Amritsar,Ramesh Verma,4.45,1822,Executive Premium,Toyota Camry Hybrid,4,1200,35,3,0,0
4639,NDC,Nanded,Rahul Banerjee,4.95,324,Executive Premium,Toyota Camry Hybrid,4,1200,35,8,0,0
4640,BLR,Bengaluru,Ramesh Verma,4.98,500,Electric EV (Nexon/Tigor),Tata Tigor EV,4,400,16,3,1,0
4641,SLN,Sultanpur,Sanjay Rao,4.59,1702,Executive Premium,Mercedes C-Class,4,1200,35,5,0,0
4642,SLV,Shimla,Gaurav Tiwari,4.74,2372,Hatchback (WagonR),Tata Tiago,4,250,12,14,0,0
4643,RMD,Ratnagiri,Harpreet Singh,4.46,1316,Hatchback (WagonR),Hyundai i10,4,250,12,3,0,0
4644,DBR,Darbhanga,Manoj Gupta,4.66,1695,Hatchback (WagonR),Hyundai i10,4,250,12,7,0,0
4645,NMS,Naliya,Rajesh Sharma,4.59,451,Sedan (Dzire/Etios),Toyota Etios,4,350,14,10,0,0
4646,MZS,Sonbhadra,Sanjay Rao,4.52,2343,Sedan (Dzire/Etios),Maruti Suzuki Dzire,4,350,14,4,0,0
4647,WGC,Warangal,Praveen Nair,4.95,2324,Hatchback (WagonR),Hyundai i10,4,250,12,11,0,0
4648,RJA,Rajahmundry,Pankaj Das,4.51,1303,Electric EV (Nexon/Tigor),MG ZS EV,4,400,16,9,1,0
4649,ISK,Nashik,Mahesh Choudhary,4.93,1086,Electric EV (Nexon/Tigor),Tata Nexon EV,4,400,16,12,1,0
4650,AMB,Ambikapur,Rahul Banerjee,4.79,1719,Sedan (Dzire/Etios),Hyundai Aura,4,350,14,3,0,0
4651,WGC,Warangal,Harpreet Singh,4.42,2244,Electric EV (Nexon/Tigor),Tata Nexon EV,4,400,16,7,1,0
4652,GOP,Ganjam / Gopalpur,Praveen Nair,4.89,1710,Sedan (Dzire/Etios),Maruti Suzuki Dzire,4,350,14,6,0,0
4653,CNN,Kannur,Suresh Patel,4.63,1248,Sedan (Dzire/Etios),Toyota Etios,4,350,14,7,0,0
4654,ROU,Rourkela,Sunil Yadav,4.65,770,Executive Premium,Mercedes C-Class,4,1200,35,13,0,0
4655,CCJ,Kozhikode (Calicut),Manoj Gupta,4.43,691,SUV (Ertiga/Innova),Maruti Ertiga,6,650,20,5,0,0
4656,JAI,Jaipur,Santosh Kulkarni,4.58,1554,Electric EV (Nexon/Tigor),Tata Tigor EV,4,400,16,13,1,0
4657,DIU,Diu,Ramesh Verma,4.88,1614,Sedan (Dzire/Etios),Toyota Etios,4,350,14,3,0,0
4658,JRH,Jorhat,Sunil Yadav,4.63,693,Sedan (Dzire/Etios),Toyota Etios,4,350,14,8,0,0
4659,IXS,Silchar,Suresh Patel,4.63,2336,Hatchback (WagonR),Tata Tiago,4,250,12,4,0,0
4660,PBF,Bilaspur,Vijay Reddy,4.86,2272,Airport Express Shuttle,Force Traveller AC,12,180,8,4,0,1
4661,MYQ,Mysuru,Manoj Gupta,4.97,1482,SUV (Ertiga/Innova),Maruti Ertiga,6,650,20,11,0,0
4662,RPR,Raipur,Vijay Reddy,4.58,1495,Electric EV (Nexon/Tigor),MG ZS EV,4,400,16,14,1,0
4663,IXR,Ranchi,Gaurav Tiwari,4.5,2295,SUV (Ertiga/Innova),Toyota Innova Crysta,6,650,20,10,0,0
4664,JAI,Jaipur,Vikram Singh,4.72,1063,Hatchback (WagonR),Tata Tiago,4,250,12,7,0,0
4665,GWL,Gwalior,Mahesh Choudhary,4.5,358,Sedan (Dzire/Etios),Hyundai Aura,4,350,14,7,0,0
4666,GOP,Ganjam / Gopalpur,Sunil Yadav,4.75,637,Hatchback (WagonR),Hyundai i10,4,250,12,13,0,0
4667,DIU,Diu,Amit Kumar,4.54,1320,Executive Premium,Skoda Superb,4,1200,35,11,0,0
4668,ATQ,Amritsar,Gaurav Tiwari,4.83,431,Airport Express Shuttle,Tata Winger Executive,12,180,8,12,0,1
4669,KHO,Khowai,Suresh Patel,4.68,903,Hatchback (WagonR),Maruti Suzuki WagonR,4,250,12,12,0,0
4670,GBI,Kalaburagi (Gulbarga),Mahesh Choudhary,4.48,1090,Electric EV (Nexon/Tigor),Tata Nexon EV,4,400,16,7,1,0
4671,DUM,Dumka,Mahesh Choudhary,4.75,2265,Sedan (Dzire/Etios),Maruti Suzuki Dzire,4,350,14,6,0,0
4672,DED,Dehradun,Rahul Banerjee,4.55,297,Sedan (Dzire/Etios),Maruti Suzuki Dzire,4,350,14,14,0,0
4673,SLN,Sultanpur,Praveen Nair,4.54,1129,Sedan (Dzire/Etios),Maruti Suzuki Dzire,4,350,14,4,0,0
4674,DEL,New Delhi,Rahul Banerjee,4.77,1892,SUV (Ertiga/Innova),Maruti Ertiga,6,650,20,11,0,0
4675,BHJ,Bhuj (Kutch),Suresh Patel,4.58,520,Hatchback (WagonR),Maruti Suzuki WagonR,4,250,12,8,0,0
4676,CNN,Kannur,Santosh Kulkarni,4.93,311,Hatchback (WagonR),Hyundai i10,4,250,12,6,0,0
4677,IMF,Imphal,Rajesh Sharma,4.56,2355,Executive Premium,Skoda Superb,4,1200,35,9,0,0
4678,VTZ,Visakhapatnam,Rohan Mehta,4.75,673,Sedan (Dzire/Etios),Maruti Suzuki Dzire,4,350,14,10,0,0
4679,VTZ,Visakhapatnam,Deepak Joshi,4.74,1666,Sedan (Dzire/Etios),Toyota Etios,4,350,14,8,0,0
4680,GAW,Guwahati,Anil Deshmukh,4.88,1441,Executive Premium,Mercedes C-Class,4,1200,35,9,0,0
4681,JRG,Jharsuguda,Pankaj Das,4.65,1259,Sedan (Dzire/Etios),Maruti Suzuki Dzire,4,350,14,9,0,0
4682,OSB,Dharashiv,Amit Kumar,4.6,1156,Electric EV (Nexon/Tigor),Tata Tigor EV,4,400,16,3,1,0
4683,SRA,Shravasti,Pankaj Das,4.75,873,Hatchback (WagonR),Maruti Suzuki WagonR,4,250,12,3,0,0
4684,AYJ,Ayodhya,Rahul Banerjee,4.55,1742,Sedan (Dzire/Etios),Hyundai Aura,4,350,14,8,0,0
4685,KAM,Kamalpur,Suresh Patel,4.77,1422,Electric EV (Nexon/Tigor),MG ZS EV,4,400,16,5,1,0
4686,RXL,Raxaul,Praveen Nair,4.83,2226,SUV (Ertiga/Innova),Toyota Innova Crysta,6,650,20,5,0,0
4687,IXR,Ranchi,Dinesh Pillai,4.45,1904,Sedan (Dzire/Etios),Maruti Suzuki Dzire,4,350,14,3,0,0
4688,VNS,Varanasi,Manoj Gupta,4.74,1456,SUV (Ertiga/Innova),Maruti Ertiga,6,650,20,10,0,0
4689,LAT,Latur,Rahul Banerjee,4.82,1432,SUV (Ertiga/Innova),Mahindra XUV700,6,650,20,11,0,0
4690,MAA,Chennai,Anil Deshmukh,4.42,2124,Airport Express Shuttle,Tata Winger Executive,12,180,8,8,0,1
4691,SIV,Sivasagar,Amit Kumar,4.45,1107,Hatchback (WagonR),Hyundai i10,4,250,12,14,0,0
4692,PNY,Puducherry,Ramesh Verma,4.59,217,Electric EV (Nexon/Tigor),Tata Tigor EV,4,400,16,13,1,0
4693,DMU,Dimapur,Harpreet Singh,4.89,1611,Electric EV (Nexon/Tigor),MG ZS EV,4,400,16,11,1,0
4694,ASL,Asansol,Sanjay Rao,4.67,150,Hatchback (WagonR),Maruti Suzuki WagonR,4,250,12,14,0,0
4695,MRA,Noida / Jewar,Harpreet Singh,4.88,1531,Executive Premium,Toyota Camry Hybrid,4,1200,35,6,0,0
4696,IXG,Belagavi,Dinesh Pillai,4.72,1654,Airport Express Shuttle,Force Traveller AC,12,180,8,11,0,1
4697,IXY,Kandla,Sunil Yadav,4.48,2154,Electric EV (Nexon/Tigor),Tata Nexon EV,4,400,16,7,1,0
4698,JLR,Jabalpur,Ramesh Verma,4.63,1748,Hatchback (WagonR),Tata Tiago,4,250,12,7,0,0
4699,MZS,Sonbhadra,Dinesh Pillai,4.56,691,Electric EV (Nexon/Tigor),Tata Nexon EV,4,400,16,9,1,0
4700,SHL,Shillong,Amit Kumar,4.63,526,SUV (Ertiga/Innova),Maruti Ertiga,6,650,20,4,0,0
4701,PNY,Puducherry,Mahesh Choudhary,4.81,952,Executive Premium,Mercedes C-Class,4,1200,35,6,0,0
4702,IXL,Leh (Ladakh),Harpreet Singh,4.66,2381,SUV (Ertiga/Innova),Maruti Ertiga,6,650,20,5,0,0
4703,GOI,Goa (Dabolim),Vikram Singh,4.48,2371,Executive Premium,Skoda Superb,4,1200,35,12,0,0
4704,NWP,Pithoragarh,Anil Deshmukh,4.77,497,SUV (Ertiga/Innova),Toyota Innova Crysta,6,650,20,8,0,0
4705,JRH,Jorhat,Deepak Joshi,4.84,820,Hatchback (WagonR),Maruti Suzuki WagonR,4,250,12,11,0,0
4706,PNV,Porbandar,Praveen Nair,4.98,1758,Hatchback (WagonR),Hyundai i10,4,250,12,3,0,0
4707,IXT,Pasighat,Gaurav Tiwari,4.47,499,Sedan (Dzire/Etios),Hyundai Aura,4,350,14,7,0,0
4708,LAT,Latur,Rahul Banerjee,4.86,1857,Airport Express Shuttle,Force Traveller AC,12,180,8,4,0,1
4709,GBI,Kalaburagi (Gulbarga),Deepak Joshi,4.47,526,Airport Express Shuttle,Force Traveller AC,12,180,8,9,0,1
4710,BTH,Bettiah,Deepak Joshi,4.87,1034,SUV (Ertiga/Innova),Maruti Ertiga,6,650,20,5,0,0
4711,ASL,Asansol,Ramesh Verma,4.98,2090,SUV (Ertiga/Innova),Maruti Ertiga,6,650,20,7,0,0
4712,PGH,Pantnagar / Nainital,Deepak Joshi,4.7,150,Sedan (Dzire/Etios),Hyundai Aura,4,350,14,13,0,0
4713,MRA,Noida / Jewar,Santosh Kulkarni,4.47,1479,Sedan (Dzire/Etios),Toyota Etios,4,350,14,7,0,0
4714,PUR,Purulia,Vikram Singh,4.4,868,Sedan (Dzire/Etios),Maruti Suzuki Dzire,4,350,14,8,0,0
4715,JAI,Jaipur,Harpreet Singh,4.73,1345,Electric EV (Nexon/Tigor),Tata Tigor EV,4,400,16,8,1,0
4716,TIR,Tirupati,Gaurav Tiwari,4.48,2009,Airport Express Shuttle,Tata Winger Executive,12,180,8,11,0,1
4717,HIR,Sambalpur,Anil Deshmukh,4.48,1233,Electric EV (Nexon/Tigor),Tata Tigor EV,4,400,16,10,1,0
4718,GOX,Goa (Mopa),Santosh Kulkarni,4.46,1412,Sedan (Dzire/Etios),Hyundai Aura,4,350,14,10,0,0
4719,LKO,Lucknow,Vikram Singh,4.82,447,Hatchback (WagonR),Tata Tiago,4,250,12,14,0,0
4720,BLT,Balurghat,Pankaj Das,4.54,779,Airport Express Shuttle,Force Traveller AC,12,180,8,7,0,1
4721,SHL,Shillong,Suresh Patel,4.5,1573,SUV (Ertiga/Innova),Mahindra XUV700,6,650,20,8,0,0
4722,PGH,Pantnagar / Nainital,Sanjay Rao,4.49,1120,Electric EV (Nexon/Tigor),Tata Tigor EV,4,400,16,5,1,0
4723,AMD,Ahmedabad,Rajesh Sharma,4.53,913,SUV (Ertiga/Innova),Toyota Innova Crysta,6,650,20,14,0,0
4724,RKG,Durgapur,Sanjay Rao,4.5,1343,Sedan (Dzire/Etios),Maruti Suzuki Dzire,4,350,14,7,0,0
4725,VNS,Varanasi,Anil Deshmukh,4.97,1154,SUV (Ertiga/Innova),Toyota Innova Crysta,6,650,20,10,0,0
4726,AKL,Akola,Gaurav Tiwari,4.96,2338,Electric EV (Nexon/Tigor),Tata Tigor EV,4,400,16,5,1,0
4727,UTK,Kalahandi / Utkela,Suresh Patel,4.85,1599,Electric EV (Nexon/Tigor),Tata Nexon EV,4,400,16,14,1,0
4728,SDW,Sindhudurg,Vijay Reddy,4.89,226,Airport Express Shuttle,Force Traveller AC,12,180,8,13,0,1
4729,DON,Bhadrak / Dhamra,Amit Kumar,4.89,1892,Airport Express Shuttle,Force Traveller AC,12,180,8,8,0,1
4730,KHO,Khowai,Rohan Mehta,4.52,1154,Electric EV (Nexon/Tigor),Tata Tigor EV,4,400,16,13,1,0
4731,NVY,Neyveli,Rahul Banerjee,4.87,321,Sedan (Dzire/Etios),Hyundai Aura,4,350,14,8,0,0
4732,HIR,Sambalpur,Ramesh Verma,4.65,1886,Executive Premium,Mercedes C-Class,4,1200,35,13,0,0
4733,IXE,Mangaluru,Santosh Kulkarni,4.66,1763,Hatchback (WagonR),Hyundai i10,4,250,12,6,0,0
4734,JGD,Jagdalpur,Pankaj Das,4.44,1929,Hatchback (WagonR),Maruti Suzuki WagonR,4,250,12,7,0,0
4735,SSE,Solapur,Manoj Gupta,4.95,916,Executive Premium,Mercedes C-Class,4,1200,35,3,0,0
4736,NDC,Nanded,Amit Kumar,4.97,1502,Hatchback (WagonR),Hyundai i10,4,250,12,13,0,0
4737,CKU,Chakulia,Gaurav Tiwari,4.91,2279,SUV (Ertiga/Innova),Maruti Ertiga,6,650,20,11,0,0
4738,NAG,Nagpur,Harpreet Singh,4.44,1315,Executive Premium,Skoda Superb,4,1200,35,14,0,0
4739,ZER,Ziro,Praveen Nair,4.5,2233,Sedan (Dzire/Etios),Hyundai Aura,4,350,14,7,0,0
4740,LAT,Latur,Deepak Joshi,4.7,1527,SUV (Ertiga/Innova),Maruti Ertiga,6,650,20,12,0,0
4741,ANK,Ankleshwar,Vijay Reddy,4.9,376,SUV (Ertiga/Innova),Maruti Ertiga,6,650,20,7,0,0
4742,DBR,Darbhanga,Rahul Banerjee,4.45,212,Electric EV (Nexon/Tigor),MG ZS EV,4,400,16,11,1,0
4743,WGC,Warangal,Vijay Reddy,4.98,894,Airport Express Shuttle,Tata Winger Executive,12,180,8,6,0,1
4744,PAL,Pali,Vijay Reddy,4.49,876,Airport Express Shuttle,Tata Winger Executive,12,180,8,5,0,1
4745,VJZ,Bhogapuram / Vizianagaram,Dinesh Pillai,4.86,1243,Electric EV (Nexon/Tigor),Tata Nexon EV,4,400,16,5,1,0
4746,SAG,Shirdi,Praveen Nair,4.9,1527,Electric EV (Nexon/Tigor),MG ZS EV,4,400,16,5,1,0
4747,IXS,Silchar,Suresh Patel,4.62,1083,Airport Express Shuttle,Force Traveller AC,12,180,8,3,0,1
4748,TEZ,Tezpur,Vijay Reddy,4.54,1848,Executive Premium,Mercedes C-Class,4,1200,35,5,0,0
4749,KHA,Khandwa,Rohan Mehta,4.59,549,Hatchback (WagonR),Maruti Suzuki WagonR,4,250,12,12,0,0
4750,KBK,Kushinagar,Manoj Gupta,4.97,402,Hatchback (WagonR),Tata Tiago,4,250,12,12,0,0
4751,IXA,Agartala,Rahul Banerjee,4.66,333,Hatchback (WagonR),Tata Tiago,4,250,12,4,0,0
4752,DEL,New Delhi,Manoj Gupta,4.95,1254,Sedan (Dzire/Etios),Maruti Suzuki Dzire,4,350,14,11,0,0
4753,CHI,Chhindwara,Rahul Banerjee,4.66,1750,SUV (Ertiga/Innova),Mahindra XUV700,6,650,20,6,0,0
4754,IXT,Pasighat,Praveen Nair,4.67,999,Hatchback (WagonR),Maruti Suzuki WagonR,4,250,12,8,0,0
4755,STV,Surat,Mahesh Choudhary,4.96,2335,SUV (Ertiga/Innova),Maruti Ertiga,6,650,20,8,0,0
4756,PNV,Porbandar,Dinesh Pillai,4.82,2143,SUV (Ertiga/Innova),Mahindra XUV700,6,650,20,12,0,0
4757,SLV,Shimla,Rohan Mehta,4.45,2029,Sedan (Dzire/Etios),Toyota Etios,4,350,14,12,0,0
4758,GAW,Guwahati,Rahul Banerjee,4.62,2139,Hatchback (WagonR),Tata Tiago,4,250,12,12,0,0
4759,IXG,Belagavi,Amit Kumar,4.92,2007,Hatchback (WagonR),Tata Tiago,4,250,12,13,0,0
4760,CNN,Kannur,Santosh Kulkarni,4.9,1975,Airport Express Shuttle,Tata Winger Executive,12,180,8,11,0,1
4761,SXR,Srinagar,Deepak Joshi,4.79,1090,Sedan (Dzire/Etios),Hyundai Aura,4,350,14,14,0,0
4762,SXR,Srinagar,Ramesh Verma,4.78,1910,Executive Premium,Skoda Superb,4,1200,35,9,0,0
4763,VNS,Varanasi,Vijay Reddy,4.87,1680,SUV (Ertiga/Innova),Mahindra XUV700,6,650,20,7,0,0
4764,IXU,Chhatrapati Sambhaji Nagar (Aurangabad),Praveen Nair,4.71,1754,Executive Premium,Mercedes C-Class,4,1200,35,5,0,0
4765,NWP,Pithoragarh,Praveen Nair,4.98,652,Hatchback (WagonR),Tata Tiago,4,250,12,9,0,0
4766,LGP,Rupsi / Dhubri,Rajesh Sharma,4.76,2398,Electric EV (Nexon/Tigor),MG ZS EV,4,400,16,7,1,0
4767,BHU,Bathinda,Ramesh Verma,4.73,2011,SUV (Ertiga/Innova),Mahindra XUV700,6,650,20,8,0,0
4768,IXM,Madurai,Gaurav Tiwari,4.45,1787,Sedan (Dzire/Etios),Toyota Etios,4,350,14,12,0,0
4769,GBI,Kalaburagi (Gulbarga),Ramesh Verma,4.73,2338,Electric EV (Nexon/Tigor),MG ZS EV,4,400,16,14,1,0
4770,BLR,Bengaluru,Santosh Kulkarni,4.6,926,SUV (Ertiga/Innova),Toyota Innova Crysta,6,650,20,13,0,0
4771,IXM,Madurai,Deepak Joshi,4.96,1102,Airport Express Shuttle,Force Traveller AC,12,180,8,11,0,1
4772,WGC,Warangal,Rohan Mehta,4.79,1235,Hatchback (WagonR),Tata Tiago,4,250,12,6,0,0
4773,RAT,Ratlam,Praveen Nair,4.97,2296,Executive Premium,Mercedes C-Class,4,1200,35,14,0,0
4774,WGC,Warangal,Suresh Patel,4.47,1984,Airport Express Shuttle,Tata Winger Executive,12,180,8,4,0,1
4775,BPI,Mayurbhanj,Vijay Reddy,4.86,737,Executive Premium,Toyota Camry Hybrid,4,1200,35,4,0,0
4776,HBI,Itanagar,Deepak Joshi,4.78,141,SUV (Ertiga/Innova),Maruti Ertiga,6,650,20,12,0,0
4777,GOI,Goa (Dabolim),Suresh Patel,4.84,2266,Electric EV (Nexon/Tigor),Tata Tigor EV,4,400,16,4,1,0
4778,PUI,Purnea,Vijay Reddy,4.7,1885,SUV (Ertiga/Innova),Maruti Ertiga,6,650,20,9,0,0
4779,JRH,Jorhat,Santosh Kulkarni,4.93,1562,Sedan (Dzire/Etios),Toyota Etios,4,350,14,5,0,0
4780,BHO,Bhopal,Sunil Yadav,4.65,1869,SUV (Ertiga/Innova),Toyota Innova Crysta,6,650,20,14,0,0
4781,NDC,Nanded,Mahesh Choudhary,4.93,2363,Executive Premium,Toyota Camry Hybrid,4,1200,35,4,0,0
4782,KOK,Kokrajhar,Manoj Gupta,4.7,2035,SUV (Ertiga/Innova),Maruti Ertiga,6,650,20,3,0,0
4783,AGR,Agra,Sanjay Rao,4.57,1993,Executive Premium,Toyota Camry Hybrid,4,1200,35,6,0,0
4784,MYQ,Mysuru,Deepak Joshi,4.88,1806,Sedan (Dzire/Etios),Hyundai Aura,4,350,14,9,0,0
4785,IXD,Prayagraj (Allahabad),Anil Deshmukh,4.62,1175,Executive Premium,Toyota Camry Hybrid,4,1200,35,7,0,0
4786,KNU,Kanpur,Sanjay Rao,4.85,2288,Electric EV (Nexon/Tigor),Tata Tigor EV,4,400,16,14,1,0
4787,HIR,Sambalpur,Deepak Joshi,4.47,1434,Electric EV (Nexon/Tigor),Tata Tigor EV,4,400,16,5,1,0
4788,BHO,Bhopal,Santosh Kulkarni,4.96,1474,Executive Premium,Skoda Superb,4,1200,35,8,0,0
4789,DHM,Dharamshala / Kangra,Anil Deshmukh,4.96,1244,Sedan (Dzire/Etios),Maruti Suzuki Dzire,4,350,14,14,0,0
4790,HIR,Sambalpur,Gaurav Tiwari,4.76,1603,Airport Express Shuttle,Tata Winger Executive,12,180,8,13,0,1
4791,RMD,Ratnagiri,Rohan Mehta,4.43,1201,Executive Premium,Mercedes C-Class,4,1200,35,13,0,0
4792,IXZ,Port Blair (Andaman),Rahul Banerjee,4.76,1887,Executive Premium,Mercedes C-Class,4,1200,35,6,0,0
4793,JSA,Jaisalmer,Deepak Joshi,4.54,1316,Electric EV (Nexon/Tigor),Tata Nexon EV,4,400,16,14,1,0
4794,RMD,Ratnagiri,Vikram Singh,4.87,502,SUV (Ertiga/Innova),Maruti Ertiga,6,650,20,8,0,0
4795,PNY,Puducherry,Rajesh Sharma,4.67,844,Sedan (Dzire/Etios),Hyundai Aura,4,350,14,12,0,0
4796,GOP,Ganjam / Gopalpur,Dinesh Pillai,4.88,549,Hatchback (WagonR),Maruti Suzuki WagonR,4,250,12,5,0,0
4797,NEEM,Neemuch,Suresh Patel,4.88,344,Airport Express Shuttle,Force Traveller AC,12,180,8,9,0,1
4798,MEH,Mehsana,Rahul Banerjee,4.56,1634,Electric EV (Nexon/Tigor),MG ZS EV,4,400,16,8,1,0
4799,NMN,Neemrana / Alwar,Praveen Nair,4.68,1135,Electric EV (Nexon/Tigor),Tata Nexon EV,4,400,16,6,1,0
4800,IXT,Pasighat,Amit Kumar,4.72,890,Executive Premium,Toyota Camry Hybrid,4,1200,35,3,0,0
4801,MZS,Sonbhadra,Anil Deshmukh,4.95,526,Electric EV (Nexon/Tigor),MG ZS EV,4,400,16,10,1,0
4802,BHO,Bhopal,Santosh Kulkarni,4.44,291,Sedan (Dzire/Etios),Toyota Etios,4,350,14,8,0,0
4803,LUD,Ludhiana,Ramesh Verma,4.4,1990,Hatchback (WagonR),Hyundai i10,4,250,12,5,0,0
4804, سات,Satna,Harpreet Singh,4.96,1061,Airport Express Shuttle,Tata Winger Executive,12,180,8,3,0,1
4805,JDH,Jodhpur,Amit Kumar,4.46,176,Sedan (Dzire/Etios),Maruti Suzuki Dzire,4,350,14,12,0,0
4806,IXG,Belagavi,Amit Kumar,4.41,1405,Hatchback (WagonR),Hyundai i10,4,250,12,8,0,0
4807,KAI,Kailashahar,Manoj Gupta,4.58,2145,Executive Premium,Mercedes C-Class,4,1200,35,9,0,0
4808,VJZ,Bhogapuram / Vizianagaram,Santosh Kulkarni,4.5,469,Airport Express Shuttle,Tata Winger Executive,12,180,8,5,0,1
4809,RAT,Ratlam,Rohan Mehta,4.87,2355,Electric EV (Nexon/Tigor),Tata Tigor EV,4,400,16,7,1,0
4810,BAR,Baramati,Praveen Nair,4.8,226,Airport Express Shuttle,Tata Winger Executive,12,180,8,3,0,1
4811,NAG,Nagpur,Manoj Gupta,4.68,1707,Executive Premium,Mercedes C-Class,4,1200,35,11,0,0
4812,SAG,Shirdi,Rahul Banerjee,4.58,217,SUV (Ertiga/Innova),Maruti Ertiga,6,650,20,9,0,0
4813,SNE,Singrauli,Vijay Reddy,4.88,644,SUV (Ertiga/Innova),Maruti Ertiga,6,650,20,8,0,0
4814,JLG,Jalgaon,Rajesh Sharma,4.44,877,Electric EV (Nexon/Tigor),Tata Tigor EV,4,400,16,9,1,0
4815,DHR,Dibrugarh,Mahesh Choudhary,4.55,502,Sedan (Dzire/Etios),Hyundai Aura,4,350,14,10,0,0
4816,NVY,Neyveli,Rahul Banerjee,4.58,670,Electric EV (Nexon/Tigor),Tata Tigor EV,4,400,16,10,1,0
4817,AMR,Amravati,Rajesh Sharma,4.94,396,SUV (Ertiga/Innova),Toyota Innova Crysta,6,650,20,13,0,0
4818,NVM,Navi Mumbai,Vijay Reddy,4.83,122,Electric EV (Nexon/Tigor),MG ZS EV,4,400,16,6,1,0
4819,CJB,Coimbatore,Santosh Kulkarni,4.76,238,Hatchback (WagonR),Tata Tiago,4,250,12,13,0,0
4820,COB,Cooch Behar,Santosh Kulkarni,4.88,1737,Executive Premium,Skoda Superb,4,1200,35,14,0,0
4821,DEL,New Delhi,Harpreet Singh,4.54,561,Hatchback (WagonR),Maruti Suzuki WagonR,4,250,12,12,0,0
4822,LKO,Lucknow,Deepak Joshi,4.61,967,Sedan (Dzire/Etios),Hyundai Aura,4,350,14,13,0,0
4823,VNS,Varanasi,Suresh Patel,4.43,275,Executive Premium,Skoda Superb,4,1200,35,11,0,0
4824,KHA,Khandwa,Rahul Banerjee,4.83,1011,Executive Premium,Toyota Camry Hybrid,4,1200,35,6,0,0
4825,SIH,Sirohi,Sanjay Rao,4.88,238,Electric EV (Nexon/Tigor),Tata Nexon EV,4,400,16,3,1,0
4826,CCJ,Kozhikode (Calicut),Rahul Banerjee,4.59,1357,Hatchback (WagonR),Tata Tiago,4,250,12,11,0,0
4827,HSR,Rajkot,Santosh Kulkarni,4.69,985,Airport Express Shuttle,Tata Winger Executive,12,180,8,4,0,1
4828,CKU,Chakulia,Dinesh Pillai,4.77,1139,Electric EV (Nexon/Tigor),Tata Tigor EV,4,400,16,11,1,0
4829,PGH,Pantnagar / Nainital,Dinesh Pillai,4.51,1977,Executive Premium,Skoda Superb,4,1200,35,12,0,0
4830,NVY,Neyveli,Santosh Kulkarni,4.71,2331,Sedan (Dzire/Etios),Maruti Suzuki Dzire,4,350,14,7,0,0
4831,SSE,Solapur,Anil Deshmukh,4.5,2027,Executive Premium,Mercedes C-Class,4,1200,35,7,0,0
4832,IXS,Silchar,Mahesh Choudhary,4.65,89,Airport Express Shuttle,Force Traveller AC,12,180,8,4,0,1
4833,VZY,Vijayawada,Pankaj Das,4.59,1485,Executive Premium,Toyota Camry Hybrid,4,1200,35,9,0,0
4834,KOK,Kokrajhar,Anil Deshmukh,4.68,727,Airport Express Shuttle,Tata Winger Executive,12,180,8,9,0,1
4835,KAI,Kailashahar,Ramesh Verma,4.47,420,Airport Express Shuttle,Tata Winger Executive,12,180,8,4,0,1
4836,PNQ,Pune,Ramesh Verma,4.97,1431,Sedan (Dzire/Etios),Maruti Suzuki Dzire,4,350,14,5,0,0
4837,BOK,Bokaro,Vijay Reddy,4.55,2073,Electric EV (Nexon/Tigor),Tata Tigor EV,4,400,16,12,1,0
4838,STV,Surat,Vijay Reddy,4.89,1279,Electric EV (Nexon/Tigor),Tata Tigor EV,4,400,16,10,1,0
4839,DHR,Dibrugarh,Rahul Banerjee,4.43,384,Electric EV (Nexon/Tigor),MG ZS EV,4,400,16,11,1,0
4840,JAI,Jaipur,Santosh Kulkarni,4.64,1177,Executive Premium,Skoda Superb,4,1200,35,7,0,0
4841,SRA,Shravasti,Rahul Banerjee,4.41,1216,Sedan (Dzire/Etios),Maruti Suzuki Dzire,4,350,14,12,0,0
4842,MEH,Mehsana,Suresh Patel,4.48,1133,Airport Express Shuttle,Force Traveller AC,12,180,8,12,0,1
4843,RKG,Durgapur,Dinesh Pillai,4.98,659,Sedan (Dzire/Etios),Toyota Etios,4,350,14,13,0,0
4844,JHW,Jhalawar,Amit Kumar,4.75,997,Executive Premium,Toyota Camry Hybrid,4,1200,35,5,0,0
4845,LGP,Rupsi / Dhubri,Mahesh Choudhary,4.65,160,Executive Premium,Toyota Camry Hybrid,4,1200,35,12,0,0
4846,UDR,Udaipur,Vijay Reddy,4.7,2375,Electric EV (Nexon/Tigor),MG ZS EV,4,400,16,6,1,0
4847,JGD,Jagdalpur,Harpreet Singh,4.67,1561,Electric EV (Nexon/Tigor),Tata Tigor EV,4,400,16,4,1,0
4848,VDY,Vidyanagar / Ballari,Dinesh Pillai,4.89,759,Airport Express Shuttle,Tata Winger Executive,12,180,8,13,0,1
4849,IXP,Pathankot,Vijay Reddy,4.76,1968,Sedan (Dzire/Etios),Hyundai Aura,4,350,14,6,0,0
4850,SDW,Sindhudurg,Vikram Singh,4.95,613,Electric EV (Nexon/Tigor),Tata Tigor EV,4,400,16,5,1,0
4851,PNV,Porbandar,Suresh Patel,4.73,1720,Executive Premium,Skoda Superb,4,1200,35,6,0,0
4852, سات,Satna,Harpreet Singh,4.75,1501,Hatchback (WagonR),Maruti Suzuki WagonR,4,250,12,11,0,0
4853,GBI,Kalaburagi (Gulbarga),Santosh Kulkarni,4.51,798,Hatchback (WagonR),Tata Tiago,4,250,12,7,0,0
4854,BVC,Bhavnagar,Manoj Gupta,4.96,812,Sedan (Dzire/Etios),Hyundai Aura,4,350,14,5,0,0
4855,BLR,Bengaluru,Sanjay Rao,4.7,1784,Sedan (Dzire/Etios),Maruti Suzuki Dzire,4,350,14,9,0,0
4856,DON,Bhadrak / Dhamra,Suresh Patel,4.89,648,Executive Premium,Skoda Superb,4,1200,35,8,0,0
4857,IXY,Kandla,Santosh Kulkarni,4.68,790,Hatchback (WagonR),Hyundai i10,4,250,12,7,0,0
4858,IXZ,Port Blair (Andaman),Sanjay Rao,4.63,620,SUV (Ertiga/Innova),Mahindra XUV700,6,650,20,11,0,0
4859,IXB,Siliguri / Bagdogra,Harpreet Singh,4.95,1398,Hatchback (WagonR),Maruti Suzuki WagonR,4,250,12,13,0,0
4860,MYQ,Mysuru,Sunil Yadav,4.48,1402,SUV (Ertiga/Innova),Mahindra XUV700,6,650,20,11,0,0
4861,MEH,Mehsana,Ramesh Verma,4.97,710,Sedan (Dzire/Etios),Maruti Suzuki Dzire,4,350,14,5,0,0
4862,JLR,Jabalpur,Deepak Joshi,4.8,302,Hatchback (WagonR),Hyundai i10,4,250,12,8,0,0
4863, سات,Satna,Mahesh Choudhary,4.4,215,Hatchback (WagonR),Hyundai i10,4,250,12,3,0,0
4864, سات,Satna,Sanjay Rao,4.44,2133,Executive Premium,Skoda Superb,4,1200,35,8,0,0
4865,PNV,Porbandar,Amit Kumar,4.73,502,Electric EV (Nexon/Tigor),Tata Nexon EV,4,400,16,5,1,0
4866,AJL,Aizawl,Rajesh Sharma,4.64,1457,Sedan (Dzire/Etios),Hyundai Aura,4,350,14,6,0,0
4867,ATQ,Amritsar,Vijay Reddy,4.48,1168,Sedan (Dzire/Etios),Maruti Suzuki Dzire,4,350,14,3,0,0
4868,KNU,Kanpur,Gaurav Tiwari,4.74,703,Airport Express Shuttle,Force Traveller AC,12,180,8,12,0,1
4869,BID,Bidar,Manoj Gupta,4.89,1179,Sedan (Dzire/Etios),Maruti Suzuki Dzire,4,350,14,4,0,0
4870,NEEM,Neemuch,Anil Deshmukh,4.71,1753,Electric EV (Nexon/Tigor),Tata Tigor EV,4,400,16,11,1,0
4871,DBR,Darbhanga,Sanjay Rao,4.66,2330,SUV (Ertiga/Innova),Maruti Ertiga,6,650,20,6,0,0
4872,TCR,Thoothukudi (Tuticorin),Manoj Gupta,4.65,1099,Airport Express Shuttle,Tata Winger Executive,12,180,8,6,0,1
4873,SXV,Shivamogga,Ramesh Verma,4.68,2374,Hatchback (WagonR),Tata Tiago,4,250,12,3,0,0
4874,BHO,Bhopal,Sanjay Rao,4.94,2197,Hatchback (WagonR),Maruti Suzuki WagonR,4,250,12,8,0,0
4875,KNU,Kanpur,Ramesh Verma,4.41,1008,Executive Premium,Mercedes C-Class,4,1200,35,3,0,0
4876,RJA,Rajahmundry,Sunil Yadav,4.84,1813,Hatchback (WagonR),Hyundai i10,4,250,12,11,0,0
4877,DGR,Deoghar,Pankaj Das,4.58,258,Hatchback (WagonR),Maruti Suzuki WagonR,4,250,12,8,0,0
4878,BLT,Balurghat,Gaurav Tiwari,4.91,562,Hatchback (WagonR),Hyundai i10,4,250,12,5,0,0
4879,SLV,Shimla,Rajesh Sharma,4.86,1410,Sedan (Dzire/Etios),Maruti Suzuki Dzire,4,350,14,4,0,0
4880,IXJ,Jammu,Ramesh Verma,4.8,2037,Electric EV (Nexon/Tigor),Tata Tigor EV,4,400,16,12,1,0
4881,PUR,Purulia,Sanjay Rao,4.83,420,Airport Express Shuttle,Tata Winger Executive,12,180,8,10,0,1
4882,DMO,Damoh,Praveen Nair,4.79,1917,Sedan (Dzire/Etios),Hyundai Aura,4,350,14,9,0,0
4883,KQH,Ajmer / Kishangarh,Vikram Singh,4.64,400,Electric EV (Nexon/Tigor),Tata Tigor EV,4,400,16,3,1,0
4884,AMH,Azamgarh,Santosh Kulkarni,4.89,360,Airport Express Shuttle,Force Traveller AC,12,180,8,14,0,1
4885,KAM,Kamalpur,Pankaj Das,4.85,495,Executive Premium,Mercedes C-Class,4,1200,35,4,0,0
4886,TRZ,Tiruchirappalli (Trichy),Rajesh Sharma,4.98,1449,Airport Express Shuttle,Tata Winger Executive,12,180,8,6,0,1
4887,HSR,Rajkot,Mahesh Choudhary,4.81,148,Sedan (Dzire/Etios),Toyota Etios,4,350,14,9,0,0
4888,AMR,Amravati,Mahesh Choudhary,4.63,1597,Airport Express Shuttle,Tata Winger Executive,12,180,8,6,0,1
4889,SDW,Sindhudurg,Amit Kumar,4.87,2102,Airport Express Shuttle,Force Traveller AC,12,180,8,11,0,1
4890,IXL,Leh (Ladakh),Harpreet Singh,4.82,1591,Airport Express Shuttle,Force Traveller AC,12,180,8,12,0,1
4891,AGX,Agatti Island (Lakshadweep),Pankaj Das,4.96,721,Sedan (Dzire/Etios),Hyundai Aura,4,350,14,3,0,0
4892,LAT,Latur,Sunil Yadav,4.68,551,Hatchback (WagonR),Maruti Suzuki WagonR,4,250,12,13,0,0
4893,KOP,Kolhapur,Rajesh Sharma,4.67,1245,Hatchback (WagonR),Tata Tiago,4,250,12,10,0,0
4894,VTZ,Visakhapatnam,Rohan Mehta,4.68,966,Hatchback (WagonR),Tata Tiago,4,250,12,11,0,0
4895,UDR,Udaipur,Santosh Kulkarni,4.77,2297,Sedan (Dzire/Etios),Toyota Etios,4,350,14,6,0,0
4896,IXJ,Jammu,Sunil Yadav,4.59,1960,Airport Express Shuttle,Tata Winger Executive,12,180,8,8,0,1
4897,MAA,Chennai,Sanjay Rao,4.68,1061,Sedan (Dzire/Etios),Hyundai Aura,4,350,14,6,0,0
4898,PINJ,Panchkula / Pinjore,Vijay Reddy,4.87,1633,Executive Premium,Skoda Superb,4,1200,35,5,0,0
4899,KAP,Kadapa,Gaurav Tiwari,4.47,523,Sedan (Dzire/Etios),Maruti Suzuki Dzire,4,350,14,13,0,0
4900,HIR,Sambalpur,Vijay Reddy,4.87,868,Hatchback (WagonR),Hyundai i10,4,250,12,4,0,0
4901,IXE,Mangaluru,Rohan Mehta,4.65,1999,Sedan (Dzire/Etios),Toyota Etios,4,350,14,3,0,0
4902,CJB,Coimbatore,Sanjay Rao,4.8,1796,Electric EV (Nexon/Tigor),MG ZS EV,4,400,16,11,1,0
4903,HBX,Hubballi / Dharwad,Sunil Yadav,4.71,880,SUV (Ertiga/Innova),Toyota Innova Crysta,6,650,20,5,0,0
4904,AYJ,Ayodhya,Pankaj Das,4.74,1312,SUV (Ertiga/Innova),Maruti Ertiga,6,650,20,13,0,0
4905,KOP,Kolhapur,Santosh Kulkarni,4.67,1648,SUV (Ertiga/Innova),Mahindra XUV700,6,650,20,4,0,0
4906,SHL,Shillong,Gaurav Tiwari,4.7,1688,Hatchback (WagonR),Maruti Suzuki WagonR,4,250,12,10,0,0
4907,NWP,Pithoragarh,Anil Deshmukh,4.43,1608,SUV (Ertiga/Innova),Maruti Ertiga,6,650,20,4,0,0
4908,CKU,Chakulia,Gaurav Tiwari,4.64,1321,Executive Premium,Skoda Superb,4,1200,35,11,0,0
4909,RGD,Raigarh,Pankaj Das,4.78,1063,Hatchback (WagonR),Tata Tiago,4,250,12,9,0,0
4910,MUZ,Muzaffarpur,Rajesh Sharma,4.48,1015,Electric EV (Nexon/Tigor),MG ZS EV,4,400,16,4,1,0
4911,BOM,Mumbai,Vikram Singh,4.6,2244,Sedan (Dzire/Etios),Maruti Suzuki Dzire,4,350,14,13,0,0
4912,MAL,Malda,Sanjay Rao,4.47,932,Sedan (Dzire/Etios),Maruti Suzuki Dzire,4,350,14,9,0,0
4913,BHJ,Bhuj (Kutch),Amit Kumar,4.81,1013,Executive Premium,Mercedes C-Class,4,1200,35,4,0,0
4914,IMF,Imphal,Manoj Gupta,4.77,2300,SUV (Ertiga/Innova),Mahindra XUV700,6,650,20,3,0,0
4915,BVC,Bhavnagar,Rohan Mehta,4.41,1517,Executive Premium,Toyota Camry Hybrid,4,1200,35,14,0,0
4916,IXM,Madurai,Gaurav Tiwari,4.46,276,Sedan (Dzire/Etios),Toyota Etios,4,350,14,6,0,0
4917,BHO,Bhopal,Rajesh Sharma,4.4,563,Electric EV (Nexon/Tigor),Tata Tigor EV,4,400,16,3,1,0
4918,MAA,Chennai,Vijay Reddy,4.55,919,SUV (Ertiga/Innova),Mahindra XUV700,6,650,20,12,0,0
4919,JAI,Jaipur,Vikram Singh,4.97,554,SUV (Ertiga/Innova),Mahindra XUV700,6,650,20,12,0,0
4920,BTH,Bettiah,Santosh Kulkarni,4.57,661,Sedan (Dzire/Etios),Maruti Suzuki Dzire,4,350,14,6,0,0
4921,IXC,Chandigarh,Gaurav Tiwari,4.63,1737,Executive Premium,Mercedes C-Class,4,1200,35,12,0,0
4922,KOP,Kolhapur,Gaurav Tiwari,4.5,1575,SUV (Ertiga/Innova),Maruti Ertiga,6,650,20,13,0,0
4923,ATQ,Amritsar,Manoj Gupta,4.71,1766,Sedan (Dzire/Etios),Hyundai Aura,4,350,14,9,0,0
4924,KHO,Khowai,Pankaj Das,4.47,447,Hatchback (WagonR),Hyundai i10,4,250,12,12,0,0
4925,STV,Surat,Deepak Joshi,4.58,1174,SUV (Ertiga/Innova),Toyota Innova Crysta,6,650,20,8,0,0
4926,AJL,Aizawl,Rohan Mehta,4.62,1157,SUV (Ertiga/Innova),Mahindra XUV700,6,650,20,14,0,0
4927,TIR,Tirupati,Santosh Kulkarni,4.77,2197,Hatchback (WagonR),Hyundai i10,4,250,12,14,0,0
4928,ALD,Aligarh,Vijay Reddy,4.67,2344,Sedan (Dzire/Etios),Maruti Suzuki Dzire,4,350,14,5,0,0
4929,PBF,Bilaspur,Sanjay Rao,4.71,2178,Sedan (Dzire/Etios),Toyota Etios,4,350,14,3,0,0
4930,KUU,Kullu / Manali,Santosh Kulkarni,4.92,200,Executive Premium,Toyota Camry Hybrid,4,1200,35,12,0,0
4931,UDR,Udaipur,Vijay Reddy,4.77,1928,Electric EV (Nexon/Tigor),Tata Nexon EV,4,400,16,5,1,0
4932,MEH,Mehsana,Dinesh Pillai,4.66,81,Airport Express Shuttle,Force Traveller AC,12,180,8,11,0,1
4933,COB,Cooch Behar,Rajesh Sharma,4.87,1971,Hatchback (WagonR),Hyundai i10,4,250,12,10,0,0
4934,KAM,Kamalpur,Rohan Mehta,4.98,1344,Sedan (Dzire/Etios),Maruti Suzuki Dzire,4,350,14,4,0,0
4935,RPR,Raipur,Ramesh Verma,4.57,1674,Airport Express Shuttle,Tata Winger Executive,12,180,8,8,0,1
4936,BHJ,Bhuj (Kutch),Pankaj Das,4.58,1593,Electric EV (Nexon/Tigor),MG ZS EV,4,400,16,6,1,0
4937,IXD,Prayagraj (Allahabad),Mahesh Choudhary,4.72,1784,Executive Premium,Skoda Superb,4,1200,35,10,0,0
4938,PUI,Purnea,Sunil Yadav,4.61,1171,SUV (Ertiga/Innova),Toyota Innova Crysta,6,650,20,5,0,0
4939,AMB,Ambikapur,Vikram Singh,4.84,1749,Airport Express Shuttle,Force Traveller AC,12,180,8,11,0,1
4940,SXV,Shivamogga,Ramesh Verma,4.89,2231,Hatchback (WagonR),Hyundai i10,4,250,12,9,0,0
4941,RXL,Raxaul,Ramesh Verma,4.81,927,SUV (Ertiga/Innova),Toyota Innova Crysta,6,650,20,4,0,0
4942,AYJ,Ayodhya,Amit Kumar,4.55,730,Executive Premium,Toyota Camry Hybrid,4,1200,35,4,0,0
4943,NDC,Nanded,Rohan Mehta,4.8,2016,Electric EV (Nexon/Tigor),MG ZS EV,4,400,16,13,1,0
4944,REW,Rewa,Rohan Mehta,4.53,222,Electric EV (Nexon/Tigor),Tata Nexon EV,4,400,16,9,1,0
4945,NEEM,Neemuch,Deepak Joshi,4.85,2062,Executive Premium,Skoda Superb,4,1200,35,12,0,0
4946,VJZ,Bhogapuram / Vizianagaram,Vikram Singh,4.81,791,Executive Premium,Toyota Camry Hybrid,4,1200,35,8,0,0
4947,TIR,Tirupati,Suresh Patel,4.52,1385,Sedan (Dzire/Etios),Hyundai Aura,4,350,14,6,0,0
4948,SRA,Shravasti,Santosh Kulkarni,4.79,198,SUV (Ertiga/Innova),Toyota Innova Crysta,6,650,20,9,0,0
4949,UDR,Udaipur,Vikram Singh,4.95,2396,Airport Express Shuttle,Tata Winger Executive,12,180,8,3,0,1
4950,MUZ,Muzaffarpur,Ramesh Verma,4.45,1924,Sedan (Dzire/Etios),Toyota Etios,4,350,14,4,0,0
4951,GOX,Goa (Mopa),Dinesh Pillai,4.59,2239,Hatchback (WagonR),Tata Tiago,4,250,12,6,0,0
4952,LGP,Rupsi / Dhubri,Dinesh Pillai,4.49,925,Hatchback (WagonR),Tata Tiago,4,250,12,11,0,0
4953,AMRE,Amreli,Rohan Mehta,4.75,1406,Sedan (Dzire/Etios),Hyundai Aura,4,350,14,11,0,0
4954,BKN,Bikaner,Vijay Reddy,4.45,2129,Airport Express Shuttle,Force Traveller AC,12,180,8,14,0,1
4955,DED,Dehradun,Rohan Mehta,4.9,173,Airport Express Shuttle,Tata Winger Executive,12,180,8,11,0,1
4956,TIR,Tirupati,Anil Deshmukh,4.42,1345,Sedan (Dzire/Etios),Hyundai Aura,4,350,14,13,0,0
4957,AKL,Akola,Deepak Joshi,4.57,1700,Sedan (Dzire/Etios),Maruti Suzuki Dzire,4,350,14,3,0,0
4958,JAI,Jaipur,Gaurav Tiwari,4.97,1187,Hatchback (WagonR),Maruti Suzuki WagonR,4,250,12,5,0,0
4959,NVY,Neyveli,Suresh Patel,4.83,1631,Electric EV (Nexon/Tigor),MG ZS EV,4,400,16,5,1,0
4960,ISK,Nashik,Rajesh Sharma,4.42,782,Airport Express Shuttle,Tata Winger Executive,12,180,8,5,0,1
4961,TRV,Thiruvananthapuram,Mahesh Choudhary,4.9,221,Electric EV (Nexon/Tigor),Tata Tigor EV,4,400,16,11,1,0
4962,AJL,Aizawl,Suresh Patel,4.66,274,Electric EV (Nexon/Tigor),MG ZS EV,4,400,16,14,1,0
4963,AKL,Akola,Amit Kumar,4.47,1281,Executive Premium,Mercedes C-Class,4,1200,35,10,0,0
4964,BHJ,Bhuj (Kutch),Rajesh Sharma,4.81,1786,SUV (Ertiga/Innova),Mahindra XUV700,6,650,20,14,0,0
4965,TEZ,Tezpur,Pankaj Das,4.42,1795,Executive Premium,Mercedes C-Class,4,1200,35,8,0,0
4966,SXR,Srinagar,Praveen Nair,4.71,487,Hatchback (WagonR),Hyundai i10,4,250,12,11,0,0
4967,IXC,Chandigarh,Ramesh Verma,4.64,1492,Hatchback (WagonR),Hyundai i10,4,250,12,6,0,0
4968,WGC,Warangal,Sanjay Rao,4.98,1257,Sedan (Dzire/Etios),Hyundai Aura,4,350,14,6,0,0
4969,BAR,Baramati,Sanjay Rao,4.6,966,Electric EV (Nexon/Tigor),Tata Tigor EV,4,400,16,13,1,0
4970,SLN,Sultanpur,Vikram Singh,4.45,1778,Airport Express Shuttle,Force Traveller AC,12,180,8,13,0,1
4971,IXT,Pasighat,Gaurav Tiwari,4.55,646,Electric EV (Nexon/Tigor),Tata Nexon EV,4,400,16,11,1,0
4972,IXB,Siliguri / Bagdogra,Pankaj Das,4.53,1953,SUV (Ertiga/Innova),Mahindra XUV700,6,650,20,7,0,0
4973,RAT,Ratlam,Manoj Gupta,4.54,1141,Airport Express Shuttle,Force Traveller AC,12,180,8,6,0,1
4974,BLR,Bengaluru,Harpreet Singh,4.47,818,Airport Express Shuttle,Tata Winger Executive,12,180,8,4,0,1
4975,VTZ,Visakhapatnam,Manoj Gupta,4.7,1216,SUV (Ertiga/Innova),Toyota Innova Crysta,6,650,20,5,0,0
4976,GAW,Guwahati,Manoj Gupta,4.83,141,Airport Express Shuttle,Force Traveller AC,12,180,8,7,0,1
4977,UTL,Barmer,Sunil Yadav,4.87,2068,Hatchback (WagonR),Maruti Suzuki WagonR,4,250,12,9,0,0
4978,ROU,Rourkela,Deepak Joshi,4.54,678,Electric EV (Nexon/Tigor),Tata Nexon EV,4,400,16,10,1,0
4979,BGP,Bhagalpur,Pankaj Das,4.63,1378,Airport Express Shuttle,Tata Winger Executive,12,180,8,12,0,1
4980,KJB,Kurnool (Orvakal),Mahesh Choudhary,4.48,1221,Hatchback (WagonR),Tata Tiago,4,250,12,4,0,0
4981,SDW,Sindhudurg,Mahesh Choudhary,4.82,2072,Sedan (Dzire/Etios),Maruti Suzuki Dzire,4,350,14,3,0,0
4982,SHL,Shillong,Harpreet Singh,4.84,801,Sedan (Dzire/Etios),Maruti Suzuki Dzire,4,350,14,11,0,0
4983,AMR,Amravati,Harpreet Singh,4.8,1411,Airport Express Shuttle,Tata Winger Executive,12,180,8,8,0,1
4984,DGR,Deoghar,Ramesh Verma,4.49,1868,Hatchback (WagonR),Tata Tiago,4,250,12,7,0,0
4985,REW,Rewa,Sanjay Rao,4.74,1061,Electric EV (Nexon/Tigor),MG ZS EV,4,400,16,7,1,0
4986,LKO,Lucknow,Gaurav Tiwari,4.75,339,Airport Express Shuttle,Force Traveller AC,12,180,8,13,0,1
4987,IXG,Belagavi,Harpreet Singh,4.62,2305,SUV (Ertiga/Innova),Maruti Ertiga,6,650,20,10,0,0
4988,KOP,Kolhapur,Rohan Mehta,4.79,1029,SUV (Ertiga/Innova),Toyota Innova Crysta,6,650,20,13,0,0
4989,GOI,Goa (Dabolim),Harpreet Singh,4.43,1593,Airport Express Shuttle,Force Traveller AC,12,180,8,7,0,1
4990,DHM,Dharamshala / Kangra,Anil Deshmukh,4.71,957,Electric EV (Nexon/Tigor),Tata Tigor EV,4,400,16,12,1,0
4991,KOK,Kokrajhar,Mahesh Choudhary,4.73,654,Sedan (Dzire/Etios),Maruti Suzuki Dzire,4,350,14,8,0,0
4992,HSR,Rajkot,Mahesh Choudhary,4.8,2080,Electric EV (Nexon/Tigor),MG ZS EV,4,400,16,5,1,0
4993,UTK,Kalahandi / Utkela,Dinesh Pillai,4.41,2306,Sedan (Dzire/Etios),Hyundai Aura,4,350,14,7,0,0
4994,ANK,Ankleshwar,Mahesh Choudhary,4.43,875,Airport Express Shuttle,Tata Winger Executive,12,180,8,4,0,1
4995,MOR,Moradabad,Harpreet Singh,4.96,1536,SUV (Ertiga/Innova),Mahindra XUV700,6,650,20,12,0,0
4996,DON,Bhadrak / Dhamra,Rohan Mehta,4.85,430,SUV (Ertiga/Innova),Mahindra XUV700,6,650,20,7,0,0
4997,CCJ,Kozhikode (Calicut),Rahul Banerjee,4.56,622,Executive Premium,Toyota Camry Hybrid,4,1200,35,9,0,0
4998,PAL,Pali,Gaurav Tiwari,4.46,380,Electric EV (Nexon/Tigor),Tata Tigor EV,4,400,16,3,1,0
4999,SAG,Shirdi,Praveen Nair,4.43,186,Sedan (Dzire/Etios),Hyundai Aura,4,350,14,13,0,0
5000,KHA,Khandwa,Sanjay Rao,4.49,1497,Electric EV (Nexon/Tigor),Tata Tigor EV,4,400,16,12,1,0
5001,TEZU,Tezu,Rohan Mehta,4.51,1977,Airport Express Shuttle,Force Traveller AC,12,180,8,6,0,1
5002,TIR,Tirupati,Deepak Joshi,4.87,728,Hatchback (WagonR),Tata Tiago,4,250,12,6,0,0
5003,KAI,Kailashahar,Sanjay Rao,4.75,1738,SUV (Ertiga/Innova),Mahindra XUV700,6,650,20,3,0,0
5004,ZER,Ziro,Amit Kumar,4.87,2208,Hatchback (WagonR),Tata Tiago,4,250,12,9,0,0
5005,GOX,Goa (Mopa),Vijay Reddy,4.86,183,Airport Express Shuttle,Force Traveller AC,12,180,8,5,0,1
5006,JAI,Jaipur,Amit Kumar,4.58,541,SUV (Ertiga/Innova),Mahindra XUV700,6,650,20,11,0,0
5007, سات,Satna,Manoj Gupta,4.76,845,Hatchback (WagonR),Maruti Suzuki WagonR,4,250,12,7,0,0
5008,BID,Bidar,Manoj Gupta,4.87,919,Airport Express Shuttle,Force Traveller AC,12,180,8,9,0,1
5009,DHR,Dibrugarh,Gaurav Tiwari,4.79,149,Electric EV (Nexon/Tigor),Tata Nexon EV,4,400,16,5,1,0
5010,DIU,Diu,Ramesh Verma,4.49,682,Executive Premium,Mercedes C-Class,4,1200,35,10,0,0
5011,GOP,Ganjam / Gopalpur,Rohan Mehta,4.41,926,Hatchback (WagonR),Maruti Suzuki WagonR,4,250,12,8,0,0
5012,REW,Rewa,Manoj Gupta,4.64,1927,Airport Express Shuttle,Force Traveller AC,12,180,8,5,0,1
5013,JAI,Jaipur,Rahul Banerjee,4.96,1668,Executive Premium,Mercedes C-Class,4,1200,35,4,0,0
5014,LGP,Rupsi / Dhubri,Sunil Yadav,4.64,687,Hatchback (WagonR),Hyundai i10,4,250,12,13,0,0
5015,BHJ,Bhuj (Kutch),Rahul Banerjee,4.71,270,Airport Express Shuttle,Tata Winger Executive,12,180,8,8,0,1
5016,BKN,Bikaner,Ramesh Verma,4.94,746,Hatchback (WagonR),Hyundai i10,4,250,12,10,0,0
5017,MRA,Noida / Jewar,Sunil Yadav,4.4,1661,SUV (Ertiga/Innova),Mahindra XUV700,6,650,20,3,0,0
5018,MZS,Sonbhadra,Rohan Mehta,4.89,81,Airport Express Shuttle,Tata Winger Executive,12,180,8,9,0,1
5019,AGX,Agatti Island (Lakshadweep),Pankaj Das,4.61,2257,Executive Premium,Toyota Camry Hybrid,4,1200,35,7,0,0
5020,SIV,Sivasagar,Sunil Yadav,4.65,890,Hatchback (WagonR),Tata Tiago,4,250,12,6,0,0
5021,KAR,Karad / Satara,Sanjay Rao,4.92,1129,SUV (Ertiga/Innova),Maruti Ertiga,6,650,20,7,0,0
5022,CHI,Chhindwara,Santosh Kulkarni,4.77,699,Hatchback (WagonR),Maruti Suzuki WagonR,4,250,12,13,0,0
5023,AYJ,Ayodhya,Amit Kumar,4.66,137,Sedan (Dzire/Etios),Maruti Suzuki Dzire,4,350,14,4,0,0
5024,BHJ,Bhuj (Kutch),Praveen Nair,4.69,1341,Electric EV (Nexon/Tigor),Tata Tigor EV,4,400,16,3,1,0
5025,KAI,Kailashahar,Rajesh Sharma,4.82,1706,Airport Express Shuttle,Tata Winger Executive,12,180,8,12,0,1
5026,KOP,Kolhapur,Deepak Joshi,4.83,806,Executive Premium,Toyota Camry Hybrid,4,1200,35,9,0,0
5027,IXA,Agartala,Amit Kumar,4.45,2382,Executive Premium,Skoda Superb,4,1200,35,10,0,0
5028,CKU,Chakulia,Deepak Joshi,4.87,506,Executive Premium,Skoda Superb,4,1200,35,6,0,0
5029,JRG,Jharsuguda,Pankaj Das,4.57,1616,Sedan (Dzire/Etios),Toyota Etios,4,350,14,7,0,0
5030,SAG,Shirdi,Gaurav Tiwari,4.88,232,Airport Express Shuttle,Force Traveller AC,12,180,8,10,0,1
5031,KOP,Kolhapur,Rohan Mehta,4.52,1093,Hatchback (WagonR),Maruti Suzuki WagonR,4,250,12,13,0,0
5032,DBR,Darbhanga,Vijay Reddy,4.63,329,SUV (Ertiga/Innova),Toyota Innova Crysta,6,650,20,12,0,0
5033,LKO,Lucknow,Rajesh Sharma,4.42,2230,Hatchback (WagonR),Maruti Suzuki WagonR,4,250,12,8,0,0
5034,KOP,Kolhapur,Dinesh Pillai,4.4,1216,Airport Express Shuttle,Force Traveller AC,12,180,8,10,0,1
5035,GOI,Goa (Dabolim),Suresh Patel,4.66,164,Sedan (Dzire/Etios),Maruti Suzuki Dzire,4,350,14,11,0,0
5036,IXE,Mangaluru,Rohan Mehta,4.61,1702,Executive Premium,Mercedes C-Class,4,1200,35,14,0,0
5037,JRH,Jorhat,Deepak Joshi,4.48,1749,Electric EV (Nexon/Tigor),MG ZS EV,4,400,16,13,1,0
5038,CCJ,Kozhikode (Calicut),Vikram Singh,4.74,1282,Electric EV (Nexon/Tigor),MG ZS EV,4,400,16,7,1,0
5039,TRV,Thiruvananthapuram,Sanjay Rao,4.57,877,Electric EV (Nexon/Tigor),Tata Nexon EV,4,400,16,11,1,0
5040,PBF,Bilaspur,Sunil Yadav,4.59,2047,Hatchback (WagonR),Hyundai i10,4,250,12,7,0,0
5041,JLG,Jalgaon,Mahesh Choudhary,4.61,1662,Electric EV (Nexon/Tigor),Tata Nexon EV,4,400,16,12,1,0
5042,HYD,Hyderabad,Ramesh Verma,4.71,224,Electric EV (Nexon/Tigor),Tata Nexon EV,4,400,16,8,1,0
5043,GBI,Kalaburagi (Gulbarga),Deepak Joshi,4.48,1499,Electric EV (Nexon/Tigor),MG ZS EV,4,400,16,4,1,0
5044,GBI,Kalaburagi (Gulbarga),Harpreet Singh,4.42,2000,Sedan (Dzire/Etios),Toyota Etios,4,350,14,14,0,0
5045,YTL,Yavatmal,Harpreet Singh,4.54,267,Hatchback (WagonR),Tata Tiago,4,250,12,13,0,0
5046,HSS,Hisar,Vijay Reddy,4.4,684,SUV (Ertiga/Innova),Toyota Innova Crysta,6,650,20,5,0,0
5047,TEZ,Tezpur,Rajesh Sharma,4.88,1808,Airport Express Shuttle,Tata Winger Executive,12,180,8,11,0,1
5048,SLV,Shimla,Vikram Singh,4.72,722,Executive Premium,Mercedes C-Class,4,1200,35,12,0,0
5049,LKO,Lucknow,Mahesh Choudhary,4.8,2004,Electric EV (Nexon/Tigor),Tata Tigor EV,4,400,16,11,1,0
5050,KAM,Kamalpur,Vijay Reddy,4.61,2228,SUV (Ertiga/Innova),Mahindra XUV700,6,650,20,4,0,0
5051,IXA,Agartala,Sanjay Rao,4.43,2175,Executive Premium,Skoda Superb,4,1200,35,5,0,0
5052,IXG,Belagavi,Sunil Yadav,4.66,936,Executive Premium,Skoda Superb,4,1200,35,5,0,0
5053,PAT,Patna,Dinesh Pillai,4.92,958,Airport Express Shuttle,Force Traveller AC,12,180,8,8,0,1
5054,UTK,Kalahandi / Utkela,Pankaj Das,4.96,2037,SUV (Ertiga/Innova),Mahindra XUV700,6,650,20,13,0,0
5055,BBI,Bhubaneswar,Praveen Nair,4.66,119,Hatchback (WagonR),Hyundai i10,4,250,12,5,0,0
5056,BLT,Balurghat,Sanjay Rao,4.86,957,Executive Premium,Mercedes C-Class,4,1200,35,8,0,0
5057,JDH,Jodhpur,Amit Kumar,4.93,1691,Airport Express Shuttle,Tata Winger Executive,12,180,8,7,0,1
5058,LAT,Latur,Pankaj Das,4.92,1769,Hatchback (WagonR),Tata Tiago,4,250,12,5,0,0
5059,TRV,Thiruvananthapuram,Manoj Gupta,4.8,1396,Sedan (Dzire/Etios),Hyundai Aura,4,350,14,11,0,0
5060,KOR,Koraput,Rahul Banerjee,4.68,587,Sedan (Dzire/Etios),Maruti Suzuki Dzire,4,350,14,5,0,0
5061,GOP,Ganjam / Gopalpur,Harpreet Singh,4.41,2357,Sedan (Dzire/Etios),Toyota Etios,4,350,14,12,0,0
5062,JHW,Jhalawar,Gaurav Tiwari,4.7,2096,Hatchback (WagonR),Tata Tiago,4,250,12,10,0,0
5063,GAW,Guwahati,Amit Kumar,4.49,186,Electric EV (Nexon/Tigor),Tata Tigor EV,4,400,16,5,1,0
5064,KAI,Kailashahar,Suresh Patel,4.68,150,Executive Premium,Mercedes C-Class,4,1200,35,13,0,0
5065,KBK,Kushinagar,Santosh Kulkarni,4.8,1732,Sedan (Dzire/Etios),Maruti Suzuki Dzire,4,350,14,5,0,0
5066,SAG,Shirdi,Suresh Patel,4.86,2032,Executive Premium,Toyota Camry Hybrid,4,1200,35,9,0,0
5067,AGX,Agatti Island (Lakshadweep),Deepak Joshi,4.77,2058,Hatchback (WagonR),Tata Tiago,4,250,12,13,0,0
5068,PNQ,Pune,Santosh Kulkarni,4.9,801,SUV (Ertiga/Innova),Mahindra XUV700,6,650,20,6,0,0
5069,BLR,Bengaluru,Pankaj Das,4.59,874,Hatchback (WagonR),Maruti Suzuki WagonR,4,250,12,10,0,0
5070,RXL,Raxaul,Manoj Gupta,4.45,772,Airport Express Shuttle,Force Traveller AC,12,180,8,6,0,1
5071,AGX,Agatti Island (Lakshadweep),Harpreet Singh,4.91,1556,Electric EV (Nexon/Tigor),MG ZS EV,4,400,16,10,1,0
5072,IXE,Mangaluru,Mahesh Choudhary,4.88,726,Executive Premium,Skoda Superb,4,1200,35,9,0,0
5073,JRH,Jorhat,Manoj Gupta,4.86,2342,Airport Express Shuttle,Force Traveller AC,12,180,8,4,0,1
5074,MAA,Chennai,Amit Kumar,4.42,285,Executive Premium,Toyota Camry Hybrid,4,1200,35,9,0,0
5075,IXJ,Jammu,Rahul Banerjee,4.78,2213,Sedan (Dzire/Etios),Maruti Suzuki Dzire,4,350,14,6,0,0
5076,BBI,Bhubaneswar,Rajesh Sharma,4.77,1858,SUV (Ertiga/Innova),Toyota Innova Crysta,6,650,20,12,0,0
5077,GAY,Gaya,Vijay Reddy,4.79,1908,Executive Premium,Toyota Camry Hybrid,4,1200,35,10,0,0
5078,GAY,Gaya,Amit Kumar,4.51,2045,Hatchback (WagonR),Maruti Suzuki WagonR,4,250,12,7,0,0
5079,CFH,Chitrakoot,Dinesh Pillai,4.66,257,Hatchback (WagonR),Maruti Suzuki WagonR,4,250,12,6,0,0
5080,TRV,Thiruvananthapuram,Rohan Mehta,4.62,1006,SUV (Ertiga/Innova),Mahindra XUV700,6,650,20,11,0,0
5081,UTL,Barmer,Amit Kumar,4.86,1341,SUV (Ertiga/Innova),Mahindra XUV700,6,650,20,6,0,0
5082,COB,Cooch Behar,Mahesh Choudhary,4.7,598,Hatchback (WagonR),Hyundai i10,4,250,12,10,0,0
5083,ASL,Asansol,Rahul Banerjee,4.6,1462,Sedan (Dzire/Etios),Maruti Suzuki Dzire,4,350,14,6,0,0
5084,JRH,Jorhat,Gaurav Tiwari,4.81,468,Sedan (Dzire/Etios),Toyota Etios,4,350,14,12,0,0
5085,GWL,Gwalior,Amit Kumar,4.71,326,Sedan (Dzire/Etios),Maruti Suzuki Dzire,4,350,14,12,0,0
5086,KAM,Kamalpur,Vikram Singh,4.68,1813,SUV (Ertiga/Innova),Toyota Innova Crysta,6,650,20,13,0,0
5087,COK,Kochi,Amit Kumar,4.8,1813,Airport Express Shuttle,Force Traveller AC,12,180,8,13,0,1
5088,JLG,Jalgaon,Dinesh Pillai,4.41,1946,Electric EV (Nexon/Tigor),MG ZS EV,4,400,16,9,1,0
5089,GAW,Guwahati,Harpreet Singh,4.77,227,Executive Premium,Mercedes C-Class,4,1200,35,8,0,0
5090,VJZ,Bhogapuram / Vizianagaram,Santosh Kulkarni,4.53,1942,Sedan (Dzire/Etios),Toyota Etios,4,350,14,11,0,0
5091,HBI,Itanagar,Praveen Nair,4.57,1733,Sedan (Dzire/Etios),Hyundai Aura,4,350,14,3,0,0
5092,OSB,Dharashiv,Gaurav Tiwari,4.46,2059,SUV (Ertiga/Innova),Mahindra XUV700,6,650,20,5,0,0
5093,GAY,Gaya,Manoj Gupta,4.75,1005,SUV (Ertiga/Innova),Mahindra XUV700,6,650,20,3,0,0
5094,HIR,Sambalpur,Amit Kumar,4.88,231,Executive Premium,Toyota Camry Hybrid,4,1200,35,9,0,0
5095,HZD,Hazaribagh,Suresh Patel,4.58,994,Airport Express Shuttle,Force Traveller AC,12,180,8,12,0,1
5096,SDW,Sindhudurg,Sanjay Rao,4.61,359,Hatchback (WagonR),Tata Tiago,4,250,12,11,0,0
5097,IXG,Belagavi,Rajesh Sharma,4.49,323,Sedan (Dzire/Etios),Hyundai Aura,4,350,14,5,0,0
5098,HSR,Rajkot,Rahul Banerjee,4.77,2349,Sedan (Dzire/Etios),Hyundai Aura,4,350,14,13,0,0
5099,ISK,Nashik,Rahul Banerjee,4.86,1406,SUV (Ertiga/Innova),Maruti Ertiga,6,650,20,13,0,0
5100,PINJ,Panchkula / Pinjore,Dinesh Pillai,4.59,2308,SUV (Ertiga/Innova),Mahindra XUV700,6,650,20,5,0,0
5101,KJB,Kurnool (Orvakal),Gaurav Tiwari,4.83,487,Sedan (Dzire/Etios),Toyota Etios,4,350,14,8,0,0
5102,CNN,Kannur,Anil Deshmukh,4.79,1844,SUV (Ertiga/Innova),Maruti Ertiga,6,650,20,9,0,0
5103,WGC,Warangal,Pankaj Das,4.54,651,Electric EV (Nexon/Tigor),Tata Tigor EV,4,400,16,3,1,0
5104,LGP,Rupsi / Dhubri,Amit Kumar,4.53,1430,Hatchback (WagonR),Maruti Suzuki WagonR,4,250,12,3,0,0
5105,NDC,Nanded,Ramesh Verma,4.75,179,Executive Premium,Skoda Superb,4,1200,35,13,0,0
5106,IXD,Prayagraj (Allahabad),Manoj Gupta,4.53,1073,Sedan (Dzire/Etios),Hyundai Aura,4,350,14,4,0,0
5107,ZER,Ziro,Rohan Mehta,4.93,2126,SUV (Ertiga/Innova),Maruti Ertiga,6,650,20,8,0,0
5108,HYD,Hyderabad,Praveen Nair,4.49,1439,Sedan (Dzire/Etios),Toyota Etios,4,350,14,14,0,0
5109,TCR,Thoothukudi (Tuticorin),Rajesh Sharma,4.64,465,Hatchback (WagonR),Tata Tiago,4,250,12,10,0,0
5110,RKG,Durgapur,Mahesh Choudhary,4.91,2049,Hatchback (WagonR),Hyundai i10,4,250,12,6,0,0
5111,IXR,Ranchi,Deepak Joshi,4.59,1775,SUV (Ertiga/Innova),Mahindra XUV700,6,650,20,11,0,0
5112,ZER,Ziro,Vijay Reddy,4.92,848,Hatchback (WagonR),Tata Tiago,4,250,12,3,0,0
5113,IXT,Pasighat,Gaurav Tiwari,4.97,1656,Electric EV (Nexon/Tigor),MG ZS EV,4,400,16,12,1,0
5114,GAW,Guwahati,Pankaj Das,4.9,1052,Sedan (Dzire/Etios),Hyundai Aura,4,350,14,5,0,0
5115,HBX,Hubballi / Dharwad,Sanjay Rao,4.64,736,Airport Express Shuttle,Force Traveller AC,12,180,8,13,0,1
5116,DED,Dehradun,Santosh Kulkarni,4.57,2252,Executive Premium,Toyota Camry Hybrid,4,1200,35,8,0,0
5117,KOK,Kokrajhar,Gaurav Tiwari,4.55,1009,Executive Premium,Skoda Superb,4,1200,35,4,0,0
5118,BLR,Bengaluru,Ramesh Verma,4.62,1286,Electric EV (Nexon/Tigor),MG ZS EV,4,400,16,14,1,0
5119,HSR,Rajkot,Ramesh Verma,4.88,1023,Sedan (Dzire/Etios),Maruti Suzuki Dzire,4,350,14,6,0,0
5120,DUM,Dumka,Santosh Kulkarni,4.84,1211,SUV (Ertiga/Innova),Mahindra XUV700,6,650,20,9,0,0
5121,ASL,Asansol,Ramesh Verma,4.88,1119,Sedan (Dzire/Etios),Maruti Suzuki Dzire,4,350,14,9,0,0
5122,GAY,Gaya,Deepak Joshi,4.92,281,Executive Premium,Mercedes C-Class,4,1200,35,4,0,0
5123,SLV,Shimla,Rahul Banerjee,4.44,1272,SUV (Ertiga/Innova),Mahindra XUV700,6,650,20,9,0,0
5124,PGH,Pantnagar / Nainital,Praveen Nair,4.58,1064,SUV (Ertiga/Innova),Mahindra XUV700,6,650,20,5,0,0
5125,ROU,Rourkela,Dinesh Pillai,4.72,1519,Sedan (Dzire/Etios),Hyundai Aura,4,350,14,9,0,0
5126,GOP,Ganjam / Gopalpur,Suresh Patel,4.9,1519,Hatchback (WagonR),Hyundai i10,4,250,12,13,0,0
5127,LAT,Latur,Pankaj Das,4.7,2303,Hatchback (WagonR),Maruti Suzuki WagonR,4,250,12,14,0,0
5128,MRA,Noida / Jewar,Amit Kumar,4.56,2270,SUV (Ertiga/Innova),Toyota Innova Crysta,6,650,20,7,0,0
5129,DMO,Damoh,Mahesh Choudhary,4.56,1780,SUV (Ertiga/Innova),Maruti Ertiga,6,650,20,4,0,0
5130,HIR,Sambalpur,Vikram Singh,4.53,493,Electric EV (Nexon/Tigor),Tata Tigor EV,4,400,16,11,1,0
5131,SWM,Ranthambore / Sawai Madhopur,Sanjay Rao,4.78,1666,Executive Premium,Mercedes C-Class,4,1200,35,6,0,0
5132,NPL,Narnaul,Vijay Reddy,4.47,1320,Electric EV (Nexon/Tigor),Tata Tigor EV,4,400,16,3,1,0
5133,DEL,New Delhi,Rajesh Sharma,4.78,1856,Electric EV (Nexon/Tigor),MG ZS EV,4,400,16,12,1,0
5134,PAT,Patna,Rohan Mehta,4.71,613,Sedan (Dzire/Etios),Hyundai Aura,4,350,14,11,0,0
5135,HSS,Hisar,Vijay Reddy,4.86,2144,Electric EV (Nexon/Tigor),MG ZS EV,4,400,16,13,1,0
5136,IXC,Chandigarh,Dinesh Pillai,4.83,214,Hatchback (WagonR),Hyundai i10,4,250,12,8,0,0
5137,AMB,Ambikapur,Anil Deshmukh,4.97,1310,Sedan (Dzire/Etios),Maruti Suzuki Dzire,4,350,14,6,0,0
5138,MAA,Chennai,Gaurav Tiwari,4.86,487,SUV (Ertiga/Innova),Toyota Innova Crysta,6,650,20,8,0,0
5139,NDC,Nanded,Pankaj Das,4.69,2163,Sedan (Dzire/Etios),Maruti Suzuki Dzire,4,350,14,9,0,0
5140,JLR,Jabalpur,Vijay Reddy,4.59,1082,Hatchback (WagonR),Tata Tiago,4,250,12,5,0,0
5141,KBK,Kushinagar,Sunil Yadav,4.98,832,Electric EV (Nexon/Tigor),Tata Tigor EV,4,400,16,14,1,0
5142,IXE,Mangaluru,Vijay Reddy,4.77,349,Executive Premium,Mercedes C-Class,4,1200,35,7,0,0
5143,BLT,Balurghat,Vijay Reddy,4.82,143,SUV (Ertiga/Innova),Mahindra XUV700,6,650,20,6,0,0
5144,RXL,Raxaul,Praveen Nair,4.65,650,SUV (Ertiga/Innova),Mahindra XUV700,6,650,20,12,0,0
5145,MRA,Noida / Jewar,Manoj Gupta,4.53,959,Airport Express Shuttle,Tata Winger Executive,12,180,8,5,0,1
5146,SXR,Srinagar,Vikram Singh,4.51,1142,Executive Premium,Toyota Camry Hybrid,4,1200,35,3,0,0
5147,DUM,Dumka,Vikram Singh,4.44,1486,Hatchback (WagonR),Hyundai i10,4,250,12,4,0,0
5148,GOI,Goa (Dabolim),Anil Deshmukh,4.96,1498,SUV (Ertiga/Innova),Maruti Ertiga,6,650,20,11,0,0
5149,AGR,Agra,Suresh Patel,4.9,2061,Sedan (Dzire/Etios),Hyundai Aura,4,350,14,10,0,0
5150,BLR,Bengaluru,Sanjay Rao,4.58,192,SUV (Ertiga/Innova),Maruti Ertiga,6,650,20,9,0,0
5151,KAP,Kadapa,Sanjay Rao,4.43,439,Airport Express Shuttle,Tata Winger Executive,12,180,8,10,0,1
5152,RKG,Durgapur,Ramesh Verma,4.82,427,Airport Express Shuttle,Force Traveller AC,12,180,8,5,0,1
5153,RKG,Durgapur,Anil Deshmukh,4.77,671,Hatchback (WagonR),Maruti Suzuki WagonR,4,250,12,13,0,0
5154,LUD,Ludhiana,Deepak Joshi,4.75,1178,Electric EV (Nexon/Tigor),Tata Tigor EV,4,400,16,5,1,0
5155,JRG,Jharsuguda,Rohan Mehta,4.74,205,Hatchback (WagonR),Hyundai i10,4,250,12,8,0,0
5156,RAT,Ratlam,Santosh Kulkarni,4.64,2174,SUV (Ertiga/Innova),Mahindra XUV700,6,650,20,9,0,0
5157,BKN,Bikaner,Santosh Kulkarni,4.9,403,SUV (Ertiga/Innova),Maruti Ertiga,6,650,20,11,0,0
5158,NVY,Neyveli,Rahul Banerjee,4.78,112,Executive Premium,Mercedes C-Class,4,1200,35,10,0,0
5159,IXE,Mangaluru,Vikram Singh,4.85,1997,SUV (Ertiga/Innova),Toyota Innova Crysta,6,650,20,10,0,0
5160,AMH,Azamgarh,Praveen Nair,4.84,2289,Executive Premium,Toyota Camry Hybrid,4,1200,35,5,0,0
5161,IXJ,Jammu,Praveen Nair,4.55,2073,SUV (Ertiga/Innova),Maruti Ertiga,6,650,20,3,0,0
5162,JSA,Jaisalmer,Rohan Mehta,4.62,1266,Executive Premium,Toyota Camry Hybrid,4,1200,35,3,0,0
5163,AKL,Akola,Dinesh Pillai,4.64,742,Hatchback (WagonR),Hyundai i10,4,250,12,5,0,0
5164,KAI,Kailashahar,Pankaj Das,4.97,1499,Sedan (Dzire/Etios),Toyota Etios,4,350,14,6,0,0
5165,IXC,Chandigarh,Harpreet Singh,4.86,929,Executive Premium,Mercedes C-Class,4,1200,35,14,0,0
5166,BLR,Bengaluru,Suresh Patel,4.92,917,Electric EV (Nexon/Tigor),Tata Nexon EV,4,400,16,5,1,0
5167,DMU,Dimapur,Vijay Reddy,4.64,1475,Airport Express Shuttle,Force Traveller AC,12,180,8,11,0,1
5168,AMRE,Amreli,Rohan Mehta,4.81,167,Hatchback (WagonR),Maruti Suzuki WagonR,4,250,12,11,0,0
5169,HSS,Hisar,Amit Kumar,4.87,577,Hatchback (WagonR),Maruti Suzuki WagonR,4,250,12,10,0,0
5170,TCR,Thoothukudi (Tuticorin),Santosh Kulkarni,4.96,443,Sedan (Dzire/Etios),Hyundai Aura,4,350,14,4,0,0
5171,KAR,Karad / Satara,Dinesh Pillai,4.7,728,Airport Express Shuttle,Tata Winger Executive,12,180,8,3,0,1
5172,AKL,Akola,Praveen Nair,4.51,1086,Electric EV (Nexon/Tigor),MG ZS EV,4,400,16,4,1,0
5173,SXR,Srinagar,Dinesh Pillai,4.83,2071,SUV (Ertiga/Innova),Toyota Innova Crysta,6,650,20,13,0,0
5174,BHU,Bathinda,Dinesh Pillai,4.74,266,Airport Express Shuttle,Force Traveller AC,12,180,8,14,0,1
5175,IXC,Chandigarh,Praveen Nair,4.49,1327,Sedan (Dzire/Etios),Maruti Suzuki Dzire,4,350,14,6,0,0
5176,PAL,Pali,Vijay Reddy,4.41,288,Airport Express Shuttle,Force Traveller AC,12,180,8,8,0,1
5177,MOR,Moradabad,Sanjay Rao,4.87,1187,Electric EV (Nexon/Tigor),Tata Tigor EV,4,400,16,4,1,0
5178,KJB,Kurnool (Orvakal),Praveen Nair,4.92,510,Airport Express Shuttle,Tata Winger Executive,12,180,8,12,0,1
5179,PBF,Bilaspur,Rajesh Sharma,4.82,669,Sedan (Dzire/Etios),Maruti Suzuki Dzire,4,350,14,9,0,0
5180,BVC,Bhavnagar,Dinesh Pillai,4.54,668,Sedan (Dzire/Etios),Toyota Etios,4,350,14,4,0,0
5181,DEL,New Delhi,Sunil Yadav,4.55,409,Executive Premium,Skoda Superb,4,1200,35,11,0,0
5182,MYQ,Mysuru,Deepak Joshi,4.46,927,Sedan (Dzire/Etios),Toyota Etios,4,350,14,3,0,0
5183,CCU,Kolkata,Amit Kumar,4.86,397,Hatchback (WagonR),Tata Tiago,4,250,12,14,0,0
5184,SDW,Sindhudurg,Dinesh Pillai,4.63,1303,Airport Express Shuttle,Tata Winger Executive,12,180,8,5,0,1
5185,MZS,Sonbhadra,Ramesh Verma,4.57,1795,SUV (Ertiga/Innova),Toyota Innova Crysta,6,650,20,4,0,0
5186,DED,Dehradun,Anil Deshmukh,4.91,662,SUV (Ertiga/Innova),Maruti Ertiga,6,650,20,7,0,0
5187,KOR,Koraput,Vijay Reddy,4.82,2348,Executive Premium,Skoda Superb,4,1200,35,14,0,0
5188,BHU,Bathinda,Gaurav Tiwari,4.81,1272,Electric EV (Nexon/Tigor),MG ZS EV,4,400,16,5,1,0
5189,HBI,Itanagar,Gaurav Tiwari,4.91,1097,Airport Express Shuttle,Force Traveller AC,12,180,8,3,0,1
5190,IXW,Jamshedpur,Rahul Banerjee,4.93,1410,SUV (Ertiga/Innova),Maruti Ertiga,6,650,20,7,0,0
5191,ALD,Aligarh,Gaurav Tiwari,4.43,463,Airport Express Shuttle,Tata Winger Executive,12,180,8,6,0,1
5192,KHO,Khowai,Amit Kumar,4.82,2312,Airport Express Shuttle,Force Traveller AC,12,180,8,4,0,1
5193,MZS,Sonbhadra,Ramesh Verma,4.8,188,Hatchback (WagonR),Tata Tiago,4,250,12,3,0,0
5194,AMB,Ambikapur,Harpreet Singh,4.57,1094,Airport Express Shuttle,Tata Winger Executive,12,180,8,7,0,1
5195,LGP,Rupsi / Dhubri,Mahesh Choudhary,4.82,1492,Electric EV (Nexon/Tigor),Tata Nexon EV,4,400,16,8,1,0
5196,VNS,Varanasi,Rohan Mehta,4.94,936,Airport Express Shuttle,Force Traveller AC,12,180,8,5,0,1
5197,KARN,Karnal,Mahesh Choudhary,4.96,846,Hatchback (WagonR),Maruti Suzuki WagonR,4,250,12,9,0,0
5198,DHR,Dibrugarh,Mahesh Choudhary,4.9,2045,Electric EV (Nexon/Tigor),Tata Nexon EV,4,400,16,7,1,0
5199,BHU,Bathinda,Manoj Gupta,4.59,1178,Sedan (Dzire/Etios),Hyundai Aura,4,350,14,6,0,0
5200,JSA,Jaisalmer,Gaurav Tiwari,4.8,134,SUV (Ertiga/Innova),Mahindra XUV700,6,650,20,6,0,0
